run,variant,batch_size,seed,abm,metric,step,value
adaboba 128 abm1,aboba,128,seed1,1,adaptive_batch/batch_size,2,10.0
adaboba 128 abm1,aboba,128,seed1,1,adaptive_batch/batch_size,3,10.0
adaboba 128 abm1,aboba,128,seed1,1,adaptive_batch/batch_size,4,12.0
adaboba 128 abm1,aboba,128,seed1,1,adaptive_batch/batch_size,5,11.0
adaboba 128 abm1,aboba,128,seed1,1,adaptive_batch/batch_size,6,12.0
adaboba 128 abm1,aboba,128,seed1,1,adaptive_batch/batch_size,7,12.0
adaboba 128 abm1,aboba,128,seed1,1,adaptive_batch/batch_size,8,12.0
adaboba 128 abm1,aboba,128,seed1,1,adaptive_batch/batch_size,9,12.0
adaboba 128 abm1,aboba,128,seed1,1,adaptive_batch/batch_size,10,13.0
adaboba 128 abm1,aboba,128,seed1,1,adaptive_batch/batch_size,11,13.0
adaboba 128 abm1,aboba,128,seed1,1,adaptive_batch/batch_size,12,13.0
adaboba 128 abm1,aboba,128,seed1,1,adaptive_batch/batch_size,13,14.0
adaboba 128 abm1,aboba,128,seed1,1,adaptive_batch/batch_size,14,14.0
adaboba 128 abm1,aboba,128,seed1,1,adaptive_batch/batch_size,15,14.0
adaboba 128 abm1,aboba,128,seed1,1,adaptive_batch/batch_size,16,15.0
adaboba 128 abm1,aboba,128,seed1,1,adaptive_batch/batch_size,17,15.0
adaboba 128 abm1,aboba,128,seed1,1,adaptive_batch/batch_size,18,16.0
adaboba 128 abm1,aboba,128,seed1,1,adaptive_batch/batch_size,19,16.0
adaboba 128 abm1,aboba,128,seed1,1,adaptive_batch/batch_size,20,17.0
adaboba 128 abm1,aboba,128,seed1,1,adaptive_batch/batch_size,21,18.0
adaboba 128 abm1,aboba,128,seed1,1,adaptive_batch/batch_size,22,19.0
adaboba 128 abm1,aboba,128,seed1,1,adaptive_batch/batch_size,23,20.0
adaboba 128 abm1,aboba,128,seed1,1,adaptive_batch/batch_size,24,21.0
adaboba 128 abm1,aboba,128,seed1,1,adaptive_batch/batch_size,25,22.0
adaboba 128 abm1,aboba,128,seed1,1,adaptive_batch/batch_size,26,24.0
adaboba 128 abm1,aboba,128,seed1,1,adaptive_batch/batch_size,27,25.0
adaboba 128 abm1,aboba,128,seed1,1,adaptive_batch/batch_size,28,28.0
adaboba 128 abm1,aboba,128,seed1,1,adaptive_batch/batch_size,29,30.0
adaboba 128 abm1,aboba,128,seed1,1,adaptive_batch/batch_size,30,33.0
adaboba 128 abm1,aboba,128,seed1,1,adaptive_batch/batch_size,31,37.0
adaboba 128 abm1,aboba,128,seed1,1,adaptive_batch/batch_size,32,42.0
adaboba 128 abm1,aboba,128,seed1,1,adaptive_batch/batch_size,33,48.0
adaboba 128 abm1,aboba,128,seed1,1,adaptive_batch/batch_size,34,56.0
adaboba 128 abm1,aboba,128,seed1,1,adaptive_batch/batch_size,35,68.0
adaboba 128 abm1,aboba,128,seed1,1,adaptive_batch/batch_size,36,84.0
adaboba 128 abm1,aboba,128,seed1,1,adaptive_batch/batch_size,37,107.0
adaboba 128 abm1,aboba,128,seed1,1,adaptive_batch/batch_size,38,142.0
adaboba 128 abm1,aboba,128,seed1,1,adaptive_batch/batch_size,39,193.0
adaboba 128 abm1,aboba,128,seed2,1,adaptive_batch/batch_size,2,10.0
adaboba 128 abm1,aboba,128,seed2,1,adaptive_batch/batch_size,3,10.0
adaboba 128 abm1,aboba,128,seed2,1,adaptive_batch/batch_size,4,11.0
adaboba 128 abm1,aboba,128,seed2,1,adaptive_batch/batch_size,5,11.0
adaboba 128 abm1,aboba,128,seed2,1,adaptive_batch/batch_size,6,12.0
adaboba 128 abm1,aboba,128,seed2,1,adaptive_batch/batch_size,7,12.0
adaboba 128 abm1,aboba,128,seed2,1,adaptive_batch/batch_size,8,12.0
adaboba 128 abm1,aboba,128,seed2,1,adaptive_batch/batch_size,9,12.0
adaboba 128 abm1,aboba,128,seed2,1,adaptive_batch/batch_size,10,13.0
adaboba 128 abm1,aboba,128,seed2,1,adaptive_batch/batch_size,11,13.0
adaboba 128 abm1,aboba,128,seed2,1,adaptive_batch/batch_size,12,13.0
adaboba 128 abm1,aboba,128,seed2,1,adaptive_batch/batch_size,13,14.0
adaboba 128 abm1,aboba,128,seed2,1,adaptive_batch/batch_size,14,14.0
adaboba 128 abm1,aboba,128,seed2,1,adaptive_batch/batch_size,15,14.0
adaboba 128 abm1,aboba,128,seed2,1,adaptive_batch/batch_size,16,15.0
adaboba 128 abm1,aboba,128,seed2,1,adaptive_batch/batch_size,17,15.0
adaboba 128 abm1,aboba,128,seed2,1,adaptive_batch/batch_size,18,16.0
adaboba 128 abm1,aboba,128,seed2,1,adaptive_batch/batch_size,19,16.0
adaboba 128 abm1,aboba,128,seed2,1,adaptive_batch/batch_size,20,17.0
adaboba 128 abm1,aboba,128,seed2,1,adaptive_batch/batch_size,21,18.0
adaboba 128 abm1,aboba,128,seed2,1,adaptive_batch/batch_size,22,19.0
adaboba 128 abm1,aboba,128,seed2,1,adaptive_batch/batch_size,23,20.0
adaboba 128 abm1,aboba,128,seed2,1,adaptive_batch/batch_size,24,21.0
adaboba 128 abm1,aboba,128,seed2,1,adaptive_batch/batch_size,25,22.0
adaboba 128 abm1,aboba,128,seed2,1,adaptive_batch/batch_size,26,24.0
adaboba 128 abm1,aboba,128,seed2,1,adaptive_batch/batch_size,27,26.0
adaboba 128 abm1,aboba,128,seed2,1,adaptive_batch/batch_size,28,28.0
adaboba 128 abm1,aboba,128,seed2,1,adaptive_batch/batch_size,29,30.0
adaboba 128 abm1,aboba,128,seed2,1,adaptive_batch/batch_size,30,33.0
adaboba 128 abm1,aboba,128,seed2,1,adaptive_batch/batch_size,31,38.0
adaboba 128 abm1,aboba,128,seed2,1,adaptive_batch/batch_size,32,42.0
adaboba 128 abm1,aboba,128,seed2,1,adaptive_batch/batch_size,33,48.0
adaboba 128 abm1,aboba,128,seed2,1,adaptive_batch/batch_size,34,57.0
adaboba 128 abm1,aboba,128,seed2,1,adaptive_batch/batch_size,35,67.0
adaboba 128 abm1,aboba,128,seed2,1,adaptive_batch/batch_size,36,84.0
adaboba 128 abm1,aboba,128,seed2,1,adaptive_batch/batch_size,37,108.0
adaboba 128 abm1,aboba,128,seed2,1,adaptive_batch/batch_size,38,143.0
adaboba 128 abm1,aboba,128,seed2,1,adaptive_batch/batch_size,39,193.0
adaboba 128 abm1,aboba,128,seed3,1,adaptive_batch/batch_size,2,10.0
adaboba 128 abm1,aboba,128,seed3,1,adaptive_batch/batch_size,3,10.0
adaboba 128 abm1,aboba,128,seed3,1,adaptive_batch/batch_size,4,11.0
adaboba 128 abm1,aboba,128,seed3,1,adaptive_batch/batch_size,5,11.0
adaboba 128 abm1,aboba,128,seed3,1,adaptive_batch/batch_size,6,12.0
adaboba 128 abm1,aboba,128,seed3,1,adaptive_batch/batch_size,7,12.0
adaboba 128 abm1,aboba,128,seed3,1,adaptive_batch/batch_size,8,12.0
adaboba 128 abm1,aboba,128,seed3,1,adaptive_batch/batch_size,9,12.0
adaboba 128 abm1,aboba,128,seed3,1,adaptive_batch/batch_size,10,13.0
adaboba 128 abm1,aboba,128,seed3,1,adaptive_batch/batch_size,11,13.0
adaboba 128 abm1,aboba,128,seed3,1,adaptive_batch/batch_size,12,13.0
adaboba 128 abm1,aboba,128,seed3,1,adaptive_batch/batch_size,13,14.0
adaboba 128 abm1,aboba,128,seed3,1,adaptive_batch/batch_size,14,14.0
adaboba 128 abm1,aboba,128,seed3,1,adaptive_batch/batch_size,15,14.0
adaboba 128 abm1,aboba,128,seed3,1,adaptive_batch/batch_size,16,15.0
adaboba 128 abm1,aboba,128,seed3,1,adaptive_batch/batch_size,17,15.0
adaboba 128 abm1,aboba,128,seed3,1,adaptive_batch/batch_size,18,16.0
adaboba 128 abm1,aboba,128,seed3,1,adaptive_batch/batch_size,19,16.0
adaboba 128 abm1,aboba,128,seed3,1,adaptive_batch/batch_size,20,17.0
adaboba 128 abm1,aboba,128,seed3,1,adaptive_batch/batch_size,21,18.0
adaboba 128 abm1,aboba,128,seed3,1,adaptive_batch/batch_size,22,19.0
adaboba 128 abm1,aboba,128,seed3,1,adaptive_batch/batch_size,23,20.0
adaboba 128 abm1,aboba,128,seed3,1,adaptive_batch/batch_size,24,21.0
adaboba 128 abm1,aboba,128,seed3,1,adaptive_batch/batch_size,25,22.0
adaboba 128 abm1,aboba,128,seed3,1,adaptive_batch/batch_size,26,24.0
adaboba 128 abm1,aboba,128,seed3,1,adaptive_batch/batch_size,27,26.0
adaboba 128 abm1,aboba,128,seed3,1,adaptive_batch/batch_size,28,27.0
adaboba 128 abm1,aboba,128,seed3,1,adaptive_batch/batch_size,29,30.0
adaboba 128 abm1,aboba,128,seed3,1,adaptive_batch/batch_size,30,34.0
adaboba 128 abm1,aboba,128,seed3,1,adaptive_batch/batch_size,31,37.0
adaboba 128 abm1,aboba,128,seed3,1,adaptive_batch/batch_size,32,42.0
adaboba 128 abm1,aboba,128,seed3,1,adaptive_batch/batch_size,33,48.0
adaboba 128 abm1,aboba,128,seed3,1,adaptive_batch/batch_size,34,57.0
adaboba 128 abm1,aboba,128,seed3,1,adaptive_batch/batch_size,35,67.0
adaboba 128 abm1,aboba,128,seed3,1,adaptive_batch/batch_size,36,83.0
adaboba 128 abm1,aboba,128,seed3,1,adaptive_batch/batch_size,37,107.0
adaboba 128 abm1,aboba,128,seed3,1,adaptive_batch/batch_size,38,141.0
adaboba 128 abm1,aboba,128,seed3,1,adaptive_batch/batch_size,39,193.0
adaboba 256 abm1,aboba,256,seed1,1,adaptive_batch/batch_size,2,10.0
adaboba 256 abm1,aboba,256,seed1,1,adaptive_batch/batch_size,3,10.0
adaboba 256 abm1,aboba,256,seed1,1,adaptive_batch/batch_size,4,11.0
adaboba 256 abm1,aboba,256,seed1,1,adaptive_batch/batch_size,5,11.0
adaboba 256 abm1,aboba,256,seed1,1,adaptive_batch/batch_size,6,12.0
adaboba 256 abm1,aboba,256,seed1,1,adaptive_batch/batch_size,7,12.0
adaboba 256 abm1,aboba,256,seed1,1,adaptive_batch/batch_size,8,12.0
adaboba 256 abm1,aboba,256,seed1,1,adaptive_batch/batch_size,9,12.0
adaboba 256 abm1,aboba,256,seed1,1,adaptive_batch/batch_size,10,13.0
adaboba 256 abm1,aboba,256,seed1,1,adaptive_batch/batch_size,11,13.0
adaboba 256 abm1,aboba,256,seed1,1,adaptive_batch/batch_size,12,13.0
adaboba 256 abm1,aboba,256,seed1,1,adaptive_batch/batch_size,13,14.0
adaboba 256 abm1,aboba,256,seed1,1,adaptive_batch/batch_size,14,14.0
adaboba 256 abm1,aboba,256,seed1,1,adaptive_batch/batch_size,15,14.0
adaboba 256 abm1,aboba,256,seed1,1,adaptive_batch/batch_size,16,15.0
adaboba 256 abm1,aboba,256,seed1,1,adaptive_batch/batch_size,17,15.0
adaboba 256 abm1,aboba,256,seed1,1,adaptive_batch/batch_size,18,16.0
adaboba 256 abm1,aboba,256,seed1,1,adaptive_batch/batch_size,19,16.0
adaboba 256 abm1,aboba,256,seed1,1,adaptive_batch/batch_size,20,17.0
adaboba 256 abm1,aboba,256,seed1,1,adaptive_batch/batch_size,21,18.0
adaboba 256 abm1,aboba,256,seed1,1,adaptive_batch/batch_size,22,19.0
adaboba 256 abm1,aboba,256,seed1,1,adaptive_batch/batch_size,23,20.0
adaboba 256 abm1,aboba,256,seed1,1,adaptive_batch/batch_size,24,21.0
adaboba 256 abm1,aboba,256,seed1,1,adaptive_batch/batch_size,25,22.0
adaboba 256 abm1,aboba,256,seed1,1,adaptive_batch/batch_size,26,24.0
adaboba 256 abm1,aboba,256,seed1,1,adaptive_batch/batch_size,27,25.0
adaboba 256 abm1,aboba,256,seed1,1,adaptive_batch/batch_size,28,28.0
adaboba 256 abm1,aboba,256,seed1,1,adaptive_batch/batch_size,29,30.0
adaboba 256 abm1,aboba,256,seed1,1,adaptive_batch/batch_size,30,33.0
adaboba 256 abm1,aboba,256,seed1,1,adaptive_batch/batch_size,31,37.0
adaboba 256 abm1,aboba,256,seed1,1,adaptive_batch/batch_size,32,42.0
adaboba 256 abm1,aboba,256,seed1,1,adaptive_batch/batch_size,33,48.0
adaboba 256 abm1,aboba,256,seed1,1,adaptive_batch/batch_size,34,56.0
adaboba 256 abm1,aboba,256,seed1,1,adaptive_batch/batch_size,35,67.0
adaboba 256 abm1,aboba,256,seed1,1,adaptive_batch/batch_size,36,84.0
adaboba 256 abm1,aboba,256,seed1,1,adaptive_batch/batch_size,37,106.0
adaboba 256 abm1,aboba,256,seed1,1,adaptive_batch/batch_size,38,141.0
adaboba 256 abm1,aboba,256,seed1,1,adaptive_batch/batch_size,39,193.0
adaboba 256 abm1,aboba,256,seed2,1,adaptive_batch/batch_size,2,10.0
adaboba 256 abm1,aboba,256,seed2,1,adaptive_batch/batch_size,3,10.0
adaboba 256 abm1,aboba,256,seed2,1,adaptive_batch/batch_size,4,11.0
adaboba 256 abm1,aboba,256,seed2,1,adaptive_batch/batch_size,5,11.0
adaboba 256 abm1,aboba,256,seed2,1,adaptive_batch/batch_size,6,12.0
adaboba 256 abm1,aboba,256,seed2,1,adaptive_batch/batch_size,7,12.0
adaboba 256 abm1,aboba,256,seed2,1,adaptive_batch/batch_size,8,12.0
adaboba 256 abm1,aboba,256,seed2,1,adaptive_batch/batch_size,9,12.0
adaboba 256 abm1,aboba,256,seed2,1,adaptive_batch/batch_size,10,13.0
adaboba 256 abm1,aboba,256,seed2,1,adaptive_batch/batch_size,11,13.0
adaboba 256 abm1,aboba,256,seed2,1,adaptive_batch/batch_size,12,13.0
adaboba 256 abm1,aboba,256,seed2,1,adaptive_batch/batch_size,13,14.0
adaboba 256 abm1,aboba,256,seed2,1,adaptive_batch/batch_size,14,14.0
adaboba 256 abm1,aboba,256,seed2,1,adaptive_batch/batch_size,15,14.0
adaboba 256 abm1,aboba,256,seed2,1,adaptive_batch/batch_size,16,15.0
adaboba 256 abm1,aboba,256,seed2,1,adaptive_batch/batch_size,17,15.0
adaboba 256 abm1,aboba,256,seed2,1,adaptive_batch/batch_size,18,16.0
adaboba 256 abm1,aboba,256,seed2,1,adaptive_batch/batch_size,19,16.0
adaboba 256 abm1,aboba,256,seed2,1,adaptive_batch/batch_size,20,17.0
adaboba 256 abm1,aboba,256,seed2,1,adaptive_batch/batch_size,21,18.0
adaboba 256 abm1,aboba,256,seed2,1,adaptive_batch/batch_size,22,19.0
adaboba 256 abm1,aboba,256,seed2,1,adaptive_batch/batch_size,23,20.0
adaboba 256 abm1,aboba,256,seed2,1,adaptive_batch/batch_size,24,21.0
adaboba 256 abm1,aboba,256,seed2,1,adaptive_batch/batch_size,25,22.0
adaboba 256 abm1,aboba,256,seed2,1,adaptive_batch/batch_size,26,24.0
adaboba 256 abm1,aboba,256,seed2,1,adaptive_batch/batch_size,27,26.0
adaboba 256 abm1,aboba,256,seed2,1,adaptive_batch/batch_size,28,28.0
adaboba 256 abm1,aboba,256,seed2,1,adaptive_batch/batch_size,29,30.0
adaboba 256 abm1,aboba,256,seed2,1,adaptive_batch/batch_size,30,33.0
adaboba 256 abm1,aboba,256,seed2,1,adaptive_batch/batch_size,31,37.0
adaboba 256 abm1,aboba,256,seed2,1,adaptive_batch/batch_size,32,42.0
adaboba 256 abm1,aboba,256,seed2,1,adaptive_batch/batch_size,33,48.0
adaboba 256 abm1,aboba,256,seed2,1,adaptive_batch/batch_size,34,56.0
adaboba 256 abm1,aboba,256,seed2,1,adaptive_batch/batch_size,35,68.0
adaboba 256 abm1,aboba,256,seed2,1,adaptive_batch/batch_size,36,83.0
adaboba 256 abm1,aboba,256,seed2,1,adaptive_batch/batch_size,37,108.0
adaboba 256 abm1,aboba,256,seed2,1,adaptive_batch/batch_size,38,144.0
adaboba 256 abm1,aboba,256,seed2,1,adaptive_batch/batch_size,39,195.0
adaboba 256 abm1,aboba,256,seed3,1,adaptive_batch/batch_size,2,10.0
adaboba 256 abm1,aboba,256,seed3,1,adaptive_batch/batch_size,3,10.0
adaboba 256 abm1,aboba,256,seed3,1,adaptive_batch/batch_size,4,11.0
adaboba 256 abm1,aboba,256,seed3,1,adaptive_batch/batch_size,5,11.0
adaboba 256 abm1,aboba,256,seed3,1,adaptive_batch/batch_size,6,12.0
adaboba 256 abm1,aboba,256,seed3,1,adaptive_batch/batch_size,7,11.0
adaboba 256 abm1,aboba,256,seed3,1,adaptive_batch/batch_size,8,13.0
adaboba 256 abm1,aboba,256,seed3,1,adaptive_batch/batch_size,9,12.0
adaboba 256 abm1,aboba,256,seed3,1,adaptive_batch/batch_size,10,13.0
adaboba 256 abm1,aboba,256,seed3,1,adaptive_batch/batch_size,11,13.0
adaboba 256 abm1,aboba,256,seed3,1,adaptive_batch/batch_size,12,13.0
adaboba 256 abm1,aboba,256,seed3,1,adaptive_batch/batch_size,13,14.0
adaboba 256 abm1,aboba,256,seed3,1,adaptive_batch/batch_size,14,14.0
adaboba 256 abm1,aboba,256,seed3,1,adaptive_batch/batch_size,15,14.0
adaboba 256 abm1,aboba,256,seed3,1,adaptive_batch/batch_size,16,15.0
adaboba 256 abm1,aboba,256,seed3,1,adaptive_batch/batch_size,17,15.0
adaboba 256 abm1,aboba,256,seed3,1,adaptive_batch/batch_size,18,16.0
adaboba 256 abm1,aboba,256,seed3,1,adaptive_batch/batch_size,19,16.0
adaboba 256 abm1,aboba,256,seed3,1,adaptive_batch/batch_size,20,17.0
adaboba 256 abm1,aboba,256,seed3,1,adaptive_batch/batch_size,21,18.0
adaboba 256 abm1,aboba,256,seed3,1,adaptive_batch/batch_size,22,19.0
adaboba 256 abm1,aboba,256,seed3,1,adaptive_batch/batch_size,23,20.0
adaboba 256 abm1,aboba,256,seed3,1,adaptive_batch/batch_size,24,21.0
adaboba 256 abm1,aboba,256,seed3,1,adaptive_batch/batch_size,25,22.0
adaboba 256 abm1,aboba,256,seed3,1,adaptive_batch/batch_size,26,24.0
adaboba 256 abm1,aboba,256,seed3,1,adaptive_batch/batch_size,27,26.0
adaboba 256 abm1,aboba,256,seed3,1,adaptive_batch/batch_size,28,28.0
adaboba 256 abm1,aboba,256,seed3,1,adaptive_batch/batch_size,29,30.0
adaboba 256 abm1,aboba,256,seed3,1,adaptive_batch/batch_size,30,33.0
adaboba 256 abm1,aboba,256,seed3,1,adaptive_batch/batch_size,31,37.0
adaboba 256 abm1,aboba,256,seed3,1,adaptive_batch/batch_size,32,42.0
adaboba 256 abm1,aboba,256,seed3,1,adaptive_batch/batch_size,33,48.0
adaboba 256 abm1,aboba,256,seed3,1,adaptive_batch/batch_size,34,56.0
adaboba 256 abm1,aboba,256,seed3,1,adaptive_batch/batch_size,35,68.0
adaboba 256 abm1,aboba,256,seed3,1,adaptive_batch/batch_size,36,84.0
adaboba 256 abm1,aboba,256,seed3,1,adaptive_batch/batch_size,37,105.0
adaboba 256 abm1,aboba,256,seed3,1,adaptive_batch/batch_size,38,142.0
adaboba 256 abm1,aboba,256,seed3,1,adaptive_batch/batch_size,39,193.0
adaboba 64 abm1,aboba,64,seed1,1,adaptive_batch/batch_size,2,10.0
adaboba 64 abm1,aboba,64,seed1,1,adaptive_batch/batch_size,2,10.0
adaboba 64 abm1,aboba,64,seed1,1,adaptive_batch/batch_size,3,10.0
adaboba 64 abm1,aboba,64,seed1,1,adaptive_batch/batch_size,3,31.0
adaboba 64 abm1,aboba,64,seed1,1,adaptive_batch/batch_size,4,12.0
adaboba 64 abm1,aboba,64,seed1,1,adaptive_batch/batch_size,4,22.0
adaboba 64 abm1,aboba,64,seed1,1,adaptive_batch/batch_size,5,11.0
adaboba 64 abm1,aboba,64,seed1,1,adaptive_batch/batch_size,5,23.0
adaboba 64 abm1,aboba,64,seed1,1,adaptive_batch/batch_size,6,12.0
adaboba 64 abm1,aboba,64,seed1,1,adaptive_batch/batch_size,6,23.0
adaboba 64 abm1,aboba,64,seed1,1,adaptive_batch/batch_size,7,12.0
adaboba 64 abm1,aboba,64,seed1,1,adaptive_batch/batch_size,7,24.0
adaboba 64 abm1,aboba,64,seed1,1,adaptive_batch/batch_size,8,12.0
adaboba 64 abm1,aboba,64,seed1,1,adaptive_batch/batch_size,8,24.0
adaboba 64 abm1,aboba,64,seed1,1,adaptive_batch/batch_size,9,12.0
adaboba 64 abm1,aboba,64,seed1,1,adaptive_batch/batch_size,9,25.0
adaboba 64 abm1,aboba,64,seed1,1,adaptive_batch/batch_size,10,13.0
adaboba 64 abm1,aboba,64,seed1,1,adaptive_batch/batch_size,10,26.0
adaboba 64 abm1,aboba,64,seed1,1,adaptive_batch/batch_size,11,13.0
adaboba 64 abm1,aboba,64,seed1,1,adaptive_batch/batch_size,11,26.0
adaboba 64 abm1,aboba,64,seed1,1,adaptive_batch/batch_size,12,13.0
adaboba 64 abm1,aboba,64,seed1,1,adaptive_batch/batch_size,12,27.0
adaboba 64 abm1,aboba,64,seed1,1,adaptive_batch/batch_size,13,14.0
adaboba 64 abm1,aboba,64,seed1,1,adaptive_batch/batch_size,13,28.0
adaboba 64 abm1,aboba,64,seed1,1,adaptive_batch/batch_size,14,14.0
adaboba 64 abm1,aboba,64,seed1,1,adaptive_batch/batch_size,14,28.0
adaboba 64 abm1,aboba,64,seed1,1,adaptive_batch/batch_size,15,14.0
adaboba 64 abm1,aboba,64,seed1,1,adaptive_batch/batch_size,15,30.0
adaboba 64 abm1,aboba,64,seed1,1,adaptive_batch/batch_size,16,15.0
adaboba 64 abm1,aboba,64,seed1,1,adaptive_batch/batch_size,16,30.0
adaboba 64 abm1,aboba,64,seed1,1,adaptive_batch/batch_size,17,15.0
adaboba 64 abm1,aboba,64,seed1,1,adaptive_batch/batch_size,17,31.0
adaboba 64 abm1,aboba,64,seed1,1,adaptive_batch/batch_size,18,16.0
adaboba 64 abm1,aboba,64,seed1,1,adaptive_batch/batch_size,18,33.0
adaboba 64 abm1,aboba,64,seed1,1,adaptive_batch/batch_size,19,16.0
adaboba 64 abm1,aboba,64,seed1,1,adaptive_batch/batch_size,19,34.0
adaboba 64 abm1,aboba,64,seed1,1,adaptive_batch/batch_size,20,18.0
adaboba 64 abm1,aboba,64,seed1,1,adaptive_batch/batch_size,20,35.0
adaboba 64 abm1,aboba,64,seed1,1,adaptive_batch/batch_size,21,18.0
adaboba 64 abm1,aboba,64,seed1,1,adaptive_batch/batch_size,21,37.0
adaboba 64 abm1,aboba,64,seed1,1,adaptive_batch/batch_size,22,19.0
adaboba 64 abm1,aboba,64,seed1,1,adaptive_batch/batch_size,22,39.0
adaboba 64 abm1,aboba,64,seed1,1,adaptive_batch/batch_size,23,20.0
adaboba 64 abm1,aboba,64,seed1,1,adaptive_batch/batch_size,23,41.0
adaboba 64 abm1,aboba,64,seed1,1,adaptive_batch/batch_size,24,21.0
adaboba 64 abm1,aboba,64,seed1,1,adaptive_batch/batch_size,24,44.0
adaboba 64 abm1,aboba,64,seed1,1,adaptive_batch/batch_size,25,22.0
adaboba 64 abm1,aboba,64,seed1,1,adaptive_batch/batch_size,25,46.0
adaboba 64 abm1,aboba,64,seed1,1,adaptive_batch/batch_size,26,24.0
adaboba 64 abm1,aboba,64,seed1,1,adaptive_batch/batch_size,26,50.0
adaboba 64 abm1,aboba,64,seed1,1,adaptive_batch/batch_size,27,26.0
adaboba 64 abm1,aboba,64,seed1,1,adaptive_batch/batch_size,27,53.0
adaboba 64 abm1,aboba,64,seed1,1,adaptive_batch/batch_size,28,27.0
adaboba 64 abm1,aboba,64,seed1,1,adaptive_batch/batch_size,28,58.0
adaboba 64 abm1,aboba,64,seed1,1,adaptive_batch/batch_size,29,31.0
adaboba 64 abm1,aboba,64,seed1,1,adaptive_batch/batch_size,29,64.0
adaboba 64 abm1,aboba,64,seed1,1,adaptive_batch/batch_size,30,33.0
adaboba 64 abm1,aboba,64,seed1,1,adaptive_batch/batch_size,30,71.0
adaboba 64 abm1,aboba,64,seed1,1,adaptive_batch/batch_size,31,37.0
adaboba 64 abm1,aboba,64,seed1,1,adaptive_batch/batch_size,31,79.0
adaboba 64 abm1,aboba,64,seed1,1,adaptive_batch/batch_size,32,42.0
adaboba 64 abm1,aboba,64,seed1,1,adaptive_batch/batch_size,32,90.0
adaboba 64 abm1,aboba,64,seed1,1,adaptive_batch/batch_size,33,48.0
adaboba 64 abm1,aboba,64,seed1,1,adaptive_batch/batch_size,33,103.0
adaboba 64 abm1,aboba,64,seed1,1,adaptive_batch/batch_size,34,56.0
adaboba 64 abm1,aboba,64,seed1,1,adaptive_batch/batch_size,34,122.0
adaboba 64 abm1,aboba,64,seed1,1,adaptive_batch/batch_size,35,68.0
adaboba 64 abm1,aboba,64,seed1,1,adaptive_batch/batch_size,35,148.0
adaboba 64 abm1,aboba,64,seed1,1,adaptive_batch/batch_size,36,84.0
adaboba 64 abm1,aboba,64,seed1,1,adaptive_batch/batch_size,36,185.0
adaboba 64 abm1,aboba,64,seed1,1,adaptive_batch/batch_size,37,107.0
adaboba 64 abm1,aboba,64,seed1,1,adaptive_batch/batch_size,37,243.0
adaboba 64 abm1,aboba,64,seed1,1,adaptive_batch/batch_size,38,142.0
adaboba 64 abm1,aboba,64,seed1,1,adaptive_batch/batch_size,38,329.0
adaboba 64 abm1,aboba,64,seed1,1,adaptive_batch/batch_size,39,190.0
adaboba 64 abm1,aboba,64,seed1,1,adaptive_batch/batch_size,39,464.0
adaboba 64 abm1,aboba,64,seed2,1,adaptive_batch/batch_size,2,10.0
adaboba 64 abm1,aboba,64,seed2,1,adaptive_batch/batch_size,3,10.0
adaboba 64 abm1,aboba,64,seed2,1,adaptive_batch/batch_size,4,12.0
adaboba 64 abm1,aboba,64,seed2,1,adaptive_batch/batch_size,5,11.0
adaboba 64 abm1,aboba,64,seed2,1,adaptive_batch/batch_size,6,12.0
adaboba 64 abm1,aboba,64,seed2,1,adaptive_batch/batch_size,7,12.0
adaboba 64 abm1,aboba,64,seed2,1,adaptive_batch/batch_size,8,12.0
adaboba 64 abm1,aboba,64,seed2,1,adaptive_batch/batch_size,9,13.0
adaboba 64 abm1,aboba,64,seed2,1,adaptive_batch/batch_size,10,12.0
adaboba 64 abm1,aboba,64,seed2,1,adaptive_batch/batch_size,11,13.0
adaboba 64 abm1,aboba,64,seed2,1,adaptive_batch/batch_size,12,13.0
adaboba 64 abm1,aboba,64,seed2,1,adaptive_batch/batch_size,13,14.0
adaboba 64 abm1,aboba,64,seed2,1,adaptive_batch/batch_size,14,14.0
adaboba 64 abm1,aboba,64,seed2,1,adaptive_batch/batch_size,15,14.0
adaboba 64 abm1,aboba,64,seed2,1,adaptive_batch/batch_size,16,15.0
adaboba 64 abm1,aboba,64,seed2,1,adaptive_batch/batch_size,17,15.0
adaboba 64 abm1,aboba,64,seed2,1,adaptive_batch/batch_size,18,16.0
adaboba 64 abm1,aboba,64,seed2,1,adaptive_batch/batch_size,19,16.0
adaboba 64 abm1,aboba,64,seed2,1,adaptive_batch/batch_size,20,18.0
adaboba 64 abm1,aboba,64,seed2,1,adaptive_batch/batch_size,21,18.0
adaboba 64 abm1,aboba,64,seed2,1,adaptive_batch/batch_size,22,19.0
adaboba 64 abm1,aboba,64,seed2,1,adaptive_batch/batch_size,23,20.0
adaboba 64 abm1,aboba,64,seed2,1,adaptive_batch/batch_size,24,21.0
adaboba 64 abm1,aboba,64,seed2,1,adaptive_batch/batch_size,25,22.0
adaboba 64 abm1,aboba,64,seed2,1,adaptive_batch/batch_size,26,24.0
adaboba 64 abm1,aboba,64,seed2,1,adaptive_batch/batch_size,27,26.0
adaboba 64 abm1,aboba,64,seed2,1,adaptive_batch/batch_size,28,27.0
adaboba 64 abm1,aboba,64,seed2,1,adaptive_batch/batch_size,29,30.0
adaboba 64 abm1,aboba,64,seed2,1,adaptive_batch/batch_size,30,34.0
adaboba 64 abm1,aboba,64,seed2,1,adaptive_batch/batch_size,31,37.0
adaboba 64 abm1,aboba,64,seed2,1,adaptive_batch/batch_size,32,42.0
adaboba 64 abm1,aboba,64,seed2,1,adaptive_batch/batch_size,33,48.0
adaboba 64 abm1,aboba,64,seed2,1,adaptive_batch/batch_size,34,56.0
adaboba 64 abm1,aboba,64,seed2,1,adaptive_batch/batch_size,35,68.0
adaboba 64 abm1,aboba,64,seed2,1,adaptive_batch/batch_size,36,84.0
adaboba 64 abm1,aboba,64,seed2,1,adaptive_batch/batch_size,37,107.0
adaboba 64 abm1,aboba,64,seed2,1,adaptive_batch/batch_size,38,142.0
adaboba 64 abm1,aboba,64,seed2,1,adaptive_batch/batch_size,39,194.0
adaboba 64 abm1,aboba,64,seed3,1,adaptive_batch/batch_size,2,10.0
adaboba 64 abm1,aboba,64,seed3,1,adaptive_batch/batch_size,3,10.0
adaboba 64 abm1,aboba,64,seed3,1,adaptive_batch/batch_size,4,12.0
adaboba 64 abm1,aboba,64,seed3,1,adaptive_batch/batch_size,5,11.0
adaboba 64 abm1,aboba,64,seed3,1,adaptive_batch/batch_size,6,12.0
adaboba 64 abm1,aboba,64,seed3,1,adaptive_batch/batch_size,7,12.0
adaboba 64 abm1,aboba,64,seed3,1,adaptive_batch/batch_size,8,12.0
adaboba 64 abm1,aboba,64,seed3,1,adaptive_batch/batch_size,9,12.0
adaboba 64 abm1,aboba,64,seed3,1,adaptive_batch/batch_size,10,13.0
adaboba 64 abm1,aboba,64,seed3,1,adaptive_batch/batch_size,11,13.0
adaboba 64 abm1,aboba,64,seed3,1,adaptive_batch/batch_size,12,13.0
adaboba 64 abm1,aboba,64,seed3,1,adaptive_batch/batch_size,13,14.0
adaboba 64 abm1,aboba,64,seed3,1,adaptive_batch/batch_size,14,14.0
adaboba 64 abm1,aboba,64,seed3,1,adaptive_batch/batch_size,15,14.0
adaboba 64 abm1,aboba,64,seed3,1,adaptive_batch/batch_size,16,15.0
adaboba 64 abm1,aboba,64,seed3,1,adaptive_batch/batch_size,17,15.0
adaboba 64 abm1,aboba,64,seed3,1,adaptive_batch/batch_size,18,16.0
adaboba 64 abm1,aboba,64,seed3,1,adaptive_batch/batch_size,19,16.0
adaboba 64 abm1,aboba,64,seed3,1,adaptive_batch/batch_size,20,17.0
adaboba 64 abm1,aboba,64,seed3,1,adaptive_batch/batch_size,21,18.0
adaboba 64 abm1,aboba,64,seed3,1,adaptive_batch/batch_size,22,19.0
adaboba 64 abm1,aboba,64,seed3,1,adaptive_batch/batch_size,23,20.0
adaboba 64 abm1,aboba,64,seed3,1,adaptive_batch/batch_size,24,21.0
adaboba 64 abm1,aboba,64,seed3,1,adaptive_batch/batch_size,25,22.0
adaboba 64 abm1,aboba,64,seed3,1,adaptive_batch/batch_size,26,24.0
adaboba 64 abm1,aboba,64,seed3,1,adaptive_batch/batch_size,27,25.0
adaboba 64 abm1,aboba,64,seed3,1,adaptive_batch/batch_size,28,28.0
adaboba 64 abm1,aboba,64,seed3,1,adaptive_batch/batch_size,29,30.0
adaboba 64 abm1,aboba,64,seed3,1,adaptive_batch/batch_size,30,33.0
adaboba 64 abm1,aboba,64,seed3,1,adaptive_batch/batch_size,31,37.0
adaboba 64 abm1,aboba,64,seed3,1,adaptive_batch/batch_size,32,42.0
adaboba 64 abm1,aboba,64,seed3,1,adaptive_batch/batch_size,33,48.0
adaboba 64 abm1,aboba,64,seed3,1,adaptive_batch/batch_size,34,56.0
adaboba 64 abm1,aboba,64,seed3,1,adaptive_batch/batch_size,35,68.0
adaboba 64 abm1,aboba,64,seed3,1,adaptive_batch/batch_size,36,83.0
adaboba 64 abm1,aboba,64,seed3,1,adaptive_batch/batch_size,37,106.0
adaboba 64 abm1,aboba,64,seed3,1,adaptive_batch/batch_size,38,142.0
adaboba 64 abm1,aboba,64,seed3,1,adaptive_batch/batch_size,39,193.0
adamw_seesaw 128,seesaw,128,seed1,,seesaw/batch_size,0,128.0
adamw_seesaw 128,seesaw,128,seed1,,seesaw/batch_size,0,128.0
adamw_seesaw 128,seesaw,128,seed1,,seesaw/batch_size,1,128.0
adamw_seesaw 128,seesaw,128,seed1,,seesaw/batch_size,1,128.0
adamw_seesaw 128,seesaw,128,seed1,,seesaw/batch_size,2,128.0
adamw_seesaw 128,seesaw,128,seed1,,seesaw/batch_size,2,128.0
adamw_seesaw 128,seesaw,128,seed1,,seesaw/batch_size,3,128.0
adamw_seesaw 128,seesaw,128,seed1,,seesaw/batch_size,3,128.0
adamw_seesaw 128,seesaw,128,seed1,,seesaw/batch_size,4,128.0
adamw_seesaw 128,seesaw,128,seed1,,seesaw/batch_size,4,128.0
adamw_seesaw 128,seesaw,128,seed1,,seesaw/batch_size,5,128.0
adamw_seesaw 128,seesaw,128,seed1,,seesaw/batch_size,5,128.0
adamw_seesaw 128,seesaw,128,seed1,,seesaw/batch_size,6,128.0
adamw_seesaw 128,seesaw,128,seed1,,seesaw/batch_size,6,128.0
adamw_seesaw 128,seesaw,128,seed1,,seesaw/batch_size,7,128.0
adamw_seesaw 128,seesaw,128,seed1,,seesaw/batch_size,7,128.0
adamw_seesaw 128,seesaw,128,seed1,,seesaw/batch_size,8,128.0
adamw_seesaw 128,seesaw,128,seed1,,seesaw/batch_size,8,128.0
adamw_seesaw 128,seesaw,128,seed1,,seesaw/batch_size,9,128.0
adamw_seesaw 128,seesaw,128,seed1,,seesaw/batch_size,9,128.0
adamw_seesaw 128,seesaw,128,seed1,,seesaw/batch_size,10,128.0
adamw_seesaw 128,seesaw,128,seed1,,seesaw/batch_size,10,128.0
adamw_seesaw 128,seesaw,128,seed1,,seesaw/batch_size,11,128.0
adamw_seesaw 128,seesaw,128,seed1,,seesaw/batch_size,11,128.0
adamw_seesaw 128,seesaw,128,seed1,,seesaw/batch_size,12,128.0
adamw_seesaw 128,seesaw,128,seed1,,seesaw/batch_size,12,128.0
adamw_seesaw 128,seesaw,128,seed1,,seesaw/batch_size,13,128.0
adamw_seesaw 128,seesaw,128,seed1,,seesaw/batch_size,13,128.0
adamw_seesaw 128,seesaw,128,seed1,,seesaw/batch_size,14,128.0
adamw_seesaw 128,seesaw,128,seed1,,seesaw/batch_size,14,128.0
adamw_seesaw 128,seesaw,128,seed1,,seesaw/batch_size,15,128.0
adamw_seesaw 128,seesaw,128,seed1,,seesaw/batch_size,15,128.0
adamw_seesaw 128,seesaw,128,seed1,,seesaw/batch_size,16,128.0
adamw_seesaw 128,seesaw,128,seed1,,seesaw/batch_size,16,128.0
adamw_seesaw 128,seesaw,128,seed1,,seesaw/batch_size,17,128.0
adamw_seesaw 128,seesaw,128,seed1,,seesaw/batch_size,17,128.0
adamw_seesaw 128,seesaw,128,seed1,,seesaw/batch_size,18,128.0
adamw_seesaw 128,seesaw,128,seed1,,seesaw/batch_size,18,128.0
adamw_seesaw 128,seesaw,128,seed1,,seesaw/batch_size,19,128.0
adamw_seesaw 128,seesaw,128,seed1,,seesaw/batch_size,19,128.0
adamw_seesaw 128,seesaw,128,seed1,,seesaw/batch_size,20,128.0
adamw_seesaw 128,seesaw,128,seed1,,seesaw/batch_size,20,128.0
adamw_seesaw 128,seesaw,128,seed1,,seesaw/batch_size,21,256.0
adamw_seesaw 128,seesaw,128,seed1,,seesaw/batch_size,21,128.0
adamw_seesaw 128,seesaw,128,seed1,,seesaw/batch_size,22,256.0
adamw_seesaw 128,seesaw,128,seed1,,seesaw/batch_size,22,128.0
adamw_seesaw 128,seesaw,128,seed1,,seesaw/batch_size,23,256.0
adamw_seesaw 128,seesaw,128,seed1,,seesaw/batch_size,23,128.0
adamw_seesaw 128,seesaw,128,seed1,,seesaw/batch_size,24,256.0
adamw_seesaw 128,seesaw,128,seed1,,seesaw/batch_size,24,128.0
adamw_seesaw 128,seesaw,128,seed1,,seesaw/batch_size,25,256.0
adamw_seesaw 128,seesaw,128,seed1,,seesaw/batch_size,25,384.0
adamw_seesaw 128,seesaw,128,seed1,,seesaw/batch_size,26,256.0
adamw_seesaw 128,seesaw,128,seed1,,seesaw/batch_size,26,384.0
adamw_seesaw 128,seesaw,128,seed1,,seesaw/batch_size,27,512.0
adamw_seesaw 128,seesaw,128,seed1,,seesaw/batch_size,27,384.0
adamw_seesaw 128,seesaw,128,seed1,,seesaw/batch_size,28,512.0
adamw_seesaw 128,seesaw,128,seed1,,seesaw/batch_size,28,384.0
adamw_seesaw 128,seesaw,128,seed1,,seesaw/batch_size,29,512.0
adamw_seesaw 128,seesaw,128,seed1,,seesaw/batch_size,29,384.0
adamw_seesaw 128,seesaw,128,seed1,,seesaw/batch_size,30,512.0
adamw_seesaw 128,seesaw,128,seed1,,seesaw/batch_size,30,384.0
adamw_seesaw 128,seesaw,128,seed1,,seesaw/batch_size,31,512.0
adamw_seesaw 128,seesaw,128,seed1,,seesaw/batch_size,31,384.0
adamw_seesaw 128,seesaw,128,seed1,,seesaw/batch_size,32,1024.0
adamw_seesaw 128,seesaw,128,seed1,,seesaw/batch_size,32,1152.0
adamw_seesaw 128,seesaw,128,seed1,,seesaw/batch_size,33,1024.0
adamw_seesaw 128,seesaw,128,seed1,,seesaw/batch_size,33,1152.0
adamw_seesaw 128,seesaw,128,seed1,,seesaw/batch_size,34,1024.0
adamw_seesaw 128,seesaw,128,seed1,,seesaw/batch_size,34,1152.0
adamw_seesaw 128,seesaw,128,seed1,,seesaw/batch_size,35,2048.0
adamw_seesaw 128,seesaw,128,seed1,,seesaw/batch_size,35,1152.0
adamw_seesaw 128,seesaw,128,seed1,,seesaw/batch_size,36,3456.0
adamw_seesaw 128,seesaw,128,seed2,,seesaw/batch_size,0,128.0
adamw_seesaw 128,seesaw,128,seed2,,seesaw/batch_size,0,128.0
adamw_seesaw 128,seesaw,128,seed2,,seesaw/batch_size,0,128.0
adamw_seesaw 128,seesaw,128,seed2,,seesaw/batch_size,0,128.0
adamw_seesaw 128,seesaw,128,seed2,,seesaw/batch_size,0,128.0
adamw_seesaw 128,seesaw,128,seed2,,seesaw/batch_size,1,128.0
adamw_seesaw 128,seesaw,128,seed2,,seesaw/batch_size,1,128.0
adamw_seesaw 128,seesaw,128,seed2,,seesaw/batch_size,1,128.0
adamw_seesaw 128,seesaw,128,seed2,,seesaw/batch_size,1,128.0
adamw_seesaw 128,seesaw,128,seed2,,seesaw/batch_size,1,128.0
adamw_seesaw 128,seesaw,128,seed2,,seesaw/batch_size,2,128.0
adamw_seesaw 128,seesaw,128,seed2,,seesaw/batch_size,2,128.0
adamw_seesaw 128,seesaw,128,seed2,,seesaw/batch_size,2,128.0
adamw_seesaw 128,seesaw,128,seed2,,seesaw/batch_size,2,128.0
adamw_seesaw 128,seesaw,128,seed2,,seesaw/batch_size,3,128.0
adamw_seesaw 128,seesaw,128,seed2,,seesaw/batch_size,3,128.0
adamw_seesaw 128,seesaw,128,seed2,,seesaw/batch_size,3,128.0
adamw_seesaw 128,seesaw,128,seed2,,seesaw/batch_size,3,128.0
adamw_seesaw 128,seesaw,128,seed2,,seesaw/batch_size,4,128.0
adamw_seesaw 128,seesaw,128,seed2,,seesaw/batch_size,4,128.0
adamw_seesaw 128,seesaw,128,seed2,,seesaw/batch_size,4,128.0
adamw_seesaw 128,seesaw,128,seed2,,seesaw/batch_size,4,128.0
adamw_seesaw 128,seesaw,128,seed2,,seesaw/batch_size,5,128.0
adamw_seesaw 128,seesaw,128,seed2,,seesaw/batch_size,5,128.0
adamw_seesaw 128,seesaw,128,seed2,,seesaw/batch_size,5,128.0
adamw_seesaw 128,seesaw,128,seed2,,seesaw/batch_size,5,128.0
adamw_seesaw 128,seesaw,128,seed2,,seesaw/batch_size,6,128.0
adamw_seesaw 128,seesaw,128,seed2,,seesaw/batch_size,6,128.0
adamw_seesaw 128,seesaw,128,seed2,,seesaw/batch_size,6,128.0
adamw_seesaw 128,seesaw,128,seed2,,seesaw/batch_size,6,128.0
adamw_seesaw 128,seesaw,128,seed2,,seesaw/batch_size,7,128.0
adamw_seesaw 128,seesaw,128,seed2,,seesaw/batch_size,7,128.0
adamw_seesaw 128,seesaw,128,seed2,,seesaw/batch_size,7,128.0
adamw_seesaw 128,seesaw,128,seed2,,seesaw/batch_size,7,128.0
adamw_seesaw 128,seesaw,128,seed2,,seesaw/batch_size,8,128.0
adamw_seesaw 128,seesaw,128,seed2,,seesaw/batch_size,8,128.0
adamw_seesaw 128,seesaw,128,seed2,,seesaw/batch_size,8,128.0
adamw_seesaw 128,seesaw,128,seed2,,seesaw/batch_size,8,128.0
adamw_seesaw 128,seesaw,128,seed2,,seesaw/batch_size,9,128.0
adamw_seesaw 128,seesaw,128,seed2,,seesaw/batch_size,9,128.0
adamw_seesaw 128,seesaw,128,seed2,,seesaw/batch_size,9,128.0
adamw_seesaw 128,seesaw,128,seed2,,seesaw/batch_size,9,128.0
adamw_seesaw 128,seesaw,128,seed2,,seesaw/batch_size,10,128.0
adamw_seesaw 128,seesaw,128,seed2,,seesaw/batch_size,10,128.0
adamw_seesaw 128,seesaw,128,seed2,,seesaw/batch_size,10,128.0
adamw_seesaw 128,seesaw,128,seed2,,seesaw/batch_size,10,128.0
adamw_seesaw 128,seesaw,128,seed2,,seesaw/batch_size,11,128.0
adamw_seesaw 128,seesaw,128,seed2,,seesaw/batch_size,11,128.0
adamw_seesaw 128,seesaw,128,seed2,,seesaw/batch_size,11,128.0
adamw_seesaw 128,seesaw,128,seed2,,seesaw/batch_size,11,128.0
adamw_seesaw 128,seesaw,128,seed2,,seesaw/batch_size,12,128.0
adamw_seesaw 128,seesaw,128,seed2,,seesaw/batch_size,12,128.0
adamw_seesaw 128,seesaw,128,seed2,,seesaw/batch_size,12,128.0
adamw_seesaw 128,seesaw,128,seed2,,seesaw/batch_size,12,128.0
adamw_seesaw 128,seesaw,128,seed2,,seesaw/batch_size,13,128.0
adamw_seesaw 128,seesaw,128,seed2,,seesaw/batch_size,13,128.0
adamw_seesaw 128,seesaw,128,seed2,,seesaw/batch_size,13,128.0
adamw_seesaw 128,seesaw,128,seed2,,seesaw/batch_size,13,128.0
adamw_seesaw 128,seesaw,128,seed2,,seesaw/batch_size,14,128.0
adamw_seesaw 128,seesaw,128,seed2,,seesaw/batch_size,14,128.0
adamw_seesaw 128,seesaw,128,seed2,,seesaw/batch_size,14,128.0
adamw_seesaw 128,seesaw,128,seed2,,seesaw/batch_size,14,128.0
adamw_seesaw 128,seesaw,128,seed2,,seesaw/batch_size,15,128.0
adamw_seesaw 128,seesaw,128,seed2,,seesaw/batch_size,15,128.0
adamw_seesaw 128,seesaw,128,seed2,,seesaw/batch_size,15,128.0
adamw_seesaw 128,seesaw,128,seed2,,seesaw/batch_size,15,128.0
adamw_seesaw 128,seesaw,128,seed2,,seesaw/batch_size,16,128.0
adamw_seesaw 128,seesaw,128,seed2,,seesaw/batch_size,16,128.0
adamw_seesaw 128,seesaw,128,seed2,,seesaw/batch_size,16,128.0
adamw_seesaw 128,seesaw,128,seed2,,seesaw/batch_size,16,128.0
adamw_seesaw 128,seesaw,128,seed2,,seesaw/batch_size,17,128.0
adamw_seesaw 128,seesaw,128,seed2,,seesaw/batch_size,17,128.0
adamw_seesaw 128,seesaw,128,seed2,,seesaw/batch_size,17,128.0
adamw_seesaw 128,seesaw,128,seed2,,seesaw/batch_size,17,128.0
adamw_seesaw 128,seesaw,128,seed2,,seesaw/batch_size,18,128.0
adamw_seesaw 128,seesaw,128,seed2,,seesaw/batch_size,18,128.0
adamw_seesaw 128,seesaw,128,seed2,,seesaw/batch_size,18,128.0
adamw_seesaw 128,seesaw,128,seed2,,seesaw/batch_size,18,128.0
adamw_seesaw 128,seesaw,128,seed2,,seesaw/batch_size,19,128.0
adamw_seesaw 128,seesaw,128,seed2,,seesaw/batch_size,19,128.0
adamw_seesaw 128,seesaw,128,seed2,,seesaw/batch_size,19,128.0
adamw_seesaw 128,seesaw,128,seed2,,seesaw/batch_size,19,128.0
adamw_seesaw 128,seesaw,128,seed2,,seesaw/batch_size,20,128.0
adamw_seesaw 128,seesaw,128,seed2,,seesaw/batch_size,20,128.0
adamw_seesaw 128,seesaw,128,seed2,,seesaw/batch_size,20,128.0
adamw_seesaw 128,seesaw,128,seed2,,seesaw/batch_size,20,128.0
adamw_seesaw 128,seesaw,128,seed2,,seesaw/batch_size,21,128.0
adamw_seesaw 128,seesaw,128,seed2,,seesaw/batch_size,21,256.0
adamw_seesaw 128,seesaw,128,seed2,,seesaw/batch_size,21,256.0
adamw_seesaw 128,seesaw,128,seed2,,seesaw/batch_size,21,128.0
adamw_seesaw 128,seesaw,128,seed2,,seesaw/batch_size,22,128.0
adamw_seesaw 128,seesaw,128,seed2,,seesaw/batch_size,22,256.0
adamw_seesaw 128,seesaw,128,seed2,,seesaw/batch_size,22,256.0
adamw_seesaw 128,seesaw,128,seed2,,seesaw/batch_size,22,128.0
adamw_seesaw 128,seesaw,128,seed2,,seesaw/batch_size,23,128.0
adamw_seesaw 128,seesaw,128,seed2,,seesaw/batch_size,23,256.0
adamw_seesaw 128,seesaw,128,seed2,,seesaw/batch_size,23,256.0
adamw_seesaw 128,seesaw,128,seed2,,seesaw/batch_size,23,128.0
adamw_seesaw 128,seesaw,128,seed2,,seesaw/batch_size,24,128.0
adamw_seesaw 128,seesaw,128,seed2,,seesaw/batch_size,24,256.0
adamw_seesaw 128,seesaw,128,seed2,,seesaw/batch_size,24,256.0
adamw_seesaw 128,seesaw,128,seed2,,seesaw/batch_size,24,128.0
adamw_seesaw 128,seesaw,128,seed2,,seesaw/batch_size,25,384.0
adamw_seesaw 128,seesaw,128,seed2,,seesaw/batch_size,25,256.0
adamw_seesaw 128,seesaw,128,seed2,,seesaw/batch_size,25,256.0
adamw_seesaw 128,seesaw,128,seed2,,seesaw/batch_size,25,384.0
adamw_seesaw 128,seesaw,128,seed2,,seesaw/batch_size,26,384.0
adamw_seesaw 128,seesaw,128,seed2,,seesaw/batch_size,26,256.0
adamw_seesaw 128,seesaw,128,seed2,,seesaw/batch_size,26,256.0
adamw_seesaw 128,seesaw,128,seed2,,seesaw/batch_size,26,384.0
adamw_seesaw 128,seesaw,128,seed2,,seesaw/batch_size,27,384.0
adamw_seesaw 128,seesaw,128,seed2,,seesaw/batch_size,27,512.0
adamw_seesaw 128,seesaw,128,seed2,,seesaw/batch_size,27,512.0
adamw_seesaw 128,seesaw,128,seed2,,seesaw/batch_size,27,384.0
adamw_seesaw 128,seesaw,128,seed2,,seesaw/batch_size,28,384.0
adamw_seesaw 128,seesaw,128,seed2,,seesaw/batch_size,28,512.0
adamw_seesaw 128,seesaw,128,seed2,,seesaw/batch_size,28,512.0
adamw_seesaw 128,seesaw,128,seed2,,seesaw/batch_size,28,384.0
adamw_seesaw 128,seesaw,128,seed2,,seesaw/batch_size,29,384.0
adamw_seesaw 128,seesaw,128,seed2,,seesaw/batch_size,29,512.0
adamw_seesaw 128,seesaw,128,seed2,,seesaw/batch_size,29,512.0
adamw_seesaw 128,seesaw,128,seed2,,seesaw/batch_size,29,384.0
adamw_seesaw 128,seesaw,128,seed2,,seesaw/batch_size,30,384.0
adamw_seesaw 128,seesaw,128,seed2,,seesaw/batch_size,30,512.0
adamw_seesaw 128,seesaw,128,seed2,,seesaw/batch_size,30,512.0
adamw_seesaw 128,seesaw,128,seed2,,seesaw/batch_size,30,384.0
adamw_seesaw 128,seesaw,128,seed2,,seesaw/batch_size,31,384.0
adamw_seesaw 128,seesaw,128,seed2,,seesaw/batch_size,31,512.0
adamw_seesaw 128,seesaw,128,seed2,,seesaw/batch_size,31,512.0
adamw_seesaw 128,seesaw,128,seed2,,seesaw/batch_size,31,384.0
adamw_seesaw 128,seesaw,128,seed2,,seesaw/batch_size,32,1152.0
adamw_seesaw 128,seesaw,128,seed2,,seesaw/batch_size,32,1024.0
adamw_seesaw 128,seesaw,128,seed2,,seesaw/batch_size,32,1024.0
adamw_seesaw 128,seesaw,128,seed2,,seesaw/batch_size,32,1152.0
adamw_seesaw 128,seesaw,128,seed2,,seesaw/batch_size,33,1152.0
adamw_seesaw 128,seesaw,128,seed2,,seesaw/batch_size,33,1024.0
adamw_seesaw 128,seesaw,128,seed2,,seesaw/batch_size,33,1024.0
adamw_seesaw 128,seesaw,128,seed2,,seesaw/batch_size,33,1152.0
adamw_seesaw 128,seesaw,128,seed2,,seesaw/batch_size,34,1152.0
adamw_seesaw 128,seesaw,128,seed2,,seesaw/batch_size,34,1024.0
adamw_seesaw 128,seesaw,128,seed2,,seesaw/batch_size,34,1024.0
adamw_seesaw 128,seesaw,128,seed2,,seesaw/batch_size,34,1152.0
adamw_seesaw 128,seesaw,128,seed2,,seesaw/batch_size,35,1152.0
adamw_seesaw 128,seesaw,128,seed2,,seesaw/batch_size,35,2048.0
adamw_seesaw 128,seesaw,128,seed2,,seesaw/batch_size,35,2048.0
adamw_seesaw 128,seesaw,128,seed2,,seesaw/batch_size,35,1152.0
adamw_seesaw 128,seesaw,128,seed2,,seesaw/batch_size,36,3456.0
adamw_seesaw 128,seesaw,128,seed2,,seesaw/batch_size,36,2048.0
adamw_seesaw 128,seesaw,128,seed2,,seesaw/batch_size,36,2048.0
adamw_seesaw 128,seesaw,128,seed2,,seesaw/batch_size,36,3456.0
adamw_seesaw 128,seesaw,128,seed2,,seesaw/batch_size,37,4096.0
adamw_seesaw 128,seesaw,128,seed2,,seesaw/batch_size,37,4096.0
adamw_seesaw 256,seesaw,256,seed1,,seesaw/batch_size,0,256.0
adamw_seesaw 256,seesaw,256,seed1,,seesaw/batch_size,1,256.0
adamw_seesaw 256,seesaw,256,seed1,,seesaw/batch_size,2,256.0
adamw_seesaw 256,seesaw,256,seed1,,seesaw/batch_size,3,256.0
adamw_seesaw 256,seesaw,256,seed1,,seesaw/batch_size,4,256.0
adamw_seesaw 256,seesaw,256,seed1,,seesaw/batch_size,5,256.0
adamw_seesaw 256,seesaw,256,seed1,,seesaw/batch_size,6,256.0
adamw_seesaw 256,seesaw,256,seed1,,seesaw/batch_size,7,256.0
adamw_seesaw 256,seesaw,256,seed1,,seesaw/batch_size,8,256.0
adamw_seesaw 256,seesaw,256,seed1,,seesaw/batch_size,9,256.0
adamw_seesaw 256,seesaw,256,seed1,,seesaw/batch_size,10,256.0
adamw_seesaw 256,seesaw,256,seed1,,seesaw/batch_size,11,256.0
adamw_seesaw 256,seesaw,256,seed1,,seesaw/batch_size,12,256.0
adamw_seesaw 256,seesaw,256,seed1,,seesaw/batch_size,13,256.0
adamw_seesaw 256,seesaw,256,seed1,,seesaw/batch_size,14,256.0
adamw_seesaw 256,seesaw,256,seed1,,seesaw/batch_size,15,256.0
adamw_seesaw 256,seesaw,256,seed1,,seesaw/batch_size,16,256.0
adamw_seesaw 256,seesaw,256,seed1,,seesaw/batch_size,17,256.0
adamw_seesaw 256,seesaw,256,seed1,,seesaw/batch_size,18,256.0
adamw_seesaw 256,seesaw,256,seed1,,seesaw/batch_size,19,256.0
adamw_seesaw 256,seesaw,256,seed1,,seesaw/batch_size,20,256.0
adamw_seesaw 256,seesaw,256,seed1,,seesaw/batch_size,21,512.0
adamw_seesaw 256,seesaw,256,seed1,,seesaw/batch_size,22,512.0
adamw_seesaw 256,seesaw,256,seed1,,seesaw/batch_size,23,512.0
adamw_seesaw 256,seesaw,256,seed1,,seesaw/batch_size,24,512.0
adamw_seesaw 256,seesaw,256,seed1,,seesaw/batch_size,25,512.0
adamw_seesaw 256,seesaw,256,seed1,,seesaw/batch_size,26,512.0
adamw_seesaw 256,seesaw,256,seed1,,seesaw/batch_size,27,1024.0
adamw_seesaw 256,seesaw,256,seed1,,seesaw/batch_size,28,1024.0
adamw_seesaw 256,seesaw,256,seed1,,seesaw/batch_size,29,1024.0
adamw_seesaw 256,seesaw,256,seed1,,seesaw/batch_size,30,1024.0
adamw_seesaw 256,seesaw,256,seed1,,seesaw/batch_size,31,1024.0
adamw_seesaw 256,seesaw,256,seed1,,seesaw/batch_size,32,2048.0
adamw_seesaw 64,seesaw,64,seed1,,seesaw/batch_size,0,64.0
adamw_seesaw 64,seesaw,64,seed1,,seesaw/batch_size,0,64.0
adamw_seesaw 64,seesaw,64,seed1,,seesaw/batch_size,1,64.0
adamw_seesaw 64,seesaw,64,seed1,,seesaw/batch_size,2,64.0
adamw_seesaw 64,seesaw,64,seed1,,seesaw/batch_size,3,64.0
adamw_seesaw 64,seesaw,64,seed1,,seesaw/batch_size,4,64.0
adamw_seesaw 64,seesaw,64,seed1,,seesaw/batch_size,5,64.0
adamw_seesaw 64,seesaw,64,seed1,,seesaw/batch_size,6,64.0
adamw_seesaw 64,seesaw,64,seed1,,seesaw/batch_size,7,64.0
adamw_seesaw 64,seesaw,64,seed1,,seesaw/batch_size,8,64.0
adamw_seesaw 64,seesaw,64,seed1,,seesaw/batch_size,9,64.0
adamw_seesaw 64,seesaw,64,seed1,,seesaw/batch_size,10,64.0
adamw_seesaw 64,seesaw,64,seed1,,seesaw/batch_size,11,64.0
adamw_seesaw 64,seesaw,64,seed1,,seesaw/batch_size,12,64.0
adamw_seesaw 64,seesaw,64,seed1,,seesaw/batch_size,13,64.0
adamw_seesaw 64,seesaw,64,seed1,,seesaw/batch_size,14,64.0
adamw_seesaw 64,seesaw,64,seed1,,seesaw/batch_size,15,64.0
adamw_seesaw 64,seesaw,64,seed1,,seesaw/batch_size,16,64.0
adamw_seesaw 64,seesaw,64,seed1,,seesaw/batch_size,17,64.0
adamw_seesaw 64,seesaw,64,seed1,,seesaw/batch_size,18,64.0
adamw_seesaw 64,seesaw,64,seed1,,seesaw/batch_size,19,64.0
adamw_seesaw 64,seesaw,64,seed1,,seesaw/batch_size,20,64.0
adamw_seesaw 64,seesaw,64,seed1,,seesaw/batch_size,21,64.0
adamw_seesaw 64,seesaw,64,seed1,,seesaw/batch_size,22,64.0
adamw_seesaw 64,seesaw,64,seed1,,seesaw/batch_size,23,64.0
adamw_seesaw 64,seesaw,64,seed1,,seesaw/batch_size,24,64.0
adamw_seesaw 64,seesaw,64,seed1,,seesaw/batch_size,25,192.0
adamw_seesaw 64,seesaw,64,seed1,,seesaw/batch_size,26,192.0
adamw_seesaw 64,seesaw,64,seed1,,seesaw/batch_size,27,192.0
adamw_seesaw 64,seesaw,64,seed1,,seesaw/batch_size,28,192.0
adamw_seesaw 64,seesaw,64,seed1,,seesaw/batch_size,29,192.0
adamw_seesaw 64,seesaw,64,seed1,,seesaw/batch_size,30,192.0
adamw_seesaw 64,seesaw,64,seed1,,seesaw/batch_size,31,192.0
adamw_seesaw 64,seesaw,64,seed1,,seesaw/batch_size,32,576.0
adamw_seesaw 64,seesaw,64,seed1,,seesaw/batch_size,33,576.0
adamw_seesaw 64,seesaw,64,seed1,,seesaw/batch_size,34,576.0
adamw_seesaw 64,seesaw,64,seed1,,seesaw/batch_size,35,576.0
adamw_seesaw 64,seesaw,64,seed1,,seesaw/batch_size,36,1728.0
adaboba 128 abm1,aboba,128,seed1,1,test_accuracy,0,0.7541386138613861
adaboba 128 abm1,aboba,128,seed1,1,test_accuracy,1,0.8005148514851486
adaboba 128 abm1,aboba,128,seed1,1,test_accuracy,2,0.8000792079207921
adaboba 128 abm1,aboba,128,seed1,1,test_accuracy,3,0.8118415841584159
adaboba 128 abm1,aboba,128,seed1,1,test_accuracy,4,0.8182574257425742
adaboba 128 abm1,aboba,128,seed1,1,test_accuracy,5,0.8182178217821782
adaboba 128 abm1,aboba,128,seed1,1,test_accuracy,6,0.8191287128712871
adaboba 128 abm1,aboba,128,seed1,1,test_accuracy,7,0.8212277227722772
adaboba 128 abm1,aboba,128,seed1,1,test_accuracy,8,0.82209900990099
adaboba 128 abm1,aboba,128,seed1,1,test_accuracy,9,0.8251089108910891
adaboba 128 abm1,aboba,128,seed1,1,test_accuracy,10,0.8253069306930693
adaboba 128 abm1,aboba,128,seed1,1,test_accuracy,11,0.8251089108910891
adaboba 128 abm1,aboba,128,seed1,1,test_accuracy,12,0.8292277227722772
adaboba 128 abm1,aboba,128,seed1,1,test_accuracy,13,0.8274059405940594
adaboba 128 abm1,aboba,128,seed1,1,test_accuracy,14,0.8287920792079208
adaboba 128 abm1,aboba,128,seed1,1,test_accuracy,15,0.8299009900990099
adaboba 128 abm1,aboba,128,seed1,1,test_accuracy,16,0.8331485148514851
adaboba 128 abm1,aboba,128,seed1,1,test_accuracy,17,0.8363168316831683
adaboba 128 abm1,aboba,128,seed1,1,test_accuracy,18,0.8375841584158416
adaboba 128 abm1,aboba,128,seed1,1,test_accuracy,19,0.8373465346534653
adaboba 128 abm1,aboba,128,seed1,1,test_accuracy,20,0.8381782178217821
adaboba 128 abm1,aboba,128,seed1,1,test_accuracy,21,0.8395643564356435
adaboba 128 abm1,aboba,128,seed1,1,test_accuracy,22,0.8407920792079208
adaboba 128 abm1,aboba,128,seed1,1,test_accuracy,23,0.8401584158415841
adaboba 128 abm1,aboba,128,seed1,1,test_accuracy,24,0.8428910891089109
adaboba 128 abm1,aboba,128,seed1,1,test_accuracy,25,0.8446732673267326
adaboba 128 abm1,aboba,128,seed1,1,test_accuracy,26,0.8457425742574257
adaboba 128 abm1,aboba,128,seed1,1,test_accuracy,27,0.8470891089108911
adaboba 128 abm1,aboba,128,seed1,1,test_accuracy,28,0.8472475247524752
adaboba 128 abm1,aboba,128,seed1,1,test_accuracy,29,0.8481188118811881
adaboba 128 abm1,aboba,128,seed1,1,test_accuracy,30,0.8491485148514851
adaboba 128 abm1,aboba,128,seed1,1,test_accuracy,31,0.8494653465346534
adaboba 128 abm1,aboba,128,seed1,1,test_accuracy,32,0.8494653465346534
adaboba 128 abm1,aboba,128,seed1,1,test_accuracy,33,0.850970297029703
adaboba 128 abm1,aboba,128,seed1,1,test_accuracy,34,0.850970297029703
adaboba 128 abm1,aboba,128,seed1,1,test_accuracy,35,0.850019801980198
adaboba 128 abm1,aboba,128,seed1,1,test_accuracy,36,0.8505346534653465
adaboba 128 abm1,aboba,128,seed1,1,test_accuracy,37,0.8512475247524752
adaboba 128 abm1,aboba,128,seed1,1,test_accuracy,38,0.8510891089108911
adaboba 128 abm1,aboba,128,seed1,1,test_accuracy,39,0.8506930693069307
adaboba 128 abm1,aboba,128,seed2,1,test_accuracy,0,0.7517623762376238
adaboba 128 abm1,aboba,128,seed2,1,test_accuracy,1,0.7964356435643565
adaboba 128 abm1,aboba,128,seed2,1,test_accuracy,2,0.7966336633663367
adaboba 128 abm1,aboba,128,seed2,1,test_accuracy,3,0.804950495049505
adaboba 128 abm1,aboba,128,seed2,1,test_accuracy,4,0.8070495049504951
adaboba 128 abm1,aboba,128,seed2,1,test_accuracy,5,0.8120792079207921
adaboba 128 abm1,aboba,128,seed2,1,test_accuracy,6,0.8178217821782178
adaboba 128 abm1,aboba,128,seed2,1,test_accuracy,7,0.8172673267326732
adaboba 128 abm1,aboba,128,seed2,1,test_accuracy,8,0.8203960396039603
adaboba 128 abm1,aboba,128,seed2,1,test_accuracy,9,0.8212277227722772
adaboba 128 abm1,aboba,128,seed2,1,test_accuracy,10,0.8223366336633663
adaboba 128 abm1,aboba,128,seed2,1,test_accuracy,11,0.8234851485148514
adaboba 128 abm1,aboba,128,seed2,1,test_accuracy,12,0.8225346534653465
adaboba 128 abm1,aboba,128,seed2,1,test_accuracy,13,0.8302178217821782
adaboba 128 abm1,aboba,128,seed2,1,test_accuracy,14,0.8294653465346534
adaboba 128 abm1,aboba,128,seed2,1,test_accuracy,15,0.8293069306930693
adaboba 128 abm1,aboba,128,seed2,1,test_accuracy,16,0.8351683168316831
adaboba 128 abm1,aboba,128,seed2,1,test_accuracy,17,0.8342574257425742
adaboba 128 abm1,aboba,128,seed2,1,test_accuracy,18,0.8353663366336633
adaboba 128 abm1,aboba,128,seed2,1,test_accuracy,19,0.8366732673267326
adaboba 128 abm1,aboba,128,seed2,1,test_accuracy,20,0.8377425742574257
adaboba 128 abm1,aboba,128,seed2,1,test_accuracy,21,0.8401980198019802
adaboba 128 abm1,aboba,128,seed2,1,test_accuracy,22,0.8403168316831683
adaboba 128 abm1,aboba,128,seed2,1,test_accuracy,23,0.8411485148514851
adaboba 128 abm1,aboba,128,seed2,1,test_accuracy,24,0.8417425742574257
adaboba 128 abm1,aboba,128,seed2,1,test_accuracy,25,0.8459009900990099
adaboba 128 abm1,aboba,128,seed2,1,test_accuracy,26,0.8441980198019802
adaboba 128 abm1,aboba,128,seed2,1,test_accuracy,27,0.8447524752475247
adaboba 128 abm1,aboba,128,seed2,1,test_accuracy,28,0.8476831683168317
adaboba 128 abm1,aboba,128,seed2,1,test_accuracy,29,0.848079207920792
adaboba 128 abm1,aboba,128,seed2,1,test_accuracy,30,0.8466930693069307
adaboba 128 abm1,aboba,128,seed2,1,test_accuracy,31,0.8482772277227723
adaboba 128 abm1,aboba,128,seed2,1,test_accuracy,32,0.8478415841584158
adaboba 128 abm1,aboba,128,seed2,1,test_accuracy,33,0.848039603960396
adaboba 128 abm1,aboba,128,seed2,1,test_accuracy,34,0.8485148514851485
adaboba 128 abm1,aboba,128,seed2,1,test_accuracy,35,0.849069306930693
adaboba 128 abm1,aboba,128,seed2,1,test_accuracy,36,0.8489108910891089
adaboba 128 abm1,aboba,128,seed2,1,test_accuracy,37,0.8489504950495049
adaboba 128 abm1,aboba,128,seed2,1,test_accuracy,38,0.8489504950495049
adaboba 128 abm1,aboba,128,seed2,1,test_accuracy,39,0.8493069306930693
adaboba 128 abm1,aboba,128,seed3,1,test_accuracy,0,0.7573069306930693
adaboba 128 abm1,aboba,128,seed3,1,test_accuracy,1,0.7986138613861387
adaboba 128 abm1,aboba,128,seed3,1,test_accuracy,2,0.8008316831683169
adaboba 128 abm1,aboba,128,seed3,1,test_accuracy,3,0.8056237623762377
adaboba 128 abm1,aboba,128,seed3,1,test_accuracy,4,0.8142970297029702
adaboba 128 abm1,aboba,128,seed3,1,test_accuracy,5,0.8154455445544554
adaboba 128 abm1,aboba,128,seed3,1,test_accuracy,6,0.8211089108910891
adaboba 128 abm1,aboba,128,seed3,1,test_accuracy,7,0.8209108910891089
adaboba 128 abm1,aboba,128,seed3,1,test_accuracy,8,0.8204356435643564
adaboba 128 abm1,aboba,128,seed3,1,test_accuracy,9,0.8203168316831683
adaboba 128 abm1,aboba,128,seed3,1,test_accuracy,10,0.8241584158415841
adaboba 128 abm1,aboba,128,seed3,1,test_accuracy,11,0.8248316831683168
adaboba 128 abm1,aboba,128,seed3,1,test_accuracy,12,0.8299801980198019
adaboba 128 abm1,aboba,128,seed3,1,test_accuracy,13,0.8299009900990099
adaboba 128 abm1,aboba,128,seed3,1,test_accuracy,14,0.8307722772277227
adaboba 128 abm1,aboba,128,seed3,1,test_accuracy,15,0.8319207920792079
adaboba 128 abm1,aboba,128,seed3,1,test_accuracy,16,0.834059405940594
adaboba 128 abm1,aboba,128,seed3,1,test_accuracy,17,0.8336237623762376
adaboba 128 abm1,aboba,128,seed3,1,test_accuracy,18,0.8351683168316831
adaboba 128 abm1,aboba,128,seed3,1,test_accuracy,19,0.838059405940594
adaboba 128 abm1,aboba,128,seed3,1,test_accuracy,20,0.840990099009901
adaboba 128 abm1,aboba,128,seed3,1,test_accuracy,21,0.836990099009901
adaboba 128 abm1,aboba,128,seed3,1,test_accuracy,22,0.8415049504950495
adaboba 128 abm1,aboba,128,seed3,1,test_accuracy,23,0.8425742574257425
adaboba 128 abm1,aboba,128,seed3,1,test_accuracy,24,0.8438415841584158
adaboba 128 abm1,aboba,128,seed3,1,test_accuracy,25,0.845029702970297
adaboba 128 abm1,aboba,128,seed3,1,test_accuracy,26,0.8453861386138614
adaboba 128 abm1,aboba,128,seed3,1,test_accuracy,27,0.8445544554455445
adaboba 128 abm1,aboba,128,seed3,1,test_accuracy,28,0.845980198019802
adaboba 128 abm1,aboba,128,seed3,1,test_accuracy,29,0.8474059405940594
adaboba 128 abm1,aboba,128,seed3,1,test_accuracy,30,0.846970297029703
adaboba 128 abm1,aboba,128,seed3,1,test_accuracy,31,0.8477623762376237
adaboba 128 abm1,aboba,128,seed3,1,test_accuracy,32,0.8495049504950495
adaboba 128 abm1,aboba,128,seed3,1,test_accuracy,33,0.846970297029703
adaboba 128 abm1,aboba,128,seed3,1,test_accuracy,34,0.8487920792079208
adaboba 128 abm1,aboba,128,seed3,1,test_accuracy,35,0.848
adaboba 128 abm1,aboba,128,seed3,1,test_accuracy,36,0.8488316831683168
adaboba 128 abm1,aboba,128,seed3,1,test_accuracy,37,0.8494257425742574
adaboba 128 abm1,aboba,128,seed3,1,test_accuracy,38,0.8496633663366336
adaboba 128 abm1,aboba,128,seed3,1,test_accuracy,39,0.8500990099009901
adaboba 256 abm1,aboba,256,seed1,1,test_accuracy,0,0.7241980198019802
adaboba 256 abm1,aboba,256,seed1,1,test_accuracy,1,0.7821386138613862
adaboba 256 abm1,aboba,256,seed1,1,test_accuracy,2,0.7961188118811882
adaboba 256 abm1,aboba,256,seed1,1,test_accuracy,3,0.8042772277227723
adaboba 256 abm1,aboba,256,seed1,1,test_accuracy,4,0.811920792079208
adaboba 256 abm1,aboba,256,seed1,1,test_accuracy,5,0.8167920792079207
adaboba 256 abm1,aboba,256,seed1,1,test_accuracy,6,0.8173465346534653
adaboba 256 abm1,aboba,256,seed1,1,test_accuracy,7,0.8181782178217821
adaboba 256 abm1,aboba,256,seed1,1,test_accuracy,8,0.8193267326732673
adaboba 256 abm1,aboba,256,seed1,1,test_accuracy,9,0.824039603960396
adaboba 256 abm1,aboba,256,seed1,1,test_accuracy,10,0.8245544554455445
adaboba 256 abm1,aboba,256,seed1,1,test_accuracy,11,0.8251485148514851
adaboba 256 abm1,aboba,256,seed1,1,test_accuracy,12,0.8253861386138613
adaboba 256 abm1,aboba,256,seed1,1,test_accuracy,13,0.829069306930693
adaboba 256 abm1,aboba,256,seed1,1,test_accuracy,14,0.8276435643564356
adaboba 256 abm1,aboba,256,seed1,1,test_accuracy,15,0.8299801980198019
adaboba 256 abm1,aboba,256,seed1,1,test_accuracy,16,0.8335445544554455
adaboba 256 abm1,aboba,256,seed1,1,test_accuracy,17,0.8316435643564356
adaboba 256 abm1,aboba,256,seed1,1,test_accuracy,18,0.835049504950495
adaboba 256 abm1,aboba,256,seed1,1,test_accuracy,19,0.8382970297029703
adaboba 256 abm1,aboba,256,seed1,1,test_accuracy,20,0.8383762376237623
adaboba 256 abm1,aboba,256,seed1,1,test_accuracy,21,0.8386138613861386
adaboba 256 abm1,aboba,256,seed1,1,test_accuracy,22,0.8391287128712871
adaboba 256 abm1,aboba,256,seed1,1,test_accuracy,23,0.8395247524752475
adaboba 256 abm1,aboba,256,seed1,1,test_accuracy,24,0.8421386138613861
adaboba 256 abm1,aboba,256,seed1,1,test_accuracy,25,0.8424950495049505
adaboba 256 abm1,aboba,256,seed1,1,test_accuracy,26,0.8451089108910891
adaboba 256 abm1,aboba,256,seed1,1,test_accuracy,27,0.8431287128712871
adaboba 256 abm1,aboba,256,seed1,1,test_accuracy,28,0.8435247524752475
adaboba 256 abm1,aboba,256,seed1,1,test_accuracy,29,0.8465742574257425
adaboba 256 abm1,aboba,256,seed1,1,test_accuracy,30,0.846970297029703
adaboba 256 abm1,aboba,256,seed1,1,test_accuracy,31,0.8470891089108911
adaboba 256 abm1,aboba,256,seed1,1,test_accuracy,32,0.8477623762376237
adaboba 256 abm1,aboba,256,seed1,1,test_accuracy,33,0.8483564356435643
adaboba 256 abm1,aboba,256,seed1,1,test_accuracy,34,0.8477227722772277
adaboba 256 abm1,aboba,256,seed1,1,test_accuracy,35,0.8487128712871287
adaboba 256 abm1,aboba,256,seed1,1,test_accuracy,36,0.8494257425742574
adaboba 256 abm1,aboba,256,seed1,1,test_accuracy,37,0.8496237623762376
adaboba 256 abm1,aboba,256,seed1,1,test_accuracy,38,0.8496237623762376
adaboba 256 abm1,aboba,256,seed1,1,test_accuracy,39,0.8497425742574257
adaboba 256 abm1,aboba,256,seed2,1,test_accuracy,0,0.7224158415841584
adaboba 256 abm1,aboba,256,seed2,1,test_accuracy,1,0.7811089108910891
adaboba 256 abm1,aboba,256,seed2,1,test_accuracy,2,0.792990099009901
adaboba 256 abm1,aboba,256,seed2,1,test_accuracy,3,0.8062574257425743
adaboba 256 abm1,aboba,256,seed2,1,test_accuracy,4,0.810930693069307
adaboba 256 abm1,aboba,256,seed2,1,test_accuracy,5,0.813069306930693
adaboba 256 abm1,aboba,256,seed2,1,test_accuracy,6,0.8173069306930693
adaboba 256 abm1,aboba,256,seed2,1,test_accuracy,7,0.8152871287128712
adaboba 256 abm1,aboba,256,seed2,1,test_accuracy,8,0.816079207920792
adaboba 256 abm1,aboba,256,seed2,1,test_accuracy,9,0.8209108910891089
adaboba 256 abm1,aboba,256,seed2,1,test_accuracy,10,0.8255841584158415
adaboba 256 abm1,aboba,256,seed2,1,test_accuracy,11,0.8253465346534653
adaboba 256 abm1,aboba,256,seed2,1,test_accuracy,12,0.8256633663366336
adaboba 256 abm1,aboba,256,seed2,1,test_accuracy,13,0.8325148514851485
adaboba 256 abm1,aboba,256,seed2,1,test_accuracy,14,0.8316435643564356
adaboba 256 abm1,aboba,256,seed2,1,test_accuracy,15,0.8312475247524752
adaboba 256 abm1,aboba,256,seed2,1,test_accuracy,16,0.8339801980198019
adaboba 256 abm1,aboba,256,seed2,1,test_accuracy,17,0.8318019801980198
adaboba 256 abm1,aboba,256,seed2,1,test_accuracy,18,0.8364752475247524
adaboba 256 abm1,aboba,256,seed2,1,test_accuracy,19,0.8371485148514851
adaboba 256 abm1,aboba,256,seed2,1,test_accuracy,20,0.8402376237623762
adaboba 256 abm1,aboba,256,seed2,1,test_accuracy,21,0.8393267326732673
adaboba 256 abm1,aboba,256,seed2,1,test_accuracy,22,0.8413861386138614
adaboba 256 abm1,aboba,256,seed2,1,test_accuracy,23,0.8439207920792079
adaboba 256 abm1,aboba,256,seed2,1,test_accuracy,24,0.8459405940594059
adaboba 256 abm1,aboba,256,seed2,1,test_accuracy,25,0.8442772277227722
adaboba 256 abm1,aboba,256,seed2,1,test_accuracy,26,0.8451089108910891
adaboba 256 abm1,aboba,256,seed2,1,test_accuracy,27,0.8458217821782178
adaboba 256 abm1,aboba,256,seed2,1,test_accuracy,28,0.8452673267326732
adaboba 256 abm1,aboba,256,seed2,1,test_accuracy,29,0.8484356435643564
adaboba 256 abm1,aboba,256,seed2,1,test_accuracy,30,0.8473267326732673
adaboba 256 abm1,aboba,256,seed2,1,test_accuracy,31,0.8486732673267326
adaboba 256 abm1,aboba,256,seed2,1,test_accuracy,32,0.848079207920792
adaboba 256 abm1,aboba,256,seed2,1,test_accuracy,33,0.8476039603960396
adaboba 256 abm1,aboba,256,seed2,1,test_accuracy,34,0.8481980198019802
adaboba 256 abm1,aboba,256,seed2,1,test_accuracy,35,0.8482376237623762
adaboba 256 abm1,aboba,256,seed2,1,test_accuracy,36,0.8476435643564356
adaboba 256 abm1,aboba,256,seed2,1,test_accuracy,37,0.8483564356435643
adaboba 256 abm1,aboba,256,seed2,1,test_accuracy,38,0.8484356435643564
adaboba 256 abm1,aboba,256,seed2,1,test_accuracy,39,0.8483564356435643
adaboba 256 abm1,aboba,256,seed3,1,test_accuracy,0,0.730059405940594
adaboba 256 abm1,aboba,256,seed3,1,test_accuracy,1,0.7804356435643565
adaboba 256 abm1,aboba,256,seed3,1,test_accuracy,2,0.7928316831683169
adaboba 256 abm1,aboba,256,seed3,1,test_accuracy,3,0.8073267326732674
adaboba 256 abm1,aboba,256,seed3,1,test_accuracy,4,0.8120792079207921
adaboba 256 abm1,aboba,256,seed3,1,test_accuracy,5,0.8171881188118811
adaboba 256 abm1,aboba,256,seed3,1,test_accuracy,6,0.8201980198019801
adaboba 256 abm1,aboba,256,seed3,1,test_accuracy,7,0.8181386138613861
adaboba 256 abm1,aboba,256,seed3,1,test_accuracy,8,0.8215049504950495
adaboba 256 abm1,aboba,256,seed3,1,test_accuracy,9,0.8215049504950495
adaboba 256 abm1,aboba,256,seed3,1,test_accuracy,10,0.8268118811881188
adaboba 256 abm1,aboba,256,seed3,1,test_accuracy,11,0.8283168316831683
adaboba 256 abm1,aboba,256,seed3,1,test_accuracy,12,0.827089108910891
adaboba 256 abm1,aboba,256,seed3,1,test_accuracy,13,0.830059405940594
adaboba 256 abm1,aboba,256,seed3,1,test_accuracy,14,0.8295445544554455
adaboba 256 abm1,aboba,256,seed3,1,test_accuracy,15,0.8329504950495049
adaboba 256 abm1,aboba,256,seed3,1,test_accuracy,16,0.8319207920792079
adaboba 256 abm1,aboba,256,seed3,1,test_accuracy,17,0.8342178217821782
adaboba 256 abm1,aboba,256,seed3,1,test_accuracy,18,0.8338217821782178
adaboba 256 abm1,aboba,256,seed3,1,test_accuracy,19,0.840079207920792
adaboba 256 abm1,aboba,256,seed3,1,test_accuracy,20,0.8408316831683168
adaboba 256 abm1,aboba,256,seed3,1,test_accuracy,21,0.8407920792079208
adaboba 256 abm1,aboba,256,seed3,1,test_accuracy,22,0.8419405940594059
adaboba 256 abm1,aboba,256,seed3,1,test_accuracy,23,0.8431287128712871
adaboba 256 abm1,aboba,256,seed3,1,test_accuracy,24,0.8443168316831683
adaboba 256 abm1,aboba,256,seed3,1,test_accuracy,25,0.8449504950495049
adaboba 256 abm1,aboba,256,seed3,1,test_accuracy,26,0.8467722772277227
adaboba 256 abm1,aboba,256,seed3,1,test_accuracy,27,0.8467722772277227
adaboba 256 abm1,aboba,256,seed3,1,test_accuracy,28,0.8496633663366336
adaboba 256 abm1,aboba,256,seed3,1,test_accuracy,29,0.8476831683168317
adaboba 256 abm1,aboba,256,seed3,1,test_accuracy,30,0.8502970297029703
adaboba 256 abm1,aboba,256,seed3,1,test_accuracy,31,0.8498217821782178
adaboba 256 abm1,aboba,256,seed3,1,test_accuracy,32,0.8504950495049505
adaboba 256 abm1,aboba,256,seed3,1,test_accuracy,33,0.8514455445544554
adaboba 256 abm1,aboba,256,seed3,1,test_accuracy,34,0.8511287128712871
adaboba 256 abm1,aboba,256,seed3,1,test_accuracy,35,0.8508514851485148
adaboba 256 abm1,aboba,256,seed3,1,test_accuracy,36,0.8514059405940594
adaboba 256 abm1,aboba,256,seed3,1,test_accuracy,37,0.8514851485148515
adaboba 256 abm1,aboba,256,seed3,1,test_accuracy,38,0.8515643564356435
adaboba 256 abm1,aboba,256,seed3,1,test_accuracy,39,0.8519603960396039
adaboba 64 abm1,aboba,64,seed1,1,test_accuracy,0,0.7734653465346535
adaboba 64 abm1,aboba,64,seed1,1,test_accuracy,0,0.7734653465346535
adaboba 64 abm1,aboba,64,seed1,1,test_accuracy,1,0.8081980198019802
adaboba 64 abm1,aboba,64,seed1,1,test_accuracy,1,0.8081980198019802
adaboba 64 abm1,aboba,64,seed1,1,test_accuracy,2,0.8074455445544555
adaboba 64 abm1,aboba,64,seed1,1,test_accuracy,2,0.8074455445544555
adaboba 64 abm1,aboba,64,seed1,1,test_accuracy,3,0.8082376237623763
adaboba 64 abm1,aboba,64,seed1,1,test_accuracy,3,0.8278811881188118
adaboba 64 abm1,aboba,64,seed1,1,test_accuracy,4,0.8186930693069306
adaboba 64 abm1,aboba,64,seed1,1,test_accuracy,4,0.8225346534653465
adaboba 64 abm1,aboba,64,seed1,1,test_accuracy,5,0.8179801980198019
adaboba 64 abm1,aboba,64,seed1,1,test_accuracy,5,0.8264950495049505
adaboba 64 abm1,aboba,64,seed1,1,test_accuracy,6,0.8182574257425742
adaboba 64 abm1,aboba,64,seed1,1,test_accuracy,6,0.8251485148514851
adaboba 64 abm1,aboba,64,seed1,1,test_accuracy,7,0.8197623762376237
adaboba 64 abm1,aboba,64,seed1,1,test_accuracy,7,0.8299405940594059
adaboba 64 abm1,aboba,64,seed1,1,test_accuracy,8,0.8221386138613861
adaboba 64 abm1,aboba,64,seed1,1,test_accuracy,8,0.8317227722772277
adaboba 64 abm1,aboba,64,seed1,1,test_accuracy,9,0.8212673267326732
adaboba 64 abm1,aboba,64,seed1,1,test_accuracy,9,0.8293069306930693
adaboba 64 abm1,aboba,64,seed1,1,test_accuracy,10,0.8237623762376237
adaboba 64 abm1,aboba,64,seed1,1,test_accuracy,10,0.8345346534653465
adaboba 64 abm1,aboba,64,seed1,1,test_accuracy,11,0.8237623762376237
adaboba 64 abm1,aboba,64,seed1,1,test_accuracy,11,0.836079207920792
adaboba 64 abm1,aboba,64,seed1,1,test_accuracy,12,0.8238811881188118
adaboba 64 abm1,aboba,64,seed1,1,test_accuracy,12,0.8377821782178217
adaboba 64 abm1,aboba,64,seed1,1,test_accuracy,13,0.8288316831683168
adaboba 64 abm1,aboba,64,seed1,1,test_accuracy,13,0.8353267326732673
adaboba 64 abm1,aboba,64,seed1,1,test_accuracy,14,0.8276831683168316
adaboba 64 abm1,aboba,64,seed1,1,test_accuracy,14,0.8374257425742574
adaboba 64 abm1,aboba,64,seed1,1,test_accuracy,15,0.8324752475247524
adaboba 64 abm1,aboba,64,seed1,1,test_accuracy,15,0.8372673267326732
adaboba 64 abm1,aboba,64,seed1,1,test_accuracy,16,0.8318811881188118
adaboba 64 abm1,aboba,64,seed1,1,test_accuracy,16,0.8361980198019802
adaboba 64 abm1,aboba,64,seed1,1,test_accuracy,17,0.8322376237623762
adaboba 64 abm1,aboba,64,seed1,1,test_accuracy,17,0.8398019801980198
adaboba 64 abm1,aboba,64,seed1,1,test_accuracy,18,0.836079207920792
adaboba 64 abm1,aboba,64,seed1,1,test_accuracy,18,0.8396831683168317
adaboba 64 abm1,aboba,64,seed1,1,test_accuracy,19,0.8367524752475247
adaboba 64 abm1,aboba,64,seed1,1,test_accuracy,19,0.8397623762376237
adaboba 64 abm1,aboba,64,seed1,1,test_accuracy,20,0.8384554455445544
adaboba 64 abm1,aboba,64,seed1,1,test_accuracy,20,0.8405148514851485
adaboba 64 abm1,aboba,64,seed1,1,test_accuracy,21,0.8376633663366336
adaboba 64 abm1,aboba,64,seed1,1,test_accuracy,21,0.8423762376237623
adaboba 64 abm1,aboba,64,seed1,1,test_accuracy,22,0.8395247524752475
adaboba 64 abm1,aboba,64,seed1,1,test_accuracy,22,0.8431287128712871
adaboba 64 abm1,aboba,64,seed1,1,test_accuracy,23,0.8377029702970297
adaboba 64 abm1,aboba,64,seed1,1,test_accuracy,23,0.8433267326732673
adaboba 64 abm1,aboba,64,seed1,1,test_accuracy,24,0.840079207920792
adaboba 64 abm1,aboba,64,seed1,1,test_accuracy,24,0.8445148514851485
adaboba 64 abm1,aboba,64,seed1,1,test_accuracy,25,0.8421782178217821
adaboba 64 abm1,aboba,64,seed1,1,test_accuracy,25,0.8463366336633663
adaboba 64 abm1,aboba,64,seed1,1,test_accuracy,26,0.8432475247524752
adaboba 64 abm1,aboba,64,seed1,1,test_accuracy,26,0.846019801980198
adaboba 64 abm1,aboba,64,seed1,1,test_accuracy,27,0.841029702970297
adaboba 64 abm1,aboba,64,seed1,1,test_accuracy,27,0.8481188118811881
adaboba 64 abm1,aboba,64,seed1,1,test_accuracy,28,0.8432079207920792
adaboba 64 abm1,aboba,64,seed1,1,test_accuracy,28,0.8479207920792079
adaboba 64 abm1,aboba,64,seed1,1,test_accuracy,29,0.8441188118811881
adaboba 64 abm1,aboba,64,seed1,1,test_accuracy,29,0.8463366336633663
adaboba 64 abm1,aboba,64,seed1,1,test_accuracy,30,0.8449108910891089
adaboba 64 abm1,aboba,64,seed1,1,test_accuracy,30,0.8474059405940594
adaboba 64 abm1,aboba,64,seed1,1,test_accuracy,31,0.8447524752475247
adaboba 64 abm1,aboba,64,seed1,1,test_accuracy,31,0.8476831683168317
adaboba 64 abm1,aboba,64,seed1,1,test_accuracy,32,0.8462970297029703
adaboba 64 abm1,aboba,64,seed1,1,test_accuracy,32,0.8474059405940594
adaboba 64 abm1,aboba,64,seed1,1,test_accuracy,33,0.8458613861386138
adaboba 64 abm1,aboba,64,seed1,1,test_accuracy,33,0.8475643564356435
adaboba 64 abm1,aboba,64,seed1,1,test_accuracy,34,0.8461782178217822
adaboba 64 abm1,aboba,64,seed1,1,test_accuracy,34,0.8476435643564356
adaboba 64 abm1,aboba,64,seed1,1,test_accuracy,35,0.8467326732673267
adaboba 64 abm1,aboba,64,seed1,1,test_accuracy,35,0.8485544554455445
adaboba 64 abm1,aboba,64,seed1,1,test_accuracy,36,0.8473267326732673
adaboba 64 abm1,aboba,64,seed1,1,test_accuracy,36,0.8482772277227723
adaboba 64 abm1,aboba,64,seed1,1,test_accuracy,37,0.8475643564356435
adaboba 64 abm1,aboba,64,seed1,1,test_accuracy,37,0.8478415841584158
adaboba 64 abm1,aboba,64,seed1,1,test_accuracy,38,0.8476039603960396
adaboba 64 abm1,aboba,64,seed1,1,test_accuracy,38,0.8479207920792079
adaboba 64 abm1,aboba,64,seed1,1,test_accuracy,39,0.8473267326732673
adaboba 64 abm1,aboba,64,seed1,1,test_accuracy,39,0.8479207920792079
adaboba 64 abm1,aboba,64,seed2,1,test_accuracy,0,0.7736633663366337
adaboba 64 abm1,aboba,64,seed2,1,test_accuracy,1,0.8085544554455446
adaboba 64 abm1,aboba,64,seed2,1,test_accuracy,2,0.7961980198019802
adaboba 64 abm1,aboba,64,seed2,1,test_accuracy,3,0.8075643564356436
adaboba 64 abm1,aboba,64,seed2,1,test_accuracy,4,0.8139405940594059
adaboba 64 abm1,aboba,64,seed2,1,test_accuracy,5,0.8123168316831684
adaboba 64 abm1,aboba,64,seed2,1,test_accuracy,6,0.8138613861386138
adaboba 64 abm1,aboba,64,seed2,1,test_accuracy,7,0.8186930693069306
adaboba 64 abm1,aboba,64,seed2,1,test_accuracy,8,0.8186534653465346
adaboba 64 abm1,aboba,64,seed2,1,test_accuracy,9,0.824
adaboba 64 abm1,aboba,64,seed2,1,test_accuracy,10,0.8223762376237623
adaboba 64 abm1,aboba,64,seed2,1,test_accuracy,11,0.8252277227722772
adaboba 64 abm1,aboba,64,seed2,1,test_accuracy,12,0.8255841584158415
adaboba 64 abm1,aboba,64,seed2,1,test_accuracy,13,0.8283168316831683
adaboba 64 abm1,aboba,64,seed2,1,test_accuracy,14,0.8274455445544554
adaboba 64 abm1,aboba,64,seed2,1,test_accuracy,15,0.834019801980198
adaboba 64 abm1,aboba,64,seed2,1,test_accuracy,16,0.8323564356435643
adaboba 64 abm1,aboba,64,seed2,1,test_accuracy,17,0.8319207920792079
adaboba 64 abm1,aboba,64,seed2,1,test_accuracy,18,0.8351287128712871
adaboba 64 abm1,aboba,64,seed2,1,test_accuracy,19,0.8352079207920792
adaboba 64 abm1,aboba,64,seed2,1,test_accuracy,20,0.8380990099009901
adaboba 64 abm1,aboba,64,seed2,1,test_accuracy,21,0.8395247524752475
adaboba 64 abm1,aboba,64,seed2,1,test_accuracy,22,0.8398811881188118
adaboba 64 abm1,aboba,64,seed2,1,test_accuracy,23,0.8393663366336633
adaboba 64 abm1,aboba,64,seed2,1,test_accuracy,24,0.8412673267326732
adaboba 64 abm1,aboba,64,seed2,1,test_accuracy,25,0.841980198019802
adaboba 64 abm1,aboba,64,seed2,1,test_accuracy,26,0.8447128712871287
adaboba 64 abm1,aboba,64,seed2,1,test_accuracy,27,0.8461386138613861
adaboba 64 abm1,aboba,64,seed2,1,test_accuracy,28,0.8463762376237624
adaboba 64 abm1,aboba,64,seed2,1,test_accuracy,29,0.8461386138613861
adaboba 64 abm1,aboba,64,seed2,1,test_accuracy,30,0.8487128712871287
adaboba 64 abm1,aboba,64,seed2,1,test_accuracy,31,0.849069306930693
adaboba 64 abm1,aboba,64,seed2,1,test_accuracy,32,0.8489108910891089
adaboba 64 abm1,aboba,64,seed2,1,test_accuracy,33,0.8481980198019802
adaboba 64 abm1,aboba,64,seed2,1,test_accuracy,34,0.8486732673267326
adaboba 64 abm1,aboba,64,seed2,1,test_accuracy,35,0.8486732673267326
adaboba 64 abm1,aboba,64,seed2,1,test_accuracy,36,0.8491485148514851
adaboba 64 abm1,aboba,64,seed2,1,test_accuracy,37,0.8496633663366336
adaboba 64 abm1,aboba,64,seed2,1,test_accuracy,38,0.8496237623762376
adaboba 64 abm1,aboba,64,seed2,1,test_accuracy,39,0.8493465346534653
adaboba 64 abm1,aboba,64,seed3,1,test_accuracy,0,0.7758415841584159
adaboba 64 abm1,aboba,64,seed3,1,test_accuracy,1,0.8071683168316832
adaboba 64 abm1,aboba,64,seed3,1,test_accuracy,2,0.8021782178217822
adaboba 64 abm1,aboba,64,seed3,1,test_accuracy,3,0.8097029702970298
adaboba 64 abm1,aboba,64,seed3,1,test_accuracy,4,0.8164356435643564
adaboba 64 abm1,aboba,64,seed3,1,test_accuracy,5,0.8166732673267326
adaboba 64 abm1,aboba,64,seed3,1,test_accuracy,6,0.8179405940594059
adaboba 64 abm1,aboba,64,seed3,1,test_accuracy,7,0.8214653465346534
adaboba 64 abm1,aboba,64,seed3,1,test_accuracy,8,0.8223762376237623
adaboba 64 abm1,aboba,64,seed3,1,test_accuracy,9,0.8248712871287128
adaboba 64 abm1,aboba,64,seed3,1,test_accuracy,10,0.8285940594059406
adaboba 64 abm1,aboba,64,seed3,1,test_accuracy,11,0.8284356435643564
adaboba 64 abm1,aboba,64,seed3,1,test_accuracy,12,0.8274851485148514
adaboba 64 abm1,aboba,64,seed3,1,test_accuracy,13,0.8303762376237623
adaboba 64 abm1,aboba,64,seed3,1,test_accuracy,14,0.8297821782178217
adaboba 64 abm1,aboba,64,seed3,1,test_accuracy,15,0.8335445544554455
adaboba 64 abm1,aboba,64,seed3,1,test_accuracy,16,0.834019801980198
adaboba 64 abm1,aboba,64,seed3,1,test_accuracy,17,0.8333465346534653
adaboba 64 abm1,aboba,64,seed3,1,test_accuracy,18,0.8377425742574257
adaboba 64 abm1,aboba,64,seed3,1,test_accuracy,19,0.8375841584158416
adaboba 64 abm1,aboba,64,seed3,1,test_accuracy,20,0.8399207920792079
adaboba 64 abm1,aboba,64,seed3,1,test_accuracy,21,0.8408712871287128
adaboba 64 abm1,aboba,64,seed3,1,test_accuracy,22,0.8414257425742574
adaboba 64 abm1,aboba,64,seed3,1,test_accuracy,23,0.8419009900990099
adaboba 64 abm1,aboba,64,seed3,1,test_accuracy,24,0.8446732673267326
adaboba 64 abm1,aboba,64,seed3,1,test_accuracy,25,0.8454257425742574
adaboba 64 abm1,aboba,64,seed3,1,test_accuracy,26,0.8459405940594059
adaboba 64 abm1,aboba,64,seed3,1,test_accuracy,27,0.8443564356435643
adaboba 64 abm1,aboba,64,seed3,1,test_accuracy,28,0.8455049504950495
adaboba 64 abm1,aboba,64,seed3,1,test_accuracy,29,0.8468910891089109
adaboba 64 abm1,aboba,64,seed3,1,test_accuracy,30,0.8472871287128713
adaboba 64 abm1,aboba,64,seed3,1,test_accuracy,31,0.8483960396039604
adaboba 64 abm1,aboba,64,seed3,1,test_accuracy,32,0.8487524752475247
adaboba 64 abm1,aboba,64,seed3,1,test_accuracy,33,0.8488316831683168
adaboba 64 abm1,aboba,64,seed3,1,test_accuracy,34,0.8506930693069307
adaboba 64 abm1,aboba,64,seed3,1,test_accuracy,35,0.8502178217821782
adaboba 64 abm1,aboba,64,seed3,1,test_accuracy,36,0.8503366336633663
adaboba 64 abm1,aboba,64,seed3,1,test_accuracy,37,0.8500990099009901
adaboba 64 abm1,aboba,64,seed3,1,test_accuracy,38,0.8505742574257426
adaboba 64 abm1,aboba,64,seed3,1,test_accuracy,39,0.8505742574257426
adamw 128,basic,128,seed1,,test_accuracy,0,0.7541386138613861
adamw 128,basic,128,seed1,,test_accuracy,0,0.7541386138613861
adamw 128,basic,128,seed1,,test_accuracy,1,0.8005148514851486
adamw 128,basic,128,seed1,,test_accuracy,1,0.8005148514851486
adamw 128,basic,128,seed1,,test_accuracy,2,0.8163960396039603
adamw 128,basic,128,seed1,,test_accuracy,2,0.8163960396039603
adamw 128,basic,128,seed1,,test_accuracy,3,0.8255445544554455
adamw 128,basic,128,seed1,,test_accuracy,3,0.8255445544554455
adamw 128,basic,128,seed1,,test_accuracy,4,0.8308910891089109
adamw 128,basic,128,seed1,,test_accuracy,4,0.8308910891089109
adamw 128,basic,128,seed1,,test_accuracy,5,0.8337425742574257
adamw 128,basic,128,seed1,,test_accuracy,5,0.8337425742574257
adamw 128,basic,128,seed1,,test_accuracy,6,0.8359207920792079
adamw 128,basic,128,seed1,,test_accuracy,6,0.8359207920792079
adamw 128,basic,128,seed1,,test_accuracy,7,0.8382970297029703
adamw 128,basic,128,seed1,,test_accuracy,7,0.8382970297029703
adamw 128,basic,128,seed1,,test_accuracy,8,0.8389702970297029
adamw 128,basic,128,seed1,,test_accuracy,8,0.8389702970297029
adamw 128,basic,128,seed1,,test_accuracy,9,0.8428514851485148
adamw 128,basic,128,seed1,,test_accuracy,9,0.8428514851485148
adamw 128,basic,128,seed1,,test_accuracy,10,0.844039603960396
adamw 128,basic,128,seed1,,test_accuracy,10,0.844039603960396
adamw 128,basic,128,seed1,,test_accuracy,11,0.842059405940594
adamw 128,basic,128,seed1,,test_accuracy,11,0.842059405940594
adamw 128,basic,128,seed1,,test_accuracy,12,0.848039603960396
adamw 128,basic,128,seed1,,test_accuracy,12,0.848039603960396
adamw 128,basic,128,seed1,,test_accuracy,13,0.8466138613861386
adamw 128,basic,128,seed1,,test_accuracy,13,0.8466138613861386
adamw 128,basic,128,seed1,,test_accuracy,14,0.8444356435643564
adamw 128,basic,128,seed1,,test_accuracy,14,0.8444356435643564
adamw 128,basic,128,seed1,,test_accuracy,15,0.8461386138613861
adamw 128,basic,128,seed1,,test_accuracy,15,0.8461386138613861
adamw 128,basic,128,seed1,,test_accuracy,16,0.8463366336633663
adamw 128,basic,128,seed1,,test_accuracy,16,0.8463366336633663
adamw 128,basic,128,seed1,,test_accuracy,17,0.8475643564356435
adamw 128,basic,128,seed1,,test_accuracy,17,0.8475643564356435
adamw 128,basic,128,seed1,,test_accuracy,18,0.848039603960396
adamw 128,basic,128,seed1,,test_accuracy,18,0.848039603960396
adamw 128,basic,128,seed1,,test_accuracy,19,0.8476435643564356
adamw 128,basic,128,seed1,,test_accuracy,19,0.8476435643564356
adamw 128,basic,128,seed1,,test_accuracy,20,0.8483564356435643
adamw 128,basic,128,seed1,,test_accuracy,20,0.8483564356435643
adamw 128,basic,128,seed1,,test_accuracy,21,0.8471683168316831
adamw 128,basic,128,seed1,,test_accuracy,21,0.8471683168316831
adamw 128,basic,128,seed1,,test_accuracy,22,0.8487920792079208
adamw 128,basic,128,seed1,,test_accuracy,22,0.8487920792079208
adamw 128,basic,128,seed1,,test_accuracy,23,0.8488316831683168
adamw 128,basic,128,seed1,,test_accuracy,23,0.8488316831683168
adamw 128,basic,128,seed1,,test_accuracy,24,0.8495445544554455
adamw 128,basic,128,seed1,,test_accuracy,24,0.8495445544554455
adamw 128,basic,128,seed1,,test_accuracy,25,0.8486732673267326
adamw 128,basic,128,seed1,,test_accuracy,25,0.8486732673267326
adamw 128,basic,128,seed1,,test_accuracy,26,0.849980198019802
adamw 128,basic,128,seed1,,test_accuracy,26,0.849980198019802
adamw 128,basic,128,seed1,,test_accuracy,27,0.8492673267326732
adamw 128,basic,128,seed1,,test_accuracy,27,0.8492673267326732
adamw 128,basic,128,seed1,,test_accuracy,28,0.8499405940594059
adamw 128,basic,128,seed1,,test_accuracy,28,0.8499405940594059
adamw 128,basic,128,seed1,,test_accuracy,29,0.8499405940594059
adamw 128,basic,128,seed1,,test_accuracy,29,0.8499405940594059
adamw 128,basic,128,seed1,,test_accuracy,30,0.8502574257425742
adamw 128,basic,128,seed1,,test_accuracy,30,0.8502574257425742
adamw 128,basic,128,seed1,,test_accuracy,31,0.8507326732673267
adamw 128,basic,128,seed1,,test_accuracy,31,0.8507326732673267
adamw 128,basic,128,seed1,,test_accuracy,32,0.8513663366336633
adamw 128,basic,128,seed1,,test_accuracy,32,0.8513663366336633
adamw 128,basic,128,seed1,,test_accuracy,33,0.852
adamw 128,basic,128,seed1,,test_accuracy,33,0.852
adamw 128,basic,128,seed1,,test_accuracy,34,0.850970297029703
adamw 128,basic,128,seed1,,test_accuracy,34,0.850970297029703
adamw 128,basic,128,seed1,,test_accuracy,35,0.851009900990099
adamw 128,basic,128,seed1,,test_accuracy,35,0.851009900990099
adamw 128,basic,128,seed1,,test_accuracy,36,0.8516435643564356
adamw 128,basic,128,seed1,,test_accuracy,36,0.8516435643564356
adamw 128,basic,128,seed1,,test_accuracy,37,0.8518415841584158
adamw 128,basic,128,seed1,,test_accuracy,37,0.8518415841584158
adamw 128,basic,128,seed1,,test_accuracy,38,0.8521980198019802
adamw 128,basic,128,seed1,,test_accuracy,38,0.8521980198019802
adamw 128,basic,128,seed1,,test_accuracy,39,0.8521188118811881
adamw 128,basic,128,seed1,,test_accuracy,39,0.8521188118811881
adamw 128,basic,128,seed2,,test_accuracy,0,0.7517623762376238
adamw 128,basic,128,seed2,,test_accuracy,0,0.7517623762376238
adamw 128,basic,128,seed2,,test_accuracy,0,0.7517623762376238
adamw 128,basic,128,seed2,,test_accuracy,1,0.7964356435643565
adamw 128,basic,128,seed2,,test_accuracy,1,0.7964356435643565
adamw 128,basic,128,seed2,,test_accuracy,1,0.7964356435643565
adamw 128,basic,128,seed2,,test_accuracy,2,0.8148910891089108
adamw 128,basic,128,seed2,,test_accuracy,2,0.8148910891089108
adamw 128,basic,128,seed2,,test_accuracy,2,0.8148910891089108
adamw 128,basic,128,seed2,,test_accuracy,3,0.8238415841584158
adamw 128,basic,128,seed2,,test_accuracy,3,0.8238415841584158
adamw 128,basic,128,seed2,,test_accuracy,3,0.8238415841584158
adamw 128,basic,128,seed2,,test_accuracy,4,0.8275643564356435
adamw 128,basic,128,seed2,,test_accuracy,4,0.8275643564356435
adamw 128,basic,128,seed2,,test_accuracy,4,0.8275643564356435
adamw 128,basic,128,seed2,,test_accuracy,5,0.833069306930693
adamw 128,basic,128,seed2,,test_accuracy,5,0.833069306930693
adamw 128,basic,128,seed2,,test_accuracy,5,0.833069306930693
adamw 128,basic,128,seed2,,test_accuracy,6,0.834019801980198
adamw 128,basic,128,seed2,,test_accuracy,6,0.834019801980198
adamw 128,basic,128,seed2,,test_accuracy,6,0.834019801980198
adamw 128,basic,128,seed2,,test_accuracy,7,0.8375841584158416
adamw 128,basic,128,seed2,,test_accuracy,7,0.8375841584158416
adamw 128,basic,128,seed2,,test_accuracy,7,0.8375841584158416
adamw 128,basic,128,seed2,,test_accuracy,8,0.8403960396039604
adamw 128,basic,128,seed2,,test_accuracy,8,0.8403960396039604
adamw 128,basic,128,seed2,,test_accuracy,8,0.8403960396039604
adamw 128,basic,128,seed2,,test_accuracy,9,0.8383762376237623
adamw 128,basic,128,seed2,,test_accuracy,9,0.8383762376237623
adamw 128,basic,128,seed2,,test_accuracy,9,0.8383762376237623
adamw 128,basic,128,seed2,,test_accuracy,10,0.8419009900990099
adamw 128,basic,128,seed2,,test_accuracy,10,0.8419009900990099
adamw 128,basic,128,seed2,,test_accuracy,10,0.8419009900990099
adamw 128,basic,128,seed2,,test_accuracy,11,0.8444356435643564
adamw 128,basic,128,seed2,,test_accuracy,11,0.8444356435643564
adamw 128,basic,128,seed2,,test_accuracy,11,0.8444356435643564
adamw 128,basic,128,seed2,,test_accuracy,12,0.8436435643564356
adamw 128,basic,128,seed2,,test_accuracy,12,0.8436435643564356
adamw 128,basic,128,seed2,,test_accuracy,13,0.8454257425742574
adamw 128,basic,128,seed2,,test_accuracy,13,0.8454257425742574
adamw 128,basic,128,seed2,,test_accuracy,14,0.8451089108910891
adamw 128,basic,128,seed2,,test_accuracy,14,0.8451089108910891
adamw 128,basic,128,seed2,,test_accuracy,15,0.8459009900990099
adamw 128,basic,128,seed2,,test_accuracy,15,0.8459009900990099
adamw 128,basic,128,seed2,,test_accuracy,16,0.8461386138613861
adamw 128,basic,128,seed2,,test_accuracy,16,0.8461386138613861
adamw 128,basic,128,seed2,,test_accuracy,17,0.8453465346534653
adamw 128,basic,128,seed2,,test_accuracy,17,0.8453465346534653
adamw 128,basic,128,seed2,,test_accuracy,18,0.8467326732673267
adamw 128,basic,128,seed2,,test_accuracy,18,0.8467326732673267
adamw 128,basic,128,seed2,,test_accuracy,19,0.8484356435643564
adamw 128,basic,128,seed2,,test_accuracy,19,0.8484356435643564
adamw 128,basic,128,seed2,,test_accuracy,20,0.8474455445544554
adamw 128,basic,128,seed2,,test_accuracy,20,0.8474455445544554
adamw 128,basic,128,seed2,,test_accuracy,21,0.8505346534653465
adamw 128,basic,128,seed2,,test_accuracy,21,0.8505346534653465
adamw 128,basic,128,seed2,,test_accuracy,22,0.8492277227722772
adamw 128,basic,128,seed2,,test_accuracy,22,0.8492277227722772
adamw 128,basic,128,seed2,,test_accuracy,23,0.8505346534653465
adamw 128,basic,128,seed2,,test_accuracy,23,0.8505346534653465
adamw 128,basic,128,seed2,,test_accuracy,24,0.8497821782178218
adamw 128,basic,128,seed2,,test_accuracy,24,0.8497821782178218
adamw 128,basic,128,seed2,,test_accuracy,25,0.8488712871287128
adamw 128,basic,128,seed2,,test_accuracy,25,0.8488712871287128
adamw 128,basic,128,seed2,,test_accuracy,26,0.8485544554455445
adamw 128,basic,128,seed2,,test_accuracy,26,0.8485544554455445
adamw 128,basic,128,seed2,,test_accuracy,27,0.8503366336633663
adamw 128,basic,128,seed2,,test_accuracy,27,0.8503366336633663
adamw 128,basic,128,seed2,,test_accuracy,28,0.8504158415841584
adamw 128,basic,128,seed2,,test_accuracy,28,0.8504158415841584
adamw 128,basic,128,seed2,,test_accuracy,29,0.8502970297029703
adamw 128,basic,128,seed2,,test_accuracy,29,0.8502970297029703
adamw 128,basic,128,seed2,,test_accuracy,30,0.8502574257425742
adamw 128,basic,128,seed2,,test_accuracy,30,0.8502574257425742
adamw 128,basic,128,seed2,,test_accuracy,31,0.8511287128712871
adamw 128,basic,128,seed2,,test_accuracy,31,0.8511287128712871
adamw 128,basic,128,seed2,,test_accuracy,32,0.8513267326732673
adamw 128,basic,128,seed2,,test_accuracy,32,0.8513267326732673
adamw 128,basic,128,seed2,,test_accuracy,33,0.8524752475247525
adamw 128,basic,128,seed2,,test_accuracy,33,0.8524752475247525
adamw 128,basic,128,seed2,,test_accuracy,34,0.8522376237623762
adamw 128,basic,128,seed2,,test_accuracy,34,0.8522376237623762
adamw 128,basic,128,seed2,,test_accuracy,35,0.8523564356435643
adamw 128,basic,128,seed2,,test_accuracy,35,0.8523564356435643
adamw 128,basic,128,seed2,,test_accuracy,36,0.8516435643564356
adamw 128,basic,128,seed2,,test_accuracy,36,0.8516435643564356
adamw 128,basic,128,seed2,,test_accuracy,37,0.8533465346534653
adamw 128,basic,128,seed2,,test_accuracy,37,0.8533465346534653
adamw 128,basic,128,seed2,,test_accuracy,38,0.8521188118811881
adamw 128,basic,128,seed2,,test_accuracy,38,0.8521188118811881
adamw 128,basic,128,seed2,,test_accuracy,39,0.8524356435643564
adamw 128,basic,128,seed2,,test_accuracy,39,0.8524356435643564
adamw 128,basic,128,seed3,,test_accuracy,0,0.7573069306930693
adamw 128,basic,128,seed3,,test_accuracy,0,0.7573069306930693
adamw 128,basic,128,seed3,,test_accuracy,1,0.7986138613861387
adamw 128,basic,128,seed3,,test_accuracy,1,0.7986138613861387
adamw 128,basic,128,seed3,,test_accuracy,2,0.8157227722772277
adamw 128,basic,128,seed3,,test_accuracy,2,0.8157227722772277
adamw 128,basic,128,seed3,,test_accuracy,3,0.8224158415841584
adamw 128,basic,128,seed3,,test_accuracy,3,0.8224158415841584
adamw 128,basic,128,seed3,,test_accuracy,4,0.8313267326732673
adamw 128,basic,128,seed3,,test_accuracy,4,0.8313267326732673
adamw 128,basic,128,seed3,,test_accuracy,5,0.8328316831683168
adamw 128,basic,128,seed3,,test_accuracy,5,0.8328316831683168
adamw 128,basic,128,seed3,,test_accuracy,6,0.836079207920792
adamw 128,basic,128,seed3,,test_accuracy,6,0.836079207920792
adamw 128,basic,128,seed3,,test_accuracy,7,0.8391683168316831
adamw 128,basic,128,seed3,,test_accuracy,7,0.8391683168316831
adamw 128,basic,128,seed3,,test_accuracy,8,0.837980198019802
adamw 128,basic,128,seed3,,test_accuracy,8,0.837980198019802
adamw 128,basic,128,seed3,,test_accuracy,9,0.8385742574257425
adamw 128,basic,128,seed3,,test_accuracy,9,0.8385742574257425
adamw 128,basic,128,seed3,,test_accuracy,10,0.8437623762376237
adamw 128,basic,128,seed3,,test_accuracy,10,0.8437623762376237
adamw 128,basic,128,seed3,,test_accuracy,11,0.8426930693069307
adamw 128,basic,128,seed3,,test_accuracy,11,0.8426930693069307
adamw 128,basic,128,seed3,,test_accuracy,12,0.8447920792079208
adamw 128,basic,128,seed3,,test_accuracy,12,0.8447920792079208
adamw 128,basic,128,seed3,,test_accuracy,13,0.8438019801980198
adamw 128,basic,128,seed3,,test_accuracy,13,0.8438019801980198
adamw 128,basic,128,seed3,,test_accuracy,14,0.8461782178217822
adamw 128,basic,128,seed3,,test_accuracy,14,0.8461782178217822
adamw 128,basic,128,seed3,,test_accuracy,15,0.8455841584158416
adamw 128,basic,128,seed3,,test_accuracy,15,0.8455841584158416
adamw 128,basic,128,seed3,,test_accuracy,16,0.8457425742574257
adamw 128,basic,128,seed3,,test_accuracy,16,0.8457425742574257
adamw 128,basic,128,seed3,,test_accuracy,17,0.8453861386138614
adamw 128,basic,128,seed3,,test_accuracy,17,0.8453861386138614
adamw 128,basic,128,seed3,,test_accuracy,18,0.8458613861386138
adamw 128,basic,128,seed3,,test_accuracy,18,0.8458613861386138
adamw 128,basic,128,seed3,,test_accuracy,19,0.8477623762376237
adamw 128,basic,128,seed3,,test_accuracy,19,0.8477623762376237
adamw 128,basic,128,seed3,,test_accuracy,20,0.8467722772277227
adamw 128,basic,128,seed3,,test_accuracy,20,0.8467722772277227
adamw 128,basic,128,seed3,,test_accuracy,21,0.848079207920792
adamw 128,basic,128,seed3,,test_accuracy,21,0.848079207920792
adamw 128,basic,128,seed3,,test_accuracy,22,0.8475643564356435
adamw 128,basic,128,seed3,,test_accuracy,22,0.8475643564356435
adamw 128,basic,128,seed3,,test_accuracy,23,0.8488316831683168
adamw 128,basic,128,seed3,,test_accuracy,23,0.8488316831683168
adamw 128,basic,128,seed3,,test_accuracy,24,0.8479603960396039
adamw 128,basic,128,seed3,,test_accuracy,24,0.8479603960396039
adamw 128,basic,128,seed3,,test_accuracy,25,0.849069306930693
adamw 128,basic,128,seed3,,test_accuracy,25,0.849069306930693
adamw 128,basic,128,seed3,,test_accuracy,26,0.8483960396039604
adamw 128,basic,128,seed3,,test_accuracy,26,0.8483960396039604
adamw 128,basic,128,seed3,,test_accuracy,27,0.848079207920792
adamw 128,basic,128,seed3,,test_accuracy,27,0.848079207920792
adamw 128,basic,128,seed3,,test_accuracy,28,0.8485544554455445
adamw 128,basic,128,seed3,,test_accuracy,28,0.8485544554455445
adamw 128,basic,128,seed3,,test_accuracy,29,0.8476435643564356
adamw 128,basic,128,seed3,,test_accuracy,29,0.8476435643564356
adamw 128,basic,128,seed3,,test_accuracy,30,0.8477623762376237
adamw 128,basic,128,seed3,,test_accuracy,30,0.8477623762376237
adamw 128,basic,128,seed3,,test_accuracy,31,0.8476831683168317
adamw 128,basic,128,seed3,,test_accuracy,31,0.8476831683168317
adamw 128,basic,128,seed3,,test_accuracy,32,0.8494653465346534
adamw 128,basic,128,seed3,,test_accuracy,32,0.8494653465346534
adamw 128,basic,128,seed3,,test_accuracy,33,0.8486336633663366
adamw 128,basic,128,seed3,,test_accuracy,33,0.8486336633663366
adamw 128,basic,128,seed3,,test_accuracy,34,0.8491485148514851
adamw 128,basic,128,seed3,,test_accuracy,34,0.8491485148514851
adamw 128,basic,128,seed3,,test_accuracy,35,0.8495049504950495
adamw 128,basic,128,seed3,,test_accuracy,35,0.8495049504950495
adamw 128,basic,128,seed3,,test_accuracy,36,0.8499009900990099
adamw 128,basic,128,seed3,,test_accuracy,36,0.8499009900990099
adamw 128,basic,128,seed3,,test_accuracy,37,0.8499009900990099
adamw 128,basic,128,seed3,,test_accuracy,37,0.8499009900990099
adamw 128,basic,128,seed3,,test_accuracy,38,0.8498613861386138
adamw 128,basic,128,seed3,,test_accuracy,38,0.8498613861386138
adamw 128,basic,128,seed3,,test_accuracy,39,0.8502178217821782
adamw 128,basic,128,seed3,,test_accuracy,39,0.8502178217821782
adamw 256,basic,256,seed1,,test_accuracy,0,0.7241980198019802
adamw 256,basic,256,seed1,,test_accuracy,0,0.7241980198019802
adamw 256,basic,256,seed1,,test_accuracy,1,0.7821386138613862
adamw 256,basic,256,seed1,,test_accuracy,1,0.7821386138613862
adamw 256,basic,256,seed1,,test_accuracy,2,0.8011485148514852
adamw 256,basic,256,seed1,,test_accuracy,2,0.8011485148514852
adamw 256,basic,256,seed1,,test_accuracy,3,0.81809900990099
adamw 256,basic,256,seed1,,test_accuracy,3,0.81809900990099
adamw 256,basic,256,seed1,,test_accuracy,4,0.8259009900990099
adamw 256,basic,256,seed1,,test_accuracy,4,0.8259009900990099
adamw 256,basic,256,seed1,,test_accuracy,5,0.8309306930693069
adamw 256,basic,256,seed1,,test_accuracy,5,0.8309306930693069
adamw 256,basic,256,seed1,,test_accuracy,6,0.8307326732673267
adamw 256,basic,256,seed1,,test_accuracy,6,0.8307326732673267
adamw 256,basic,256,seed1,,test_accuracy,7,0.8357227722772277
adamw 256,basic,256,seed1,,test_accuracy,7,0.8357227722772277
adamw 256,basic,256,seed1,,test_accuracy,8,0.8403960396039604
adamw 256,basic,256,seed1,,test_accuracy,8,0.8403960396039604
adamw 256,basic,256,seed1,,test_accuracy,9,0.8394455445544554
adamw 256,basic,256,seed1,,test_accuracy,9,0.8394455445544554
adamw 256,basic,256,seed1,,test_accuracy,10,0.8397623762376237
adamw 256,basic,256,seed1,,test_accuracy,10,0.8397623762376237
adamw 256,basic,256,seed1,,test_accuracy,11,0.8407920792079208
adamw 256,basic,256,seed1,,test_accuracy,11,0.8407920792079208
adamw 256,basic,256,seed1,,test_accuracy,12,0.8436435643564356
adamw 256,basic,256,seed1,,test_accuracy,12,0.8436435643564356
adamw 256,basic,256,seed1,,test_accuracy,13,0.8455049504950495
adamw 256,basic,256,seed1,,test_accuracy,13,0.8455049504950495
adamw 256,basic,256,seed1,,test_accuracy,14,0.844079207920792
adamw 256,basic,256,seed1,,test_accuracy,14,0.844079207920792
adamw 256,basic,256,seed1,,test_accuracy,15,0.8455049504950495
adamw 256,basic,256,seed1,,test_accuracy,15,0.8455049504950495
adamw 256,basic,256,seed1,,test_accuracy,16,0.8473267326732673
adamw 256,basic,256,seed1,,test_accuracy,16,0.8473267326732673
adamw 256,basic,256,seed1,,test_accuracy,17,0.8456237623762376
adamw 256,basic,256,seed1,,test_accuracy,17,0.8456237623762376
adamw 256,basic,256,seed1,,test_accuracy,18,0.8479603960396039
adamw 256,basic,256,seed1,,test_accuracy,18,0.8479603960396039
adamw 256,basic,256,seed1,,test_accuracy,19,0.8468514851485148
adamw 256,basic,256,seed1,,test_accuracy,19,0.8468514851485148
adamw 256,basic,256,seed1,,test_accuracy,20,0.848079207920792
adamw 256,basic,256,seed1,,test_accuracy,20,0.848079207920792
adamw 256,basic,256,seed1,,test_accuracy,21,0.8491881188118812
adamw 256,basic,256,seed1,,test_accuracy,21,0.8491881188118812
adamw 256,basic,256,seed1,,test_accuracy,22,0.8499009900990099
adamw 256,basic,256,seed1,,test_accuracy,22,0.8499009900990099
adamw 256,basic,256,seed1,,test_accuracy,23,0.8516831683168317
adamw 256,basic,256,seed1,,test_accuracy,23,0.8516831683168317
adamw 256,basic,256,seed1,,test_accuracy,24,0.8501782178217822
adamw 256,basic,256,seed1,,test_accuracy,24,0.8501782178217822
adamw 256,basic,256,seed1,,test_accuracy,25,0.8501386138613861
adamw 256,basic,256,seed1,,test_accuracy,25,0.8501386138613861
adamw 256,basic,256,seed1,,test_accuracy,26,0.8504950495049505
adamw 256,basic,256,seed1,,test_accuracy,26,0.8504950495049505
adamw 256,basic,256,seed1,,test_accuracy,27,0.8500990099009901
adamw 256,basic,256,seed1,,test_accuracy,27,0.8500990099009901
adamw 256,basic,256,seed1,,test_accuracy,28,0.8505346534653465
adamw 256,basic,256,seed1,,test_accuracy,28,0.8505346534653465
adamw 256,basic,256,seed1,,test_accuracy,29,0.8506534653465346
adamw 256,basic,256,seed1,,test_accuracy,29,0.8506534653465346
adamw 256,basic,256,seed1,,test_accuracy,30,0.8503366336633663
adamw 256,basic,256,seed1,,test_accuracy,30,0.8503366336633663
adamw 256,basic,256,seed1,,test_accuracy,31,0.8498217821782178
adamw 256,basic,256,seed1,,test_accuracy,31,0.8498217821782178
adamw 256,basic,256,seed1,,test_accuracy,32,0.8509306930693069
adamw 256,basic,256,seed1,,test_accuracy,32,0.8509306930693069
adamw 256,basic,256,seed1,,test_accuracy,33,0.8512475247524752
adamw 256,basic,256,seed1,,test_accuracy,33,0.8512475247524752
adamw 256,basic,256,seed1,,test_accuracy,34,0.8504554455445544
adamw 256,basic,256,seed1,,test_accuracy,34,0.8504554455445544
adamw 256,basic,256,seed1,,test_accuracy,35,0.8508910891089109
adamw 256,basic,256,seed1,,test_accuracy,35,0.8508910891089109
adamw 256,basic,256,seed1,,test_accuracy,36,0.8504950495049505
adamw 256,basic,256,seed1,,test_accuracy,36,0.8504950495049505
adamw 256,basic,256,seed1,,test_accuracy,37,0.8506534653465346
adamw 256,basic,256,seed1,,test_accuracy,37,0.8506534653465346
adamw 256,basic,256,seed1,,test_accuracy,38,0.8511683168316831
adamw 256,basic,256,seed1,,test_accuracy,38,0.8511683168316831
adamw 256,basic,256,seed1,,test_accuracy,39,0.8507722772277228
adamw 256,basic,256,seed1,,test_accuracy,39,0.8507722772277228
adamw 256,basic,256,seed2,,test_accuracy,0,0.7224158415841584
adamw 256,basic,256,seed2,,test_accuracy,0,0.7224158415841584
adamw 256,basic,256,seed2,,test_accuracy,1,0.7811089108910891
adamw 256,basic,256,seed2,,test_accuracy,1,0.7811089108910891
adamw 256,basic,256,seed2,,test_accuracy,2,0.8034455445544555
adamw 256,basic,256,seed2,,test_accuracy,2,0.8034455445544555
adamw 256,basic,256,seed2,,test_accuracy,3,0.8158415841584158
adamw 256,basic,256,seed2,,test_accuracy,3,0.8158415841584158
adamw 256,basic,256,seed2,,test_accuracy,4,0.8237227722772277
adamw 256,basic,256,seed2,,test_accuracy,4,0.8237227722772277
adamw 256,basic,256,seed2,,test_accuracy,5,0.8278019801980198
adamw 256,basic,256,seed2,,test_accuracy,5,0.8278019801980198
adamw 256,basic,256,seed2,,test_accuracy,6,0.8297029702970297
adamw 256,basic,256,seed2,,test_accuracy,6,0.8297029702970297
adamw 256,basic,256,seed2,,test_accuracy,7,0.8353663366336633
adamw 256,basic,256,seed2,,test_accuracy,7,0.8353663366336633
adamw 256,basic,256,seed2,,test_accuracy,8,0.8384554455445544
adamw 256,basic,256,seed2,,test_accuracy,8,0.8384554455445544
adamw 256,basic,256,seed2,,test_accuracy,9,0.8381782178217821
adamw 256,basic,256,seed2,,test_accuracy,9,0.8381782178217821
adamw 256,basic,256,seed2,,test_accuracy,10,0.8417425742574257
adamw 256,basic,256,seed2,,test_accuracy,10,0.8417425742574257
adamw 256,basic,256,seed2,,test_accuracy,11,0.8427722772277227
adamw 256,basic,256,seed2,,test_accuracy,11,0.8427722772277227
adamw 256,basic,256,seed2,,test_accuracy,12,0.8426138613861386
adamw 256,basic,256,seed2,,test_accuracy,12,0.8426138613861386
adamw 256,basic,256,seed2,,test_accuracy,13,0.8474059405940594
adamw 256,basic,256,seed2,,test_accuracy,13,0.8474059405940594
adamw 256,basic,256,seed2,,test_accuracy,14,0.8443168316831683
adamw 256,basic,256,seed2,,test_accuracy,14,0.8443168316831683
adamw 256,basic,256,seed2,,test_accuracy,15,0.846019801980198
adamw 256,basic,256,seed2,,test_accuracy,15,0.846019801980198
adamw 256,basic,256,seed2,,test_accuracy,16,0.8475247524752475
adamw 256,basic,256,seed2,,test_accuracy,16,0.8475247524752475
adamw 256,basic,256,seed2,,test_accuracy,17,0.8473663366336633
adamw 256,basic,256,seed2,,test_accuracy,17,0.8473663366336633
adamw 256,basic,256,seed2,,test_accuracy,18,0.8468118811881188
adamw 256,basic,256,seed2,,test_accuracy,18,0.8468118811881188
adamw 256,basic,256,seed2,,test_accuracy,19,0.8478019801980198
adamw 256,basic,256,seed2,,test_accuracy,19,0.8478019801980198
adamw 256,basic,256,seed2,,test_accuracy,20,0.8471287128712871
adamw 256,basic,256,seed2,,test_accuracy,20,0.8471287128712871
adamw 256,basic,256,seed2,,test_accuracy,21,0.8474851485148515
adamw 256,basic,256,seed2,,test_accuracy,21,0.8474851485148515
adamw 256,basic,256,seed2,,test_accuracy,22,0.848079207920792
adamw 256,basic,256,seed2,,test_accuracy,22,0.848079207920792
adamw 256,basic,256,seed2,,test_accuracy,23,0.8495445544554455
adamw 256,basic,256,seed2,,test_accuracy,23,0.8495445544554455
adamw 256,basic,256,seed2,,test_accuracy,24,0.8491089108910891
adamw 256,basic,256,seed2,,test_accuracy,24,0.8491089108910891
adamw 256,basic,256,seed2,,test_accuracy,25,0.8508118811881188
adamw 256,basic,256,seed2,,test_accuracy,25,0.8508118811881188
adamw 256,basic,256,seed2,,test_accuracy,26,0.850970297029703
adamw 256,basic,256,seed2,,test_accuracy,26,0.850970297029703
adamw 256,basic,256,seed2,,test_accuracy,27,0.8502970297029703
adamw 256,basic,256,seed2,,test_accuracy,27,0.8502970297029703
adamw 256,basic,256,seed2,,test_accuracy,28,0.8494257425742574
adamw 256,basic,256,seed2,,test_accuracy,28,0.8494257425742574
adamw 256,basic,256,seed2,,test_accuracy,29,0.8495049504950495
adamw 256,basic,256,seed2,,test_accuracy,29,0.8495049504950495
adamw 256,basic,256,seed2,,test_accuracy,30,0.8521188118811881
adamw 256,basic,256,seed2,,test_accuracy,30,0.8521188118811881
adamw 256,basic,256,seed2,,test_accuracy,31,0.8516039603960396
adamw 256,basic,256,seed2,,test_accuracy,31,0.8516039603960396
adamw 256,basic,256,seed2,,test_accuracy,32,0.8515643564356435
adamw 256,basic,256,seed2,,test_accuracy,32,0.8515643564356435
adamw 256,basic,256,seed2,,test_accuracy,33,0.8521584158415841
adamw 256,basic,256,seed2,,test_accuracy,33,0.8521584158415841
adamw 256,basic,256,seed2,,test_accuracy,34,0.8519207920792079
adamw 256,basic,256,seed2,,test_accuracy,34,0.8519207920792079
adamw 256,basic,256,seed2,,test_accuracy,35,0.8512871287128713
adamw 256,basic,256,seed2,,test_accuracy,35,0.8512871287128713
adamw 256,basic,256,seed2,,test_accuracy,36,0.8514059405940594
adamw 256,basic,256,seed2,,test_accuracy,36,0.8514059405940594
adamw 256,basic,256,seed2,,test_accuracy,37,0.8518415841584158
adamw 256,basic,256,seed2,,test_accuracy,37,0.8518415841584158
adamw 256,basic,256,seed2,,test_accuracy,38,0.8512079207920792
adamw 256,basic,256,seed2,,test_accuracy,38,0.8512079207920792
adamw 256,basic,256,seed2,,test_accuracy,39,0.8514059405940594
adamw 256,basic,256,seed2,,test_accuracy,39,0.8514059405940594
adamw 256,basic,256,seed3,,test_accuracy,0,0.730059405940594
adamw 256,basic,256,seed3,,test_accuracy,0,0.730059405940594
adamw 256,basic,256,seed3,,test_accuracy,1,0.7804356435643565
adamw 256,basic,256,seed3,,test_accuracy,1,0.7804356435643565
adamw 256,basic,256,seed3,,test_accuracy,2,0.8036039603960397
adamw 256,basic,256,seed3,,test_accuracy,2,0.8036039603960397
adamw 256,basic,256,seed3,,test_accuracy,3,0.815009900990099
adamw 256,basic,256,seed3,,test_accuracy,3,0.815009900990099
adamw 256,basic,256,seed3,,test_accuracy,4,0.8215445544554455
adamw 256,basic,256,seed3,,test_accuracy,4,0.8215445544554455
adamw 256,basic,256,seed3,,test_accuracy,5,0.8252277227722772
adamw 256,basic,256,seed3,,test_accuracy,5,0.8252277227722772
adamw 256,basic,256,seed3,,test_accuracy,6,0.8323960396039604
adamw 256,basic,256,seed3,,test_accuracy,6,0.8323960396039604
adamw 256,basic,256,seed3,,test_accuracy,7,0.8357623762376237
adamw 256,basic,256,seed3,,test_accuracy,7,0.8357623762376237
adamw 256,basic,256,seed3,,test_accuracy,8,0.8358811881188118
adamw 256,basic,256,seed3,,test_accuracy,8,0.8358811881188118
adamw 256,basic,256,seed3,,test_accuracy,9,0.8365544554455445
adamw 256,basic,256,seed3,,test_accuracy,9,0.8365544554455445
adamw 256,basic,256,seed3,,test_accuracy,10,0.8394059405940594
adamw 256,basic,256,seed3,,test_accuracy,10,0.8394059405940594
adamw 256,basic,256,seed3,,test_accuracy,11,0.843049504950495
adamw 256,basic,256,seed3,,test_accuracy,11,0.843049504950495
adamw 256,basic,256,seed3,,test_accuracy,12,0.8419009900990099
adamw 256,basic,256,seed3,,test_accuracy,12,0.8419009900990099
adamw 256,basic,256,seed3,,test_accuracy,13,0.8454653465346534
adamw 256,basic,256,seed3,,test_accuracy,13,0.8454653465346534
adamw 256,basic,256,seed3,,test_accuracy,14,0.8439207920792079
adamw 256,basic,256,seed3,,test_accuracy,14,0.8439207920792079
adamw 256,basic,256,seed3,,test_accuracy,15,0.844990099009901
adamw 256,basic,256,seed3,,test_accuracy,15,0.844990099009901
adamw 256,basic,256,seed3,,test_accuracy,16,0.843049504950495
adamw 256,basic,256,seed3,,test_accuracy,16,0.843049504950495
adamw 256,basic,256,seed3,,test_accuracy,17,0.8457425742574257
adamw 256,basic,256,seed3,,test_accuracy,17,0.8457425742574257
adamw 256,basic,256,seed3,,test_accuracy,18,0.8461386138613861
adamw 256,basic,256,seed3,,test_accuracy,18,0.8461386138613861
adamw 256,basic,256,seed3,,test_accuracy,19,0.8475643564356435
adamw 256,basic,256,seed3,,test_accuracy,19,0.8475643564356435
adamw 256,basic,256,seed3,,test_accuracy,20,0.8478019801980198
adamw 256,basic,256,seed3,,test_accuracy,20,0.8478019801980198
adamw 256,basic,256,seed3,,test_accuracy,21,0.8472475247524752
adamw 256,basic,256,seed3,,test_accuracy,21,0.8472475247524752
adamw 256,basic,256,seed3,,test_accuracy,22,0.8474851485148515
adamw 256,basic,256,seed3,,test_accuracy,22,0.8474851485148515
adamw 256,basic,256,seed3,,test_accuracy,23,0.8479603960396039
adamw 256,basic,256,seed3,,test_accuracy,23,0.8479603960396039
adamw 256,basic,256,seed3,,test_accuracy,24,0.8489504950495049
adamw 256,basic,256,seed3,,test_accuracy,24,0.8489504950495049
adamw 256,basic,256,seed3,,test_accuracy,25,0.8496237623762376
adamw 256,basic,256,seed3,,test_accuracy,25,0.8496237623762376
adamw 256,basic,256,seed3,,test_accuracy,26,0.8496633663366336
adamw 256,basic,256,seed3,,test_accuracy,26,0.8496633663366336
adamw 256,basic,256,seed3,,test_accuracy,27,0.8494653465346534
adamw 256,basic,256,seed3,,test_accuracy,27,0.8494653465346534
adamw 256,basic,256,seed3,,test_accuracy,28,0.8496237623762376
adamw 256,basic,256,seed3,,test_accuracy,28,0.8496237623762376
adamw 256,basic,256,seed3,,test_accuracy,29,0.8501782178217822
adamw 256,basic,256,seed3,,test_accuracy,29,0.8501782178217822
adamw 256,basic,256,seed3,,test_accuracy,30,0.8502178217821782
adamw 256,basic,256,seed3,,test_accuracy,30,0.8502178217821782
adamw 256,basic,256,seed3,,test_accuracy,31,0.8503366336633663
adamw 256,basic,256,seed3,,test_accuracy,31,0.8503366336633663
adamw 256,basic,256,seed3,,test_accuracy,32,0.8504158415841584
adamw 256,basic,256,seed3,,test_accuracy,32,0.8504158415841584
adamw 256,basic,256,seed3,,test_accuracy,33,0.8501782178217822
adamw 256,basic,256,seed3,,test_accuracy,33,0.8501782178217822
adamw 256,basic,256,seed3,,test_accuracy,34,0.8495049504950495
adamw 256,basic,256,seed3,,test_accuracy,34,0.8495049504950495
adamw 256,basic,256,seed3,,test_accuracy,35,0.8497029702970297
adamw 256,basic,256,seed3,,test_accuracy,35,0.8497029702970297
adamw 256,basic,256,seed3,,test_accuracy,36,0.849980198019802
adamw 256,basic,256,seed3,,test_accuracy,36,0.849980198019802
adamw 256,basic,256,seed3,,test_accuracy,37,0.8506930693069307
adamw 256,basic,256,seed3,,test_accuracy,37,0.8506930693069307
adamw 256,basic,256,seed3,,test_accuracy,38,0.8498613861386138
adamw 256,basic,256,seed3,,test_accuracy,38,0.8498613861386138
adamw 256,basic,256,seed3,,test_accuracy,39,0.8502970297029703
adamw 256,basic,256,seed3,,test_accuracy,39,0.8502970297029703
adamw 64,basic,64,seed1,,test_accuracy,0,0.7734653465346535
adamw 64,basic,64,seed1,,test_accuracy,0,0.7734653465346535
adamw 64,basic,64,seed1,,test_accuracy,1,0.8081980198019802
adamw 64,basic,64,seed1,,test_accuracy,1,0.8081980198019802
adamw 64,basic,64,seed1,,test_accuracy,2,0.8218217821782178
adamw 64,basic,64,seed1,,test_accuracy,2,0.8218217821782178
adamw 64,basic,64,seed1,,test_accuracy,3,0.8273267326732673
adamw 64,basic,64,seed1,,test_accuracy,3,0.8273267326732673
adamw 64,basic,64,seed1,,test_accuracy,4,0.832990099009901
adamw 64,basic,64,seed1,,test_accuracy,4,0.832990099009901
adamw 64,basic,64,seed1,,test_accuracy,5,0.8346138613861386
adamw 64,basic,64,seed1,,test_accuracy,5,0.8346138613861386
adamw 64,basic,64,seed1,,test_accuracy,6,0.8354851485148515
adamw 64,basic,64,seed1,,test_accuracy,6,0.8354851485148515
adamw 64,basic,64,seed1,,test_accuracy,7,0.8399603960396039
adamw 64,basic,64,seed1,,test_accuracy,7,0.8399603960396039
adamw 64,basic,64,seed1,,test_accuracy,8,0.841029702970297
adamw 64,basic,64,seed1,,test_accuracy,8,0.841029702970297
adamw 64,basic,64,seed1,,test_accuracy,9,0.8423366336633663
adamw 64,basic,64,seed1,,test_accuracy,9,0.8423366336633663
adamw 64,basic,64,seed1,,test_accuracy,10,0.8429702970297029
adamw 64,basic,64,seed1,,test_accuracy,10,0.8429702970297029
adamw 64,basic,64,seed1,,test_accuracy,11,0.8417821782178218
adamw 64,basic,64,seed1,,test_accuracy,11,0.8417821782178218
adamw 64,basic,64,seed1,,test_accuracy,12,0.8448712871287128
adamw 64,basic,64,seed1,,test_accuracy,12,0.8448712871287128
adamw 64,basic,64,seed1,,test_accuracy,13,0.8424950495049505
adamw 64,basic,64,seed1,,test_accuracy,13,0.8424950495049505
adamw 64,basic,64,seed1,,test_accuracy,14,0.8404356435643564
adamw 64,basic,64,seed1,,test_accuracy,14,0.8404356435643564
adamw 64,basic,64,seed1,,test_accuracy,15,0.845069306930693
adamw 64,basic,64,seed1,,test_accuracy,15,0.845069306930693
adamw 64,basic,64,seed1,,test_accuracy,16,0.8429306930693069
adamw 64,basic,64,seed1,,test_accuracy,16,0.8429306930693069
adamw 64,basic,64,seed1,,test_accuracy,17,0.8434455445544554
adamw 64,basic,64,seed1,,test_accuracy,17,0.8434455445544554
adamw 64,basic,64,seed1,,test_accuracy,18,0.8445544554455445
adamw 64,basic,64,seed1,,test_accuracy,18,0.8445544554455445
adamw 64,basic,64,seed1,,test_accuracy,19,0.8458613861386138
adamw 64,basic,64,seed1,,test_accuracy,19,0.8458613861386138
adamw 64,basic,64,seed1,,test_accuracy,20,0.8457029702970297
adamw 64,basic,64,seed1,,test_accuracy,20,0.8457029702970297
adamw 64,basic,64,seed1,,test_accuracy,21,0.8432871287128713
adamw 64,basic,64,seed1,,test_accuracy,21,0.8432871287128713
adamw 64,basic,64,seed1,,test_accuracy,22,0.8468514851485148
adamw 64,basic,64,seed1,,test_accuracy,22,0.8468514851485148
adamw 64,basic,64,seed1,,test_accuracy,23,0.8471683168316831
adamw 64,basic,64,seed1,,test_accuracy,23,0.8471683168316831
adamw 64,basic,64,seed1,,test_accuracy,24,0.8477227722772277
adamw 64,basic,64,seed1,,test_accuracy,24,0.8477227722772277
adamw 64,basic,64,seed1,,test_accuracy,25,0.8478811881188119
adamw 64,basic,64,seed1,,test_accuracy,25,0.8478811881188119
adamw 64,basic,64,seed1,,test_accuracy,26,0.8495445544554455
adamw 64,basic,64,seed1,,test_accuracy,26,0.8495445544554455
adamw 64,basic,64,seed1,,test_accuracy,27,0.8491485148514851
adamw 64,basic,64,seed1,,test_accuracy,27,0.8491485148514851
adamw 64,basic,64,seed1,,test_accuracy,28,0.8501782178217822
adamw 64,basic,64,seed1,,test_accuracy,28,0.8501782178217822
adamw 64,basic,64,seed1,,test_accuracy,29,0.8502970297029703
adamw 64,basic,64,seed1,,test_accuracy,29,0.8502970297029703
adamw 64,basic,64,seed1,,test_accuracy,30,0.8502574257425742
adamw 64,basic,64,seed1,,test_accuracy,30,0.8502574257425742
adamw 64,basic,64,seed1,,test_accuracy,31,0.8514059405940594
adamw 64,basic,64,seed1,,test_accuracy,31,0.8514059405940594
adamw 64,basic,64,seed1,,test_accuracy,32,0.8506138613861386
adamw 64,basic,64,seed1,,test_accuracy,32,0.8506138613861386
adamw 64,basic,64,seed1,,test_accuracy,33,0.8512079207920792
adamw 64,basic,64,seed1,,test_accuracy,33,0.8512079207920792
adamw 64,basic,64,seed1,,test_accuracy,34,0.8510891089108911
adamw 64,basic,64,seed1,,test_accuracy,34,0.8510891089108911
adamw 64,basic,64,seed1,,test_accuracy,35,0.8512079207920792
adamw 64,basic,64,seed1,,test_accuracy,35,0.8512079207920792
adamw 64,basic,64,seed1,,test_accuracy,36,0.850019801980198
adamw 64,basic,64,seed1,,test_accuracy,36,0.850019801980198
adamw 64,basic,64,seed1,,test_accuracy,37,0.8512871287128713
adamw 64,basic,64,seed1,,test_accuracy,37,0.8512871287128713
adamw 64,basic,64,seed1,,test_accuracy,38,0.8518415841584158
adamw 64,basic,64,seed1,,test_accuracy,38,0.8518415841584158
adamw 64,basic,64,seed1,,test_accuracy,39,0.8513267326732673
adamw 64,basic,64,seed1,,test_accuracy,39,0.8513267326732673
adamw 64,basic,64,seed2,,test_accuracy,0,0.7736633663366337
adamw 64,basic,64,seed2,,test_accuracy,0,0.7736633663366337
adamw 64,basic,64,seed2,,test_accuracy,1,0.8085544554455446
adamw 64,basic,64,seed2,,test_accuracy,1,0.8085544554455446
adamw 64,basic,64,seed2,,test_accuracy,2,0.8185346534653465
adamw 64,basic,64,seed2,,test_accuracy,2,0.8185346534653465
adamw 64,basic,64,seed2,,test_accuracy,3,0.8306930693069307
adamw 64,basic,64,seed2,,test_accuracy,3,0.8306930693069307
adamw 64,basic,64,seed2,,test_accuracy,4,0.831089108910891
adamw 64,basic,64,seed2,,test_accuracy,4,0.831089108910891
adamw 64,basic,64,seed2,,test_accuracy,5,0.8336633663366336
adamw 64,basic,64,seed2,,test_accuracy,5,0.8336633663366336
adamw 64,basic,64,seed2,,test_accuracy,6,0.8351287128712871
adamw 64,basic,64,seed2,,test_accuracy,6,0.8351287128712871
adamw 64,basic,64,seed2,,test_accuracy,7,0.8371881188118812
adamw 64,basic,64,seed2,,test_accuracy,7,0.8371881188118812
adamw 64,basic,64,seed2,,test_accuracy,8,0.8384158415841584
adamw 64,basic,64,seed2,,test_accuracy,8,0.8384158415841584
adamw 64,basic,64,seed2,,test_accuracy,9,0.8404356435643564
adamw 64,basic,64,seed2,,test_accuracy,9,0.8404356435643564
adamw 64,basic,64,seed2,,test_accuracy,10,0.8407920792079208
adamw 64,basic,64,seed2,,test_accuracy,10,0.8407920792079208
adamw 64,basic,64,seed2,,test_accuracy,11,0.8421782178217821
adamw 64,basic,64,seed2,,test_accuracy,11,0.8421782178217821
adamw 64,basic,64,seed2,,test_accuracy,12,0.843009900990099
adamw 64,basic,64,seed2,,test_accuracy,12,0.843009900990099
adamw 64,basic,64,seed2,,test_accuracy,13,0.8436831683168317
adamw 64,basic,64,seed2,,test_accuracy,13,0.8436831683168317
adamw 64,basic,64,seed2,,test_accuracy,14,0.8434059405940594
adamw 64,basic,64,seed2,,test_accuracy,14,0.8434059405940594
adamw 64,basic,64,seed2,,test_accuracy,15,0.8426534653465346
adamw 64,basic,64,seed2,,test_accuracy,15,0.8426534653465346
adamw 64,basic,64,seed2,,test_accuracy,16,0.8438415841584158
adamw 64,basic,64,seed2,,test_accuracy,16,0.8438415841584158
adamw 64,basic,64,seed2,,test_accuracy,17,0.844079207920792
adamw 64,basic,64,seed2,,test_accuracy,17,0.844079207920792
adamw 64,basic,64,seed2,,test_accuracy,18,0.846059405940594
adamw 64,basic,64,seed2,,test_accuracy,18,0.846059405940594
adamw 64,basic,64,seed2,,test_accuracy,19,0.8455049504950495
adamw 64,basic,64,seed2,,test_accuracy,19,0.8455049504950495
adamw 64,basic,64,seed2,,test_accuracy,20,0.8454257425742574
adamw 64,basic,64,seed2,,test_accuracy,20,0.8454257425742574
adamw 64,basic,64,seed2,,test_accuracy,21,0.8464554455445544
adamw 64,basic,64,seed2,,test_accuracy,21,0.8464554455445544
adamw 64,basic,64,seed2,,test_accuracy,22,0.8470891089108911
adamw 64,basic,64,seed2,,test_accuracy,22,0.8470891089108911
adamw 64,basic,64,seed2,,test_accuracy,23,0.8468514851485148
adamw 64,basic,64,seed2,,test_accuracy,23,0.8468514851485148
adamw 64,basic,64,seed2,,test_accuracy,24,0.8504950495049505
adamw 64,basic,64,seed2,,test_accuracy,24,0.8504950495049505
adamw 64,basic,64,seed2,,test_accuracy,25,0.8479603960396039
adamw 64,basic,64,seed2,,test_accuracy,25,0.8479603960396039
adamw 64,basic,64,seed2,,test_accuracy,26,0.8495841584158416
adamw 64,basic,64,seed2,,test_accuracy,26,0.8495841584158416
adamw 64,basic,64,seed2,,test_accuracy,27,0.8492277227722772
adamw 64,basic,64,seed2,,test_accuracy,27,0.8492277227722772
adamw 64,basic,64,seed2,,test_accuracy,28,0.8501386138613861
adamw 64,basic,64,seed2,,test_accuracy,28,0.8501386138613861
adamw 64,basic,64,seed2,,test_accuracy,29,0.8499009900990099
adamw 64,basic,64,seed2,,test_accuracy,29,0.8499009900990099
adamw 64,basic,64,seed2,,test_accuracy,30,0.8513663366336633
adamw 64,basic,64,seed2,,test_accuracy,30,0.8513663366336633
adamw 64,basic,64,seed2,,test_accuracy,31,0.8514851485148515
adamw 64,basic,64,seed2,,test_accuracy,31,0.8514851485148515
adamw 64,basic,64,seed2,,test_accuracy,32,0.8507326732673267
adamw 64,basic,64,seed2,,test_accuracy,32,0.8507326732673267
adamw 64,basic,64,seed2,,test_accuracy,33,0.8516039603960396
adamw 64,basic,64,seed2,,test_accuracy,33,0.8516039603960396
adamw 64,basic,64,seed2,,test_accuracy,34,0.8516831683168317
adamw 64,basic,64,seed2,,test_accuracy,34,0.8516831683168317
adamw 64,basic,64,seed2,,test_accuracy,35,0.8520792079207921
adamw 64,basic,64,seed2,,test_accuracy,35,0.8520792079207921
adamw 64,basic,64,seed2,,test_accuracy,36,0.852039603960396
adamw 64,basic,64,seed2,,test_accuracy,36,0.852039603960396
adamw 64,basic,64,seed2,,test_accuracy,37,0.8512871287128713
adamw 64,basic,64,seed2,,test_accuracy,37,0.8512871287128713
adamw 64,basic,64,seed2,,test_accuracy,38,0.8525544554455445
adamw 64,basic,64,seed2,,test_accuracy,38,0.8525544554455445
adamw 64,basic,64,seed2,,test_accuracy,39,0.8515247524752475
adamw 64,basic,64,seed2,,test_accuracy,39,0.8515247524752475
adamw 64,basic,64,seed3,,test_accuracy,0,0.7758415841584159
adamw 64,basic,64,seed3,,test_accuracy,0,0.7758415841584159
adamw 64,basic,64,seed3,,test_accuracy,1,0.8071683168316832
adamw 64,basic,64,seed3,,test_accuracy,1,0.8071683168316832
adamw 64,basic,64,seed3,,test_accuracy,2,0.823049504950495
adamw 64,basic,64,seed3,,test_accuracy,2,0.823049504950495
adamw 64,basic,64,seed3,,test_accuracy,3,0.8262970297029703
adamw 64,basic,64,seed3,,test_accuracy,3,0.8262970297029703
adamw 64,basic,64,seed3,,test_accuracy,4,0.8336633663366336
adamw 64,basic,64,seed3,,test_accuracy,4,0.8336633663366336
adamw 64,basic,64,seed3,,test_accuracy,5,0.8316435643564356
adamw 64,basic,64,seed3,,test_accuracy,5,0.8316435643564356
adamw 64,basic,64,seed3,,test_accuracy,6,0.8393267326732673
adamw 64,basic,64,seed3,,test_accuracy,6,0.8393267326732673
adamw 64,basic,64,seed3,,test_accuracy,7,0.8382178217821782
adamw 64,basic,64,seed3,,test_accuracy,7,0.8382178217821782
adamw 64,basic,64,seed3,,test_accuracy,8,0.8414653465346534
adamw 64,basic,64,seed3,,test_accuracy,8,0.8414653465346534
adamw 64,basic,64,seed3,,test_accuracy,9,0.8377029702970297
adamw 64,basic,64,seed3,,test_accuracy,9,0.8377029702970297
adamw 64,basic,64,seed3,,test_accuracy,10,0.8422178217821782
adamw 64,basic,64,seed3,,test_accuracy,10,0.8422178217821782
adamw 64,basic,64,seed3,,test_accuracy,11,0.8427722772277227
adamw 64,basic,64,seed3,,test_accuracy,11,0.8427722772277227
adamw 64,basic,64,seed3,,test_accuracy,12,0.8428118811881188
adamw 64,basic,64,seed3,,test_accuracy,12,0.8428118811881188
adamw 64,basic,64,seed3,,test_accuracy,13,0.8443564356435643
adamw 64,basic,64,seed3,,test_accuracy,13,0.8443564356435643
adamw 64,basic,64,seed3,,test_accuracy,14,0.8441980198019802
adamw 64,basic,64,seed3,,test_accuracy,14,0.8441980198019802
adamw 64,basic,64,seed3,,test_accuracy,15,0.8420990099009901
adamw 64,basic,64,seed3,,test_accuracy,15,0.8420990099009901
adamw 64,basic,64,seed3,,test_accuracy,16,0.8455049504950495
adamw 64,basic,64,seed3,,test_accuracy,16,0.8455049504950495
adamw 64,basic,64,seed3,,test_accuracy,17,0.8438415841584158
adamw 64,basic,64,seed3,,test_accuracy,17,0.8438415841584158
adamw 64,basic,64,seed3,,test_accuracy,18,0.845069306930693
adamw 64,basic,64,seed3,,test_accuracy,18,0.845069306930693
adamw 64,basic,64,seed3,,test_accuracy,19,0.8471287128712871
adamw 64,basic,64,seed3,,test_accuracy,19,0.8471287128712871
adamw 64,basic,64,seed3,,test_accuracy,20,0.8467722772277227
adamw 64,basic,64,seed3,,test_accuracy,20,0.8467722772277227
adamw 64,basic,64,seed3,,test_accuracy,21,0.8473267326732673
adamw 64,basic,64,seed3,,test_accuracy,21,0.8473267326732673
adamw 64,basic,64,seed3,,test_accuracy,22,0.8495049504950495
adamw 64,basic,64,seed3,,test_accuracy,22,0.8495049504950495
adamw 64,basic,64,seed3,,test_accuracy,23,0.8474455445544554
adamw 64,basic,64,seed3,,test_accuracy,23,0.8474455445544554
adamw 64,basic,64,seed3,,test_accuracy,24,0.8491485148514851
adamw 64,basic,64,seed3,,test_accuracy,24,0.8491485148514851
adamw 64,basic,64,seed3,,test_accuracy,25,0.8489504950495049
adamw 64,basic,64,seed3,,test_accuracy,25,0.8489504950495049
adamw 64,basic,64,seed3,,test_accuracy,26,0.8501782178217822
adamw 64,basic,64,seed3,,test_accuracy,26,0.8501782178217822
adamw 64,basic,64,seed3,,test_accuracy,27,0.8485544554455445
adamw 64,basic,64,seed3,,test_accuracy,27,0.8485544554455445
adamw 64,basic,64,seed3,,test_accuracy,28,0.8498217821782178
adamw 64,basic,64,seed3,,test_accuracy,28,0.8498217821782178
adamw 64,basic,64,seed3,,test_accuracy,29,0.8491881188118812
adamw 64,basic,64,seed3,,test_accuracy,29,0.8491881188118812
adamw 64,basic,64,seed3,,test_accuracy,30,0.8503366336633663
adamw 64,basic,64,seed3,,test_accuracy,30,0.8503366336633663
adamw 64,basic,64,seed3,,test_accuracy,31,0.8506930693069307
adamw 64,basic,64,seed3,,test_accuracy,31,0.8506930693069307
adamw 64,basic,64,seed3,,test_accuracy,32,0.8513663366336633
adamw 64,basic,64,seed3,,test_accuracy,32,0.8513663366336633
adamw 64,basic,64,seed3,,test_accuracy,33,0.8517623762376237
adamw 64,basic,64,seed3,,test_accuracy,33,0.8517623762376237
adamw 64,basic,64,seed3,,test_accuracy,34,0.8512475247524752
adamw 64,basic,64,seed3,,test_accuracy,34,0.8512475247524752
adamw 64,basic,64,seed3,,test_accuracy,35,0.8509306930693069
adamw 64,basic,64,seed3,,test_accuracy,35,0.8509306930693069
adamw 64,basic,64,seed3,,test_accuracy,36,0.851049504950495
adamw 64,basic,64,seed3,,test_accuracy,36,0.851049504950495
adamw 64,basic,64,seed3,,test_accuracy,37,0.8521584158415841
adamw 64,basic,64,seed3,,test_accuracy,37,0.8521584158415841
adamw 64,basic,64,seed3,,test_accuracy,38,0.8519207920792079
adamw 64,basic,64,seed3,,test_accuracy,38,0.8519207920792079
adamw 64,basic,64,seed3,,test_accuracy,39,0.8512871287128713
adamw 64,basic,64,seed3,,test_accuracy,39,0.8512871287128713
adamw_seesaw 128,seesaw,128,seed1,,test_accuracy,0,0.7591287128712871
adamw_seesaw 128,seesaw,128,seed1,,test_accuracy,0,0.7591287128712871
adamw_seesaw 128,seesaw,128,seed1,,test_accuracy,1,0.7975841584158416
adamw_seesaw 128,seesaw,128,seed1,,test_accuracy,1,0.7975841584158416
adamw_seesaw 128,seesaw,128,seed1,,test_accuracy,2,0.8155643564356435
adamw_seesaw 128,seesaw,128,seed1,,test_accuracy,2,0.8155643564356435
adamw_seesaw 128,seesaw,128,seed1,,test_accuracy,3,0.8229306930693069
adamw_seesaw 128,seesaw,128,seed1,,test_accuracy,3,0.8229306930693069
adamw_seesaw 128,seesaw,128,seed1,,test_accuracy,4,0.8314851485148514
adamw_seesaw 128,seesaw,128,seed1,,test_accuracy,4,0.8314851485148514
adamw_seesaw 128,seesaw,128,seed1,,test_accuracy,5,0.8371485148514851
adamw_seesaw 128,seesaw,128,seed1,,test_accuracy,5,0.8371485148514851
adamw_seesaw 128,seesaw,128,seed1,,test_accuracy,6,0.8377821782178217
adamw_seesaw 128,seesaw,128,seed1,,test_accuracy,6,0.8377821782178217
adamw_seesaw 128,seesaw,128,seed1,,test_accuracy,7,0.838059405940594
adamw_seesaw 128,seesaw,128,seed1,,test_accuracy,7,0.838059405940594
adamw_seesaw 128,seesaw,128,seed1,,test_accuracy,8,0.8416237623762376
adamw_seesaw 128,seesaw,128,seed1,,test_accuracy,8,0.8416237623762376
adamw_seesaw 128,seesaw,128,seed1,,test_accuracy,9,0.843049504950495
adamw_seesaw 128,seesaw,128,seed1,,test_accuracy,9,0.843049504950495
adamw_seesaw 128,seesaw,128,seed1,,test_accuracy,10,0.8447524752475247
adamw_seesaw 128,seesaw,128,seed1,,test_accuracy,10,0.8447524752475247
adamw_seesaw 128,seesaw,128,seed1,,test_accuracy,11,0.8423762376237623
adamw_seesaw 128,seesaw,128,seed1,,test_accuracy,11,0.8423762376237623
adamw_seesaw 128,seesaw,128,seed1,,test_accuracy,12,0.8433663366336633
adamw_seesaw 128,seesaw,128,seed1,,test_accuracy,12,0.8433663366336633
adamw_seesaw 128,seesaw,128,seed1,,test_accuracy,13,0.8437227722772277
adamw_seesaw 128,seesaw,128,seed1,,test_accuracy,13,0.8437227722772277
adamw_seesaw 128,seesaw,128,seed1,,test_accuracy,14,0.8441188118811881
adamw_seesaw 128,seesaw,128,seed1,,test_accuracy,14,0.8441188118811881
adamw_seesaw 128,seesaw,128,seed1,,test_accuracy,15,0.8462970297029703
adamw_seesaw 128,seesaw,128,seed1,,test_accuracy,15,0.8462970297029703
adamw_seesaw 128,seesaw,128,seed1,,test_accuracy,16,0.8439207920792079
adamw_seesaw 128,seesaw,128,seed1,,test_accuracy,16,0.8439207920792079
adamw_seesaw 128,seesaw,128,seed1,,test_accuracy,17,0.8423762376237623
adamw_seesaw 128,seesaw,128,seed1,,test_accuracy,17,0.8423762376237623
adamw_seesaw 128,seesaw,128,seed1,,test_accuracy,18,0.8447920792079208
adamw_seesaw 128,seesaw,128,seed1,,test_accuracy,18,0.8447920792079208
adamw_seesaw 128,seesaw,128,seed1,,test_accuracy,19,0.8435247524752475
adamw_seesaw 128,seesaw,128,seed1,,test_accuracy,19,0.8435247524752475
adamw_seesaw 128,seesaw,128,seed1,,test_accuracy,20,0.8446336633663366
adamw_seesaw 128,seesaw,128,seed1,,test_accuracy,20,0.8446336633663366
adamw_seesaw 128,seesaw,128,seed1,,test_accuracy,21,0.8489504950495049
adamw_seesaw 128,seesaw,128,seed1,,test_accuracy,21,0.8432475247524752
adamw_seesaw 128,seesaw,128,seed1,,test_accuracy,22,0.8478811881188119
adamw_seesaw 128,seesaw,128,seed1,,test_accuracy,22,0.840079207920792
adamw_seesaw 128,seesaw,128,seed1,,test_accuracy,23,0.8496633663366336
adamw_seesaw 128,seesaw,128,seed1,,test_accuracy,23,0.8433663366336633
adamw_seesaw 128,seesaw,128,seed1,,test_accuracy,24,0.8495841584158416
adamw_seesaw 128,seesaw,128,seed1,,test_accuracy,24,0.8417029702970297
adamw_seesaw 128,seesaw,128,seed1,,test_accuracy,25,0.8488316831683168
adamw_seesaw 128,seesaw,128,seed1,,test_accuracy,25,0.8472871287128713
adamw_seesaw 128,seesaw,128,seed1,,test_accuracy,26,0.8481584158415841
adamw_seesaw 128,seesaw,128,seed1,,test_accuracy,26,0.848
adamw_seesaw 128,seesaw,128,seed1,,test_accuracy,27,0.8498613861386138
adamw_seesaw 128,seesaw,128,seed1,,test_accuracy,27,0.8472475247524752
adamw_seesaw 128,seesaw,128,seed1,,test_accuracy,28,0.8498217821782178
adamw_seesaw 128,seesaw,128,seed1,,test_accuracy,28,0.8489504950495049
adamw_seesaw 128,seesaw,128,seed1,,test_accuracy,29,0.8506534653465346
adamw_seesaw 128,seesaw,128,seed1,,test_accuracy,29,0.8481584158415841
adamw_seesaw 128,seesaw,128,seed1,,test_accuracy,30,0.8505346534653465
adamw_seesaw 128,seesaw,128,seed1,,test_accuracy,30,0.8493069306930693
adamw_seesaw 128,seesaw,128,seed1,,test_accuracy,31,0.8504554455445544
adamw_seesaw 128,seesaw,128,seed1,,test_accuracy,31,0.8479207920792079
adamw_seesaw 128,seesaw,128,seed1,,test_accuracy,32,0.851009900990099
adamw_seesaw 128,seesaw,128,seed1,,test_accuracy,32,0.8493465346534653
adamw_seesaw 128,seesaw,128,seed1,,test_accuracy,33,0.8508118811881188
adamw_seesaw 128,seesaw,128,seed1,,test_accuracy,33,0.8486732673267326
adamw_seesaw 128,seesaw,128,seed1,,test_accuracy,34,0.8503762376237624
adamw_seesaw 128,seesaw,128,seed1,,test_accuracy,34,0.8495049504950495
adamw_seesaw 128,seesaw,128,seed1,,test_accuracy,35,0.8497029702970297
adamw_seesaw 128,seesaw,128,seed2,,test_accuracy,0,0.7483168316831683
adamw_seesaw 128,seesaw,128,seed2,,test_accuracy,0,0.7483168316831683
adamw_seesaw 128,seesaw,128,seed2,,test_accuracy,0,0.7483168316831683
adamw_seesaw 128,seesaw,128,seed2,,test_accuracy,0,0.7483168316831683
adamw_seesaw 128,seesaw,128,seed2,,test_accuracy,0,0.7483168316831683
adamw_seesaw 128,seesaw,128,seed2,,test_accuracy,1,0.7943762376237624
adamw_seesaw 128,seesaw,128,seed2,,test_accuracy,1,0.7943762376237624
adamw_seesaw 128,seesaw,128,seed2,,test_accuracy,1,0.7943762376237624
adamw_seesaw 128,seesaw,128,seed2,,test_accuracy,1,0.7943762376237624
adamw_seesaw 128,seesaw,128,seed2,,test_accuracy,2,0.8137821782178217
adamw_seesaw 128,seesaw,128,seed2,,test_accuracy,2,0.8137821782178217
adamw_seesaw 128,seesaw,128,seed2,,test_accuracy,2,0.8137821782178217
adamw_seesaw 128,seesaw,128,seed2,,test_accuracy,2,0.8137821782178217
adamw_seesaw 128,seesaw,128,seed2,,test_accuracy,3,0.8253069306930693
adamw_seesaw 128,seesaw,128,seed2,,test_accuracy,3,0.8253069306930693
adamw_seesaw 128,seesaw,128,seed2,,test_accuracy,3,0.8253069306930693
adamw_seesaw 128,seesaw,128,seed2,,test_accuracy,3,0.8253069306930693
adamw_seesaw 128,seesaw,128,seed2,,test_accuracy,4,0.8305742574257425
adamw_seesaw 128,seesaw,128,seed2,,test_accuracy,4,0.8305742574257425
adamw_seesaw 128,seesaw,128,seed2,,test_accuracy,4,0.8305742574257425
adamw_seesaw 128,seesaw,128,seed2,,test_accuracy,4,0.8305742574257425
adamw_seesaw 128,seesaw,128,seed2,,test_accuracy,5,0.8328712871287128
adamw_seesaw 128,seesaw,128,seed2,,test_accuracy,5,0.8328712871287128
adamw_seesaw 128,seesaw,128,seed2,,test_accuracy,5,0.8328712871287128
adamw_seesaw 128,seesaw,128,seed2,,test_accuracy,5,0.8328712871287128
adamw_seesaw 128,seesaw,128,seed2,,test_accuracy,6,0.8365544554455445
adamw_seesaw 128,seesaw,128,seed2,,test_accuracy,6,0.8365544554455445
adamw_seesaw 128,seesaw,128,seed2,,test_accuracy,6,0.8365544554455445
adamw_seesaw 128,seesaw,128,seed2,,test_accuracy,6,0.8365544554455445
adamw_seesaw 128,seesaw,128,seed2,,test_accuracy,7,0.8366336633663366
adamw_seesaw 128,seesaw,128,seed2,,test_accuracy,7,0.8366336633663366
adamw_seesaw 128,seesaw,128,seed2,,test_accuracy,7,0.8366336633663366
adamw_seesaw 128,seesaw,128,seed2,,test_accuracy,7,0.8366336633663366
adamw_seesaw 128,seesaw,128,seed2,,test_accuracy,8,0.8377029702970297
adamw_seesaw 128,seesaw,128,seed2,,test_accuracy,8,0.8377029702970297
adamw_seesaw 128,seesaw,128,seed2,,test_accuracy,8,0.8377029702970297
adamw_seesaw 128,seesaw,128,seed2,,test_accuracy,8,0.8377029702970297
adamw_seesaw 128,seesaw,128,seed2,,test_accuracy,9,0.8389702970297029
adamw_seesaw 128,seesaw,128,seed2,,test_accuracy,9,0.8389702970297029
adamw_seesaw 128,seesaw,128,seed2,,test_accuracy,9,0.8389702970297029
adamw_seesaw 128,seesaw,128,seed2,,test_accuracy,9,0.8389702970297029
adamw_seesaw 128,seesaw,128,seed2,,test_accuracy,10,0.8398811881188118
adamw_seesaw 128,seesaw,128,seed2,,test_accuracy,10,0.8398811881188118
adamw_seesaw 128,seesaw,128,seed2,,test_accuracy,10,0.8398811881188118
adamw_seesaw 128,seesaw,128,seed2,,test_accuracy,10,0.8398811881188118
adamw_seesaw 128,seesaw,128,seed2,,test_accuracy,11,0.8436831683168317
adamw_seesaw 128,seesaw,128,seed2,,test_accuracy,11,0.8436831683168317
adamw_seesaw 128,seesaw,128,seed2,,test_accuracy,11,0.8436831683168317
adamw_seesaw 128,seesaw,128,seed2,,test_accuracy,11,0.8436831683168317
adamw_seesaw 128,seesaw,128,seed2,,test_accuracy,12,0.8393267326732673
adamw_seesaw 128,seesaw,128,seed2,,test_accuracy,12,0.8393267326732673
adamw_seesaw 128,seesaw,128,seed2,,test_accuracy,12,0.8393267326732673
adamw_seesaw 128,seesaw,128,seed2,,test_accuracy,12,0.8393267326732673
adamw_seesaw 128,seesaw,128,seed2,,test_accuracy,13,0.8427722772277227
adamw_seesaw 128,seesaw,128,seed2,,test_accuracy,13,0.8427722772277227
adamw_seesaw 128,seesaw,128,seed2,,test_accuracy,13,0.8427722772277227
adamw_seesaw 128,seesaw,128,seed2,,test_accuracy,13,0.8427722772277227
adamw_seesaw 128,seesaw,128,seed2,,test_accuracy,14,0.8424158415841584
adamw_seesaw 128,seesaw,128,seed2,,test_accuracy,14,0.8424158415841584
adamw_seesaw 128,seesaw,128,seed2,,test_accuracy,14,0.8424158415841584
adamw_seesaw 128,seesaw,128,seed2,,test_accuracy,14,0.8424158415841584
adamw_seesaw 128,seesaw,128,seed2,,test_accuracy,15,0.8411089108910891
adamw_seesaw 128,seesaw,128,seed2,,test_accuracy,15,0.8411089108910891
adamw_seesaw 128,seesaw,128,seed2,,test_accuracy,15,0.8411089108910891
adamw_seesaw 128,seesaw,128,seed2,,test_accuracy,15,0.8411089108910891
adamw_seesaw 128,seesaw,128,seed2,,test_accuracy,16,0.8426138613861386
adamw_seesaw 128,seesaw,128,seed2,,test_accuracy,16,0.8426138613861386
adamw_seesaw 128,seesaw,128,seed2,,test_accuracy,16,0.8426138613861386
adamw_seesaw 128,seesaw,128,seed2,,test_accuracy,16,0.8426138613861386
adamw_seesaw 128,seesaw,128,seed2,,test_accuracy,17,0.8421386138613861
adamw_seesaw 128,seesaw,128,seed2,,test_accuracy,17,0.8421386138613861
adamw_seesaw 128,seesaw,128,seed2,,test_accuracy,17,0.8421386138613861
adamw_seesaw 128,seesaw,128,seed2,,test_accuracy,17,0.8421386138613861
adamw_seesaw 128,seesaw,128,seed2,,test_accuracy,18,0.842019801980198
adamw_seesaw 128,seesaw,128,seed2,,test_accuracy,18,0.842019801980198
adamw_seesaw 128,seesaw,128,seed2,,test_accuracy,18,0.842019801980198
adamw_seesaw 128,seesaw,128,seed2,,test_accuracy,18,0.842019801980198
adamw_seesaw 128,seesaw,128,seed2,,test_accuracy,19,0.8435643564356435
adamw_seesaw 128,seesaw,128,seed2,,test_accuracy,19,0.8435643564356435
adamw_seesaw 128,seesaw,128,seed2,,test_accuracy,19,0.8435643564356435
adamw_seesaw 128,seesaw,128,seed2,,test_accuracy,19,0.8435643564356435
adamw_seesaw 128,seesaw,128,seed2,,test_accuracy,20,0.8420990099009901
adamw_seesaw 128,seesaw,128,seed2,,test_accuracy,20,0.8420990099009901
adamw_seesaw 128,seesaw,128,seed2,,test_accuracy,20,0.8420990099009901
adamw_seesaw 128,seesaw,128,seed2,,test_accuracy,20,0.8420990099009901
adamw_seesaw 128,seesaw,128,seed2,,test_accuracy,21,0.8432079207920792
adamw_seesaw 128,seesaw,128,seed2,,test_accuracy,21,0.8458613861386138
adamw_seesaw 128,seesaw,128,seed2,,test_accuracy,21,0.8458613861386138
adamw_seesaw 128,seesaw,128,seed2,,test_accuracy,21,0.8432079207920792
adamw_seesaw 128,seesaw,128,seed2,,test_accuracy,22,0.8433267326732673
adamw_seesaw 128,seesaw,128,seed2,,test_accuracy,22,0.8481188118811881
adamw_seesaw 128,seesaw,128,seed2,,test_accuracy,22,0.8481188118811881
adamw_seesaw 128,seesaw,128,seed2,,test_accuracy,22,0.8433267326732673
adamw_seesaw 128,seesaw,128,seed2,,test_accuracy,23,0.8426930693069307
adamw_seesaw 128,seesaw,128,seed2,,test_accuracy,23,0.8482376237623762
adamw_seesaw 128,seesaw,128,seed2,,test_accuracy,23,0.8482376237623762
adamw_seesaw 128,seesaw,128,seed2,,test_accuracy,23,0.8426930693069307
adamw_seesaw 128,seesaw,128,seed2,,test_accuracy,24,0.8406336633663366
adamw_seesaw 128,seesaw,128,seed2,,test_accuracy,24,0.8479207920792079
adamw_seesaw 128,seesaw,128,seed2,,test_accuracy,24,0.8479207920792079
adamw_seesaw 128,seesaw,128,seed2,,test_accuracy,24,0.8406336633663366
adamw_seesaw 128,seesaw,128,seed2,,test_accuracy,25,0.8474455445544554
adamw_seesaw 128,seesaw,128,seed2,,test_accuracy,25,0.8488712871287128
adamw_seesaw 128,seesaw,128,seed2,,test_accuracy,25,0.8488712871287128
adamw_seesaw 128,seesaw,128,seed2,,test_accuracy,25,0.8474455445544554
adamw_seesaw 128,seesaw,128,seed2,,test_accuracy,26,0.8491089108910891
adamw_seesaw 128,seesaw,128,seed2,,test_accuracy,26,0.8470891089108911
adamw_seesaw 128,seesaw,128,seed2,,test_accuracy,26,0.8470891089108911
adamw_seesaw 128,seesaw,128,seed2,,test_accuracy,26,0.8491089108910891
adamw_seesaw 128,seesaw,128,seed2,,test_accuracy,27,0.8498217821782178
adamw_seesaw 128,seesaw,128,seed2,,test_accuracy,27,0.8505742574257426
adamw_seesaw 128,seesaw,128,seed2,,test_accuracy,27,0.8505742574257426
adamw_seesaw 128,seesaw,128,seed2,,test_accuracy,27,0.8498217821782178
adamw_seesaw 128,seesaw,128,seed2,,test_accuracy,28,0.8493465346534653
adamw_seesaw 128,seesaw,128,seed2,,test_accuracy,28,0.8495049504950495
adamw_seesaw 128,seesaw,128,seed2,,test_accuracy,28,0.8495049504950495
adamw_seesaw 128,seesaw,128,seed2,,test_accuracy,28,0.8493465346534653
adamw_seesaw 128,seesaw,128,seed2,,test_accuracy,29,0.8498613861386138
adamw_seesaw 128,seesaw,128,seed2,,test_accuracy,29,0.8499009900990099
adamw_seesaw 128,seesaw,128,seed2,,test_accuracy,29,0.8499009900990099
adamw_seesaw 128,seesaw,128,seed2,,test_accuracy,29,0.8498613861386138
adamw_seesaw 128,seesaw,128,seed2,,test_accuracy,30,0.8476831683168317
adamw_seesaw 128,seesaw,128,seed2,,test_accuracy,30,0.8494257425742574
adamw_seesaw 128,seesaw,128,seed2,,test_accuracy,30,0.8494257425742574
adamw_seesaw 128,seesaw,128,seed2,,test_accuracy,30,0.8476831683168317
adamw_seesaw 128,seesaw,128,seed2,,test_accuracy,31,0.8487128712871287
adamw_seesaw 128,seesaw,128,seed2,,test_accuracy,31,0.8502970297029703
adamw_seesaw 128,seesaw,128,seed2,,test_accuracy,31,0.8502970297029703
adamw_seesaw 128,seesaw,128,seed2,,test_accuracy,31,0.8487128712871287
adamw_seesaw 128,seesaw,128,seed2,,test_accuracy,32,0.8493465346534653
adamw_seesaw 128,seesaw,128,seed2,,test_accuracy,32,0.8508514851485148
adamw_seesaw 128,seesaw,128,seed2,,test_accuracy,32,0.8508514851485148
adamw_seesaw 128,seesaw,128,seed2,,test_accuracy,32,0.8493465346534653
adamw_seesaw 128,seesaw,128,seed2,,test_accuracy,33,0.8493861386138614
adamw_seesaw 128,seesaw,128,seed2,,test_accuracy,33,0.8511683168316831
adamw_seesaw 128,seesaw,128,seed2,,test_accuracy,33,0.8511683168316831
adamw_seesaw 128,seesaw,128,seed2,,test_accuracy,33,0.8493861386138614
adamw_seesaw 128,seesaw,128,seed2,,test_accuracy,34,0.849980198019802
adamw_seesaw 128,seesaw,128,seed2,,test_accuracy,34,0.8511287128712871
adamw_seesaw 128,seesaw,128,seed2,,test_accuracy,34,0.8511287128712871
adamw_seesaw 128,seesaw,128,seed2,,test_accuracy,34,0.849980198019802
adamw_seesaw 128,seesaw,128,seed2,,test_accuracy,35,0.850059405940594
adamw_seesaw 128,seesaw,128,seed2,,test_accuracy,35,0.8510891089108911
adamw_seesaw 128,seesaw,128,seed2,,test_accuracy,35,0.8510891089108911
adamw_seesaw 128,seesaw,128,seed2,,test_accuracy,35,0.850059405940594
adamw_seesaw 128,seesaw,128,seed2,,test_accuracy,36,0.8507722772277228
adamw_seesaw 128,seesaw,128,seed2,,test_accuracy,36,0.8507722772277228
adamw_seesaw 256,seesaw,256,seed1,,test_accuracy,0,0.7268514851485148
adamw_seesaw 256,seesaw,256,seed1,,test_accuracy,1,0.781980198019802
adamw_seesaw 256,seesaw,256,seed1,,test_accuracy,2,0.8046336633663367
adamw_seesaw 256,seesaw,256,seed1,,test_accuracy,3,0.8154851485148514
adamw_seesaw 256,seesaw,256,seed1,,test_accuracy,4,0.8225742574257425
adamw_seesaw 256,seesaw,256,seed1,,test_accuracy,5,0.8312475247524752
adamw_seesaw 256,seesaw,256,seed1,,test_accuracy,6,0.8334257425742574
adamw_seesaw 256,seesaw,256,seed1,,test_accuracy,7,0.8342178217821782
adamw_seesaw 256,seesaw,256,seed1,,test_accuracy,8,0.8377425742574257
adamw_seesaw 256,seesaw,256,seed1,,test_accuracy,9,0.8395247524752475
adamw_seesaw 256,seesaw,256,seed1,,test_accuracy,10,0.8417029702970297
adamw_seesaw 256,seesaw,256,seed1,,test_accuracy,11,0.8375841584158416
adamw_seesaw 256,seesaw,256,seed1,,test_accuracy,12,0.843009900990099
adamw_seesaw 256,seesaw,256,seed1,,test_accuracy,13,0.8423366336633663
adamw_seesaw 256,seesaw,256,seed1,,test_accuracy,14,0.8427722772277227
adamw_seesaw 256,seesaw,256,seed1,,test_accuracy,15,0.8469306930693069
adamw_seesaw 256,seesaw,256,seed1,,test_accuracy,16,0.8446336633663366
adamw_seesaw 256,seesaw,256,seed1,,test_accuracy,17,0.8447128712871287
adamw_seesaw 256,seesaw,256,seed1,,test_accuracy,18,0.8447920792079208
adamw_seesaw 256,seesaw,256,seed1,,test_accuracy,19,0.8426930693069307
adamw_seesaw 256,seesaw,256,seed1,,test_accuracy,20,0.8455445544554455
adamw_seesaw 256,seesaw,256,seed1,,test_accuracy,21,0.8491881188118812
adamw_seesaw 256,seesaw,256,seed1,,test_accuracy,22,0.8478415841584158
adamw_seesaw 256,seesaw,256,seed1,,test_accuracy,23,0.8493465346534653
adamw_seesaw 256,seesaw,256,seed1,,test_accuracy,24,0.8486336633663366
adamw_seesaw 256,seesaw,256,seed1,,test_accuracy,25,0.8494653465346534
adamw_seesaw 256,seesaw,256,seed1,,test_accuracy,26,0.8483168316831683
adamw_seesaw 256,seesaw,256,seed1,,test_accuracy,27,0.849980198019802
adamw_seesaw 256,seesaw,256,seed1,,test_accuracy,28,0.8496633663366336
adamw_seesaw 256,seesaw,256,seed1,,test_accuracy,29,0.8502178217821782
adamw_seesaw 256,seesaw,256,seed1,,test_accuracy,30,0.8497425742574257
adamw_seesaw 256,seesaw,256,seed1,,test_accuracy,31,0.850019801980198
adamw_seesaw 64,seesaw,64,seed1,,test_accuracy,0,0.7778217821782178
adamw_seesaw 64,seesaw,64,seed1,,test_accuracy,1,0.808
adamw_seesaw 64,seesaw,64,seed1,,test_accuracy,2,0.8188514851485148
adamw_seesaw 64,seesaw,64,seed1,,test_accuracy,3,0.8284356435643564
adamw_seesaw 64,seesaw,64,seed1,,test_accuracy,4,0.8300990099009901
adamw_seesaw 64,seesaw,64,seed1,,test_accuracy,5,0.8361188118811881
adamw_seesaw 64,seesaw,64,seed1,,test_accuracy,6,0.8356831683168316
adamw_seesaw 64,seesaw,64,seed1,,test_accuracy,7,0.8364752475247524
adamw_seesaw 64,seesaw,64,seed1,,test_accuracy,8,0.8377821782178217
adamw_seesaw 64,seesaw,64,seed1,,test_accuracy,9,0.8376633663366336
adamw_seesaw 64,seesaw,64,seed1,,test_accuracy,10,0.8413861386138614
adamw_seesaw 64,seesaw,64,seed1,,test_accuracy,11,0.8392871287128713
adamw_seesaw 64,seesaw,64,seed1,,test_accuracy,12,0.840079207920792
adamw_seesaw 64,seesaw,64,seed1,,test_accuracy,13,0.8406732673267326
adamw_seesaw 64,seesaw,64,seed1,,test_accuracy,14,0.8397227722772277
adamw_seesaw 64,seesaw,64,seed1,,test_accuracy,15,0.8401980198019802
adamw_seesaw 64,seesaw,64,seed1,,test_accuracy,16,0.8394851485148515
adamw_seesaw 64,seesaw,64,seed1,,test_accuracy,17,0.8382574257425742
adamw_seesaw 64,seesaw,64,seed1,,test_accuracy,18,0.8406336633663366
adamw_seesaw 64,seesaw,64,seed1,,test_accuracy,19,0.8398019801980198
adamw_seesaw 64,seesaw,64,seed1,,test_accuracy,20,0.8378217821782178
adamw_seesaw 64,seesaw,64,seed1,,test_accuracy,21,0.8423366336633663
adamw_seesaw 64,seesaw,64,seed1,,test_accuracy,22,0.8415841584158416
adamw_seesaw 64,seesaw,64,seed1,,test_accuracy,23,0.8392475247524752
adamw_seesaw 64,seesaw,64,seed1,,test_accuracy,24,0.8433663366336633
adamw_seesaw 64,seesaw,64,seed1,,test_accuracy,25,0.8492277227722772
adamw_seesaw 64,seesaw,64,seed1,,test_accuracy,26,0.8482772277227723
adamw_seesaw 64,seesaw,64,seed1,,test_accuracy,27,0.8504554455445544
adamw_seesaw 64,seesaw,64,seed1,,test_accuracy,28,0.8489504950495049
adamw_seesaw 64,seesaw,64,seed1,,test_accuracy,29,0.8505346534653465
adamw_seesaw 64,seesaw,64,seed1,,test_accuracy,30,0.8487920792079208
adamw_seesaw 64,seesaw,64,seed1,,test_accuracy,31,0.8487524752475247
adamw_seesaw 64,seesaw,64,seed1,,test_accuracy,32,0.8505742574257426
adamw_seesaw 64,seesaw,64,seed1,,test_accuracy,33,0.8508118811881188
adamw_seesaw 64,seesaw,64,seed1,,test_accuracy,34,0.8520792079207921
adamw_seesaw 64,seesaw,64,seed1,,test_accuracy,35,0.8518019801980198
adaboba 128 abm1,aboba,128,seed1,1,test_loss,0,0.9189072500048864
adaboba 128 abm1,aboba,128,seed1,1,test_loss,1,0.7255984479279229
adaboba 128 abm1,aboba,128,seed1,1,test_loss,2,0.7103055987996284
adaboba 128 abm1,aboba,128,seed1,1,test_loss,3,0.6731358413217645
adaboba 128 abm1,aboba,128,seed1,1,test_loss,4,0.6468542745934254
adaboba 128 abm1,aboba,128,seed1,1,test_loss,5,0.6405207202252414
adaboba 128 abm1,aboba,128,seed1,1,test_loss,6,0.6406466093730426
adaboba 128 abm1,aboba,128,seed1,1,test_loss,7,0.6465476405462297
adaboba 128 abm1,aboba,128,seed1,1,test_loss,8,0.6369804741433737
adaboba 128 abm1,aboba,128,seed1,1,test_loss,9,0.6348451802911557
adaboba 128 abm1,aboba,128,seed1,1,test_loss,10,0.6331365878712574
adaboba 128 abm1,aboba,128,seed1,1,test_loss,11,0.6266324135164419
adaboba 128 abm1,aboba,128,seed1,1,test_loss,12,0.6170203182328906
adaboba 128 abm1,aboba,128,seed1,1,test_loss,13,0.6240895618825699
adaboba 128 abm1,aboba,128,seed1,1,test_loss,14,0.6162644593101559
adaboba 128 abm1,aboba,128,seed1,1,test_loss,15,0.6133820840717302
adaboba 128 abm1,aboba,128,seed1,1,test_loss,16,0.6079519728487922
adaboba 128 abm1,aboba,128,seed1,1,test_loss,17,0.6002204321663488
adaboba 128 abm1,aboba,128,seed1,1,test_loss,18,0.593826603711197
adaboba 128 abm1,aboba,128,seed1,1,test_loss,19,0.5953288722755106
adaboba 128 abm1,aboba,128,seed1,1,test_loss,20,0.5905063209015725
adaboba 128 abm1,aboba,128,seed1,1,test_loss,21,0.593484008824688
adaboba 128 abm1,aboba,128,seed1,1,test_loss,22,0.5862636667490476
adaboba 128 abm1,aboba,128,seed1,1,test_loss,23,0.5881591602769501
adaboba 128 abm1,aboba,128,seed1,1,test_loss,24,0.5847563142006313
adaboba 128 abm1,aboba,128,seed1,1,test_loss,25,0.584150834912152
adaboba 128 abm1,aboba,128,seed1,1,test_loss,26,0.5787950967664294
adaboba 128 abm1,aboba,128,seed1,1,test_loss,27,0.575312013085226
adaboba 128 abm1,aboba,128,seed1,1,test_loss,28,0.5729721669728557
adaboba 128 abm1,aboba,128,seed1,1,test_loss,29,0.5680645192312453
adaboba 128 abm1,aboba,128,seed1,1,test_loss,30,0.5658941089723617
adaboba 128 abm1,aboba,128,seed1,1,test_loss,31,0.5643056705335362
adaboba 128 abm1,aboba,128,seed1,1,test_loss,32,0.5640230977865444
adaboba 128 abm1,aboba,128,seed1,1,test_loss,33,0.5619969452088087
adaboba 128 abm1,aboba,128,seed1,1,test_loss,34,0.5622249271984052
adaboba 128 abm1,aboba,128,seed1,1,test_loss,35,0.5613341780280638
adaboba 128 abm1,aboba,128,seed1,1,test_loss,36,0.5590125285818082
adaboba 128 abm1,aboba,128,seed1,1,test_loss,37,0.5575314471192394
adaboba 128 abm1,aboba,128,seed1,1,test_loss,38,0.5572534176036528
adaboba 128 abm1,aboba,128,seed1,1,test_loss,39,0.5572611051976135
adaboba 128 abm1,aboba,128,seed2,1,test_loss,0,0.9290921161835543
adaboba 128 abm1,aboba,128,seed2,1,test_loss,1,0.7370469669689133
adaboba 128 abm1,aboba,128,seed2,1,test_loss,2,0.7191274083417022
adaboba 128 abm1,aboba,128,seed2,1,test_loss,3,0.688700134404982
adaboba 128 abm1,aboba,128,seed2,1,test_loss,4,0.6815485247596628
adaboba 128 abm1,aboba,128,seed2,1,test_loss,5,0.6627358957476011
adaboba 128 abm1,aboba,128,seed2,1,test_loss,6,0.6463061641770029
adaboba 128 abm1,aboba,128,seed2,1,test_loss,7,0.6513712661731236
adaboba 128 abm1,aboba,128,seed2,1,test_loss,8,0.6502612932124222
adaboba 128 abm1,aboba,128,seed2,1,test_loss,9,0.6447013556072959
adaboba 128 abm1,aboba,128,seed2,1,test_loss,10,0.6374531401029666
adaboba 128 abm1,aboba,128,seed2,1,test_loss,11,0.6420659773578548
adaboba 128 abm1,aboba,128,seed2,1,test_loss,12,0.6351127188483422
adaboba 128 abm1,aboba,128,seed2,1,test_loss,13,0.6158322358522752
adaboba 128 abm1,aboba,128,seed2,1,test_loss,14,0.6162759843987949
adaboba 128 abm1,aboba,128,seed2,1,test_loss,15,0.6183116100916658
adaboba 128 abm1,aboba,128,seed2,1,test_loss,16,0.604891247816873
adaboba 128 abm1,aboba,128,seed2,1,test_loss,17,0.6024963359132108
adaboba 128 abm1,aboba,128,seed2,1,test_loss,18,0.5962200238312961
adaboba 128 abm1,aboba,128,seed2,1,test_loss,19,0.5973514415173218
adaboba 128 abm1,aboba,128,seed2,1,test_loss,20,0.5920363902302478
adaboba 128 abm1,aboba,128,seed2,1,test_loss,21,0.5907533194709833
adaboba 128 abm1,aboba,128,seed2,1,test_loss,22,0.5890279047454547
adaboba 128 abm1,aboba,128,seed2,1,test_loss,23,0.5827130333924986
adaboba 128 abm1,aboba,128,seed2,1,test_loss,24,0.5845675891773268
adaboba 128 abm1,aboba,128,seed2,1,test_loss,25,0.5738531939233794
adaboba 128 abm1,aboba,128,seed2,1,test_loss,26,0.5793295147631204
adaboba 128 abm1,aboba,128,seed2,1,test_loss,27,0.5769001862053016
adaboba 128 abm1,aboba,128,seed2,1,test_loss,28,0.5712615872611
adaboba 128 abm1,aboba,128,seed2,1,test_loss,29,0.572005302137272
adaboba 128 abm1,aboba,128,seed2,1,test_loss,30,0.5742026068637092
adaboba 128 abm1,aboba,128,seed2,1,test_loss,31,0.5687401275846617
adaboba 128 abm1,aboba,128,seed2,1,test_loss,32,0.570281426878552
adaboba 128 abm1,aboba,128,seed2,1,test_loss,33,0.5687985927233417
adaboba 128 abm1,aboba,128,seed2,1,test_loss,34,0.5677849192388656
adaboba 128 abm1,aboba,128,seed2,1,test_loss,35,0.5661928877563714
adaboba 128 abm1,aboba,128,seed2,1,test_loss,36,0.5662742744510373
adaboba 128 abm1,aboba,128,seed2,1,test_loss,37,0.5666830623287218
adaboba 128 abm1,aboba,128,seed2,1,test_loss,38,0.5658274563593846
adaboba 128 abm1,aboba,128,seed2,1,test_loss,39,0.5654333530962844
adaboba 128 abm1,aboba,128,seed3,1,test_loss,0,0.9083906220780178
adaboba 128 abm1,aboba,128,seed3,1,test_loss,1,0.7340985433565397
adaboba 128 abm1,aboba,128,seed3,1,test_loss,2,0.7083038384508755
adaboba 128 abm1,aboba,128,seed3,1,test_loss,3,0.6930134406341522
adaboba 128 abm1,aboba,128,seed3,1,test_loss,4,0.6629510990137027
adaboba 128 abm1,aboba,128,seed3,1,test_loss,5,0.6587479155360147
adaboba 128 abm1,aboba,128,seed3,1,test_loss,6,0.6402052927743456
adaboba 128 abm1,aboba,128,seed3,1,test_loss,7,0.6463943207636476
adaboba 128 abm1,aboba,128,seed3,1,test_loss,8,0.6496249595092554
adaboba 128 abm1,aboba,128,seed3,1,test_loss,9,0.653876506676427
adaboba 128 abm1,aboba,128,seed3,1,test_loss,10,0.6372251841145559
adaboba 128 abm1,aboba,128,seed3,1,test_loss,11,0.6322086689960814
adaboba 128 abm1,aboba,128,seed3,1,test_loss,12,0.62275458733737
adaboba 128 abm1,aboba,128,seed3,1,test_loss,13,0.6202555332001243
adaboba 128 abm1,aboba,128,seed3,1,test_loss,14,0.6223401426151866
adaboba 128 abm1,aboba,128,seed3,1,test_loss,15,0.6188617125224096
adaboba 128 abm1,aboba,128,seed3,1,test_loss,16,0.6146546337198504
adaboba 128 abm1,aboba,128,seed3,1,test_loss,17,0.6134727837828299
adaboba 128 abm1,aboba,128,seed3,1,test_loss,18,0.6048732009514075
adaboba 128 abm1,aboba,128,seed3,1,test_loss,19,0.6090743581286979
adaboba 128 abm1,aboba,128,seed3,1,test_loss,20,0.5885462984807244
adaboba 128 abm1,aboba,128,seed3,1,test_loss,21,0.5990553608662778
adaboba 128 abm1,aboba,128,seed3,1,test_loss,22,0.5881527501882778
adaboba 128 abm1,aboba,128,seed3,1,test_loss,23,0.5856710690228889
adaboba 128 abm1,aboba,128,seed3,1,test_loss,24,0.5852231131019917
adaboba 128 abm1,aboba,128,seed3,1,test_loss,25,0.5805918030167996
adaboba 128 abm1,aboba,128,seed3,1,test_loss,26,0.5793400973674249
adaboba 128 abm1,aboba,128,seed3,1,test_loss,27,0.5845632311297732
adaboba 128 abm1,aboba,128,seed3,1,test_loss,28,0.5812768170849957
adaboba 128 abm1,aboba,128,seed3,1,test_loss,29,0.5772441943397162
adaboba 128 abm1,aboba,128,seed3,1,test_loss,30,0.5740089697217701
adaboba 128 abm1,aboba,128,seed3,1,test_loss,31,0.5747927023013207
adaboba 128 abm1,aboba,128,seed3,1,test_loss,32,0.569435908793086
adaboba 128 abm1,aboba,128,seed3,1,test_loss,33,0.5724791286071066
adaboba 128 abm1,aboba,128,seed3,1,test_loss,34,0.5710663027600432
adaboba 128 abm1,aboba,128,seed3,1,test_loss,35,0.5697159843161853
adaboba 128 abm1,aboba,128,seed3,1,test_loss,36,0.5685574773139311
adaboba 128 abm1,aboba,128,seed3,1,test_loss,37,0.5686763710379977
adaboba 128 abm1,aboba,128,seed3,1,test_loss,38,0.5679073671767996
adaboba 128 abm1,aboba,128,seed3,1,test_loss,39,0.568153862201731
adaboba 256 abm1,aboba,256,seed1,1,test_loss,0,1.0436708966288903
adaboba 256 abm1,aboba,256,seed1,1,test_loss,1,0.8056051390565405
adaboba 256 abm1,aboba,256,seed1,1,test_loss,2,0.7215325793985164
adaboba 256 abm1,aboba,256,seed1,1,test_loss,3,0.6898618430426025
adaboba 256 abm1,aboba,256,seed1,1,test_loss,4,0.6650409274781593
adaboba 256 abm1,aboba,256,seed1,1,test_loss,5,0.6588800211032533
adaboba 256 abm1,aboba,256,seed1,1,test_loss,6,0.6459105494761407
adaboba 256 abm1,aboba,256,seed1,1,test_loss,7,0.6480895157790545
adaboba 256 abm1,aboba,256,seed1,1,test_loss,8,0.6425115764517375
adaboba 256 abm1,aboba,256,seed1,1,test_loss,9,0.6253324474462054
adaboba 256 abm1,aboba,256,seed1,1,test_loss,10,0.6291310221634128
adaboba 256 abm1,aboba,256,seed1,1,test_loss,11,0.6251432811747296
adaboba 256 abm1,aboba,256,seed1,1,test_loss,12,0.6234427339237447
adaboba 256 abm1,aboba,256,seed1,1,test_loss,13,0.6170920057391579
adaboba 256 abm1,aboba,256,seed1,1,test_loss,14,0.6217022284564345
adaboba 256 abm1,aboba,256,seed1,1,test_loss,15,0.6258656332137609
adaboba 256 abm1,aboba,256,seed1,1,test_loss,16,0.6064668107363913
adaboba 256 abm1,aboba,256,seed1,1,test_loss,17,0.6144750216467814
adaboba 256 abm1,aboba,256,seed1,1,test_loss,18,0.6069201557247927
adaboba 256 abm1,aboba,256,seed1,1,test_loss,19,0.6002940870445184
adaboba 256 abm1,aboba,256,seed1,1,test_loss,20,0.5970971233239679
adaboba 256 abm1,aboba,256,seed1,1,test_loss,21,0.5929693048349535
adaboba 256 abm1,aboba,256,seed1,1,test_loss,22,0.5968308829222665
adaboba 256 abm1,aboba,256,seed1,1,test_loss,23,0.592929615065305
adaboba 256 abm1,aboba,256,seed1,1,test_loss,24,0.586232254375713
adaboba 256 abm1,aboba,256,seed1,1,test_loss,25,0.590013971307663
adaboba 256 abm1,aboba,256,seed1,1,test_loss,26,0.5850500231890967
adaboba 256 abm1,aboba,256,seed1,1,test_loss,27,0.5834924858251606
adaboba 256 abm1,aboba,256,seed1,1,test_loss,28,0.5834925808388778
adaboba 256 abm1,aboba,256,seed1,1,test_loss,29,0.5757058251536253
adaboba 256 abm1,aboba,256,seed1,1,test_loss,30,0.571909296316932
adaboba 256 abm1,aboba,256,seed1,1,test_loss,31,0.5718507518747238
adaboba 256 abm1,aboba,256,seed1,1,test_loss,32,0.5696502291794979
adaboba 256 abm1,aboba,256,seed1,1,test_loss,33,0.570085528748806
adaboba 256 abm1,aboba,256,seed1,1,test_loss,34,0.5686218795375992
adaboba 256 abm1,aboba,256,seed1,1,test_loss,35,0.5655964920391338
adaboba 256 abm1,aboba,256,seed1,1,test_loss,36,0.5655079520862512
adaboba 256 abm1,aboba,256,seed1,1,test_loss,37,0.5634824001804145
adaboba 256 abm1,aboba,256,seed1,1,test_loss,38,0.5640333431462446
adaboba 256 abm1,aboba,256,seed1,1,test_loss,39,0.5632216639892019
adaboba 256 abm1,aboba,256,seed2,1,test_loss,0,1.0656658572078956
adaboba 256 abm1,aboba,256,seed2,1,test_loss,1,0.7982498765593827
adaboba 256 abm1,aboba,256,seed2,1,test_loss,2,0.7332607117867229
adaboba 256 abm1,aboba,256,seed2,1,test_loss,3,0.687785691158338
adaboba 256 abm1,aboba,256,seed2,1,test_loss,4,0.6709667371981072
adaboba 256 abm1,aboba,256,seed2,1,test_loss,5,0.6635605814029472
adaboba 256 abm1,aboba,256,seed2,1,test_loss,6,0.6484882073721501
adaboba 256 abm1,aboba,256,seed2,1,test_loss,7,0.6644364754960994
adaboba 256 abm1,aboba,256,seed2,1,test_loss,8,0.6595318565013433
adaboba 256 abm1,aboba,256,seed2,1,test_loss,9,0.640729646715853
adaboba 256 abm1,aboba,256,seed2,1,test_loss,10,0.6291488444790093
adaboba 256 abm1,aboba,256,seed2,1,test_loss,11,0.6249362350714327
adaboba 256 abm1,aboba,256,seed2,1,test_loss,12,0.6354545578360558
adaboba 256 abm1,aboba,256,seed2,1,test_loss,13,0.6107101132622873
adaboba 256 abm1,aboba,256,seed2,1,test_loss,14,0.6132020163867209
adaboba 256 abm1,aboba,256,seed2,1,test_loss,15,0.6125264071078613
adaboba 256 abm1,aboba,256,seed2,1,test_loss,16,0.6027878218829029
adaboba 256 abm1,aboba,256,seed2,1,test_loss,17,0.6042460209191448
adaboba 256 abm1,aboba,256,seed2,1,test_loss,18,0.5971660884567583
adaboba 256 abm1,aboba,256,seed2,1,test_loss,19,0.5955288252896733
adaboba 256 abm1,aboba,256,seed2,1,test_loss,20,0.5855144158080973
adaboba 256 abm1,aboba,256,seed2,1,test_loss,21,0.5894431194873772
adaboba 256 abm1,aboba,256,seed2,1,test_loss,22,0.5867437144948376
adaboba 256 abm1,aboba,256,seed2,1,test_loss,23,0.5844416422299062
adaboba 256 abm1,aboba,256,seed2,1,test_loss,24,0.5758276933220902
adaboba 256 abm1,aboba,256,seed2,1,test_loss,25,0.5788109547110519
adaboba 256 abm1,aboba,256,seed2,1,test_loss,26,0.5726911489560147
adaboba 256 abm1,aboba,256,seed2,1,test_loss,27,0.5736060287389491
adaboba 256 abm1,aboba,256,seed2,1,test_loss,28,0.5733719422209143
adaboba 256 abm1,aboba,256,seed2,1,test_loss,29,0.5715184213236125
adaboba 256 abm1,aboba,256,seed2,1,test_loss,30,0.5704560955666532
adaboba 256 abm1,aboba,256,seed2,1,test_loss,31,0.5681641476247647
adaboba 256 abm1,aboba,256,seed2,1,test_loss,32,0.5676704213926287
adaboba 256 abm1,aboba,256,seed2,1,test_loss,33,0.5683361618506788
adaboba 256 abm1,aboba,256,seed2,1,test_loss,34,0.5649179543810662
adaboba 256 abm1,aboba,256,seed2,1,test_loss,35,0.5649540228298818
adaboba 256 abm1,aboba,256,seed2,1,test_loss,36,0.5639547070845811
adaboba 256 abm1,aboba,256,seed2,1,test_loss,37,0.5635297950921636
adaboba 256 abm1,aboba,256,seed2,1,test_loss,38,0.5623240171734131
adaboba 256 abm1,aboba,256,seed2,1,test_loss,39,0.5622951156186937
adaboba 256 abm1,aboba,256,seed3,1,test_loss,0,1.0487800887738816
adaboba 256 abm1,aboba,256,seed3,1,test_loss,1,0.814651744157979
adaboba 256 abm1,aboba,256,seed3,1,test_loss,2,0.7321510683331225
adaboba 256 abm1,aboba,256,seed3,1,test_loss,3,0.6809987556377445
adaboba 256 abm1,aboba,256,seed3,1,test_loss,4,0.6688312646566015
adaboba 256 abm1,aboba,256,seed3,1,test_loss,5,0.6502498799201214
adaboba 256 abm1,aboba,256,seed3,1,test_loss,6,0.6454302763397043
adaboba 256 abm1,aboba,256,seed3,1,test_loss,7,0.6550673023242541
adaboba 256 abm1,aboba,256,seed3,1,test_loss,8,0.6462784341037876
adaboba 256 abm1,aboba,256,seed3,1,test_loss,9,0.6408809309430195
adaboba 256 abm1,aboba,256,seed3,1,test_loss,10,0.6230462471380679
adaboba 256 abm1,aboba,256,seed3,1,test_loss,11,0.6313026287037917
adaboba 256 abm1,aboba,256,seed3,1,test_loss,12,0.6312854860090849
adaboba 256 abm1,aboba,256,seed3,1,test_loss,13,0.6228243528742983
adaboba 256 abm1,aboba,256,seed3,1,test_loss,14,0.6172392109051498
adaboba 256 abm1,aboba,256,seed3,1,test_loss,15,0.6168079090991405
adaboba 256 abm1,aboba,256,seed3,1,test_loss,16,0.6146388620589719
adaboba 256 abm1,aboba,256,seed3,1,test_loss,17,0.6111672859676559
adaboba 256 abm1,aboba,256,seed3,1,test_loss,18,0.6116198025117017
adaboba 256 abm1,aboba,256,seed3,1,test_loss,19,0.5946551544422453
adaboba 256 abm1,aboba,256,seed3,1,test_loss,20,0.5984160206986197
adaboba 256 abm1,aboba,256,seed3,1,test_loss,21,0.5930895240168379
adaboba 256 abm1,aboba,256,seed3,1,test_loss,22,0.5904770151081712
adaboba 256 abm1,aboba,256,seed3,1,test_loss,23,0.5922380715533339
adaboba 256 abm1,aboba,256,seed3,1,test_loss,24,0.5856832374978547
adaboba 256 abm1,aboba,256,seed3,1,test_loss,25,0.5902720124583052
adaboba 256 abm1,aboba,256,seed3,1,test_loss,26,0.5867700374337158
adaboba 256 abm1,aboba,256,seed3,1,test_loss,27,0.5834738304932611
adaboba 256 abm1,aboba,256,seed3,1,test_loss,28,0.5789749935419872
adaboba 256 abm1,aboba,256,seed3,1,test_loss,29,0.5760440045986512
adaboba 256 abm1,aboba,256,seed3,1,test_loss,30,0.5725586812830332
adaboba 256 abm1,aboba,256,seed3,1,test_loss,31,0.5763366438373171
adaboba 256 abm1,aboba,256,seed3,1,test_loss,32,0.5708190472138048
adaboba 256 abm1,aboba,256,seed3,1,test_loss,33,0.573027281335207
adaboba 256 abm1,aboba,256,seed3,1,test_loss,34,0.568868251009421
adaboba 256 abm1,aboba,256,seed3,1,test_loss,35,0.567843055333754
adaboba 256 abm1,aboba,256,seed3,1,test_loss,36,0.5675884200015453
adaboba 256 abm1,aboba,256,seed3,1,test_loss,37,0.567837685271345
adaboba 256 abm1,aboba,256,seed3,1,test_loss,38,0.5682519674301147
adaboba 256 abm1,aboba,256,seed3,1,test_loss,39,0.567743032380487
adaboba 64 abm1,aboba,64,seed1,1,test_loss,0,0.8331272745528553
adaboba 64 abm1,aboba,64,seed1,1,test_loss,0,0.8331272745528553
adaboba 64 abm1,aboba,64,seed1,1,test_loss,1,0.6942695305529463
adaboba 64 abm1,aboba,64,seed1,1,test_loss,1,0.6942695305529463
adaboba 64 abm1,aboba,64,seed1,1,test_loss,2,0.6961359122794569
adaboba 64 abm1,aboba,64,seed1,1,test_loss,2,0.6961359122794569
adaboba 64 abm1,aboba,64,seed1,1,test_loss,3,0.6821798546746656
adaboba 64 abm1,aboba,64,seed1,1,test_loss,3,0.6150324093967771
adaboba 64 abm1,aboba,64,seed1,1,test_loss,4,0.6510502152065334
adaboba 64 abm1,aboba,64,seed1,1,test_loss,4,0.6228242558253269
adaboba 64 abm1,aboba,64,seed1,1,test_loss,5,0.6485396417453178
adaboba 64 abm1,aboba,64,seed1,1,test_loss,5,0.6135104422265947
adaboba 64 abm1,aboba,64,seed1,1,test_loss,6,0.6484469063119532
adaboba 64 abm1,aboba,64,seed1,1,test_loss,6,0.6193316758241906
adaboba 64 abm1,aboba,64,seed1,1,test_loss,7,0.6434168196117499
adaboba 64 abm1,aboba,64,seed1,1,test_loss,7,0.6054636252339622
adaboba 64 abm1,aboba,64,seed1,1,test_loss,8,0.6425279628539228
adaboba 64 abm1,aboba,64,seed1,1,test_loss,8,0.6008967699956066
adaboba 64 abm1,aboba,64,seed1,1,test_loss,9,0.6544995130075855
adaboba 64 abm1,aboba,64,seed1,1,test_loss,9,0.6034745994819729
adaboba 64 abm1,aboba,64,seed1,1,test_loss,10,0.6379704353614722
adaboba 64 abm1,aboba,64,seed1,1,test_loss,10,0.6009496223531469
adaboba 64 abm1,aboba,64,seed1,1,test_loss,11,0.6390652564825796
adaboba 64 abm1,aboba,64,seed1,1,test_loss,11,0.597465896998426
adaboba 64 abm1,aboba,64,seed1,1,test_loss,12,0.6377788018505973
adaboba 64 abm1,aboba,64,seed1,1,test_loss,12,0.589120467570743
adaboba 64 abm1,aboba,64,seed1,1,test_loss,13,0.6203307212514603
adaboba 64 abm1,aboba,64,seed1,1,test_loss,13,0.5947869862930826
adaboba 64 abm1,aboba,64,seed1,1,test_loss,14,0.623606549509465
adaboba 64 abm1,aboba,64,seed1,1,test_loss,14,0.5929681017639741
adaboba 64 abm1,aboba,64,seed1,1,test_loss,15,0.617440044034797
adaboba 64 abm1,aboba,64,seed1,1,test_loss,15,0.5898132712524267
adaboba 64 abm1,aboba,64,seed1,1,test_loss,16,0.6193776355444783
adaboba 64 abm1,aboba,64,seed1,1,test_loss,16,0.5905848433331387
adaboba 64 abm1,aboba,64,seed1,1,test_loss,17,0.6191881263201992
adaboba 64 abm1,aboba,64,seed1,1,test_loss,17,0.5810482897405229
adaboba 64 abm1,aboba,64,seed1,1,test_loss,18,0.6050006315448098
adaboba 64 abm1,aboba,64,seed1,1,test_loss,18,0.5847126326252576
adaboba 64 abm1,aboba,64,seed1,1,test_loss,19,0.5989954794773278
adaboba 64 abm1,aboba,64,seed1,1,test_loss,19,0.584986508907264
adaboba 64 abm1,aboba,64,seed1,1,test_loss,20,0.5922325454357588
adaboba 64 abm1,aboba,64,seed1,1,test_loss,20,0.5819202017151055
adaboba 64 abm1,aboba,64,seed1,1,test_loss,21,0.5994359184855218
adaboba 64 abm1,aboba,64,seed1,1,test_loss,21,0.579260467349027
adaboba 64 abm1,aboba,64,seed1,1,test_loss,22,0.5977672171304474
adaboba 64 abm1,aboba,64,seed1,1,test_loss,22,0.5772177021798701
adaboba 64 abm1,aboba,64,seed1,1,test_loss,23,0.6010443330568532
adaboba 64 abm1,aboba,64,seed1,1,test_loss,23,0.5766554647571072
adaboba 64 abm1,aboba,64,seed1,1,test_loss,24,0.5946719124715751
adaboba 64 abm1,aboba,64,seed1,1,test_loss,24,0.5719693674732448
adaboba 64 abm1,aboba,64,seed1,1,test_loss,25,0.5935029102473143
adaboba 64 abm1,aboba,64,seed1,1,test_loss,25,0.5701999525016445
adaboba 64 abm1,aboba,64,seed1,1,test_loss,26,0.5861958947834335
adaboba 64 abm1,aboba,64,seed1,1,test_loss,26,0.5699044195124644
adaboba 64 abm1,aboba,64,seed1,1,test_loss,27,0.5872047772660521
adaboba 64 abm1,aboba,64,seed1,1,test_loss,27,0.5665307645015477
adaboba 64 abm1,aboba,64,seed1,1,test_loss,28,0.5797500359551698
adaboba 64 abm1,aboba,64,seed1,1,test_loss,28,0.5648169535762613
adaboba 64 abm1,aboba,64,seed1,1,test_loss,29,0.5767556805811275
adaboba 64 abm1,aboba,64,seed1,1,test_loss,29,0.5612358492351125
adaboba 64 abm1,aboba,64,seed1,1,test_loss,30,0.5763961504259194
adaboba 64 abm1,aboba,64,seed1,1,test_loss,30,0.5615455661067751
adaboba 64 abm1,aboba,64,seed1,1,test_loss,31,0.572465949462538
adaboba 64 abm1,aboba,64,seed1,1,test_loss,31,0.5617301157666842
adaboba 64 abm1,aboba,64,seed1,1,test_loss,32,0.5712022482106591
adaboba 64 abm1,aboba,64,seed1,1,test_loss,32,0.5607930901936327
adaboba 64 abm1,aboba,64,seed1,1,test_loss,33,0.570323204874397
adaboba 64 abm1,aboba,64,seed1,1,test_loss,33,0.5603892335971771
adaboba 64 abm1,aboba,64,seed1,1,test_loss,34,0.5694251163668129
adaboba 64 abm1,aboba,64,seed1,1,test_loss,34,0.5586517724134853
adaboba 64 abm1,aboba,64,seed1,1,test_loss,35,0.5676720596684874
adaboba 64 abm1,aboba,64,seed1,1,test_loss,35,0.5573169531425921
adaboba 64 abm1,aboba,64,seed1,1,test_loss,36,0.5664345314254677
adaboba 64 abm1,aboba,64,seed1,1,test_loss,36,0.5577783225273678
adaboba 64 abm1,aboba,64,seed1,1,test_loss,37,0.5648294934224856
adaboba 64 abm1,aboba,64,seed1,1,test_loss,37,0.5578241706345395
adaboba 64 abm1,aboba,64,seed1,1,test_loss,38,0.5641047496033267
adaboba 64 abm1,aboba,64,seed1,1,test_loss,38,0.5579042001796851
adaboba 64 abm1,aboba,64,seed1,1,test_loss,39,0.5634928190420512
adaboba 64 abm1,aboba,64,seed1,1,test_loss,39,0.5575816681117108
adaboba 64 abm1,aboba,64,seed2,1,test_loss,0,0.8318263693795174
adaboba 64 abm1,aboba,64,seed2,1,test_loss,1,0.688711837068483
adaboba 64 abm1,aboba,64,seed2,1,test_loss,2,0.7262576136631962
adaboba 64 abm1,aboba,64,seed2,1,test_loss,3,0.681449791074648
adaboba 64 abm1,aboba,64,seed2,1,test_loss,4,0.660099156549837
adaboba 64 abm1,aboba,64,seed2,1,test_loss,5,0.6632633557731781
adaboba 64 abm1,aboba,64,seed2,1,test_loss,6,0.6590328534110155
adaboba 64 abm1,aboba,64,seed2,1,test_loss,7,0.6498852198672351
adaboba 64 abm1,aboba,64,seed2,1,test_loss,8,0.64942024389777
adaboba 64 abm1,aboba,64,seed2,1,test_loss,9,0.6316219155470357
adaboba 64 abm1,aboba,64,seed2,1,test_loss,10,0.6518655597314804
adaboba 64 abm1,aboba,64,seed2,1,test_loss,11,0.6288839450848726
adaboba 64 abm1,aboba,64,seed2,1,test_loss,12,0.6298088803854948
adaboba 64 abm1,aboba,64,seed2,1,test_loss,13,0.6168511133017667
adaboba 64 abm1,aboba,64,seed2,1,test_loss,14,0.6302809754129399
adaboba 64 abm1,aboba,64,seed2,1,test_loss,15,0.6091499437485185
adaboba 64 abm1,aboba,64,seed2,1,test_loss,16,0.6074779281834777
adaboba 64 abm1,aboba,64,seed2,1,test_loss,17,0.6121762945493565
adaboba 64 abm1,aboba,64,seed2,1,test_loss,18,0.603736831338581
adaboba 64 abm1,aboba,64,seed2,1,test_loss,19,0.6083844308151946
adaboba 64 abm1,aboba,64,seed2,1,test_loss,20,0.5961919224658934
adaboba 64 abm1,aboba,64,seed2,1,test_loss,21,0.5961601499945538
adaboba 64 abm1,aboba,64,seed2,1,test_loss,22,0.5904685130684719
adaboba 64 abm1,aboba,64,seed2,1,test_loss,23,0.5934060238366593
adaboba 64 abm1,aboba,64,seed2,1,test_loss,24,0.5863405421558956
adaboba 64 abm1,aboba,64,seed2,1,test_loss,25,0.5848103500149637
adaboba 64 abm1,aboba,64,seed2,1,test_loss,26,0.5898511398975631
adaboba 64 abm1,aboba,64,seed2,1,test_loss,27,0.577460140748763
adaboba 64 abm1,aboba,64,seed2,1,test_loss,28,0.5764777030453935
adaboba 64 abm1,aboba,64,seed2,1,test_loss,29,0.5761571219815766
adaboba 64 abm1,aboba,64,seed2,1,test_loss,30,0.5766003898642603
adaboba 64 abm1,aboba,64,seed2,1,test_loss,31,0.5752537463090229
adaboba 64 abm1,aboba,64,seed2,1,test_loss,32,0.572483008478391
adaboba 64 abm1,aboba,64,seed2,1,test_loss,33,0.5743158122418519
adaboba 64 abm1,aboba,64,seed2,1,test_loss,34,0.571534287368531
adaboba 64 abm1,aboba,64,seed2,1,test_loss,35,0.5716704471758861
adaboba 64 abm1,aboba,64,seed2,1,test_loss,36,0.5699360469082088
adaboba 64 abm1,aboba,64,seed2,1,test_loss,37,0.5695129734579668
adaboba 64 abm1,aboba,64,seed2,1,test_loss,38,0.5692204750118677
adaboba 64 abm1,aboba,64,seed2,1,test_loss,39,0.5688569937204158
adaboba 64 abm1,aboba,64,seed3,1,test_loss,0,0.833024859371819
adaboba 64 abm1,aboba,64,seed3,1,test_loss,1,0.6914402219396132
adaboba 64 abm1,aboba,64,seed3,1,test_loss,2,0.7004655946880178
adaboba 64 abm1,aboba,64,seed3,1,test_loss,3,0.6811675392341788
adaboba 64 abm1,aboba,64,seed3,1,test_loss,4,0.6565978736890763
adaboba 64 abm1,aboba,64,seed3,1,test_loss,5,0.6667955141765054
adaboba 64 abm1,aboba,64,seed3,1,test_loss,6,0.6557059276234536
adaboba 64 abm1,aboba,64,seed3,1,test_loss,7,0.6503295207125005
adaboba 64 abm1,aboba,64,seed3,1,test_loss,8,0.6454282319395732
adaboba 64 abm1,aboba,64,seed3,1,test_loss,9,0.6372897558822002
adaboba 64 abm1,aboba,64,seed3,1,test_loss,10,0.6260573684349892
adaboba 64 abm1,aboba,64,seed3,1,test_loss,11,0.63202454187197
adaboba 64 abm1,aboba,64,seed3,1,test_loss,12,0.6275244755897365
adaboba 64 abm1,aboba,64,seed3,1,test_loss,13,0.6269415258380578
adaboba 64 abm1,aboba,64,seed3,1,test_loss,14,0.6218181068647234
adaboba 64 abm1,aboba,64,seed3,1,test_loss,15,0.6205582436462246
adaboba 64 abm1,aboba,64,seed3,1,test_loss,16,0.6104193705190828
adaboba 64 abm1,aboba,64,seed3,1,test_loss,17,0.6156304090923727
adaboba 64 abm1,aboba,64,seed3,1,test_loss,18,0.6076420747888676
adaboba 64 abm1,aboba,64,seed3,1,test_loss,19,0.6035327908193215
adaboba 64 abm1,aboba,64,seed3,1,test_loss,20,0.5940719020654244
adaboba 64 abm1,aboba,64,seed3,1,test_loss,21,0.5977242773792212
adaboba 64 abm1,aboba,64,seed3,1,test_loss,22,0.5927652659244641
adaboba 64 abm1,aboba,64,seed3,1,test_loss,23,0.5897175117427501
adaboba 64 abm1,aboba,64,seed3,1,test_loss,24,0.5874595859875649
adaboba 64 abm1,aboba,64,seed3,1,test_loss,25,0.5863862016991288
adaboba 64 abm1,aboba,64,seed3,1,test_loss,26,0.5846822835669685
adaboba 64 abm1,aboba,64,seed3,1,test_loss,27,0.5856370429166142
adaboba 64 abm1,aboba,64,seed3,1,test_loss,28,0.5790766900715483
adaboba 64 abm1,aboba,64,seed3,1,test_loss,29,0.5798013975982307
adaboba 64 abm1,aboba,64,seed3,1,test_loss,30,0.5779948249042971
adaboba 64 abm1,aboba,64,seed3,1,test_loss,31,0.5803721340402263
adaboba 64 abm1,aboba,64,seed3,1,test_loss,32,0.5741332273461702
adaboba 64 abm1,aboba,64,seed3,1,test_loss,33,0.5746344880527696
adaboba 64 abm1,aboba,64,seed3,1,test_loss,34,0.5724915892870867
adaboba 64 abm1,aboba,64,seed3,1,test_loss,35,0.5712779195423318
adaboba 64 abm1,aboba,64,seed3,1,test_loss,36,0.5722651682754306
adaboba 64 abm1,aboba,64,seed3,1,test_loss,37,0.57040578710336
adaboba 64 abm1,aboba,64,seed3,1,test_loss,38,0.5701986269054631
adaboba 64 abm1,aboba,64,seed3,1,test_loss,39,0.5702008703464931
adamw 128,basic,128,seed1,,test_loss,0,0.9189072500048864
adamw 128,basic,128,seed1,,test_loss,0,0.9189072500048864
adamw 128,basic,128,seed1,,test_loss,1,0.7255984479279229
adamw 128,basic,128,seed1,,test_loss,1,0.7255984479279229
adamw 128,basic,128,seed1,,test_loss,2,0.6561661554180612
adamw 128,basic,128,seed1,,test_loss,2,0.6561661554180612
adamw 128,basic,128,seed1,,test_loss,3,0.6224928033359424
adamw 128,basic,128,seed1,,test_loss,3,0.6224928033359424
adamw 128,basic,128,seed1,,test_loss,4,0.5977211641806244
adamw 128,basic,128,seed1,,test_loss,4,0.5977211641806244
adamw 128,basic,128,seed1,,test_loss,5,0.5841461477490762
adamw 128,basic,128,seed1,,test_loss,5,0.5841461477490762
adamw 128,basic,128,seed1,,test_loss,6,0.5760624336756088
adamw 128,basic,128,seed1,,test_loss,6,0.5760624336756088
adamw 128,basic,128,seed1,,test_loss,7,0.5671299554529892
adamw 128,basic,128,seed1,,test_loss,7,0.5671299554529892
adamw 128,basic,128,seed1,,test_loss,8,0.5594610708878573
adamw 128,basic,128,seed1,,test_loss,8,0.5594610708878573
adamw 128,basic,128,seed1,,test_loss,9,0.5543671574589392
adamw 128,basic,128,seed1,,test_loss,9,0.5543671574589392
adamw 128,basic,128,seed1,,test_loss,10,0.5521953749197601
adamw 128,basic,128,seed1,,test_loss,10,0.5521953749197601
adamw 128,basic,128,seed1,,test_loss,11,0.5537043401425836
adamw 128,basic,128,seed1,,test_loss,11,0.5537043401425836
adamw 128,basic,128,seed1,,test_loss,12,0.540916682898321
adamw 128,basic,128,seed1,,test_loss,12,0.540916682898321
adamw 128,basic,128,seed1,,test_loss,13,0.5454183155435579
adamw 128,basic,128,seed1,,test_loss,13,0.5454183155435579
adamw 128,basic,128,seed1,,test_loss,14,0.551714866431524
adamw 128,basic,128,seed1,,test_loss,14,0.551714866431524
adamw 128,basic,128,seed1,,test_loss,15,0.5449397663839839
adamw 128,basic,128,seed1,,test_loss,15,0.5449397663839839
adamw 128,basic,128,seed1,,test_loss,16,0.5471068406101278
adamw 128,basic,128,seed1,,test_loss,16,0.5471068406101278
adamw 128,basic,128,seed1,,test_loss,17,0.5394056529709788
adamw 128,basic,128,seed1,,test_loss,17,0.5394056529709788
adamw 128,basic,128,seed1,,test_loss,18,0.5408672251117727
adamw 128,basic,128,seed1,,test_loss,18,0.5408672251117727
adamw 128,basic,128,seed1,,test_loss,19,0.5441640443780055
adamw 128,basic,128,seed1,,test_loss,19,0.5441640443780055
adamw 128,basic,128,seed1,,test_loss,20,0.5409895680501418
adamw 128,basic,128,seed1,,test_loss,20,0.5409895680501418
adamw 128,basic,128,seed1,,test_loss,21,0.5455557794822851
adamw 128,basic,128,seed1,,test_loss,21,0.5455557794822851
adamw 128,basic,128,seed1,,test_loss,22,0.546180693644353
adamw 128,basic,128,seed1,,test_loss,22,0.546180693644353
adamw 128,basic,128,seed1,,test_loss,23,0.542912826337146
adamw 128,basic,128,seed1,,test_loss,23,0.542912826337146
adamw 128,basic,128,seed1,,test_loss,24,0.5408982252372861
adamw 128,basic,128,seed1,,test_loss,24,0.5408982252372861
adamw 128,basic,128,seed1,,test_loss,25,0.5429343202555872
adamw 128,basic,128,seed1,,test_loss,25,0.5429343202555872
adamw 128,basic,128,seed1,,test_loss,26,0.5402269637908297
adamw 128,basic,128,seed1,,test_loss,26,0.5402269637908297
adamw 128,basic,128,seed1,,test_loss,27,0.5437744444781782
adamw 128,basic,128,seed1,,test_loss,27,0.5437744444781782
adamw 128,basic,128,seed1,,test_loss,28,0.5410384007052265
adamw 128,basic,128,seed1,,test_loss,28,0.5410384007052265
adamw 128,basic,128,seed1,,test_loss,29,0.5420332018314211
adamw 128,basic,128,seed1,,test_loss,29,0.5420332018314211
adamw 128,basic,128,seed1,,test_loss,30,0.5416968632489443
adamw 128,basic,128,seed1,,test_loss,30,0.5416968632489443
adamw 128,basic,128,seed1,,test_loss,31,0.5421879594825735
adamw 128,basic,128,seed1,,test_loss,31,0.5421879594825735
adamw 128,basic,128,seed1,,test_loss,32,0.5416198583846592
adamw 128,basic,128,seed1,,test_loss,32,0.5416198583846592
adamw 128,basic,128,seed1,,test_loss,33,0.5395341837646985
adamw 128,basic,128,seed1,,test_loss,33,0.5395341837646985
adamw 128,basic,128,seed1,,test_loss,34,0.5416876885691903
adamw 128,basic,128,seed1,,test_loss,34,0.5416876885691903
adamw 128,basic,128,seed1,,test_loss,35,0.5402033165558194
adamw 128,basic,128,seed1,,test_loss,35,0.5402033165558194
adamw 128,basic,128,seed1,,test_loss,36,0.5414264842872555
adamw 128,basic,128,seed1,,test_loss,36,0.5414264842872555
adamw 128,basic,128,seed1,,test_loss,37,0.5412255912746369
adamw 128,basic,128,seed1,,test_loss,37,0.5412255912746369
adamw 128,basic,128,seed1,,test_loss,38,0.5392931826422085
adamw 128,basic,128,seed1,,test_loss,38,0.5392931826422085
adamw 128,basic,128,seed1,,test_loss,39,0.5377764443048474
adamw 128,basic,128,seed1,,test_loss,39,0.5377764443048474
adamw 128,basic,128,seed2,,test_loss,0,0.9290921161835543
adamw 128,basic,128,seed2,,test_loss,0,0.9290921161835543
adamw 128,basic,128,seed2,,test_loss,0,0.9290921161835543
adamw 128,basic,128,seed2,,test_loss,1,0.7370469669689133
adamw 128,basic,128,seed2,,test_loss,1,0.7370469669689133
adamw 128,basic,128,seed2,,test_loss,1,0.7370469669689133
adamw 128,basic,128,seed2,,test_loss,2,0.6640951050671212
adamw 128,basic,128,seed2,,test_loss,2,0.6640951050671212
adamw 128,basic,128,seed2,,test_loss,2,0.6640951050671212
adamw 128,basic,128,seed2,,test_loss,3,0.6267815586743932
adamw 128,basic,128,seed2,,test_loss,3,0.6267815586743932
adamw 128,basic,128,seed2,,test_loss,3,0.6267815586743932
adamw 128,basic,128,seed2,,test_loss,4,0.5999149256056607
adamw 128,basic,128,seed2,,test_loss,4,0.5999149256056607
adamw 128,basic,128,seed2,,test_loss,4,0.5999149256056607
adamw 128,basic,128,seed2,,test_loss,5,0.5847806167704138
adamw 128,basic,128,seed2,,test_loss,5,0.5847806167704138
adamw 128,basic,128,seed2,,test_loss,5,0.5847806167704138
adamw 128,basic,128,seed2,,test_loss,6,0.5734344752166759
adamw 128,basic,128,seed2,,test_loss,6,0.5734344752166759
adamw 128,basic,128,seed2,,test_loss,6,0.5734344752166759
adamw 128,basic,128,seed2,,test_loss,7,0.5649544778985508
adamw 128,basic,128,seed2,,test_loss,7,0.5649544778985508
adamw 128,basic,128,seed2,,test_loss,7,0.5649544778985508
adamw 128,basic,128,seed2,,test_loss,8,0.5594221915805129
adamw 128,basic,128,seed2,,test_loss,8,0.5594221915805129
adamw 128,basic,128,seed2,,test_loss,8,0.5594221915805129
adamw 128,basic,128,seed2,,test_loss,9,0.5588547100849224
adamw 128,basic,128,seed2,,test_loss,9,0.5588547100849224
adamw 128,basic,128,seed2,,test_loss,9,0.5588547100849224
adamw 128,basic,128,seed2,,test_loss,10,0.5477156039807155
adamw 128,basic,128,seed2,,test_loss,10,0.5477156039807155
adamw 128,basic,128,seed2,,test_loss,10,0.5477156039807155
adamw 128,basic,128,seed2,,test_loss,11,0.5452516636166796
adamw 128,basic,128,seed2,,test_loss,11,0.5452516636166796
adamw 128,basic,128,seed2,,test_loss,11,0.5452516636166796
adamw 128,basic,128,seed2,,test_loss,12,0.5462218559761014
adamw 128,basic,128,seed2,,test_loss,12,0.5462218559761014
adamw 128,basic,128,seed2,,test_loss,13,0.5459210524438984
adamw 128,basic,128,seed2,,test_loss,13,0.5459210524438984
adamw 128,basic,128,seed2,,test_loss,14,0.550104459493675
adamw 128,basic,128,seed2,,test_loss,14,0.550104459493675
adamw 128,basic,128,seed2,,test_loss,15,0.5455639155844998
adamw 128,basic,128,seed2,,test_loss,15,0.5455639155844998
adamw 128,basic,128,seed2,,test_loss,16,0.5454744461199476
adamw 128,basic,128,seed2,,test_loss,16,0.5454744461199476
adamw 128,basic,128,seed2,,test_loss,17,0.5449008142970728
adamw 128,basic,128,seed2,,test_loss,17,0.5449008142970728
adamw 128,basic,128,seed2,,test_loss,18,0.5483305845785924
adamw 128,basic,128,seed2,,test_loss,18,0.5483305845785924
adamw 128,basic,128,seed2,,test_loss,19,0.5381852247178404
adamw 128,basic,128,seed2,,test_loss,19,0.5381852247178404
adamw 128,basic,128,seed2,,test_loss,20,0.5451608948160264
adamw 128,basic,128,seed2,,test_loss,20,0.5451608948160264
adamw 128,basic,128,seed2,,test_loss,21,0.542378426759946
adamw 128,basic,128,seed2,,test_loss,21,0.542378426759946
adamw 128,basic,128,seed2,,test_loss,22,0.541144734274389
adamw 128,basic,128,seed2,,test_loss,22,0.541144734274389
adamw 128,basic,128,seed2,,test_loss,23,0.5413780531733099
adamw 128,basic,128,seed2,,test_loss,23,0.5413780531733099
adamw 128,basic,128,seed2,,test_loss,24,0.536796735895967
adamw 128,basic,128,seed2,,test_loss,24,0.536796735895967
adamw 128,basic,128,seed2,,test_loss,25,0.5428384416301575
adamw 128,basic,128,seed2,,test_loss,25,0.5428384416301575
adamw 128,basic,128,seed2,,test_loss,26,0.5433750815555509
adamw 128,basic,128,seed2,,test_loss,26,0.5433750815555509
adamw 128,basic,128,seed2,,test_loss,27,0.5409179946943892
adamw 128,basic,128,seed2,,test_loss,27,0.5409179946943892
adamw 128,basic,128,seed2,,test_loss,28,0.5407966043085161
adamw 128,basic,128,seed2,,test_loss,28,0.5407966043085161
adamw 128,basic,128,seed2,,test_loss,29,0.5425596538757096
adamw 128,basic,128,seed2,,test_loss,29,0.5425596538757096
adamw 128,basic,128,seed2,,test_loss,30,0.5383595839763681
adamw 128,basic,128,seed2,,test_loss,30,0.5383595839763681
adamw 128,basic,128,seed2,,test_loss,31,0.5402332520291134
adamw 128,basic,128,seed2,,test_loss,31,0.5402332520291134
adamw 128,basic,128,seed2,,test_loss,32,0.5399720991180852
adamw 128,basic,128,seed2,,test_loss,32,0.5399720991180852
adamw 128,basic,128,seed2,,test_loss,33,0.5375903352455358
adamw 128,basic,128,seed2,,test_loss,33,0.5375903352455358
adamw 128,basic,128,seed2,,test_loss,34,0.5383340069257437
adamw 128,basic,128,seed2,,test_loss,34,0.5383340069257437
adamw 128,basic,128,seed2,,test_loss,35,0.5381750948209729
adamw 128,basic,128,seed2,,test_loss,35,0.5381750948209729
adamw 128,basic,128,seed2,,test_loss,36,0.5388889832873688
adamw 128,basic,128,seed2,,test_loss,36,0.5388889832873688
adamw 128,basic,128,seed2,,test_loss,37,0.5369936435981982
adamw 128,basic,128,seed2,,test_loss,37,0.5369936435981982
adamw 128,basic,128,seed2,,test_loss,38,0.5372080251626257
adamw 128,basic,128,seed2,,test_loss,38,0.5372080251626257
adamw 128,basic,128,seed2,,test_loss,39,0.5391313556976842
adamw 128,basic,128,seed2,,test_loss,39,0.5391313556976842
adamw 128,basic,128,seed3,,test_loss,0,0.9083906220780178
adamw 128,basic,128,seed3,,test_loss,0,0.9083906220780178
adamw 128,basic,128,seed3,,test_loss,1,0.7340985433565397
adamw 128,basic,128,seed3,,test_loss,1,0.7340985433565397
adamw 128,basic,128,seed3,,test_loss,2,0.6589676398275928
adamw 128,basic,128,seed3,,test_loss,2,0.6589676398275928
adamw 128,basic,128,seed3,,test_loss,3,0.627566594668109
adamw 128,basic,128,seed3,,test_loss,3,0.627566594668109
adamw 128,basic,128,seed3,,test_loss,4,0.5982934561454587
adamw 128,basic,128,seed3,,test_loss,4,0.5982934561454587
adamw 128,basic,128,seed3,,test_loss,5,0.5897693913806268
adamw 128,basic,128,seed3,,test_loss,5,0.5897693913806268
adamw 128,basic,128,seed3,,test_loss,6,0.5786914931741929
adamw 128,basic,128,seed3,,test_loss,6,0.5786914931741929
adamw 128,basic,128,seed3,,test_loss,7,0.567837474820665
adamw 128,basic,128,seed3,,test_loss,7,0.567837474820665
adamw 128,basic,128,seed3,,test_loss,8,0.5674612172361877
adamw 128,basic,128,seed3,,test_loss,8,0.5674612172361877
adamw 128,basic,128,seed3,,test_loss,9,0.5667738880435325
adamw 128,basic,128,seed3,,test_loss,9,0.5667738880435325
adamw 128,basic,128,seed3,,test_loss,10,0.5472871597263623
adamw 128,basic,128,seed3,,test_loss,10,0.5472871597263623
adamw 128,basic,128,seed3,,test_loss,11,0.5586199571820673
adamw 128,basic,128,seed3,,test_loss,11,0.5586199571820673
adamw 128,basic,128,seed3,,test_loss,12,0.5510132123876099
adamw 128,basic,128,seed3,,test_loss,12,0.5510132123876099
adamw 128,basic,128,seed3,,test_loss,13,0.5530421967533502
adamw 128,basic,128,seed3,,test_loss,13,0.5530421967533502
adamw 128,basic,128,seed3,,test_loss,14,0.549261514770074
adamw 128,basic,128,seed3,,test_loss,14,0.549261514770074
adamw 128,basic,128,seed3,,test_loss,15,0.5487620064828809
adamw 128,basic,128,seed3,,test_loss,15,0.5487620064828809
adamw 128,basic,128,seed3,,test_loss,16,0.550907138989053
adamw 128,basic,128,seed3,,test_loss,16,0.550907138989053
adamw 128,basic,128,seed3,,test_loss,17,0.5516218021229813
adamw 128,basic,128,seed3,,test_loss,17,0.5516218021229813
adamw 128,basic,128,seed3,,test_loss,18,0.5490635856374572
adamw 128,basic,128,seed3,,test_loss,18,0.5490635856374572
adamw 128,basic,128,seed3,,test_loss,19,0.5503448679610484
adamw 128,basic,128,seed3,,test_loss,19,0.5503448679610484
adamw 128,basic,128,seed3,,test_loss,20,0.5497764440046417
adamw 128,basic,128,seed3,,test_loss,20,0.5497764440046417
adamw 128,basic,128,seed3,,test_loss,21,0.5469704906860686
adamw 128,basic,128,seed3,,test_loss,21,0.5469704906860686
adamw 128,basic,128,seed3,,test_loss,22,0.5480465129337678
adamw 128,basic,128,seed3,,test_loss,22,0.5480465129337678
adamw 128,basic,128,seed3,,test_loss,23,0.548457370534765
adamw 128,basic,128,seed3,,test_loss,23,0.548457370534765
adamw 128,basic,128,seed3,,test_loss,24,0.5436437766048869
adamw 128,basic,128,seed3,,test_loss,24,0.5436437766048869
adamw 128,basic,128,seed3,,test_loss,25,0.5451260325451842
adamw 128,basic,128,seed3,,test_loss,25,0.5451260325451842
adamw 128,basic,128,seed3,,test_loss,26,0.5452428527101122
adamw 128,basic,128,seed3,,test_loss,26,0.5452428527101122
adamw 128,basic,128,seed3,,test_loss,27,0.546252144462984
adamw 128,basic,128,seed3,,test_loss,27,0.546252144462984
adamw 128,basic,128,seed3,,test_loss,28,0.5453045103002829
adamw 128,basic,128,seed3,,test_loss,28,0.5453045103002829
adamw 128,basic,128,seed3,,test_loss,29,0.5488372442848755
adamw 128,basic,128,seed3,,test_loss,29,0.5488372442848755
adamw 128,basic,128,seed3,,test_loss,30,0.5489821402130254
adamw 128,basic,128,seed3,,test_loss,30,0.5489821402130254
adamw 128,basic,128,seed3,,test_loss,31,0.549149249953152
adamw 128,basic,128,seed3,,test_loss,31,0.549149249953152
adamw 128,basic,128,seed3,,test_loss,32,0.5486929220702461
adamw 128,basic,128,seed3,,test_loss,32,0.5486929220702461
adamw 128,basic,128,seed3,,test_loss,33,0.5474580063136539
adamw 128,basic,128,seed3,,test_loss,33,0.5474580063136539
adamw 128,basic,128,seed3,,test_loss,34,0.5467126306447417
adamw 128,basic,128,seed3,,test_loss,34,0.5467126306447417
adamw 128,basic,128,seed3,,test_loss,35,0.5459778629657295
adamw 128,basic,128,seed3,,test_loss,35,0.5459778629657295
adamw 128,basic,128,seed3,,test_loss,36,0.5482979059369877
adamw 128,basic,128,seed3,,test_loss,36,0.5482979059369877
adamw 128,basic,128,seed3,,test_loss,37,0.5461676085386613
adamw 128,basic,128,seed3,,test_loss,37,0.5461676085386613
adamw 128,basic,128,seed3,,test_loss,38,0.5465607498443187
adamw 128,basic,128,seed3,,test_loss,38,0.5465607498443187
adamw 128,basic,128,seed3,,test_loss,39,0.5470091314007989
adamw 128,basic,128,seed3,,test_loss,39,0.5470091314007989
adamw 256,basic,256,seed1,,test_loss,0,1.0436708966288903
adamw 256,basic,256,seed1,,test_loss,0,1.0436708966288903
adamw 256,basic,256,seed1,,test_loss,1,0.8056051390565405
adamw 256,basic,256,seed1,,test_loss,1,0.8056051390565405
adamw 256,basic,256,seed1,,test_loss,2,0.7084079911612501
adamw 256,basic,256,seed1,,test_loss,2,0.7084079911612501
adamw 256,basic,256,seed1,,test_loss,3,0.6578466423382663
adamw 256,basic,256,seed1,,test_loss,3,0.6578466423382663
adamw 256,basic,256,seed1,,test_loss,4,0.6215299636577115
adamw 256,basic,256,seed1,,test_loss,4,0.6215299636577115
adamw 256,basic,256,seed1,,test_loss,5,0.6024040423634679
adamw 256,basic,256,seed1,,test_loss,5,0.6024040423634679
adamw 256,basic,256,seed1,,test_loss,6,0.5957121257152822
adamw 256,basic,256,seed1,,test_loss,6,0.5957121257152822
adamw 256,basic,256,seed1,,test_loss,7,0.5779931903487504
adamw 256,basic,256,seed1,,test_loss,7,0.5779931903487504
adamw 256,basic,256,seed1,,test_loss,8,0.5674505036211375
adamw 256,basic,256,seed1,,test_loss,8,0.5674505036211375
adamw 256,basic,256,seed1,,test_loss,9,0.5653680258929127
adamw 256,basic,256,seed1,,test_loss,9,0.5653680258929127
adamw 256,basic,256,seed1,,test_loss,10,0.5614109731683827
adamw 256,basic,256,seed1,,test_loss,10,0.5614109731683827
adamw 256,basic,256,seed1,,test_loss,11,0.5576780903896298
adamw 256,basic,256,seed1,,test_loss,11,0.5576780903896298
adamw 256,basic,256,seed1,,test_loss,12,0.5448254560581361
adamw 256,basic,256,seed1,,test_loss,12,0.5448254560581361
adamw 256,basic,256,seed1,,test_loss,13,0.5458297094875815
adamw 256,basic,256,seed1,,test_loss,13,0.5458297094875815
adamw 256,basic,256,seed1,,test_loss,14,0.5478541529314085
adamw 256,basic,256,seed1,,test_loss,14,0.5478541529314085
adamw 256,basic,256,seed1,,test_loss,15,0.5428906650178962
adamw 256,basic,256,seed1,,test_loss,15,0.5428906650178962
adamw 256,basic,256,seed1,,test_loss,16,0.5411665763593081
adamw 256,basic,256,seed1,,test_loss,16,0.5411665763593081
adamw 256,basic,256,seed1,,test_loss,17,0.5425316103630595
adamw 256,basic,256,seed1,,test_loss,17,0.5425316103630595
adamw 256,basic,256,seed1,,test_loss,18,0.5374681666455786
adamw 256,basic,256,seed1,,test_loss,18,0.5374681666455786
adamw 256,basic,256,seed1,,test_loss,19,0.5376375091986524
adamw 256,basic,256,seed1,,test_loss,19,0.5376375091986524
adamw 256,basic,256,seed1,,test_loss,20,0.5399446771339034
adamw 256,basic,256,seed1,,test_loss,20,0.5399446771339034
adamw 256,basic,256,seed1,,test_loss,21,0.5369837880510875
adamw 256,basic,256,seed1,,test_loss,21,0.5369837880510875
adamw 256,basic,256,seed1,,test_loss,22,0.5360672604857069
adamw 256,basic,256,seed1,,test_loss,22,0.5360672604857069
adamw 256,basic,256,seed1,,test_loss,23,0.5351132467727769
adamw 256,basic,256,seed1,,test_loss,23,0.5351132467727769
adamw 256,basic,256,seed1,,test_loss,24,0.5325861871995107
adamw 256,basic,256,seed1,,test_loss,24,0.5325861871995107
adamw 256,basic,256,seed1,,test_loss,25,0.5328346869409687
adamw 256,basic,256,seed1,,test_loss,25,0.5328346869409687
adamw 256,basic,256,seed1,,test_loss,26,0.5330982011074972
adamw 256,basic,256,seed1,,test_loss,26,0.5330982011074972
adamw 256,basic,256,seed1,,test_loss,27,0.5344538364296008
adamw 256,basic,256,seed1,,test_loss,27,0.5344538364296008
adamw 256,basic,256,seed1,,test_loss,28,0.5335075504927322
adamw 256,basic,256,seed1,,test_loss,28,0.5335075504927322
adamw 256,basic,256,seed1,,test_loss,29,0.5341629533830917
adamw 256,basic,256,seed1,,test_loss,29,0.5341629533830917
adamw 256,basic,256,seed1,,test_loss,30,0.5339398604413175
adamw 256,basic,256,seed1,,test_loss,30,0.5339398604413175
adamw 256,basic,256,seed1,,test_loss,31,0.5337953536084505
adamw 256,basic,256,seed1,,test_loss,31,0.5337953536084505
adamw 256,basic,256,seed1,,test_loss,32,0.5335298357813647
adamw 256,basic,256,seed1,,test_loss,32,0.5335298357813647
adamw 256,basic,256,seed1,,test_loss,33,0.5321775888930066
adamw 256,basic,256,seed1,,test_loss,33,0.5321775888930066
adamw 256,basic,256,seed1,,test_loss,34,0.5344224503320275
adamw 256,basic,256,seed1,,test_loss,34,0.5344224503320275
adamw 256,basic,256,seed1,,test_loss,35,0.5323298155809894
adamw 256,basic,256,seed1,,test_loss,35,0.5323298155809894
adamw 256,basic,256,seed1,,test_loss,36,0.5346278840995798
adamw 256,basic,256,seed1,,test_loss,36,0.5346278840995798
adamw 256,basic,256,seed1,,test_loss,37,0.5345887468394005
adamw 256,basic,256,seed1,,test_loss,37,0.5345887468394005
adamw 256,basic,256,seed1,,test_loss,38,0.5338914803784303
adamw 256,basic,256,seed1,,test_loss,38,0.5338914803784303
adamw 256,basic,256,seed1,,test_loss,39,0.5324912461066487
adamw 256,basic,256,seed1,,test_loss,39,0.5324912461066487
adamw 256,basic,256,seed2,,test_loss,0,1.0656658572078956
adamw 256,basic,256,seed2,,test_loss,0,1.0656658572078956
adamw 256,basic,256,seed2,,test_loss,1,0.7982498765593827
adamw 256,basic,256,seed2,,test_loss,1,0.7982498765593827
adamw 256,basic,256,seed2,,test_loss,2,0.717983596327931
adamw 256,basic,256,seed2,,test_loss,2,0.717983596327931
adamw 256,basic,256,seed2,,test_loss,3,0.6567092346347342
adamw 256,basic,256,seed2,,test_loss,3,0.6567092346347342
adamw 256,basic,256,seed2,,test_loss,4,0.6267272929350535
adamw 256,basic,256,seed2,,test_loss,4,0.6267272929350535
adamw 256,basic,256,seed2,,test_loss,5,0.6075303692257765
adamw 256,basic,256,seed2,,test_loss,5,0.6075303692257765
adamw 256,basic,256,seed2,,test_loss,6,0.5900165183526097
adamw 256,basic,256,seed2,,test_loss,6,0.5900165183526097
adamw 256,basic,256,seed2,,test_loss,7,0.5777335168060028
adamw 256,basic,256,seed2,,test_loss,7,0.5777335168060028
adamw 256,basic,256,seed2,,test_loss,8,0.5680450855406246
adamw 256,basic,256,seed2,,test_loss,8,0.5680450855406246
adamw 256,basic,256,seed2,,test_loss,9,0.5634117582906978
adamw 256,basic,256,seed2,,test_loss,9,0.5634117582906978
adamw 256,basic,256,seed2,,test_loss,10,0.5516893048253324
adamw 256,basic,256,seed2,,test_loss,10,0.5516893048253324
adamw 256,basic,256,seed2,,test_loss,11,0.5496146796703941
adamw 256,basic,256,seed2,,test_loss,11,0.5496146796703941
adamw 256,basic,256,seed2,,test_loss,12,0.5487887244859729
adamw 256,basic,256,seed2,,test_loss,12,0.5487887244859729
adamw 256,basic,256,seed2,,test_loss,13,0.5380281709661388
adamw 256,basic,256,seed2,,test_loss,13,0.5380281709661388
adamw 256,basic,256,seed2,,test_loss,14,0.5455549976440391
adamw 256,basic,256,seed2,,test_loss,14,0.5455549976440391
adamw 256,basic,256,seed2,,test_loss,15,0.5380523783540485
adamw 256,basic,256,seed2,,test_loss,15,0.5380523783540485
adamw 256,basic,256,seed2,,test_loss,16,0.5355072346976911
adamw 256,basic,256,seed2,,test_loss,16,0.5355072346976911
adamw 256,basic,256,seed2,,test_loss,17,0.5337867014712155
adamw 256,basic,256,seed2,,test_loss,17,0.5337867014712155
adamw 256,basic,256,seed2,,test_loss,18,0.5358514205524416
adamw 256,basic,256,seed2,,test_loss,18,0.5358514205524416
adamw 256,basic,256,seed2,,test_loss,19,0.5356899624822116
adamw 256,basic,256,seed2,,test_loss,19,0.5356899624822116
adamw 256,basic,256,seed2,,test_loss,20,0.5357619683549861
adamw 256,basic,256,seed2,,test_loss,20,0.5357619683549861
adamw 256,basic,256,seed2,,test_loss,21,0.5361468983870564
adamw 256,basic,256,seed2,,test_loss,21,0.5361468983870564
adamw 256,basic,256,seed2,,test_loss,22,0.5349939032034441
adamw 256,basic,256,seed2,,test_loss,22,0.5349939032034441
adamw 256,basic,256,seed2,,test_loss,23,0.535809116118183
adamw 256,basic,256,seed2,,test_loss,23,0.535809116118183
adamw 256,basic,256,seed2,,test_loss,24,0.5315379081952452
adamw 256,basic,256,seed2,,test_loss,24,0.5315379081952452
adamw 256,basic,256,seed2,,test_loss,25,0.5334251266763066
adamw 256,basic,256,seed2,,test_loss,25,0.5334251266763066
adamw 256,basic,256,seed2,,test_loss,26,0.5301323826189595
adamw 256,basic,256,seed2,,test_loss,26,0.5301323826189595
adamw 256,basic,256,seed2,,test_loss,27,0.5317369830051456
adamw 256,basic,256,seed2,,test_loss,27,0.5317369830051456
adamw 256,basic,256,seed2,,test_loss,28,0.5305396003103016
adamw 256,basic,256,seed2,,test_loss,28,0.5305396003103016
adamw 256,basic,256,seed2,,test_loss,29,0.5320367357044509
adamw 256,basic,256,seed2,,test_loss,29,0.5320367357044509
adamw 256,basic,256,seed2,,test_loss,30,0.5290758910805288
adamw 256,basic,256,seed2,,test_loss,30,0.5290758910805288
adamw 256,basic,256,seed2,,test_loss,31,0.5298482497984712
adamw 256,basic,256,seed2,,test_loss,31,0.5298482497984712
adamw 256,basic,256,seed2,,test_loss,32,0.5294993991653124
adamw 256,basic,256,seed2,,test_loss,32,0.5294993991653124
adamw 256,basic,256,seed2,,test_loss,33,0.5280714226566782
adamw 256,basic,256,seed2,,test_loss,33,0.5280714226566782
adamw 256,basic,256,seed2,,test_loss,34,0.5278623874741372
adamw 256,basic,256,seed2,,test_loss,34,0.5278623874741372
adamw 256,basic,256,seed2,,test_loss,35,0.528213207656988
adamw 256,basic,256,seed2,,test_loss,35,0.528213207656988
adamw 256,basic,256,seed2,,test_loss,36,0.5289357410687389
adamw 256,basic,256,seed2,,test_loss,36,0.5289357410687389
adamw 256,basic,256,seed2,,test_loss,37,0.5277474562477584
adamw 256,basic,256,seed2,,test_loss,37,0.5277474562477584
adamw 256,basic,256,seed2,,test_loss,38,0.5283817102511724
adamw 256,basic,256,seed2,,test_loss,38,0.5283817102511724
adamw 256,basic,256,seed2,,test_loss,39,0.5284008629093266
adamw 256,basic,256,seed2,,test_loss,39,0.5284008629093266
adamw 256,basic,256,seed3,,test_loss,0,1.0487800887738816
adamw 256,basic,256,seed3,,test_loss,0,1.0487800887738816
adamw 256,basic,256,seed3,,test_loss,1,0.814651744157979
adamw 256,basic,256,seed3,,test_loss,1,0.814651744157979
adamw 256,basic,256,seed3,,test_loss,2,0.7114889076863876
adamw 256,basic,256,seed3,,test_loss,2,0.7114889076863876
adamw 256,basic,256,seed3,,test_loss,3,0.6623152892547425
adamw 256,basic,256,seed3,,test_loss,3,0.6623152892547425
adamw 256,basic,256,seed3,,test_loss,4,0.6331207465869609
adamw 256,basic,256,seed3,,test_loss,4,0.6331207465869609
adamw 256,basic,256,seed3,,test_loss,5,0.6135387331473104
adamw 256,basic,256,seed3,,test_loss,5,0.6135387331473104
adamw 256,basic,256,seed3,,test_loss,6,0.5922559140381789
adamw 256,basic,256,seed3,,test_loss,6,0.5922559140381789
adamw 256,basic,256,seed3,,test_loss,7,0.5827891940269807
adamw 256,basic,256,seed3,,test_loss,7,0.5827891940269807
adamw 256,basic,256,seed3,,test_loss,8,0.5799866258495986
adamw 256,basic,256,seed3,,test_loss,8,0.5799866258495986
adamw 256,basic,256,seed3,,test_loss,9,0.5742041582260469
adamw 256,basic,256,seed3,,test_loss,9,0.5742041582260469
adamw 256,basic,256,seed3,,test_loss,10,0.5622486646729287
adamw 256,basic,256,seed3,,test_loss,10,0.5622486646729287
adamw 256,basic,256,seed3,,test_loss,11,0.5597738335755739
adamw 256,basic,256,seed3,,test_loss,11,0.5597738335755739
adamw 256,basic,256,seed3,,test_loss,12,0.5570525671872828
adamw 256,basic,256,seed3,,test_loss,12,0.5570525671872828
adamw 256,basic,256,seed3,,test_loss,13,0.5493162634095761
adamw 256,basic,256,seed3,,test_loss,13,0.5493162634095761
adamw 256,basic,256,seed3,,test_loss,14,0.5535839535672256
adamw 256,basic,256,seed3,,test_loss,14,0.5535839535672256
adamw 256,basic,256,seed3,,test_loss,15,0.5472995963211011
adamw 256,basic,256,seed3,,test_loss,15,0.5472995963211011
adamw 256,basic,256,seed3,,test_loss,16,0.5477672564712438
adamw 256,basic,256,seed3,,test_loss,16,0.5477672564712438
adamw 256,basic,256,seed3,,test_loss,17,0.5467996835482843
adamw 256,basic,256,seed3,,test_loss,17,0.5467996835482843
adamw 256,basic,256,seed3,,test_loss,18,0.5459887788000733
adamw 256,basic,256,seed3,,test_loss,18,0.5459887788000733
adamw 256,basic,256,seed3,,test_loss,19,0.5432240792145633
adamw 256,basic,256,seed3,,test_loss,19,0.5432240792145633
adamw 256,basic,256,seed3,,test_loss,20,0.5427964537432699
adamw 256,basic,256,seed3,,test_loss,20,0.5427964537432699
adamw 256,basic,256,seed3,,test_loss,21,0.5433018380644346
adamw 256,basic,256,seed3,,test_loss,21,0.5433018380644346
adamw 256,basic,256,seed3,,test_loss,22,0.5417202767172847
adamw 256,basic,256,seed3,,test_loss,22,0.5417202767172847
adamw 256,basic,256,seed3,,test_loss,23,0.5449518550074461
adamw 256,basic,256,seed3,,test_loss,23,0.5449518550074461
adamw 256,basic,256,seed3,,test_loss,24,0.5411873533192909
adamw 256,basic,256,seed3,,test_loss,24,0.5411873533192909
adamw 256,basic,256,seed3,,test_loss,25,0.5397959833569599
adamw 256,basic,256,seed3,,test_loss,25,0.5397959833569599
adamw 256,basic,256,seed3,,test_loss,26,0.5396014191586562
adamw 256,basic,256,seed3,,test_loss,26,0.5396014191586562
adamw 256,basic,256,seed3,,test_loss,27,0.5388898681284804
adamw 256,basic,256,seed3,,test_loss,27,0.5388898681284804
adamw 256,basic,256,seed3,,test_loss,28,0.5386320420286872
adamw 256,basic,256,seed3,,test_loss,28,0.5386320420286872
adamw 256,basic,256,seed3,,test_loss,29,0.5386037758052952
adamw 256,basic,256,seed3,,test_loss,29,0.5386037758052952
adamw 256,basic,256,seed3,,test_loss,30,0.537905185135326
adamw 256,basic,256,seed3,,test_loss,30,0.537905185135326
adamw 256,basic,256,seed3,,test_loss,31,0.538513177610708
adamw 256,basic,256,seed3,,test_loss,31,0.538513177610708
adamw 256,basic,256,seed3,,test_loss,32,0.5382148553476189
adamw 256,basic,256,seed3,,test_loss,32,0.5382148553476189
adamw 256,basic,256,seed3,,test_loss,33,0.5394048246018814
adamw 256,basic,256,seed3,,test_loss,33,0.5394048246018814
adamw 256,basic,256,seed3,,test_loss,34,0.5376821974612246
adamw 256,basic,256,seed3,,test_loss,34,0.5376821974612246
adamw 256,basic,256,seed3,,test_loss,35,0.5382769836319817
adamw 256,basic,256,seed3,,test_loss,35,0.5382769836319817
adamw 256,basic,256,seed3,,test_loss,36,0.539174743636389
adamw 256,basic,256,seed3,,test_loss,36,0.539174743636389
adamw 256,basic,256,seed3,,test_loss,37,0.5380773422392932
adamw 256,basic,256,seed3,,test_loss,37,0.5380773422392932
adamw 256,basic,256,seed3,,test_loss,38,0.5378210710907223
adamw 256,basic,256,seed3,,test_loss,38,0.5378210710907223
adamw 256,basic,256,seed3,,test_loss,39,0.5388295641451171
adamw 256,basic,256,seed3,,test_loss,39,0.5388295641451171
adamw 64,basic,64,seed1,,test_loss,0,0.8331272745528553
adamw 64,basic,64,seed1,,test_loss,0,0.8331272745528553
adamw 64,basic,64,seed1,,test_loss,1,0.6942695305529463
adamw 64,basic,64,seed1,,test_loss,1,0.6942695305529463
adamw 64,basic,64,seed1,,test_loss,2,0.6317058337439747
adamw 64,basic,64,seed1,,test_loss,2,0.6317058337439747
adamw 64,basic,64,seed1,,test_loss,3,0.6124381058377839
adamw 64,basic,64,seed1,,test_loss,3,0.6124381058377839
adamw 64,basic,64,seed1,,test_loss,4,0.5906007929728662
adamw 64,basic,64,seed1,,test_loss,4,0.5906007929728662
adamw 64,basic,64,seed1,,test_loss,5,0.586631049014793
adamw 64,basic,64,seed1,,test_loss,5,0.586631049014793
adamw 64,basic,64,seed1,,test_loss,6,0.5727536083375917
adamw 64,basic,64,seed1,,test_loss,6,0.5727536083375917
adamw 64,basic,64,seed1,,test_loss,7,0.5640209540005632
adamw 64,basic,64,seed1,,test_loss,7,0.5640209540005632
adamw 64,basic,64,seed1,,test_loss,8,0.5591323242534565
adamw 64,basic,64,seed1,,test_loss,8,0.5591323242534565
adamw 64,basic,64,seed1,,test_loss,9,0.5582593624067458
adamw 64,basic,64,seed1,,test_loss,9,0.5582593624067458
adamw 64,basic,64,seed1,,test_loss,10,0.5541325848020577
adamw 64,basic,64,seed1,,test_loss,10,0.5541325848020577
adamw 64,basic,64,seed1,,test_loss,11,0.5583407967581261
adamw 64,basic,64,seed1,,test_loss,11,0.5583407967581261
adamw 64,basic,64,seed1,,test_loss,12,0.5522318276523648
adamw 64,basic,64,seed1,,test_loss,12,0.5522318276523648
adamw 64,basic,64,seed1,,test_loss,13,0.5553655527196117
adamw 64,basic,64,seed1,,test_loss,13,0.5553655527196117
adamw 64,basic,64,seed1,,test_loss,14,0.5666294830883676
adamw 64,basic,64,seed1,,test_loss,14,0.5666294830883676
adamw 64,basic,64,seed1,,test_loss,15,0.5591042948020268
adamw 64,basic,64,seed1,,test_loss,15,0.5591042948020268
adamw 64,basic,64,seed1,,test_loss,16,0.5558541528750919
adamw 64,basic,64,seed1,,test_loss,16,0.5558541528750919
adamw 64,basic,64,seed1,,test_loss,17,0.5555593699959543
adamw 64,basic,64,seed1,,test_loss,17,0.5555593699959543
adamw 64,basic,64,seed1,,test_loss,18,0.5552370130096981
adamw 64,basic,64,seed1,,test_loss,18,0.5552370130096981
adamw 64,basic,64,seed1,,test_loss,19,0.5601619823177085
adamw 64,basic,64,seed1,,test_loss,19,0.5601619823177085
adamw 64,basic,64,seed1,,test_loss,20,0.5607163939240413
adamw 64,basic,64,seed1,,test_loss,20,0.5607163939240413
adamw 64,basic,64,seed1,,test_loss,21,0.5634467048726717
adamw 64,basic,64,seed1,,test_loss,21,0.5634467048726717
adamw 64,basic,64,seed1,,test_loss,22,0.5560165466874458
adamw 64,basic,64,seed1,,test_loss,22,0.5560165466874458
adamw 64,basic,64,seed1,,test_loss,23,0.5594914159646164
adamw 64,basic,64,seed1,,test_loss,23,0.5594914159646164
adamw 64,basic,64,seed1,,test_loss,24,0.558493517429783
adamw 64,basic,64,seed1,,test_loss,24,0.558493517429783
adamw 64,basic,64,seed1,,test_loss,25,0.5589890983315255
adamw 64,basic,64,seed1,,test_loss,25,0.5589890983315255
adamw 64,basic,64,seed1,,test_loss,26,0.5552873437002572
adamw 64,basic,64,seed1,,test_loss,26,0.5552873437002572
adamw 64,basic,64,seed1,,test_loss,27,0.5522368157327416
adamw 64,basic,64,seed1,,test_loss,27,0.5522368157327416
adamw 64,basic,64,seed1,,test_loss,28,0.5530800051282785
adamw 64,basic,64,seed1,,test_loss,28,0.5530800051282785
adamw 64,basic,64,seed1,,test_loss,29,0.5535701008183481
adamw 64,basic,64,seed1,,test_loss,29,0.5535701008183481
adamw 64,basic,64,seed1,,test_loss,30,0.5538865838520365
adamw 64,basic,64,seed1,,test_loss,30,0.5538865838520365
adamw 64,basic,64,seed1,,test_loss,31,0.552534760029904
adamw 64,basic,64,seed1,,test_loss,31,0.552534760029904
adamw 64,basic,64,seed1,,test_loss,32,0.5553151360626002
adamw 64,basic,64,seed1,,test_loss,32,0.5553151360626002
adamw 64,basic,64,seed1,,test_loss,33,0.5525447950782432
adamw 64,basic,64,seed1,,test_loss,33,0.5525447950782432
adamw 64,basic,64,seed1,,test_loss,34,0.5541496139023412
adamw 64,basic,64,seed1,,test_loss,34,0.5541496139023412
adamw 64,basic,64,seed1,,test_loss,35,0.5529152481589773
adamw 64,basic,64,seed1,,test_loss,35,0.5529152481589773
adamw 64,basic,64,seed1,,test_loss,36,0.5543060929514467
adamw 64,basic,64,seed1,,test_loss,36,0.5543060929514467
adamw 64,basic,64,seed1,,test_loss,37,0.5551851997885829
adamw 64,basic,64,seed1,,test_loss,37,0.5551851997885829
adamw 64,basic,64,seed1,,test_loss,38,0.5510228495203442
adamw 64,basic,64,seed1,,test_loss,38,0.5510228495203442
adamw 64,basic,64,seed1,,test_loss,39,0.5499331384008644
adamw 64,basic,64,seed1,,test_loss,39,0.5499331384008644
adamw 64,basic,64,seed2,,test_loss,0,0.8318263693795174
adamw 64,basic,64,seed2,,test_loss,0,0.8318263693795174
adamw 64,basic,64,seed2,,test_loss,1,0.688711837068483
adamw 64,basic,64,seed2,,test_loss,1,0.688711837068483
adamw 64,basic,64,seed2,,test_loss,2,0.6421091900195314
adamw 64,basic,64,seed2,,test_loss,2,0.6421091900195314
adamw 64,basic,64,seed2,,test_loss,3,0.6048621741058658
adamw 64,basic,64,seed2,,test_loss,3,0.6048621741058658
adamw 64,basic,64,seed2,,test_loss,4,0.5953018974188621
adamw 64,basic,64,seed2,,test_loss,4,0.5953018974188621
adamw 64,basic,64,seed2,,test_loss,5,0.5793514759774921
adamw 64,basic,64,seed2,,test_loss,5,0.5793514759774921
adamw 64,basic,64,seed2,,test_loss,6,0.5732745777025724
adamw 64,basic,64,seed2,,test_loss,6,0.5732745777025724
adamw 64,basic,64,seed2,,test_loss,7,0.5696117418529348
adamw 64,basic,64,seed2,,test_loss,7,0.5696117418529348
adamw 64,basic,64,seed2,,test_loss,8,0.5685436286928156
adamw 64,basic,64,seed2,,test_loss,8,0.5685436286928156
adamw 64,basic,64,seed2,,test_loss,9,0.5614666906049876
adamw 64,basic,64,seed2,,test_loss,9,0.5614666906049876
adamw 64,basic,64,seed2,,test_loss,10,0.5600948104515518
adamw 64,basic,64,seed2,,test_loss,10,0.5600948104515518
adamw 64,basic,64,seed2,,test_loss,11,0.5589638668545699
adamw 64,basic,64,seed2,,test_loss,11,0.5589638668545699
adamw 64,basic,64,seed2,,test_loss,12,0.5628468568964354
adamw 64,basic,64,seed2,,test_loss,12,0.5628468568964354
adamw 64,basic,64,seed2,,test_loss,13,0.551914250586901
adamw 64,basic,64,seed2,,test_loss,13,0.551914250586901
adamw 64,basic,64,seed2,,test_loss,14,0.5594407982805956
adamw 64,basic,64,seed2,,test_loss,14,0.5594407982805956
adamw 64,basic,64,seed2,,test_loss,15,0.5580102804103643
adamw 64,basic,64,seed2,,test_loss,15,0.5580102804103643
adamw 64,basic,64,seed2,,test_loss,16,0.5571646131059343
adamw 64,basic,64,seed2,,test_loss,16,0.5571646131059343
adamw 64,basic,64,seed2,,test_loss,17,0.5573423502893081
adamw 64,basic,64,seed2,,test_loss,17,0.5573423502893081
adamw 64,basic,64,seed2,,test_loss,18,0.5580422097083205
adamw 64,basic,64,seed2,,test_loss,18,0.5580422097083205
adamw 64,basic,64,seed2,,test_loss,19,0.5545273632029236
adamw 64,basic,64,seed2,,test_loss,19,0.5545273632029236
adamw 64,basic,64,seed2,,test_loss,20,0.5571858613057757
adamw 64,basic,64,seed2,,test_loss,20,0.5571858613057757
adamw 64,basic,64,seed2,,test_loss,21,0.5573685894061552
adamw 64,basic,64,seed2,,test_loss,21,0.5573685894061552
adamw 64,basic,64,seed2,,test_loss,22,0.5536474127665787
adamw 64,basic,64,seed2,,test_loss,22,0.5536474127665787
adamw 64,basic,64,seed2,,test_loss,23,0.5562698379009402
adamw 64,basic,64,seed2,,test_loss,23,0.5562698379009402
adamw 64,basic,64,seed2,,test_loss,24,0.5526671214127925
adamw 64,basic,64,seed2,,test_loss,24,0.5526671214127925
adamw 64,basic,64,seed2,,test_loss,25,0.5555551788579567
adamw 64,basic,64,seed2,,test_loss,25,0.5555551788579567
adamw 64,basic,64,seed2,,test_loss,26,0.5579822864835858
adamw 64,basic,64,seed2,,test_loss,26,0.5579822864835858
adamw 64,basic,64,seed2,,test_loss,27,0.5546736911039423
adamw 64,basic,64,seed2,,test_loss,27,0.5546736911039423
adamw 64,basic,64,seed2,,test_loss,28,0.5521565247420663
adamw 64,basic,64,seed2,,test_loss,28,0.5521565247420663
adamw 64,basic,64,seed2,,test_loss,29,0.5557910692004215
adamw 64,basic,64,seed2,,test_loss,29,0.5557910692004215
adamw 64,basic,64,seed2,,test_loss,30,0.5511111325313207
adamw 64,basic,64,seed2,,test_loss,30,0.5511111325313207
adamw 64,basic,64,seed2,,test_loss,31,0.551448088009323
adamw 64,basic,64,seed2,,test_loss,31,0.551448088009323
adamw 64,basic,64,seed2,,test_loss,32,0.5511123849335421
adamw 64,basic,64,seed2,,test_loss,32,0.5511123849335421
adamw 64,basic,64,seed2,,test_loss,33,0.5487450520634722
adamw 64,basic,64,seed2,,test_loss,33,0.5487450520634722
adamw 64,basic,64,seed2,,test_loss,34,0.5513847310642735
adamw 64,basic,64,seed2,,test_loss,34,0.5513847310642735
adamw 64,basic,64,seed2,,test_loss,35,0.5514892392862542
adamw 64,basic,64,seed2,,test_loss,35,0.5514892392862542
adamw 64,basic,64,seed2,,test_loss,36,0.5516485995403786
adamw 64,basic,64,seed2,,test_loss,36,0.5516485995403786
adamw 64,basic,64,seed2,,test_loss,37,0.5490507891419332
adamw 64,basic,64,seed2,,test_loss,37,0.5490507891419332
adamw 64,basic,64,seed2,,test_loss,38,0.5507444185111966
adamw 64,basic,64,seed2,,test_loss,38,0.5507444185111966
adamw 64,basic,64,seed2,,test_loss,39,0.5521004514497575
adamw 64,basic,64,seed2,,test_loss,39,0.5521004514497575
adamw 64,basic,64,seed3,,test_loss,0,0.833024859371819
adamw 64,basic,64,seed3,,test_loss,0,0.833024859371819
adamw 64,basic,64,seed3,,test_loss,1,0.6914402219396132
adamw 64,basic,64,seed3,,test_loss,1,0.6914402219396132
adamw 64,basic,64,seed3,,test_loss,2,0.6334247235194014
adamw 64,basic,64,seed3,,test_loss,2,0.6334247235194014
adamw 64,basic,64,seed3,,test_loss,3,0.6112369434247854
adamw 64,basic,64,seed3,,test_loss,3,0.6112369434247854
adamw 64,basic,64,seed3,,test_loss,4,0.5887623970420395
adamw 64,basic,64,seed3,,test_loss,4,0.5887623970420395
adamw 64,basic,64,seed3,,test_loss,5,0.591911152107759
adamw 64,basic,64,seed3,,test_loss,5,0.591911152107759
adamw 64,basic,64,seed3,,test_loss,6,0.5698422516030083
adamw 64,basic,64,seed3,,test_loss,6,0.5698422516030083
adamw 64,basic,64,seed3,,test_loss,7,0.5698143628181277
adamw 64,basic,64,seed3,,test_loss,7,0.5698143628181277
adamw 64,basic,64,seed3,,test_loss,8,0.5644292831415004
adamw 64,basic,64,seed3,,test_loss,8,0.5644292831415004
adamw 64,basic,64,seed3,,test_loss,9,0.5781560330971475
adamw 64,basic,64,seed3,,test_loss,9,0.5781560330971475
adamw 64,basic,64,seed3,,test_loss,10,0.560760068533282
adamw 64,basic,64,seed3,,test_loss,10,0.560760068533282
adamw 64,basic,64,seed3,,test_loss,11,0.5649717489039361
adamw 64,basic,64,seed3,,test_loss,11,0.5649717489039361
adamw 64,basic,64,seed3,,test_loss,12,0.5604380924796944
adamw 64,basic,64,seed3,,test_loss,12,0.5604380924796944
adamw 64,basic,64,seed3,,test_loss,13,0.5603824531765584
adamw 64,basic,64,seed3,,test_loss,13,0.5603824531765584
adamw 64,basic,64,seed3,,test_loss,14,0.5620874620854701
adamw 64,basic,64,seed3,,test_loss,14,0.5620874620854701
adamw 64,basic,64,seed3,,test_loss,15,0.5620478111121779
adamw 64,basic,64,seed3,,test_loss,15,0.5620478111121779
adamw 64,basic,64,seed3,,test_loss,16,0.5583375291055941
adamw 64,basic,64,seed3,,test_loss,16,0.5583375291055941
adamw 64,basic,64,seed3,,test_loss,17,0.5661072888091071
adamw 64,basic,64,seed3,,test_loss,17,0.5661072888091071
adamw 64,basic,64,seed3,,test_loss,18,0.5583046516658491
adamw 64,basic,64,seed3,,test_loss,18,0.5583046516658491
adamw 64,basic,64,seed3,,test_loss,19,0.5533897697801784
adamw 64,basic,64,seed3,,test_loss,19,0.5533897697801784
adamw 64,basic,64,seed3,,test_loss,20,0.5555663965534878
adamw 64,basic,64,seed3,,test_loss,20,0.5555663965534878
adamw 64,basic,64,seed3,,test_loss,21,0.5587174533956236
adamw 64,basic,64,seed3,,test_loss,21,0.5587174533956236
adamw 64,basic,64,seed3,,test_loss,22,0.5560304981536274
adamw 64,basic,64,seed3,,test_loss,22,0.5560304981536274
adamw 64,basic,64,seed3,,test_loss,23,0.5572336505177502
adamw 64,basic,64,seed3,,test_loss,23,0.5572336505177502
adamw 64,basic,64,seed3,,test_loss,24,0.5543662986959791
adamw 64,basic,64,seed3,,test_loss,24,0.5543662986959791
adamw 64,basic,64,seed3,,test_loss,25,0.5528122128657937
adamw 64,basic,64,seed3,,test_loss,25,0.5528122128657937
adamw 64,basic,64,seed3,,test_loss,26,0.5554333377100492
adamw 64,basic,64,seed3,,test_loss,26,0.5554333377100492
adamw 64,basic,64,seed3,,test_loss,27,0.5562075131474787
adamw 64,basic,64,seed3,,test_loss,27,0.5562075131474787
adamw 64,basic,64,seed3,,test_loss,28,0.5577678891238123
adamw 64,basic,64,seed3,,test_loss,28,0.5577678891238123
adamw 64,basic,64,seed3,,test_loss,29,0.5547579036265924
adamw 64,basic,64,seed3,,test_loss,29,0.5547579036265924
adamw 64,basic,64,seed3,,test_loss,30,0.5539113153262901
adamw 64,basic,64,seed3,,test_loss,30,0.5539113153262901
adamw 64,basic,64,seed3,,test_loss,31,0.5549440433630054
adamw 64,basic,64,seed3,,test_loss,31,0.5549440433630054
adamw 64,basic,64,seed3,,test_loss,32,0.5547077374939535
adamw 64,basic,64,seed3,,test_loss,32,0.5547077374939535
adamw 64,basic,64,seed3,,test_loss,33,0.5542799863656335
adamw 64,basic,64,seed3,,test_loss,33,0.5542799863656335
adamw 64,basic,64,seed3,,test_loss,34,0.5517329858589469
adamw 64,basic,64,seed3,,test_loss,34,0.5517329858589469
adamw 64,basic,64,seed3,,test_loss,35,0.5521238524089876
adamw 64,basic,64,seed3,,test_loss,35,0.5521238524089876
adamw 64,basic,64,seed3,,test_loss,36,0.5530115021828156
adamw 64,basic,64,seed3,,test_loss,36,0.5530115021828156
adamw 64,basic,64,seed3,,test_loss,37,0.5514074978050982
adamw 64,basic,64,seed3,,test_loss,37,0.5514074978050982
adamw 64,basic,64,seed3,,test_loss,38,0.5506753075506856
adamw 64,basic,64,seed3,,test_loss,38,0.5506753075506856
adamw 64,basic,64,seed3,,test_loss,39,0.5522724201843803
adamw 64,basic,64,seed3,,test_loss,39,0.5522724201843803
adamw_seesaw 128,seesaw,128,seed1,,test_loss,0,0.9065353127215245
adamw_seesaw 128,seesaw,128,seed1,,test_loss,0,0.9065353127215245
adamw_seesaw 128,seesaw,128,seed1,,test_loss,1,0.7223618583603189
adamw_seesaw 128,seesaw,128,seed1,,test_loss,1,0.7223618583603189
adamw_seesaw 128,seesaw,128,seed1,,test_loss,2,0.6559772868405538
adamw_seesaw 128,seesaw,128,seed1,,test_loss,2,0.6559772868405538
adamw_seesaw 128,seesaw,128,seed1,,test_loss,3,0.6271970745627627
adamw_seesaw 128,seesaw,128,seed1,,test_loss,3,0.6271970745627627
adamw_seesaw 128,seesaw,128,seed1,,test_loss,4,0.5954035923985596
adamw_seesaw 128,seesaw,128,seed1,,test_loss,4,0.5954035923985596
adamw_seesaw 128,seesaw,128,seed1,,test_loss,5,0.5772243621947263
adamw_seesaw 128,seesaw,128,seed1,,test_loss,5,0.5772243621947263
adamw_seesaw 128,seesaw,128,seed1,,test_loss,6,0.5713518222210684
adamw_seesaw 128,seesaw,128,seed1,,test_loss,6,0.5713518222210684
adamw_seesaw 128,seesaw,128,seed1,,test_loss,7,0.5695341579484368
adamw_seesaw 128,seesaw,128,seed1,,test_loss,7,0.5695341579484368
adamw_seesaw 128,seesaw,128,seed1,,test_loss,8,0.5591832888265601
adamw_seesaw 128,seesaw,128,seed1,,test_loss,8,0.5591832888265601
adamw_seesaw 128,seesaw,128,seed1,,test_loss,9,0.5541347036175807
adamw_seesaw 128,seesaw,128,seed1,,test_loss,9,0.5541347036175807
adamw_seesaw 128,seesaw,128,seed1,,test_loss,10,0.5495310867713257
adamw_seesaw 128,seesaw,128,seed1,,test_loss,10,0.5495310867713257
adamw_seesaw 128,seesaw,128,seed1,,test_loss,11,0.5577178501119517
adamw_seesaw 128,seesaw,128,seed1,,test_loss,11,0.5577178501119517
adamw_seesaw 128,seesaw,128,seed1,,test_loss,12,0.555204057120577
adamw_seesaw 128,seesaw,128,seed1,,test_loss,12,0.555204057120577
adamw_seesaw 128,seesaw,128,seed1,,test_loss,13,0.5558676662798406
adamw_seesaw 128,seesaw,128,seed1,,test_loss,13,0.5558676662798406
adamw_seesaw 128,seesaw,128,seed1,,test_loss,14,0.5545138536124594
adamw_seesaw 128,seesaw,128,seed1,,test_loss,14,0.5545138536124594
adamw_seesaw 128,seesaw,128,seed1,,test_loss,15,0.5525873878152308
adamw_seesaw 128,seesaw,128,seed1,,test_loss,15,0.5525873878152308
adamw_seesaw 128,seesaw,128,seed1,,test_loss,16,0.5610126226180883
adamw_seesaw 128,seesaw,128,seed1,,test_loss,16,0.5610126226180883
adamw_seesaw 128,seesaw,128,seed1,,test_loss,17,0.5592029139286641
adamw_seesaw 128,seesaw,128,seed1,,test_loss,17,0.5592029139286641
adamw_seesaw 128,seesaw,128,seed1,,test_loss,18,0.5598853669326865
adamw_seesaw 128,seesaw,128,seed1,,test_loss,18,0.5598853669326865
adamw_seesaw 128,seesaw,128,seed1,,test_loss,19,0.5662752584685957
adamw_seesaw 128,seesaw,128,seed1,,test_loss,19,0.5662752584685957
adamw_seesaw 128,seesaw,128,seed1,,test_loss,20,0.559760107597656
adamw_seesaw 128,seesaw,128,seed1,,test_loss,20,0.559760107597656
adamw_seesaw 128,seesaw,128,seed1,,test_loss,21,0.5459869147814584
adamw_seesaw 128,seesaw,128,seed1,,test_loss,21,0.5660624592635555
adamw_seesaw 128,seesaw,128,seed1,,test_loss,22,0.547232741910983
adamw_seesaw 128,seesaw,128,seed1,,test_loss,22,0.5746453833681616
adamw_seesaw 128,seesaw,128,seed1,,test_loss,23,0.544109375145512
adamw_seesaw 128,seesaw,128,seed1,,test_loss,23,0.5643283958979554
adamw_seesaw 128,seesaw,128,seed1,,test_loss,24,0.5477175993393316
adamw_seesaw 128,seesaw,128,seed1,,test_loss,24,0.5768405041525686
adamw_seesaw 128,seesaw,128,seed1,,test_loss,25,0.5492397395545862
adamw_seesaw 128,seesaw,128,seed1,,test_loss,25,0.5557661424579118
adamw_seesaw 128,seesaw,128,seed1,,test_loss,26,0.5528018364113652
adamw_seesaw 128,seesaw,128,seed1,,test_loss,26,0.5504170577747353
adamw_seesaw 128,seesaw,128,seed1,,test_loss,27,0.547561427002133
adamw_seesaw 128,seesaw,128,seed1,,test_loss,27,0.5515932076930473
adamw_seesaw 128,seesaw,128,seed1,,test_loss,28,0.547819591475406
adamw_seesaw 128,seesaw,128,seed1,,test_loss,28,0.5534529026898772
adamw_seesaw 128,seesaw,128,seed1,,test_loss,29,0.5463889331763817
adamw_seesaw 128,seesaw,128,seed1,,test_loss,29,0.5540600053053537
adamw_seesaw 128,seesaw,128,seed1,,test_loss,30,0.5472289145679561
adamw_seesaw 128,seesaw,128,seed1,,test_loss,30,0.5509508854022833
adamw_seesaw 128,seesaw,128,seed1,,test_loss,31,0.5477204510067223
adamw_seesaw 128,seesaw,128,seed1,,test_loss,31,0.556772529246342
adamw_seesaw 128,seesaw,128,seed1,,test_loss,32,0.5456931131064064
adamw_seesaw 128,seesaw,128,seed1,,test_loss,32,0.5515360725488552
adamw_seesaw 128,seesaw,128,seed1,,test_loss,33,0.5468398373917385
adamw_seesaw 128,seesaw,128,seed1,,test_loss,33,0.5517446488245494
adamw_seesaw 128,seesaw,128,seed1,,test_loss,34,0.5471820700725522
adamw_seesaw 128,seesaw,128,seed1,,test_loss,34,0.5521524200460526
adamw_seesaw 128,seesaw,128,seed1,,test_loss,35,0.5524820361305216
adamw_seesaw 128,seesaw,128,seed2,,test_loss,0,0.9328092016994652
adamw_seesaw 128,seesaw,128,seed2,,test_loss,0,0.9328092016994652
adamw_seesaw 128,seesaw,128,seed2,,test_loss,0,0.9328092016994652
adamw_seesaw 128,seesaw,128,seed2,,test_loss,0,0.9328092016994652
adamw_seesaw 128,seesaw,128,seed2,,test_loss,0,0.9328092016994652
adamw_seesaw 128,seesaw,128,seed2,,test_loss,1,0.7454875206217321
adamw_seesaw 128,seesaw,128,seed2,,test_loss,1,0.7454875206217321
adamw_seesaw 128,seesaw,128,seed2,,test_loss,1,0.7454875206217321
adamw_seesaw 128,seesaw,128,seed2,,test_loss,1,0.7454875206217321
adamw_seesaw 128,seesaw,128,seed2,,test_loss,2,0.6622434096608424
adamw_seesaw 128,seesaw,128,seed2,,test_loss,2,0.6622434096608424
adamw_seesaw 128,seesaw,128,seed2,,test_loss,2,0.6622434096608424
adamw_seesaw 128,seesaw,128,seed2,,test_loss,2,0.6622434096608424
adamw_seesaw 128,seesaw,128,seed2,,test_loss,3,0.6205163477459038
adamw_seesaw 128,seesaw,128,seed2,,test_loss,3,0.6205163477459038
adamw_seesaw 128,seesaw,128,seed2,,test_loss,3,0.6205163477459038
adamw_seesaw 128,seesaw,128,seed2,,test_loss,3,0.6205163477459038
adamw_seesaw 128,seesaw,128,seed2,,test_loss,4,0.6002383052813586
adamw_seesaw 128,seesaw,128,seed2,,test_loss,4,0.6002383052813586
adamw_seesaw 128,seesaw,128,seed2,,test_loss,4,0.6002383052813586
adamw_seesaw 128,seesaw,128,seed2,,test_loss,4,0.6002383052813586
adamw_seesaw 128,seesaw,128,seed2,,test_loss,5,0.588264466112837
adamw_seesaw 128,seesaw,128,seed2,,test_loss,5,0.588264466112837
adamw_seesaw 128,seesaw,128,seed2,,test_loss,5,0.588264466112837
adamw_seesaw 128,seesaw,128,seed2,,test_loss,5,0.588264466112837
adamw_seesaw 128,seesaw,128,seed2,,test_loss,6,0.5709052224728194
adamw_seesaw 128,seesaw,128,seed2,,test_loss,6,0.5709052224728194
adamw_seesaw 128,seesaw,128,seed2,,test_loss,6,0.5709052224728194
adamw_seesaw 128,seesaw,128,seed2,,test_loss,6,0.5709052224728194
adamw_seesaw 128,seesaw,128,seed2,,test_loss,7,0.5673297000837259
adamw_seesaw 128,seesaw,128,seed2,,test_loss,7,0.5673297000837259
adamw_seesaw 128,seesaw,128,seed2,,test_loss,7,0.5673297000837259
adamw_seesaw 128,seesaw,128,seed2,,test_loss,7,0.5673297000837259
adamw_seesaw 128,seesaw,128,seed2,,test_loss,8,0.5693570458367844
adamw_seesaw 128,seesaw,128,seed2,,test_loss,8,0.5693570458367844
adamw_seesaw 128,seesaw,128,seed2,,test_loss,8,0.5693570458367844
adamw_seesaw 128,seesaw,128,seed2,,test_loss,8,0.5693570458367844
adamw_seesaw 128,seesaw,128,seed2,,test_loss,9,0.5604878873093938
adamw_seesaw 128,seesaw,128,seed2,,test_loss,9,0.5604878873093938
adamw_seesaw 128,seesaw,128,seed2,,test_loss,9,0.5604878873093938
adamw_seesaw 128,seesaw,128,seed2,,test_loss,9,0.5604878873093938
adamw_seesaw 128,seesaw,128,seed2,,test_loss,10,0.5534264135781224
adamw_seesaw 128,seesaw,128,seed2,,test_loss,10,0.5534264135781224
adamw_seesaw 128,seesaw,128,seed2,,test_loss,10,0.5534264135781224
adamw_seesaw 128,seesaw,128,seed2,,test_loss,10,0.5534264135781224
adamw_seesaw 128,seesaw,128,seed2,,test_loss,11,0.5512607554467677
adamw_seesaw 128,seesaw,128,seed2,,test_loss,11,0.5512607554467677
adamw_seesaw 128,seesaw,128,seed2,,test_loss,11,0.5512607554467677
adamw_seesaw 128,seesaw,128,seed2,,test_loss,11,0.5512607554467677
adamw_seesaw 128,seesaw,128,seed2,,test_loss,12,0.5631755547071196
adamw_seesaw 128,seesaw,128,seed2,,test_loss,12,0.5631755547071196
adamw_seesaw 128,seesaw,128,seed2,,test_loss,12,0.5631755547071196
adamw_seesaw 128,seesaw,128,seed2,,test_loss,12,0.5631755547071196
adamw_seesaw 128,seesaw,128,seed2,,test_loss,13,0.5507938891915002
adamw_seesaw 128,seesaw,128,seed2,,test_loss,13,0.5507938891915002
adamw_seesaw 128,seesaw,128,seed2,,test_loss,13,0.5507938891915002
adamw_seesaw 128,seesaw,128,seed2,,test_loss,13,0.5507938891915002
adamw_seesaw 128,seesaw,128,seed2,,test_loss,14,0.5520979280188454
adamw_seesaw 128,seesaw,128,seed2,,test_loss,14,0.5520979280188454
adamw_seesaw 128,seesaw,128,seed2,,test_loss,14,0.5520979280188454
adamw_seesaw 128,seesaw,128,seed2,,test_loss,14,0.5520979280188454
adamw_seesaw 128,seesaw,128,seed2,,test_loss,15,0.5615368408687187
adamw_seesaw 128,seesaw,128,seed2,,test_loss,15,0.5615368408687187
adamw_seesaw 128,seesaw,128,seed2,,test_loss,15,0.5615368408687187
adamw_seesaw 128,seesaw,128,seed2,,test_loss,15,0.5615368408687187
adamw_seesaw 128,seesaw,128,seed2,,test_loss,16,0.5568190485102623
adamw_seesaw 128,seesaw,128,seed2,,test_loss,16,0.5568190485102623
adamw_seesaw 128,seesaw,128,seed2,,test_loss,16,0.5568190485102623
adamw_seesaw 128,seesaw,128,seed2,,test_loss,16,0.5568190485102623
adamw_seesaw 128,seesaw,128,seed2,,test_loss,17,0.5594278394522126
adamw_seesaw 128,seesaw,128,seed2,,test_loss,17,0.5594278394522126
adamw_seesaw 128,seesaw,128,seed2,,test_loss,17,0.5594278394522126
adamw_seesaw 128,seesaw,128,seed2,,test_loss,17,0.5594278394522126
adamw_seesaw 128,seesaw,128,seed2,,test_loss,18,0.5581887345478842
adamw_seesaw 128,seesaw,128,seed2,,test_loss,18,0.5581887345478842
adamw_seesaw 128,seesaw,128,seed2,,test_loss,18,0.5581887345478842
adamw_seesaw 128,seesaw,128,seed2,,test_loss,18,0.5581887345478842
adamw_seesaw 128,seesaw,128,seed2,,test_loss,19,0.5567173999922369
adamw_seesaw 128,seesaw,128,seed2,,test_loss,19,0.5567173999922369
adamw_seesaw 128,seesaw,128,seed2,,test_loss,19,0.5567173999922369
adamw_seesaw 128,seesaw,128,seed2,,test_loss,19,0.5567173999922369
adamw_seesaw 128,seesaw,128,seed2,,test_loss,20,0.5617478907748004
adamw_seesaw 128,seesaw,128,seed2,,test_loss,20,0.5617478907748004
adamw_seesaw 128,seesaw,128,seed2,,test_loss,20,0.5617478907748004
adamw_seesaw 128,seesaw,128,seed2,,test_loss,20,0.5617478907748004
adamw_seesaw 128,seesaw,128,seed2,,test_loss,21,0.5646183352677546
adamw_seesaw 128,seesaw,128,seed2,,test_loss,21,0.5459990693571404
adamw_seesaw 128,seesaw,128,seed2,,test_loss,21,0.5459990693571404
adamw_seesaw 128,seesaw,128,seed2,,test_loss,21,0.5646183352677546
adamw_seesaw 128,seesaw,128,seed2,,test_loss,22,0.5628986671599888
adamw_seesaw 128,seesaw,128,seed2,,test_loss,22,0.5447635315052901
adamw_seesaw 128,seesaw,128,seed2,,test_loss,22,0.5447635315052901
adamw_seesaw 128,seesaw,128,seed2,,test_loss,22,0.5628986671599888
adamw_seesaw 128,seesaw,128,seed2,,test_loss,23,0.5686023486354812
adamw_seesaw 128,seesaw,128,seed2,,test_loss,23,0.5420236507938667
adamw_seesaw 128,seesaw,128,seed2,,test_loss,23,0.5420236507938667
adamw_seesaw 128,seesaw,128,seed2,,test_loss,23,0.5686023486354812
adamw_seesaw 128,seesaw,128,seed2,,test_loss,24,0.569280445563955
adamw_seesaw 128,seesaw,128,seed2,,test_loss,24,0.5471938471897797
adamw_seesaw 128,seesaw,128,seed2,,test_loss,24,0.5471938471897797
adamw_seesaw 128,seesaw,128,seed2,,test_loss,24,0.569280445563955
adamw_seesaw 128,seesaw,128,seed2,,test_loss,25,0.5504886933926945
adamw_seesaw 128,seesaw,128,seed2,,test_loss,25,0.5517807478188641
adamw_seesaw 128,seesaw,128,seed2,,test_loss,25,0.5517807478188641
adamw_seesaw 128,seesaw,128,seed2,,test_loss,25,0.5504886933926945
adamw_seesaw 128,seesaw,128,seed2,,test_loss,26,0.5489425912988607
adamw_seesaw 128,seesaw,128,seed2,,test_loss,26,0.5496704974870263
adamw_seesaw 128,seesaw,128,seed2,,test_loss,26,0.5496704974870263
adamw_seesaw 128,seesaw,128,seed2,,test_loss,26,0.5489425912988607
adamw_seesaw 128,seesaw,128,seed2,,test_loss,27,0.5481909799067342
adamw_seesaw 128,seesaw,128,seed2,,test_loss,27,0.5423529576275008
adamw_seesaw 128,seesaw,128,seed2,,test_loss,27,0.5423529576275008
adamw_seesaw 128,seesaw,128,seed2,,test_loss,27,0.5481909799067342
adamw_seesaw 128,seesaw,128,seed2,,test_loss,28,0.5481866419496428
adamw_seesaw 128,seesaw,128,seed2,,test_loss,28,0.5458632768131793
adamw_seesaw 128,seesaw,128,seed2,,test_loss,28,0.5458632768131793
adamw_seesaw 128,seesaw,128,seed2,,test_loss,28,0.5481866419496428
adamw_seesaw 128,seesaw,128,seed2,,test_loss,29,0.5488071454456076
adamw_seesaw 128,seesaw,128,seed2,,test_loss,29,0.5457751062661033
adamw_seesaw 128,seesaw,128,seed2,,test_loss,29,0.5457751062661033
adamw_seesaw 128,seesaw,128,seed2,,test_loss,29,0.5488071454456076
adamw_seesaw 128,seesaw,128,seed2,,test_loss,30,0.5521439773517407
adamw_seesaw 128,seesaw,128,seed2,,test_loss,30,0.5441133085628878
adamw_seesaw 128,seesaw,128,seed2,,test_loss,30,0.5441133085628878
adamw_seesaw 128,seesaw,128,seed2,,test_loss,30,0.5521439773517407
adamw_seesaw 128,seesaw,128,seed2,,test_loss,31,0.5536012135427257
adamw_seesaw 128,seesaw,128,seed2,,test_loss,31,0.545824231241237
adamw_seesaw 128,seesaw,128,seed2,,test_loss,31,0.545824231241237
adamw_seesaw 128,seesaw,128,seed2,,test_loss,31,0.5536012135427257
adamw_seesaw 128,seesaw,128,seed2,,test_loss,32,0.5488983576134261
adamw_seesaw 128,seesaw,128,seed2,,test_loss,32,0.5451122138677447
adamw_seesaw 128,seesaw,128,seed2,,test_loss,32,0.5451122138677447
adamw_seesaw 128,seesaw,128,seed2,,test_loss,32,0.5488983576134261
adamw_seesaw 128,seesaw,128,seed2,,test_loss,33,0.5488292235525964
adamw_seesaw 128,seesaw,128,seed2,,test_loss,33,0.5450472362184277
adamw_seesaw 128,seesaw,128,seed2,,test_loss,33,0.5450472362184277
adamw_seesaw 128,seesaw,128,seed2,,test_loss,33,0.5488292235525964
adamw_seesaw 128,seesaw,128,seed2,,test_loss,34,0.5478921484124536
adamw_seesaw 128,seesaw,128,seed2,,test_loss,34,0.544020328912978
adamw_seesaw 128,seesaw,128,seed2,,test_loss,34,0.544020328912978
adamw_seesaw 128,seesaw,128,seed2,,test_loss,34,0.5478921484124536
adamw_seesaw 128,seesaw,128,seed2,,test_loss,35,0.5494495583956854
adamw_seesaw 128,seesaw,128,seed2,,test_loss,35,0.5452580337549061
adamw_seesaw 128,seesaw,128,seed2,,test_loss,35,0.5452580337549061
adamw_seesaw 128,seesaw,128,seed2,,test_loss,35,0.5494495583956854
adamw_seesaw 128,seesaw,128,seed2,,test_loss,36,0.545566372676856
adamw_seesaw 128,seesaw,128,seed2,,test_loss,36,0.545566372676856
adamw_seesaw 256,seesaw,256,seed1,,test_loss,0,1.034918927183055
adamw_seesaw 256,seesaw,256,seed1,,test_loss,1,0.7968797585879913
adamw_seesaw 256,seesaw,256,seed1,,test_loss,2,0.7068901796909896
adamw_seesaw 256,seesaw,256,seed1,,test_loss,3,0.6597725966888847
adamw_seesaw 256,seesaw,256,seed1,,test_loss,4,0.6293823731066001
adamw_seesaw 256,seesaw,256,seed1,,test_loss,5,0.5983255695212971
adamw_seesaw 256,seesaw,256,seed1,,test_loss,6,0.589466514235193
adamw_seesaw 256,seesaw,256,seed1,,test_loss,7,0.5762412509307114
adamw_seesaw 256,seesaw,256,seed1,,test_loss,8,0.5719526227224957
adamw_seesaw 256,seesaw,256,seed1,,test_loss,9,0.5631371646969006
adamw_seesaw 256,seesaw,256,seed1,,test_loss,10,0.553113276082458
adamw_seesaw 256,seesaw,256,seed1,,test_loss,11,0.5651744149173751
adamw_seesaw 256,seesaw,256,seed1,,test_loss,12,0.5557624231083225
adamw_seesaw 256,seesaw,256,seed1,,test_loss,13,0.5529747646339614
adamw_seesaw 256,seesaw,256,seed1,,test_loss,14,0.5576927754463572
adamw_seesaw 256,seesaw,256,seed1,,test_loss,15,0.5457143327127202
adamw_seesaw 256,seesaw,256,seed1,,test_loss,16,0.548075420687897
adamw_seesaw 256,seesaw,256,seed1,,test_loss,17,0.5504175387322903
adamw_seesaw 256,seesaw,256,seed1,,test_loss,18,0.5520580791012205
adamw_seesaw 256,seesaw,256,seed1,,test_loss,19,0.5566461849393267
adamw_seesaw 256,seesaw,256,seed1,,test_loss,20,0.550130566149348
adamw_seesaw 256,seesaw,256,seed1,,test_loss,21,0.5391474402312076
adamw_seesaw 256,seesaw,256,seed1,,test_loss,22,0.5373164798800993
adamw_seesaw 256,seesaw,256,seed1,,test_loss,23,0.5380434556817165
adamw_seesaw 256,seesaw,256,seed1,,test_loss,24,0.5412017827232679
adamw_seesaw 256,seesaw,256,seed1,,test_loss,25,0.5382338466517853
adamw_seesaw 256,seesaw,256,seed1,,test_loss,26,0.5400163416910653
adamw_seesaw 256,seesaw,256,seed1,,test_loss,27,0.5390101425876521
adamw_seesaw 256,seesaw,256,seed1,,test_loss,28,0.5363235139109269
adamw_seesaw 256,seesaw,256,seed1,,test_loss,29,0.5350380201983933
adamw_seesaw 256,seesaw,256,seed1,,test_loss,30,0.5366401860509256
adamw_seesaw 256,seesaw,256,seed1,,test_loss,31,0.5367196558626613
adamw_seesaw 64,seesaw,64,seed1,,test_loss,0,0.8276608933470672
adamw_seesaw 64,seesaw,64,seed1,,test_loss,1,0.685792018104156
adamw_seesaw 64,seesaw,64,seed1,,test_loss,2,0.6375031335456179
adamw_seesaw 64,seesaw,64,seed1,,test_loss,3,0.6095081588913557
adamw_seesaw 64,seesaw,64,seed1,,test_loss,4,0.5939929388746431
adamw_seesaw 64,seesaw,64,seed1,,test_loss,5,0.5826090100380485
adamw_seesaw 64,seesaw,64,seed1,,test_loss,6,0.5762613528856088
adamw_seesaw 64,seesaw,64,seed1,,test_loss,7,0.5746873548272055
adamw_seesaw 64,seesaw,64,seed1,,test_loss,8,0.571037127184269
adamw_seesaw 64,seesaw,64,seed1,,test_loss,9,0.5781102848298187
adamw_seesaw 64,seesaw,64,seed1,,test_loss,10,0.5591926130984874
adamw_seesaw 64,seesaw,64,seed1,,test_loss,11,0.5717262301334664
adamw_seesaw 64,seesaw,64,seed1,,test_loss,12,0.5696280148540493
adamw_seesaw 64,seesaw,64,seed1,,test_loss,13,0.5706836682863686
adamw_seesaw 64,seesaw,64,seed1,,test_loss,14,0.5821279394997378
adamw_seesaw 64,seesaw,64,seed1,,test_loss,15,0.5767662441452281
adamw_seesaw 64,seesaw,64,seed1,,test_loss,16,0.5727813363233669
adamw_seesaw 64,seesaw,64,seed1,,test_loss,17,0.5856476452590639
adamw_seesaw 64,seesaw,64,seed1,,test_loss,18,0.5802914268975264
adamw_seesaw 64,seesaw,64,seed1,,test_loss,19,0.5840264501704399
adamw_seesaw 64,seesaw,64,seed1,,test_loss,20,0.5861886175350092
adamw_seesaw 64,seesaw,64,seed1,,test_loss,21,0.5765146065325052
adamw_seesaw 64,seesaw,64,seed1,,test_loss,22,0.5818722038332349
adamw_seesaw 64,seesaw,64,seed1,,test_loss,23,0.5838874854632252
adamw_seesaw 64,seesaw,64,seed1,,test_loss,24,0.5773728700566159
adamw_seesaw 64,seesaw,64,seed1,,test_loss,25,0.5587615363967761
adamw_seesaw 64,seesaw,64,seed1,,test_loss,26,0.5586958758283592
adamw_seesaw 64,seesaw,64,seed1,,test_loss,27,0.5569845712942637
adamw_seesaw 64,seesaw,64,seed1,,test_loss,28,0.5617135204948394
adamw_seesaw 64,seesaw,64,seed1,,test_loss,29,0.562400654739961
adamw_seesaw 64,seesaw,64,seed1,,test_loss,30,0.5630074940614485
adamw_seesaw 64,seesaw,64,seed1,,test_loss,31,0.5610023811827944
adamw_seesaw 64,seesaw,64,seed1,,test_loss,32,0.5589610102613342
adamw_seesaw 64,seesaw,64,seed1,,test_loss,33,0.5592908724949067
adamw_seesaw 64,seesaw,64,seed1,,test_loss,34,0.5584435289784974
adamw_seesaw 64,seesaw,64,seed1,,test_loss,35,0.5593143722889031
adaboba 128 abm1,aboba,128,seed1,1,train_loss,0,1.8903549607796004
adaboba 128 abm1,aboba,128,seed1,1,train_loss,1,1.1279139423169164
adaboba 128 abm1,aboba,128,seed1,1,train_loss,2,1.2577568706284852
adaboba 128 abm1,aboba,128,seed1,1,train_loss,3,1.0818199845559575
adaboba 128 abm1,aboba,128,seed1,1,train_loss,4,0.9776905030167043
adaboba 128 abm1,aboba,128,seed1,1,train_loss,5,0.9542696091349316
adaboba 128 abm1,aboba,128,seed1,1,train_loss,6,0.8982395166675053
adaboba 128 abm1,aboba,128,seed1,1,train_loss,7,0.8625927384964901
adaboba 128 abm1,aboba,128,seed1,1,train_loss,8,0.8375929978172673
adaboba 128 abm1,aboba,128,seed1,1,train_loss,9,0.8113897130951876
adaboba 128 abm1,aboba,128,seed1,1,train_loss,10,0.7944680934132897
adaboba 128 abm1,aboba,128,seed1,1,train_loss,11,0.7618213594607198
adaboba 128 abm1,aboba,128,seed1,1,train_loss,12,0.7492518107990445
adaboba 128 abm1,aboba,128,seed1,1,train_loss,13,0.7195789122204305
adaboba 128 abm1,aboba,128,seed1,1,train_loss,14,0.696663155350421
adaboba 128 abm1,aboba,128,seed1,1,train_loss,15,0.674978165396243
adaboba 128 abm1,aboba,128,seed1,1,train_loss,16,0.6531674245460014
adaboba 128 abm1,aboba,128,seed1,1,train_loss,17,0.6289653655058602
adaboba 128 abm1,aboba,128,seed1,1,train_loss,18,0.6008382836174282
adaboba 128 abm1,aboba,128,seed1,1,train_loss,19,0.5818094079224587
adaboba 128 abm1,aboba,128,seed1,1,train_loss,20,0.5648618939841703
adaboba 128 abm1,aboba,128,seed1,1,train_loss,21,0.534616456503758
adaboba 128 abm1,aboba,128,seed1,1,train_loss,22,0.5219108720907842
adaboba 128 abm1,aboba,128,seed1,1,train_loss,23,0.49496637238896524
adaboba 128 abm1,aboba,128,seed1,1,train_loss,24,0.47731484311602146
adaboba 128 abm1,aboba,128,seed1,1,train_loss,25,0.45661466002339846
adaboba 128 abm1,aboba,128,seed1,1,train_loss,26,0.4382401932038293
adaboba 128 abm1,aboba,128,seed1,1,train_loss,27,0.42845581603626853
adaboba 128 abm1,aboba,128,seed1,1,train_loss,28,0.41122581119444257
adaboba 128 abm1,aboba,128,seed1,1,train_loss,29,0.4013642571239483
adaboba 128 abm1,aboba,128,seed1,1,train_loss,30,0.38683343497115086
adaboba 128 abm1,aboba,128,seed1,1,train_loss,31,0.37783107667974786
adaboba 128 abm1,aboba,128,seed1,1,train_loss,32,0.3636769609120203
adaboba 128 abm1,aboba,128,seed1,1,train_loss,33,0.3590968223952831
adaboba 128 abm1,aboba,128,seed1,1,train_loss,34,0.3525661380889235
adaboba 128 abm1,aboba,128,seed1,1,train_loss,35,0.3495589881700565
adaboba 128 abm1,aboba,128,seed1,1,train_loss,36,0.34448904700153576
adaboba 128 abm1,aboba,128,seed1,1,train_loss,37,0.34217410175254825
adaboba 128 abm1,aboba,128,seed1,1,train_loss,38,0.34105699411440343
adaboba 128 abm1,aboba,128,seed1,1,train_loss,39,0.33865510755644057
adaboba 128 abm1,aboba,128,seed2,1,train_loss,0,1.902876299393328
adaboba 128 abm1,aboba,128,seed2,1,train_loss,1,1.137788923103598
adaboba 128 abm1,aboba,128,seed2,1,train_loss,2,1.261197854978687
adaboba 128 abm1,aboba,128,seed2,1,train_loss,3,1.0819336408011542
adaboba 128 abm1,aboba,128,seed2,1,train_loss,4,0.9985266188894973
adaboba 128 abm1,aboba,128,seed2,1,train_loss,5,0.9527645420670553
adaboba 128 abm1,aboba,128,seed2,1,train_loss,6,0.9007610178399499
adaboba 128 abm1,aboba,128,seed2,1,train_loss,7,0.8606034290023369
adaboba 128 abm1,aboba,128,seed2,1,train_loss,8,0.844052860523657
adaboba 128 abm1,aboba,128,seed2,1,train_loss,9,0.8167987425732288
adaboba 128 abm1,aboba,128,seed2,1,train_loss,10,0.7886531051448923
adaboba 128 abm1,aboba,128,seed2,1,train_loss,11,0.7683311895381622
adaboba 128 abm1,aboba,128,seed2,1,train_loss,12,0.7463156366171313
adaboba 128 abm1,aboba,128,seed2,1,train_loss,13,0.7161402971618903
adaboba 128 abm1,aboba,128,seed2,1,train_loss,14,0.6893042069614491
adaboba 128 abm1,aboba,128,seed2,1,train_loss,15,0.6760989184854569
adaboba 128 abm1,aboba,128,seed2,1,train_loss,16,0.6540091902229677
adaboba 128 abm1,aboba,128,seed2,1,train_loss,17,0.6304432536235614
adaboba 128 abm1,aboba,128,seed2,1,train_loss,18,0.6057345689952389
adaboba 128 abm1,aboba,128,seed2,1,train_loss,19,0.5843000463626892
adaboba 128 abm1,aboba,128,seed2,1,train_loss,20,0.5641160761575841
adaboba 128 abm1,aboba,128,seed2,1,train_loss,21,0.5414746024690688
adaboba 128 abm1,aboba,128,seed2,1,train_loss,22,0.5198178761310154
adaboba 128 abm1,aboba,128,seed2,1,train_loss,23,0.5015147431184946
adaboba 128 abm1,aboba,128,seed2,1,train_loss,24,0.4784000075359278
adaboba 128 abm1,aboba,128,seed2,1,train_loss,25,0.4628162668421378
adaboba 128 abm1,aboba,128,seed2,1,train_loss,26,0.44652423928722296
adaboba 128 abm1,aboba,128,seed2,1,train_loss,27,0.4269790922031766
adaboba 128 abm1,aboba,128,seed2,1,train_loss,28,0.41237993789199817
adaboba 128 abm1,aboba,128,seed2,1,train_loss,29,0.4004891736635772
adaboba 128 abm1,aboba,128,seed2,1,train_loss,30,0.38734596473832406
adaboba 128 abm1,aboba,128,seed2,1,train_loss,31,0.37991268864343203
adaboba 128 abm1,aboba,128,seed2,1,train_loss,32,0.37115855573388473
adaboba 128 abm1,aboba,128,seed2,1,train_loss,33,0.36101597369236726
adaboba 128 abm1,aboba,128,seed2,1,train_loss,34,0.3577202014828334
adaboba 128 abm1,aboba,128,seed2,1,train_loss,35,0.3498013664564464
adaboba 128 abm1,aboba,128,seed2,1,train_loss,36,0.34978304861240017
adaboba 128 abm1,aboba,128,seed2,1,train_loss,37,0.34748735938905184
adaboba 128 abm1,aboba,128,seed2,1,train_loss,38,0.3414035072070205
adaboba 128 abm1,aboba,128,seed2,1,train_loss,39,0.34267839794151317
adaboba 128 abm1,aboba,128,seed3,1,train_loss,0,1.9049659007963753
adaboba 128 abm1,aboba,128,seed3,1,train_loss,1,1.1314587619485734
adaboba 128 abm1,aboba,128,seed3,1,train_loss,2,1.2547204127910212
adaboba 128 abm1,aboba,128,seed3,1,train_loss,3,1.0807179816786459
adaboba 128 abm1,aboba,128,seed3,1,train_loss,4,0.9898395092735589
adaboba 128 abm1,aboba,128,seed3,1,train_loss,5,0.9445193481240554
adaboba 128 abm1,aboba,128,seed3,1,train_loss,6,0.8987916913422027
adaboba 128 abm1,aboba,128,seed3,1,train_loss,7,0.8692541884107164
adaboba 128 abm1,aboba,128,seed3,1,train_loss,8,0.8419192662503164
adaboba 128 abm1,aboba,128,seed3,1,train_loss,9,0.8114927962485073
adaboba 128 abm1,aboba,128,seed3,1,train_loss,10,0.7916511527964567
adaboba 128 abm1,aboba,128,seed3,1,train_loss,11,0.7683369766004069
adaboba 128 abm1,aboba,128,seed3,1,train_loss,12,0.7381375842663581
adaboba 128 abm1,aboba,128,seed3,1,train_loss,13,0.7142313083895446
adaboba 128 abm1,aboba,128,seed3,1,train_loss,14,0.6926459511544025
adaboba 128 abm1,aboba,128,seed3,1,train_loss,15,0.6668695604463939
adaboba 128 abm1,aboba,128,seed3,1,train_loss,16,0.6512892757547042
adaboba 128 abm1,aboba,128,seed3,1,train_loss,17,0.6271032730306471
adaboba 128 abm1,aboba,128,seed3,1,train_loss,18,0.5994097895999957
adaboba 128 abm1,aboba,128,seed3,1,train_loss,19,0.5798103799131078
adaboba 128 abm1,aboba,128,seed3,1,train_loss,20,0.5619408952210236
adaboba 128 abm1,aboba,128,seed3,1,train_loss,21,0.5417323286273803
adaboba 128 abm1,aboba,128,seed3,1,train_loss,22,0.5122309149201759
adaboba 128 abm1,aboba,128,seed3,1,train_loss,23,0.4892197847526164
adaboba 128 abm1,aboba,128,seed3,1,train_loss,24,0.4810118987536513
adaboba 128 abm1,aboba,128,seed3,1,train_loss,25,0.4546100010401478
adaboba 128 abm1,aboba,128,seed3,1,train_loss,26,0.4402245248898421
adaboba 128 abm1,aboba,128,seed3,1,train_loss,27,0.42359686827391
adaboba 128 abm1,aboba,128,seed3,1,train_loss,28,0.4117922482948996
adaboba 128 abm1,aboba,128,seed3,1,train_loss,29,0.3986592931285648
adaboba 128 abm1,aboba,128,seed3,1,train_loss,30,0.38284013238468956
adaboba 128 abm1,aboba,128,seed3,1,train_loss,31,0.3734807002590827
adaboba 128 abm1,aboba,128,seed3,1,train_loss,32,0.36151772460302184
adaboba 128 abm1,aboba,128,seed3,1,train_loss,33,0.3571633874673379
adaboba 128 abm1,aboba,128,seed3,1,train_loss,34,0.3500685327224651
adaboba 128 abm1,aboba,128,seed3,1,train_loss,35,0.3456201158892528
adaboba 128 abm1,aboba,128,seed3,1,train_loss,36,0.3452543739280472
adaboba 128 abm1,aboba,128,seed3,1,train_loss,37,0.34119738383027776
adaboba 128 abm1,aboba,128,seed3,1,train_loss,38,0.33487467182960823
adaboba 128 abm1,aboba,128,seed3,1,train_loss,39,0.33907264609115956
adaboba 256 abm1,aboba,256,seed1,1,train_loss,0,2.1520930367683055
adaboba 256 abm1,aboba,256,seed1,1,train_loss,1,1.231378190125091
adaboba 256 abm1,aboba,256,seed1,1,train_loss,2,1.2937576934744424
adaboba 256 abm1,aboba,256,seed1,1,train_loss,3,1.0956911347240899
adaboba 256 abm1,aboba,256,seed1,1,train_loss,4,1.0020200992528843
adaboba 256 abm1,aboba,256,seed1,1,train_loss,5,0.9538557744649387
adaboba 256 abm1,aboba,256,seed1,1,train_loss,6,0.9059418015078743
adaboba 256 abm1,aboba,256,seed1,1,train_loss,7,0.8688309503206522
adaboba 256 abm1,aboba,256,seed1,1,train_loss,8,0.8421516683845237
adaboba 256 abm1,aboba,256,seed1,1,train_loss,9,0.8131965800795224
adaboba 256 abm1,aboba,256,seed1,1,train_loss,10,0.7961206680690844
adaboba 256 abm1,aboba,256,seed1,1,train_loss,11,0.7673513160505374
adaboba 256 abm1,aboba,256,seed1,1,train_loss,12,0.7419607491707807
adaboba 256 abm1,aboba,256,seed1,1,train_loss,13,0.7255614941970698
adaboba 256 abm1,aboba,256,seed1,1,train_loss,14,0.6940512697405204
adaboba 256 abm1,aboba,256,seed1,1,train_loss,15,0.6691448228948452
adaboba 256 abm1,aboba,256,seed1,1,train_loss,16,0.6564132554419707
adaboba 256 abm1,aboba,256,seed1,1,train_loss,17,0.6295832137775488
adaboba 256 abm1,aboba,256,seed1,1,train_loss,18,0.6046001263000199
adaboba 256 abm1,aboba,256,seed1,1,train_loss,19,0.5848124214638136
adaboba 256 abm1,aboba,256,seed1,1,train_loss,20,0.5669609999062554
adaboba 256 abm1,aboba,256,seed1,1,train_loss,21,0.5358589192663126
adaboba 256 abm1,aboba,256,seed1,1,train_loss,22,0.5193856096975143
adaboba 256 abm1,aboba,256,seed1,1,train_loss,23,0.49428807089455645
adaboba 256 abm1,aboba,256,seed1,1,train_loss,24,0.4748489526570153
adaboba 256 abm1,aboba,256,seed1,1,train_loss,25,0.4555986810424186
adaboba 256 abm1,aboba,256,seed1,1,train_loss,26,0.4420806612487477
adaboba 256 abm1,aboba,256,seed1,1,train_loss,27,0.4260106159868979
adaboba 256 abm1,aboba,256,seed1,1,train_loss,28,0.4107736674879373
adaboba 256 abm1,aboba,256,seed1,1,train_loss,29,0.4019069289143133
adaboba 256 abm1,aboba,256,seed1,1,train_loss,30,0.38787390531318705
adaboba 256 abm1,aboba,256,seed1,1,train_loss,31,0.37766871376050704
adaboba 256 abm1,aboba,256,seed1,1,train_loss,32,0.3676080996746742
adaboba 256 abm1,aboba,256,seed1,1,train_loss,33,0.35687510570933345
adaboba 256 abm1,aboba,256,seed1,1,train_loss,34,0.35017876459936337
adaboba 256 abm1,aboba,256,seed1,1,train_loss,35,0.3489973826696519
adaboba 256 abm1,aboba,256,seed1,1,train_loss,36,0.343654790528935
adaboba 256 abm1,aboba,256,seed1,1,train_loss,37,0.3425722003844281
adaboba 256 abm1,aboba,256,seed1,1,train_loss,38,0.3370932297898339
adaboba 256 abm1,aboba,256,seed1,1,train_loss,39,0.34028007251957354
adaboba 256 abm1,aboba,256,seed2,1,train_loss,0,2.145153279042948
adaboba 256 abm1,aboba,256,seed2,1,train_loss,1,1.2401154265122072
adaboba 256 abm1,aboba,256,seed2,1,train_loss,2,1.303099347201634
adaboba 256 abm1,aboba,256,seed2,1,train_loss,3,1.0985864295030978
adaboba 256 abm1,aboba,256,seed2,1,train_loss,4,1.008606760451064
adaboba 256 abm1,aboba,256,seed2,1,train_loss,5,0.9590855584293739
adaboba 256 abm1,aboba,256,seed2,1,train_loss,6,0.9089589878533146
adaboba 256 abm1,aboba,256,seed2,1,train_loss,7,0.867388811808559
adaboba 256 abm1,aboba,256,seed2,1,train_loss,8,0.8428053948873341
adaboba 256 abm1,aboba,256,seed2,1,train_loss,9,0.8229361307082494
adaboba 256 abm1,aboba,256,seed2,1,train_loss,10,0.791934468089492
adaboba 256 abm1,aboba,256,seed2,1,train_loss,11,0.7674810508970628
adaboba 256 abm1,aboba,256,seed2,1,train_loss,12,0.7459025999390883
adaboba 256 abm1,aboba,256,seed2,1,train_loss,13,0.71798845542235
adaboba 256 abm1,aboba,256,seed2,1,train_loss,14,0.6942199830597614
adaboba 256 abm1,aboba,256,seed2,1,train_loss,15,0.6731457061314173
adaboba 256 abm1,aboba,256,seed2,1,train_loss,16,0.6562540711894963
adaboba 256 abm1,aboba,256,seed2,1,train_loss,17,0.6289806629351276
adaboba 256 abm1,aboba,256,seed2,1,train_loss,18,0.610158450955612
adaboba 256 abm1,aboba,256,seed2,1,train_loss,19,0.5845002239485915
adaboba 256 abm1,aboba,256,seed2,1,train_loss,20,0.5648933386348615
adaboba 256 abm1,aboba,256,seed2,1,train_loss,21,0.5421976582813992
adaboba 256 abm1,aboba,256,seed2,1,train_loss,22,0.5145087254906231
adaboba 256 abm1,aboba,256,seed2,1,train_loss,23,0.5034247030814488
adaboba 256 abm1,aboba,256,seed2,1,train_loss,24,0.48072003221956033
adaboba 256 abm1,aboba,256,seed2,1,train_loss,25,0.4622830889751146
adaboba 256 abm1,aboba,256,seed2,1,train_loss,26,0.4427321222158942
adaboba 256 abm1,aboba,256,seed2,1,train_loss,27,0.42814619499758333
adaboba 256 abm1,aboba,256,seed2,1,train_loss,28,0.4163488735050624
adaboba 256 abm1,aboba,256,seed2,1,train_loss,29,0.40104995122050296
adaboba 256 abm1,aboba,256,seed2,1,train_loss,30,0.3882170799543395
adaboba 256 abm1,aboba,256,seed2,1,train_loss,31,0.3793906434532994
adaboba 256 abm1,aboba,256,seed2,1,train_loss,32,0.3646549633219735
adaboba 256 abm1,aboba,256,seed2,1,train_loss,33,0.36387777128352794
adaboba 256 abm1,aboba,256,seed2,1,train_loss,34,0.3584846735358679
adaboba 256 abm1,aboba,256,seed2,1,train_loss,35,0.3504268320906577
adaboba 256 abm1,aboba,256,seed2,1,train_loss,36,0.34751678085694576
adaboba 256 abm1,aboba,256,seed2,1,train_loss,37,0.3479156924972772
adaboba 256 abm1,aboba,256,seed2,1,train_loss,38,0.3433696203643367
adaboba 256 abm1,aboba,256,seed2,1,train_loss,39,0.34022697354516673
adaboba 256 abm1,aboba,256,seed3,1,train_loss,0,2.161528481209831
adaboba 256 abm1,aboba,256,seed3,1,train_loss,1,1.2376148386343622
adaboba 256 abm1,aboba,256,seed3,1,train_loss,2,1.2998222152047818
adaboba 256 abm1,aboba,256,seed3,1,train_loss,3,1.0983529296368606
adaboba 256 abm1,aboba,256,seed3,1,train_loss,4,1.0021884471278135
adaboba 256 abm1,aboba,256,seed3,1,train_loss,5,0.9502561995629434
adaboba 256 abm1,aboba,256,seed3,1,train_loss,6,0.9064352311909494
adaboba 256 abm1,aboba,256,seed3,1,train_loss,7,0.8886432973757579
adaboba 256 abm1,aboba,256,seed3,1,train_loss,8,0.8296953093614593
adaboba 256 abm1,aboba,256,seed3,1,train_loss,9,0.8281843749389495
adaboba 256 abm1,aboba,256,seed3,1,train_loss,10,0.7880574678748404
adaboba 256 abm1,aboba,256,seed3,1,train_loss,11,0.7619022621184338
adaboba 256 abm1,aboba,256,seed3,1,train_loss,12,0.7389561202264388
adaboba 256 abm1,aboba,256,seed3,1,train_loss,13,0.7191926131641247
adaboba 256 abm1,aboba,256,seed3,1,train_loss,14,0.6950477356686775
adaboba 256 abm1,aboba,256,seed3,1,train_loss,15,0.6720082044907865
adaboba 256 abm1,aboba,256,seed3,1,train_loss,16,0.6513848549870792
adaboba 256 abm1,aboba,256,seed3,1,train_loss,17,0.6312224767590403
adaboba 256 abm1,aboba,256,seed3,1,train_loss,18,0.6016482490645823
adaboba 256 abm1,aboba,256,seed3,1,train_loss,19,0.5764233650856561
adaboba 256 abm1,aboba,256,seed3,1,train_loss,20,0.5583806878026871
adaboba 256 abm1,aboba,256,seed3,1,train_loss,21,0.5341806532411139
adaboba 256 abm1,aboba,256,seed3,1,train_loss,22,0.5162226318543226
adaboba 256 abm1,aboba,256,seed3,1,train_loss,23,0.4952240419872228
adaboba 256 abm1,aboba,256,seed3,1,train_loss,24,0.47764911778671487
adaboba 256 abm1,aboba,256,seed3,1,train_loss,25,0.45982921460119924
adaboba 256 abm1,aboba,256,seed3,1,train_loss,26,0.43630272970488754
adaboba 256 abm1,aboba,256,seed3,1,train_loss,27,0.4246182379948351
adaboba 256 abm1,aboba,256,seed3,1,train_loss,28,0.40933844577624373
adaboba 256 abm1,aboba,256,seed3,1,train_loss,29,0.3961167080014354
adaboba 256 abm1,aboba,256,seed3,1,train_loss,30,0.388636061138512
adaboba 256 abm1,aboba,256,seed3,1,train_loss,31,0.37064412423729826
adaboba 256 abm1,aboba,256,seed3,1,train_loss,32,0.3639761141233983
adaboba 256 abm1,aboba,256,seed3,1,train_loss,33,0.35748596363678786
adaboba 256 abm1,aboba,256,seed3,1,train_loss,34,0.3484349032853646
adaboba 256 abm1,aboba,256,seed3,1,train_loss,35,0.345114786248951
adaboba 256 abm1,aboba,256,seed3,1,train_loss,36,0.3360710695861282
adaboba 256 abm1,aboba,256,seed3,1,train_loss,37,0.34220330237670826
adaboba 256 abm1,aboba,256,seed3,1,train_loss,38,0.337289851875932
adaboba 256 abm1,aboba,256,seed3,1,train_loss,39,0.3337896444355718
adaboba 64 abm1,aboba,64,seed1,1,train_loss,0,1.720136772554049
adaboba 64 abm1,aboba,64,seed1,1,train_loss,0,1.720136772554049
adaboba 64 abm1,aboba,64,seed1,1,train_loss,1,1.0676511794863683
adaboba 64 abm1,aboba,64,seed1,1,train_loss,1,1.0676511794863683
adaboba 64 abm1,aboba,64,seed1,1,train_loss,2,1.2124785646402796
adaboba 64 abm1,aboba,64,seed1,1,train_loss,2,1.2124785646402796
adaboba 64 abm1,aboba,64,seed1,1,train_loss,3,1.0645473640688723
adaboba 64 abm1,aboba,64,seed1,1,train_loss,3,0.8574802067088861
adaboba 64 abm1,aboba,64,seed1,1,train_loss,4,0.9647754137535202
adaboba 64 abm1,aboba,64,seed1,1,train_loss,4,0.866136200038869
adaboba 64 abm1,aboba,64,seed1,1,train_loss,5,0.9519930645116154
adaboba 64 abm1,aboba,64,seed1,1,train_loss,5,0.8168442728183174
adaboba 64 abm1,aboba,64,seed1,1,train_loss,6,0.8954071436564226
adaboba 64 abm1,aboba,64,seed1,1,train_loss,6,0.7764881086014579
adaboba 64 abm1,aboba,64,seed1,1,train_loss,7,0.8598521522609609
adaboba 64 abm1,aboba,64,seed1,1,train_loss,7,0.7501899933165843
adaboba 64 abm1,aboba,64,seed1,1,train_loss,8,0.8318042614974893
adaboba 64 abm1,aboba,64,seed1,1,train_loss,8,0.7192883903319293
adaboba 64 abm1,aboba,64,seed1,1,train_loss,9,0.8058411471696921
adaboba 64 abm1,aboba,64,seed1,1,train_loss,9,0.6955738975466674
adaboba 64 abm1,aboba,64,seed1,1,train_loss,10,0.7880578203691456
adaboba 64 abm1,aboba,64,seed1,1,train_loss,10,0.6718134211208432
adaboba 64 abm1,aboba,64,seed1,1,train_loss,11,0.7625291392173578
adaboba 64 abm1,aboba,64,seed1,1,train_loss,11,0.6501878504333578
adaboba 64 abm1,aboba,64,seed1,1,train_loss,12,0.7452494317081846
adaboba 64 abm1,aboba,64,seed1,1,train_loss,12,0.6265261231053375
adaboba 64 abm1,aboba,64,seed1,1,train_loss,13,0.7187386749341547
adaboba 64 abm1,aboba,64,seed1,1,train_loss,13,0.6091900606486471
adaboba 64 abm1,aboba,64,seed1,1,train_loss,14,0.6918277574058401
adaboba 64 abm1,aboba,64,seed1,1,train_loss,14,0.5876913550008577
adaboba 64 abm1,aboba,64,seed1,1,train_loss,15,0.6711031750389831
adaboba 64 abm1,aboba,64,seed1,1,train_loss,15,0.5644985477043556
adaboba 64 abm1,aboba,64,seed1,1,train_loss,16,0.6509696822862445
adaboba 64 abm1,aboba,64,seed1,1,train_loss,16,0.5517732011652229
adaboba 64 abm1,aboba,64,seed1,1,train_loss,17,0.6300599911116469
adaboba 64 abm1,aboba,64,seed1,1,train_loss,17,0.5277684945498756
adaboba 64 abm1,aboba,64,seed1,1,train_loss,18,0.6018747871469659
adaboba 64 abm1,aboba,64,seed1,1,train_loss,18,0.5107336484366513
adaboba 64 abm1,aboba,64,seed1,1,train_loss,19,0.5812373438243591
adaboba 64 abm1,aboba,64,seed1,1,train_loss,19,0.4945712171131212
adaboba 64 abm1,aboba,64,seed1,1,train_loss,20,0.5547833301949265
adaboba 64 abm1,aboba,64,seed1,1,train_loss,20,0.4805293763901098
adaboba 64 abm1,aboba,64,seed1,1,train_loss,21,0.5299099016081336
adaboba 64 abm1,aboba,64,seed1,1,train_loss,21,0.4635175182851044
adaboba 64 abm1,aboba,64,seed1,1,train_loss,22,0.5179711462530915
adaboba 64 abm1,aboba,64,seed1,1,train_loss,22,0.44675560486523935
adaboba 64 abm1,aboba,64,seed1,1,train_loss,23,0.49407679881937433
adaboba 64 abm1,aboba,64,seed1,1,train_loss,23,0.43287919820645504
adaboba 64 abm1,aboba,64,seed1,1,train_loss,24,0.4708158940619158
adaboba 64 abm1,aboba,64,seed1,1,train_loss,24,0.42017683664373323
adaboba 64 abm1,aboba,64,seed1,1,train_loss,25,0.4520852528126963
adaboba 64 abm1,aboba,64,seed1,1,train_loss,25,0.4110757482656042
adaboba 64 abm1,aboba,64,seed1,1,train_loss,26,0.4367343526045875
adaboba 64 abm1,aboba,64,seed1,1,train_loss,26,0.39368597278525136
adaboba 64 abm1,aboba,64,seed1,1,train_loss,27,0.4183106099651095
adaboba 64 abm1,aboba,64,seed1,1,train_loss,27,0.3872225542967505
adaboba 64 abm1,aboba,64,seed1,1,train_loss,28,0.4106691506692937
adaboba 64 abm1,aboba,64,seed1,1,train_loss,28,0.3749541724564586
adaboba 64 abm1,aboba,64,seed1,1,train_loss,29,0.3936879102830816
adaboba 64 abm1,aboba,64,seed1,1,train_loss,29,0.35985772254981147
adaboba 64 abm1,aboba,64,seed1,1,train_loss,30,0.3864294995385382
adaboba 64 abm1,aboba,64,seed1,1,train_loss,30,0.35703131350375283
adaboba 64 abm1,aboba,64,seed1,1,train_loss,31,0.37309782529703783
adaboba 64 abm1,aboba,64,seed1,1,train_loss,31,0.3491274708058719
adaboba 64 abm1,aboba,64,seed1,1,train_loss,32,0.36479863362198234
adaboba 64 abm1,aboba,64,seed1,1,train_loss,32,0.3463791534747447
adaboba 64 abm1,aboba,64,seed1,1,train_loss,33,0.35722730505957656
adaboba 64 abm1,aboba,64,seed1,1,train_loss,33,0.3375728628059634
adaboba 64 abm1,aboba,64,seed1,1,train_loss,34,0.34882132629149504
adaboba 64 abm1,aboba,64,seed1,1,train_loss,34,0.3350518030384856
adaboba 64 abm1,aboba,64,seed1,1,train_loss,35,0.3491689726024632
adaboba 64 abm1,aboba,64,seed1,1,train_loss,35,0.3315010489053423
adaboba 64 abm1,aboba,64,seed1,1,train_loss,36,0.34172342306367237
adaboba 64 abm1,aboba,64,seed1,1,train_loss,36,0.33075636301747885
adaboba 64 abm1,aboba,64,seed1,1,train_loss,37,0.33928933431634634
adaboba 64 abm1,aboba,64,seed1,1,train_loss,37,0.3278660202122118
adaboba 64 abm1,aboba,64,seed1,1,train_loss,38,0.3409125650992416
adaboba 64 abm1,aboba,64,seed1,1,train_loss,38,0.32816554784126906
adaboba 64 abm1,aboba,64,seed1,1,train_loss,39,0.3394598240653674
adaboba 64 abm1,aboba,64,seed1,1,train_loss,39,0.3264680223969313
adaboba 64 abm1,aboba,64,seed2,1,train_loss,0,1.723100954967668
adaboba 64 abm1,aboba,64,seed2,1,train_loss,1,1.065674214013149
adaboba 64 abm1,aboba,64,seed2,1,train_loss,2,1.2065801417879245
adaboba 64 abm1,aboba,64,seed2,1,train_loss,3,1.0606947457030562
adaboba 64 abm1,aboba,64,seed2,1,train_loss,4,0.9683655511285408
adaboba 64 abm1,aboba,64,seed2,1,train_loss,5,0.9505625131515826
adaboba 64 abm1,aboba,64,seed2,1,train_loss,6,0.8863351238600098
adaboba 64 abm1,aboba,64,seed2,1,train_loss,7,0.8579672065391989
adaboba 64 abm1,aboba,64,seed2,1,train_loss,8,0.8354235301299555
adaboba 64 abm1,aboba,64,seed2,1,train_loss,9,0.8071751287708535
adaboba 64 abm1,aboba,64,seed2,1,train_loss,10,0.7950977606230443
adaboba 64 abm1,aboba,64,seed2,1,train_loss,11,0.7669720237044031
adaboba 64 abm1,aboba,64,seed2,1,train_loss,12,0.743518552007791
adaboba 64 abm1,aboba,64,seed2,1,train_loss,13,0.7155757985209492
adaboba 64 abm1,aboba,64,seed2,1,train_loss,14,0.6907770195037691
adaboba 64 abm1,aboba,64,seed2,1,train_loss,15,0.6678752737488192
adaboba 64 abm1,aboba,64,seed2,1,train_loss,16,0.6515516010481901
adaboba 64 abm1,aboba,64,seed2,1,train_loss,17,0.6269571786414426
adaboba 64 abm1,aboba,64,seed2,1,train_loss,18,0.6033616161786939
adaboba 64 abm1,aboba,64,seed2,1,train_loss,19,0.5830331040594992
adaboba 64 abm1,aboba,64,seed2,1,train_loss,20,0.5529124944421573
adaboba 64 abm1,aboba,64,seed2,1,train_loss,21,0.5388195653934645
adaboba 64 abm1,aboba,64,seed2,1,train_loss,22,0.5162894337885747
adaboba 64 abm1,aboba,64,seed2,1,train_loss,23,0.49873401918402405
adaboba 64 abm1,aboba,64,seed2,1,train_loss,24,0.47741541340172394
adaboba 64 abm1,aboba,64,seed2,1,train_loss,25,0.46208142268707464
adaboba 64 abm1,aboba,64,seed2,1,train_loss,26,0.44089959077020685
adaboba 64 abm1,aboba,64,seed2,1,train_loss,27,0.4266165650925347
adaboba 64 abm1,aboba,64,seed2,1,train_loss,28,0.41465334929260234
adaboba 64 abm1,aboba,64,seed2,1,train_loss,29,0.3971761288471741
adaboba 64 abm1,aboba,64,seed2,1,train_loss,30,0.3893151136384869
adaboba 64 abm1,aboba,64,seed2,1,train_loss,31,0.37455712462261675
adaboba 64 abm1,aboba,64,seed2,1,train_loss,32,0.3677385992650847
adaboba 64 abm1,aboba,64,seed2,1,train_loss,33,0.35734008541906315
adaboba 64 abm1,aboba,64,seed2,1,train_loss,34,0.3561470175365093
adaboba 64 abm1,aboba,64,seed2,1,train_loss,35,0.34626460134748926
adaboba 64 abm1,aboba,64,seed2,1,train_loss,36,0.34441263692636925
adaboba 64 abm1,aboba,64,seed2,1,train_loss,37,0.34326084212205854
adaboba 64 abm1,aboba,64,seed2,1,train_loss,38,0.3355795317832293
adaboba 64 abm1,aboba,64,seed2,1,train_loss,39,0.3363607990531585
adaboba 64 abm1,aboba,64,seed3,1,train_loss,0,1.7279447994363093
adaboba 64 abm1,aboba,64,seed3,1,train_loss,1,1.0704404505278518
adaboba 64 abm1,aboba,64,seed3,1,train_loss,2,1.2065369803261736
adaboba 64 abm1,aboba,64,seed3,1,train_loss,3,1.0568266093478886
adaboba 64 abm1,aboba,64,seed3,1,train_loss,4,0.9603486344269891
adaboba 64 abm1,aboba,64,seed3,1,train_loss,5,0.9460425246162057
adaboba 64 abm1,aboba,64,seed3,1,train_loss,6,0.8856734842600503
adaboba 64 abm1,aboba,64,seed3,1,train_loss,7,0.8601213841501734
adaboba 64 abm1,aboba,64,seed3,1,train_loss,8,0.8321136980120203
adaboba 64 abm1,aboba,64,seed3,1,train_loss,9,0.8052777359627261
adaboba 64 abm1,aboba,64,seed3,1,train_loss,10,0.7864453023288785
adaboba 64 abm1,aboba,64,seed3,1,train_loss,11,0.7608000361503475
adaboba 64 abm1,aboba,64,seed3,1,train_loss,12,0.7385985157277688
adaboba 64 abm1,aboba,64,seed3,1,train_loss,13,0.7146033938283827
adaboba 64 abm1,aboba,64,seed3,1,train_loss,14,0.6941230754379197
adaboba 64 abm1,aboba,64,seed3,1,train_loss,15,0.6678071129041105
adaboba 64 abm1,aboba,64,seed3,1,train_loss,16,0.6518995521857524
adaboba 64 abm1,aboba,64,seed3,1,train_loss,17,0.6258944236576593
adaboba 64 abm1,aboba,64,seed3,1,train_loss,18,0.6002897056331649
adaboba 64 abm1,aboba,64,seed3,1,train_loss,19,0.5792191245521566
adaboba 64 abm1,aboba,64,seed3,1,train_loss,20,0.5664030066247105
adaboba 64 abm1,aboba,64,seed3,1,train_loss,21,0.5384519877375961
adaboba 64 abm1,aboba,64,seed3,1,train_loss,22,0.5152898567243032
adaboba 64 abm1,aboba,64,seed3,1,train_loss,23,0.4950898445724654
adaboba 64 abm1,aboba,64,seed3,1,train_loss,24,0.47678254139537
adaboba 64 abm1,aboba,64,seed3,1,train_loss,25,0.45725010368653785
adaboba 64 abm1,aboba,64,seed3,1,train_loss,26,0.43815670956331904
adaboba 64 abm1,aboba,64,seed3,1,train_loss,27,0.4293839002639768
adaboba 64 abm1,aboba,64,seed3,1,train_loss,28,0.40769948566921205
adaboba 64 abm1,aboba,64,seed3,1,train_loss,29,0.39682514820948683
adaboba 64 abm1,aboba,64,seed3,1,train_loss,30,0.38310092550038904
adaboba 64 abm1,aboba,64,seed3,1,train_loss,31,0.3699283006833724
adaboba 64 abm1,aboba,64,seed3,1,train_loss,32,0.366394607102222
adaboba 64 abm1,aboba,64,seed3,1,train_loss,33,0.35409607747702515
adaboba 64 abm1,aboba,64,seed3,1,train_loss,34,0.35161079160607456
adaboba 64 abm1,aboba,64,seed3,1,train_loss,35,0.34731992439489173
adaboba 64 abm1,aboba,64,seed3,1,train_loss,36,0.3443927569544479
adaboba 64 abm1,aboba,64,seed3,1,train_loss,37,0.3435559671522231
adaboba 64 abm1,aboba,64,seed3,1,train_loss,38,0.34183050510189344
adaboba 64 abm1,aboba,64,seed3,1,train_loss,39,0.3366611674189948
adamw 128,basic,128,seed1,,train_loss,0,1.8903549607796004
adamw 128,basic,128,seed1,,train_loss,0,1.8903549607796004
adamw 128,basic,128,seed1,,train_loss,1,1.1279139423169164
adamw 128,basic,128,seed1,,train_loss,1,1.1279139423169164
adamw 128,basic,128,seed1,,train_loss,2,0.9649596980100945
adamw 128,basic,128,seed1,,train_loss,2,0.9649596980100945
adamw 128,basic,128,seed1,,train_loss,3,0.8744303623709497
adamw 128,basic,128,seed1,,train_loss,3,0.8744303623709497
adamw 128,basic,128,seed1,,train_loss,4,0.8179646346890976
adamw 128,basic,128,seed1,,train_loss,4,0.8179646346890976
adamw 128,basic,128,seed1,,train_loss,5,0.7657317801492627
adamw 128,basic,128,seed1,,train_loss,5,0.7657317801492627
adamw 128,basic,128,seed1,,train_loss,6,0.725059346244808
adamw 128,basic,128,seed1,,train_loss,6,0.725059346244808
adamw 128,basic,128,seed1,,train_loss,7,0.6963528693979802
adamw 128,basic,128,seed1,,train_loss,7,0.6963528693979802
adamw 128,basic,128,seed1,,train_loss,8,0.6677284813505687
adamw 128,basic,128,seed1,,train_loss,8,0.6677284813505687
adamw 128,basic,128,seed1,,train_loss,9,0.6407807447362047
adamw 128,basic,128,seed1,,train_loss,9,0.6407807447362047
adamw 128,basic,128,seed1,,train_loss,10,0.6237571380938156
adamw 128,basic,128,seed1,,train_loss,10,0.6237571380938156
adamw 128,basic,128,seed1,,train_loss,11,0.6024267626336858
adamw 128,basic,128,seed1,,train_loss,11,0.6024267626336858
adamw 128,basic,128,seed1,,train_loss,12,0.5862227464527018
adamw 128,basic,128,seed1,,train_loss,12,0.5862227464527018
adamw 128,basic,128,seed1,,train_loss,13,0.5701910963415596
adamw 128,basic,128,seed1,,train_loss,13,0.5701910963415596
adamw 128,basic,128,seed1,,train_loss,14,0.5517688091168423
adamw 128,basic,128,seed1,,train_loss,14,0.5517688091168423
adamw 128,basic,128,seed1,,train_loss,15,0.5439860552297866
adamw 128,basic,128,seed1,,train_loss,15,0.5439860552297866
adamw 128,basic,128,seed1,,train_loss,16,0.5246406935061081
adamw 128,basic,128,seed1,,train_loss,16,0.5246406935061081
adamw 128,basic,128,seed1,,train_loss,17,0.5132826517025629
adamw 128,basic,128,seed1,,train_loss,17,0.5132826517025629
adamw 128,basic,128,seed1,,train_loss,18,0.5001216959601213
adamw 128,basic,128,seed1,,train_loss,18,0.5001216959601213
adamw 128,basic,128,seed1,,train_loss,19,0.4890056994393908
adamw 128,basic,128,seed1,,train_loss,19,0.4890056994393908
adamw 128,basic,128,seed1,,train_loss,20,0.4807008873309767
adamw 128,basic,128,seed1,,train_loss,20,0.4807008873309767
adamw 128,basic,128,seed1,,train_loss,21,0.4716497411959282
adamw 128,basic,128,seed1,,train_loss,21,0.4716497411959282
adamw 128,basic,128,seed1,,train_loss,22,0.45919247424300713
adamw 128,basic,128,seed1,,train_loss,22,0.45919247424300713
adamw 128,basic,128,seed1,,train_loss,23,0.45000257515957587
adamw 128,basic,128,seed1,,train_loss,23,0.45000257515957587
adamw 128,basic,128,seed1,,train_loss,24,0.44195541437668134
adamw 128,basic,128,seed1,,train_loss,24,0.44195541437668134
adamw 128,basic,128,seed1,,train_loss,25,0.42906536064444717
adamw 128,basic,128,seed1,,train_loss,25,0.42906536064444717
adamw 128,basic,128,seed1,,train_loss,26,0.42840672061161655
adamw 128,basic,128,seed1,,train_loss,26,0.42840672061161655
adamw 128,basic,128,seed1,,train_loss,27,0.4220235542657506
adamw 128,basic,128,seed1,,train_loss,27,0.4220235542657506
adamw 128,basic,128,seed1,,train_loss,28,0.41800332217151104
adamw 128,basic,128,seed1,,train_loss,28,0.41800332217151104
adamw 128,basic,128,seed1,,train_loss,29,0.40769503051847344
adamw 128,basic,128,seed1,,train_loss,29,0.40769503051847344
adamw 128,basic,128,seed1,,train_loss,30,0.4022098137419435
adamw 128,basic,128,seed1,,train_loss,30,0.4022098137419435
adamw 128,basic,128,seed1,,train_loss,31,0.3998162999183317
adamw 128,basic,128,seed1,,train_loss,31,0.3998162999183317
adamw 128,basic,128,seed1,,train_loss,32,0.391551201196411
adamw 128,basic,128,seed1,,train_loss,32,0.391551201196411
adamw 128,basic,128,seed1,,train_loss,33,0.3927407726834092
adamw 128,basic,128,seed1,,train_loss,33,0.3927407726834092
adamw 128,basic,128,seed1,,train_loss,34,0.3884468658312464
adamw 128,basic,128,seed1,,train_loss,34,0.3884468658312464
adamw 128,basic,128,seed1,,train_loss,35,0.38478509676230105
adamw 128,basic,128,seed1,,train_loss,35,0.38478509676230105
adamw 128,basic,128,seed1,,train_loss,36,0.3857951239694523
adamw 128,basic,128,seed1,,train_loss,36,0.3857951239694523
adamw 128,basic,128,seed1,,train_loss,37,0.38232310207458486
adamw 128,basic,128,seed1,,train_loss,37,0.38232310207458486
adamw 128,basic,128,seed1,,train_loss,38,0.38061369688324787
adamw 128,basic,128,seed1,,train_loss,38,0.38061369688324787
adamw 128,basic,128,seed1,,train_loss,39,0.38600172589725584
adamw 128,basic,128,seed1,,train_loss,39,0.38600172589725584
adamw 128,basic,128,seed2,,train_loss,0,1.902876299393328
adamw 128,basic,128,seed2,,train_loss,0,1.902876299393328
adamw 128,basic,128,seed2,,train_loss,0,1.902876299393328
adamw 128,basic,128,seed2,,train_loss,1,1.137788923103598
adamw 128,basic,128,seed2,,train_loss,1,1.137788923103598
adamw 128,basic,128,seed2,,train_loss,1,1.137788923103598
adamw 128,basic,128,seed2,,train_loss,2,0.9751710368611138
adamw 128,basic,128,seed2,,train_loss,2,0.9751710368611138
adamw 128,basic,128,seed2,,train_loss,2,0.9751710368611138
adamw 128,basic,128,seed2,,train_loss,3,0.8818808871985487
adamw 128,basic,128,seed2,,train_loss,3,0.8818808871985487
adamw 128,basic,128,seed2,,train_loss,3,0.8818808871985487
adamw 128,basic,128,seed2,,train_loss,4,0.8182627664965416
adamw 128,basic,128,seed2,,train_loss,4,0.8182627664965416
adamw 128,basic,128,seed2,,train_loss,4,0.8182627664965416
adamw 128,basic,128,seed2,,train_loss,5,0.7764372634485301
adamw 128,basic,128,seed2,,train_loss,5,0.7764372634485301
adamw 128,basic,128,seed2,,train_loss,5,0.7764372634485301
adamw 128,basic,128,seed2,,train_loss,6,0.7390435797001239
adamw 128,basic,128,seed2,,train_loss,6,0.7390435797001239
adamw 128,basic,128,seed2,,train_loss,6,0.7390435797001239
adamw 128,basic,128,seed2,,train_loss,7,0.7018656100653395
adamw 128,basic,128,seed2,,train_loss,7,0.7018656100653395
adamw 128,basic,128,seed2,,train_loss,7,0.7018656100653395
adamw 128,basic,128,seed2,,train_loss,8,0.68021715064592
adamw 128,basic,128,seed2,,train_loss,8,0.68021715064592
adamw 128,basic,128,seed2,,train_loss,8,0.68021715064592
adamw 128,basic,128,seed2,,train_loss,9,0.650114235369968
adamw 128,basic,128,seed2,,train_loss,9,0.650114235369968
adamw 128,basic,128,seed2,,train_loss,9,0.650114235369968
adamw 128,basic,128,seed2,,train_loss,10,0.6270247181633857
adamw 128,basic,128,seed2,,train_loss,10,0.6270247181633857
adamw 128,basic,128,seed2,,train_loss,10,0.6270247181633857
adamw 128,basic,128,seed2,,train_loss,11,0.6087911606840947
adamw 128,basic,128,seed2,,train_loss,11,0.6087911606840947
adamw 128,basic,128,seed2,,train_loss,11,0.6087911606840947
adamw 128,basic,128,seed2,,train_loss,12,0.5919416605923247
adamw 128,basic,128,seed2,,train_loss,12,0.5919416605923247
adamw 128,basic,128,seed2,,train_loss,13,0.5743436965509809
adamw 128,basic,128,seed2,,train_loss,13,0.5743436965509809
adamw 128,basic,128,seed2,,train_loss,14,0.5610763905294837
adamw 128,basic,128,seed2,,train_loss,14,0.5610763905294837
adamw 128,basic,128,seed2,,train_loss,15,0.5427684441900454
adamw 128,basic,128,seed2,,train_loss,15,0.5427684441900454
adamw 128,basic,128,seed2,,train_loss,16,0.5325791457911584
adamw 128,basic,128,seed2,,train_loss,16,0.5325791457911584
adamw 128,basic,128,seed2,,train_loss,17,0.5186565510205579
adamw 128,basic,128,seed2,,train_loss,17,0.5186565510205579
adamw 128,basic,128,seed2,,train_loss,18,0.5110069381285317
adamw 128,basic,128,seed2,,train_loss,18,0.5110069381285317
adamw 128,basic,128,seed2,,train_loss,19,0.5008929093301547
adamw 128,basic,128,seed2,,train_loss,19,0.5008929093301547
adamw 128,basic,128,seed2,,train_loss,20,0.48593565576438663
adamw 128,basic,128,seed2,,train_loss,20,0.48593565576438663
adamw 128,basic,128,seed2,,train_loss,21,0.47575965033301826
adamw 128,basic,128,seed2,,train_loss,21,0.47575965033301826
adamw 128,basic,128,seed2,,train_loss,22,0.46646862455058197
adamw 128,basic,128,seed2,,train_loss,22,0.46646862455058197
adamw 128,basic,128,seed2,,train_loss,23,0.458978655154695
adamw 128,basic,128,seed2,,train_loss,23,0.458978655154695
adamw 128,basic,128,seed2,,train_loss,24,0.44827708900603563
adamw 128,basic,128,seed2,,train_loss,24,0.44827708900603563
adamw 128,basic,128,seed2,,train_loss,25,0.44265601086088374
adamw 128,basic,128,seed2,,train_loss,25,0.44265601086088374
adamw 128,basic,128,seed2,,train_loss,26,0.4355470209936552
adamw 128,basic,128,seed2,,train_loss,26,0.4355470209936552
adamw 128,basic,128,seed2,,train_loss,27,0.4281565499519497
adamw 128,basic,128,seed2,,train_loss,27,0.4281565499519497
adamw 128,basic,128,seed2,,train_loss,28,0.4174706525000339
adamw 128,basic,128,seed2,,train_loss,28,0.4174706525000339
adamw 128,basic,128,seed2,,train_loss,29,0.41423563269371727
adamw 128,basic,128,seed2,,train_loss,29,0.41423563269371727
adamw 128,basic,128,seed2,,train_loss,30,0.4131003465141928
adamw 128,basic,128,seed2,,train_loss,30,0.4131003465141928
adamw 128,basic,128,seed2,,train_loss,31,0.4038103207442831
adamw 128,basic,128,seed2,,train_loss,31,0.4038103207442831
adamw 128,basic,128,seed2,,train_loss,32,0.3997128558372646
adamw 128,basic,128,seed2,,train_loss,32,0.3997128558372646
adamw 128,basic,128,seed2,,train_loss,33,0.39133938716307975
adamw 128,basic,128,seed2,,train_loss,33,0.39133938716307975
adamw 128,basic,128,seed2,,train_loss,34,0.3934800821957709
adamw 128,basic,128,seed2,,train_loss,34,0.3934800821957709
adamw 128,basic,128,seed2,,train_loss,35,0.3891000026829132
adamw 128,basic,128,seed2,,train_loss,35,0.3891000026829132
adamw 128,basic,128,seed2,,train_loss,36,0.3876971905493032
adamw 128,basic,128,seed2,,train_loss,36,0.3876971905493032
adamw 128,basic,128,seed2,,train_loss,37,0.386176376025888
adamw 128,basic,128,seed2,,train_loss,37,0.386176376025888
adamw 128,basic,128,seed2,,train_loss,38,0.38904210695611774
adamw 128,basic,128,seed2,,train_loss,38,0.38904210695611774
adamw 128,basic,128,seed2,,train_loss,39,0.38563765450243204
adamw 128,basic,128,seed2,,train_loss,39,0.38563765450243204
adamw 128,basic,128,seed3,,train_loss,0,1.9049659007963753
adamw 128,basic,128,seed3,,train_loss,0,1.9049659007963753
adamw 128,basic,128,seed3,,train_loss,1,1.1314587619485734
adamw 128,basic,128,seed3,,train_loss,1,1.1314587619485734
adamw 128,basic,128,seed3,,train_loss,2,0.9670465934377179
adamw 128,basic,128,seed3,,train_loss,2,0.9670465934377179
adamw 128,basic,128,seed3,,train_loss,3,0.87561858530286
adamw 128,basic,128,seed3,,train_loss,3,0.87561858530286
adamw 128,basic,128,seed3,,train_loss,4,0.8111974725240394
adamw 128,basic,128,seed3,,train_loss,4,0.8111974725240394
adamw 128,basic,128,seed3,,train_loss,5,0.7609080867802543
adamw 128,basic,128,seed3,,train_loss,5,0.7609080867802543
adamw 128,basic,128,seed3,,train_loss,6,0.7295918215050476
adamw 128,basic,128,seed3,,train_loss,6,0.7295918215050476
adamw 128,basic,128,seed3,,train_loss,7,0.6946388321461053
adamw 128,basic,128,seed3,,train_loss,7,0.6946388321461053
adamw 128,basic,128,seed3,,train_loss,8,0.6717331795501307
adamw 128,basic,128,seed3,,train_loss,8,0.6717331795501307
adamw 128,basic,128,seed3,,train_loss,9,0.6484133915559149
adamw 128,basic,128,seed3,,train_loss,9,0.6484133915559149
adamw 128,basic,128,seed3,,train_loss,10,0.6249413585864039
adamw 128,basic,128,seed3,,train_loss,10,0.6249413585864039
adamw 128,basic,128,seed3,,train_loss,11,0.6027865057756127
adamw 128,basic,128,seed3,,train_loss,11,0.6027865057756127
adamw 128,basic,128,seed3,,train_loss,12,0.5883583710037706
adamw 128,basic,128,seed3,,train_loss,12,0.5883583710037706
adamw 128,basic,128,seed3,,train_loss,13,0.5707581218033401
adamw 128,basic,128,seed3,,train_loss,13,0.5707581218033401
adamw 128,basic,128,seed3,,train_loss,14,0.5560279609281805
adamw 128,basic,128,seed3,,train_loss,14,0.5560279609281805
adamw 128,basic,128,seed3,,train_loss,15,0.5415405960525641
adamw 128,basic,128,seed3,,train_loss,15,0.5415405960525641
adamw 128,basic,128,seed3,,train_loss,16,0.5261901889295014
adamw 128,basic,128,seed3,,train_loss,16,0.5261901889295014
adamw 128,basic,128,seed3,,train_loss,17,0.5174986627031479
adamw 128,basic,128,seed3,,train_loss,17,0.5174986627031479
adamw 128,basic,128,seed3,,train_loss,18,0.5023470703308089
adamw 128,basic,128,seed3,,train_loss,18,0.5023470703308089
adamw 128,basic,128,seed3,,train_loss,19,0.49263013647829934
adamw 128,basic,128,seed3,,train_loss,19,0.49263013647829934
adamw 128,basic,128,seed3,,train_loss,20,0.48362992993135495
adamw 128,basic,128,seed3,,train_loss,20,0.48362992993135495
adamw 128,basic,128,seed3,,train_loss,21,0.47258946793114587
adamw 128,basic,128,seed3,,train_loss,21,0.47258946793114587
adamw 128,basic,128,seed3,,train_loss,22,0.4578073055558064
adamw 128,basic,128,seed3,,train_loss,22,0.4578073055558064
adamw 128,basic,128,seed3,,train_loss,23,0.455305988841419
adamw 128,basic,128,seed3,,train_loss,23,0.455305988841419
adamw 128,basic,128,seed3,,train_loss,24,0.44346588491639005
adamw 128,basic,128,seed3,,train_loss,24,0.44346588491639005
adamw 128,basic,128,seed3,,train_loss,25,0.4326214924894808
adamw 128,basic,128,seed3,,train_loss,25,0.4326214924894808
adamw 128,basic,128,seed3,,train_loss,26,0.42913201699654263
adamw 128,basic,128,seed3,,train_loss,26,0.42913201699654263
adamw 128,basic,128,seed3,,train_loss,27,0.4204134622329398
adamw 128,basic,128,seed3,,train_loss,27,0.4204134622329398
adamw 128,basic,128,seed3,,train_loss,28,0.4110698895489616
adamw 128,basic,128,seed3,,train_loss,28,0.4110698895489616
adamw 128,basic,128,seed3,,train_loss,29,0.40503807953767135
adamw 128,basic,128,seed3,,train_loss,29,0.40503807953767135
adamw 128,basic,128,seed3,,train_loss,30,0.4054269459617289
adamw 128,basic,128,seed3,,train_loss,30,0.4054269459617289
adamw 128,basic,128,seed3,,train_loss,31,0.40223812604252296
adamw 128,basic,128,seed3,,train_loss,31,0.40223812604252296
adamw 128,basic,128,seed3,,train_loss,32,0.3929664507068159
adamw 128,basic,128,seed3,,train_loss,32,0.3929664507068159
adamw 128,basic,128,seed3,,train_loss,33,0.39177083321513
adamw 128,basic,128,seed3,,train_loss,33,0.39177083321513
adamw 128,basic,128,seed3,,train_loss,34,0.38739512194309556
adamw 128,basic,128,seed3,,train_loss,34,0.38739512194309556
adamw 128,basic,128,seed3,,train_loss,35,0.38761980859916423
adamw 128,basic,128,seed3,,train_loss,35,0.38761980859916423
adamw 128,basic,128,seed3,,train_loss,36,0.3860986170197841
adamw 128,basic,128,seed3,,train_loss,36,0.3860986170197841
adamw 128,basic,128,seed3,,train_loss,37,0.3819934212080034
adamw 128,basic,128,seed3,,train_loss,37,0.3819934212080034
adamw 128,basic,128,seed3,,train_loss,38,0.38324630398790543
adamw 128,basic,128,seed3,,train_loss,38,0.38324630398790543
adamw 128,basic,128,seed3,,train_loss,39,0.37833723249817697
adamw 128,basic,128,seed3,,train_loss,39,0.37833723249817697
adamw 256,basic,256,seed1,,train_loss,0,2.1520930367683055
adamw 256,basic,256,seed1,,train_loss,0,2.1520930367683055
adamw 256,basic,256,seed1,,train_loss,1,1.231378190125091
adamw 256,basic,256,seed1,,train_loss,1,1.231378190125091
adamw 256,basic,256,seed1,,train_loss,2,1.0347080406760365
adamw 256,basic,256,seed1,,train_loss,2,1.0347080406760365
adamw 256,basic,256,seed1,,train_loss,3,0.9357868279585858
adamw 256,basic,256,seed1,,train_loss,3,0.9357868279585858
adamw 256,basic,256,seed1,,train_loss,4,0.8700838262521768
adamw 256,basic,256,seed1,,train_loss,4,0.8700838262521768
adamw 256,basic,256,seed1,,train_loss,5,0.8129085840555182
adamw 256,basic,256,seed1,,train_loss,5,0.8129085840555182
adamw 256,basic,256,seed1,,train_loss,6,0.7698703466085443
adamw 256,basic,256,seed1,,train_loss,6,0.7698703466085443
adamw 256,basic,256,seed1,,train_loss,7,0.7357864817486534
adamw 256,basic,256,seed1,,train_loss,7,0.7357864817486534
adamw 256,basic,256,seed1,,train_loss,8,0.711041034022464
adamw 256,basic,256,seed1,,train_loss,8,0.711041034022464
adamw 256,basic,256,seed1,,train_loss,9,0.6814223490183866
adamw 256,basic,256,seed1,,train_loss,9,0.6814223490183866
adamw 256,basic,256,seed1,,train_loss,10,0.6584178914752188
adamw 256,basic,256,seed1,,train_loss,10,0.6584178914752188
adamw 256,basic,256,seed1,,train_loss,11,0.6427603929857665
adamw 256,basic,256,seed1,,train_loss,11,0.6427603929857665
adamw 256,basic,256,seed1,,train_loss,12,0.6204293810365572
adamw 256,basic,256,seed1,,train_loss,12,0.6204293810365572
adamw 256,basic,256,seed1,,train_loss,13,0.6057902768191405
adamw 256,basic,256,seed1,,train_loss,13,0.6057902768191405
adamw 256,basic,256,seed1,,train_loss,14,0.5850699097546848
adamw 256,basic,256,seed1,,train_loss,14,0.5850699097546848
adamw 256,basic,256,seed1,,train_loss,15,0.5708766564538207
adamw 256,basic,256,seed1,,train_loss,15,0.5708766564538207
adamw 256,basic,256,seed1,,train_loss,16,0.5611997860393444
adamw 256,basic,256,seed1,,train_loss,16,0.5611997860393444
adamw 256,basic,256,seed1,,train_loss,17,0.546902422160539
adamw 256,basic,256,seed1,,train_loss,17,0.546902422160539
adamw 256,basic,256,seed1,,train_loss,18,0.5354628642148609
adamw 256,basic,256,seed1,,train_loss,18,0.5354628642148609
adamw 256,basic,256,seed1,,train_loss,19,0.5230800735799572
adamw 256,basic,256,seed1,,train_loss,19,0.5230800735799572
adamw 256,basic,256,seed1,,train_loss,20,0.5155706429531806
adamw 256,basic,256,seed1,,train_loss,20,0.5155706429531806
adamw 256,basic,256,seed1,,train_loss,21,0.5079476002147932
adamw 256,basic,256,seed1,,train_loss,21,0.5079476002147932
adamw 256,basic,256,seed1,,train_loss,22,0.4981486275477751
adamw 256,basic,256,seed1,,train_loss,22,0.4981486275477751
adamw 256,basic,256,seed1,,train_loss,23,0.4892373488673681
adamw 256,basic,256,seed1,,train_loss,23,0.4892373488673681
adamw 256,basic,256,seed1,,train_loss,24,0.48414068194381293
adamw 256,basic,256,seed1,,train_loss,24,0.48414068194381293
adamw 256,basic,256,seed1,,train_loss,25,0.47615371399287937
adamw 256,basic,256,seed1,,train_loss,25,0.47615371399287937
adamw 256,basic,256,seed1,,train_loss,26,0.4687339830750655
adamw 256,basic,256,seed1,,train_loss,26,0.4687339830750655
adamw 256,basic,256,seed1,,train_loss,27,0.461290645825712
adamw 256,basic,256,seed1,,train_loss,27,0.461290645825712
adamw 256,basic,256,seed1,,train_loss,28,0.4564118634296369
adamw 256,basic,256,seed1,,train_loss,28,0.4564118634296369
adamw 256,basic,256,seed1,,train_loss,29,0.450781417546896
adamw 256,basic,256,seed1,,train_loss,29,0.450781417546896
adamw 256,basic,256,seed1,,train_loss,30,0.4417893773392786
adamw 256,basic,256,seed1,,train_loss,30,0.4417893773392786
adamw 256,basic,256,seed1,,train_loss,31,0.44660764718860513
adamw 256,basic,256,seed1,,train_loss,31,0.44660764718860513
adamw 256,basic,256,seed1,,train_loss,32,0.4400449147455803
adamw 256,basic,256,seed1,,train_loss,32,0.4400449147455803
adamw 256,basic,256,seed1,,train_loss,33,0.4357909331341836
adamw 256,basic,256,seed1,,train_loss,33,0.4357909331341836
adamw 256,basic,256,seed1,,train_loss,34,0.43282309375734773
adamw 256,basic,256,seed1,,train_loss,34,0.43282309375734773
adamw 256,basic,256,seed1,,train_loss,35,0.43109296708670347
adamw 256,basic,256,seed1,,train_loss,35,0.43109296708670347
adamw 256,basic,256,seed1,,train_loss,36,0.429228922988795
adamw 256,basic,256,seed1,,train_loss,36,0.429228922988795
adamw 256,basic,256,seed1,,train_loss,37,0.42755865648325986
adamw 256,basic,256,seed1,,train_loss,37,0.42755865648325986
adamw 256,basic,256,seed1,,train_loss,38,0.43000698466844195
adamw 256,basic,256,seed1,,train_loss,38,0.43000698466844195
adamw 256,basic,256,seed1,,train_loss,39,0.42703536052241103
adamw 256,basic,256,seed1,,train_loss,39,0.42703536052241103
adamw 256,basic,256,seed2,,train_loss,0,2.145153279042948
adamw 256,basic,256,seed2,,train_loss,0,2.145153279042948
adamw 256,basic,256,seed2,,train_loss,1,1.2401154265122072
adamw 256,basic,256,seed2,,train_loss,1,1.2401154265122072
adamw 256,basic,256,seed2,,train_loss,2,1.0485815275067518
adamw 256,basic,256,seed2,,train_loss,2,1.0485815275067518
adamw 256,basic,256,seed2,,train_loss,3,0.9419292324705969
adamw 256,basic,256,seed2,,train_loss,3,0.9419292324705969
adamw 256,basic,256,seed2,,train_loss,4,0.8672487931915477
adamw 256,basic,256,seed2,,train_loss,4,0.8672487931915477
adamw 256,basic,256,seed2,,train_loss,5,0.81640009387133
adamw 256,basic,256,seed2,,train_loss,5,0.81640009387133
adamw 256,basic,256,seed2,,train_loss,6,0.7749445898623406
adamw 256,basic,256,seed2,,train_loss,6,0.7749445898623406
adamw 256,basic,256,seed2,,train_loss,7,0.7386660553232024
adamw 256,basic,256,seed2,,train_loss,7,0.7386660553232024
adamw 256,basic,256,seed2,,train_loss,8,0.7066457450138366
adamw 256,basic,256,seed2,,train_loss,8,0.7066457450138366
adamw 256,basic,256,seed2,,train_loss,9,0.690274109568777
adamw 256,basic,256,seed2,,train_loss,9,0.690274109568777
adamw 256,basic,256,seed2,,train_loss,10,0.6611562680594528
adamw 256,basic,256,seed2,,train_loss,10,0.6611562680594528
adamw 256,basic,256,seed2,,train_loss,11,0.6414585187716826
adamw 256,basic,256,seed2,,train_loss,11,0.6414585187716826
adamw 256,basic,256,seed2,,train_loss,12,0.6300863788349216
adamw 256,basic,256,seed2,,train_loss,12,0.6300863788349216
adamw 256,basic,256,seed2,,train_loss,13,0.6025890407431478
adamw 256,basic,256,seed2,,train_loss,13,0.6025890407431478
adamw 256,basic,256,seed2,,train_loss,14,0.5917125915173237
adamw 256,basic,256,seed2,,train_loss,14,0.5917125915173237
adamw 256,basic,256,seed2,,train_loss,15,0.578432712248106
adamw 256,basic,256,seed2,,train_loss,15,0.578432712248106
adamw 256,basic,256,seed2,,train_loss,16,0.5654236617722089
adamw 256,basic,256,seed2,,train_loss,16,0.5654236617722089
adamw 256,basic,256,seed2,,train_loss,17,0.548841861481405
adamw 256,basic,256,seed2,,train_loss,17,0.548841861481405
adamw 256,basic,256,seed2,,train_loss,18,0.5381561429691717
adamw 256,basic,256,seed2,,train_loss,18,0.5381561429691717
adamw 256,basic,256,seed2,,train_loss,19,0.52747468757227
adamw 256,basic,256,seed2,,train_loss,19,0.52747468757227
adamw 256,basic,256,seed2,,train_loss,20,0.5167946223216721
adamw 256,basic,256,seed2,,train_loss,20,0.5167946223216721
adamw 256,basic,256,seed2,,train_loss,21,0.5094060930521679
adamw 256,basic,256,seed2,,train_loss,21,0.5094060930521679
adamw 256,basic,256,seed2,,train_loss,22,0.4981949382190463
adamw 256,basic,256,seed2,,train_loss,22,0.4981949382190463
adamw 256,basic,256,seed2,,train_loss,23,0.4931553338147417
adamw 256,basic,256,seed2,,train_loss,23,0.4931553338147417
adamw 256,basic,256,seed2,,train_loss,24,0.48766979009290284
adamw 256,basic,256,seed2,,train_loss,24,0.48766979009290284
adamw 256,basic,256,seed2,,train_loss,25,0.47822747703343
adamw 256,basic,256,seed2,,train_loss,25,0.47822747703343
adamw 256,basic,256,seed2,,train_loss,26,0.4671552334656695
adamw 256,basic,256,seed2,,train_loss,26,0.4671552334656695
adamw 256,basic,256,seed2,,train_loss,27,0.46596827310851857
adamw 256,basic,256,seed2,,train_loss,27,0.46596827310851857
adamw 256,basic,256,seed2,,train_loss,28,0.45940772151645226
adamw 256,basic,256,seed2,,train_loss,28,0.45940772151645226
adamw 256,basic,256,seed2,,train_loss,29,0.455108096453711
adamw 256,basic,256,seed2,,train_loss,29,0.455108096453711
adamw 256,basic,256,seed2,,train_loss,30,0.44910086735391413
adamw 256,basic,256,seed2,,train_loss,30,0.44910086735391413
adamw 256,basic,256,seed2,,train_loss,31,0.444982935733433
adamw 256,basic,256,seed2,,train_loss,31,0.444982935733433
adamw 256,basic,256,seed2,,train_loss,32,0.44188358285759066
adamw 256,basic,256,seed2,,train_loss,32,0.44188358285759066
adamw 256,basic,256,seed2,,train_loss,33,0.4414093086991129
adamw 256,basic,256,seed2,,train_loss,33,0.4414093086991129
adamw 256,basic,256,seed2,,train_loss,34,0.43915636466525276
adamw 256,basic,256,seed2,,train_loss,34,0.43915636466525276
adamw 256,basic,256,seed2,,train_loss,35,0.43674336229195576
adamw 256,basic,256,seed2,,train_loss,35,0.43674336229195576
adamw 256,basic,256,seed2,,train_loss,36,0.4321195539794391
adamw 256,basic,256,seed2,,train_loss,36,0.4321195539794391
adamw 256,basic,256,seed2,,train_loss,37,0.4350091166134122
adamw 256,basic,256,seed2,,train_loss,37,0.4350091166134122
adamw 256,basic,256,seed2,,train_loss,38,0.4340283204231584
adamw 256,basic,256,seed2,,train_loss,38,0.4340283204231584
adamw 256,basic,256,seed2,,train_loss,39,0.4306321638294413
adamw 256,basic,256,seed2,,train_loss,39,0.4306321638294413
adamw 256,basic,256,seed3,,train_loss,0,2.161528481209831
adamw 256,basic,256,seed3,,train_loss,0,2.161528481209831
adamw 256,basic,256,seed3,,train_loss,1,1.2376148386343622
adamw 256,basic,256,seed3,,train_loss,1,1.2376148386343622
adamw 256,basic,256,seed3,,train_loss,2,1.0420017089018843
adamw 256,basic,256,seed3,,train_loss,2,1.0420017089018843
adamw 256,basic,256,seed3,,train_loss,3,0.9390329318710521
adamw 256,basic,256,seed3,,train_loss,3,0.9390329318710521
adamw 256,basic,256,seed3,,train_loss,4,0.8669626026213924
adamw 256,basic,256,seed3,,train_loss,4,0.8669626026213924
adamw 256,basic,256,seed3,,train_loss,5,0.8123734628600914
adamw 256,basic,256,seed3,,train_loss,5,0.8123734628600914
adamw 256,basic,256,seed3,,train_loss,6,0.7711311437912631
adamw 256,basic,256,seed3,,train_loss,6,0.7711311437912631
adamw 256,basic,256,seed3,,train_loss,7,0.7378675417055057
adamw 256,basic,256,seed3,,train_loss,7,0.7378675417055057
adamw 256,basic,256,seed3,,train_loss,8,0.7071675214334883
adamw 256,basic,256,seed3,,train_loss,8,0.7071675214334883
adamw 256,basic,256,seed3,,train_loss,9,0.685586159616583
adamw 256,basic,256,seed3,,train_loss,9,0.685586159616583
adamw 256,basic,256,seed3,,train_loss,10,0.6603046537451603
adamw 256,basic,256,seed3,,train_loss,10,0.6603046537451603
adamw 256,basic,256,seed3,,train_loss,11,0.6418011372099446
adamw 256,basic,256,seed3,,train_loss,11,0.6418011372099446
adamw 256,basic,256,seed3,,train_loss,12,0.6234930111134606
adamw 256,basic,256,seed3,,train_loss,12,0.6234930111134606
adamw 256,basic,256,seed3,,train_loss,13,0.6011417110761007
adamw 256,basic,256,seed3,,train_loss,13,0.6011417110761007
adamw 256,basic,256,seed3,,train_loss,14,0.5882216835323768
adamw 256,basic,256,seed3,,train_loss,14,0.5882216835323768
adamw 256,basic,256,seed3,,train_loss,15,0.5710214582676626
adamw 256,basic,256,seed3,,train_loss,15,0.5710214582676626
adamw 256,basic,256,seed3,,train_loss,16,0.56249441954657
adamw 256,basic,256,seed3,,train_loss,16,0.56249441954657
adamw 256,basic,256,seed3,,train_loss,17,0.5513472349583348
adamw 256,basic,256,seed3,,train_loss,17,0.5513472349583348
adamw 256,basic,256,seed3,,train_loss,18,0.5408252964291391
adamw 256,basic,256,seed3,,train_loss,18,0.5408252964291391
adamw 256,basic,256,seed3,,train_loss,19,0.5234283064236621
adamw 256,basic,256,seed3,,train_loss,19,0.5234283064236621
adamw 256,basic,256,seed3,,train_loss,20,0.5156953354928061
adamw 256,basic,256,seed3,,train_loss,20,0.5156953354928061
adamw 256,basic,256,seed3,,train_loss,21,0.5039191608187519
adamw 256,basic,256,seed3,,train_loss,21,0.5039191608187519
adamw 256,basic,256,seed3,,train_loss,22,0.49632648086246056
adamw 256,basic,256,seed3,,train_loss,22,0.49632648086246056
adamw 256,basic,256,seed3,,train_loss,23,0.4869382175212168
adamw 256,basic,256,seed3,,train_loss,23,0.4869382175212168
adamw 256,basic,256,seed3,,train_loss,24,0.4820123308570073
adamw 256,basic,256,seed3,,train_loss,24,0.4820123308570073
adamw 256,basic,256,seed3,,train_loss,25,0.47416142484306784
adamw 256,basic,256,seed3,,train_loss,25,0.47416142484306784
adamw 256,basic,256,seed3,,train_loss,26,0.4712828354996468
adamw 256,basic,256,seed3,,train_loss,26,0.4712828354996468
adamw 256,basic,256,seed3,,train_loss,27,0.46269460317957756
adamw 256,basic,256,seed3,,train_loss,27,0.46269460317957756
adamw 256,basic,256,seed3,,train_loss,28,0.4548400763720903
adamw 256,basic,256,seed3,,train_loss,28,0.4548400763720903
adamw 256,basic,256,seed3,,train_loss,29,0.44942054202787984
adamw 256,basic,256,seed3,,train_loss,29,0.44942054202787984
adamw 256,basic,256,seed3,,train_loss,30,0.44525038340926676
adamw 256,basic,256,seed3,,train_loss,30,0.44525038340926676
adamw 256,basic,256,seed3,,train_loss,31,0.4446566343810488
adamw 256,basic,256,seed3,,train_loss,31,0.4446566343810488
adamw 256,basic,256,seed3,,train_loss,32,0.44053693021400064
adamw 256,basic,256,seed3,,train_loss,32,0.44053693021400064
adamw 256,basic,256,seed3,,train_loss,33,0.437930078068866
adamw 256,basic,256,seed3,,train_loss,33,0.437930078068866
adamw 256,basic,256,seed3,,train_loss,34,0.43771139604632864
adamw 256,basic,256,seed3,,train_loss,34,0.43771139604632864
adamw 256,basic,256,seed3,,train_loss,35,0.4344899273371395
adamw 256,basic,256,seed3,,train_loss,35,0.4344899273371395
adamw 256,basic,256,seed3,,train_loss,36,0.4302706744851945
adamw 256,basic,256,seed3,,train_loss,36,0.4302706744851945
adamw 256,basic,256,seed3,,train_loss,37,0.42865711601474615
adamw 256,basic,256,seed3,,train_loss,37,0.42865711601474615
adamw 256,basic,256,seed3,,train_loss,38,0.42755673165562785
adamw 256,basic,256,seed3,,train_loss,38,0.42755673165562785
adamw 256,basic,256,seed3,,train_loss,39,0.42657535865840024
adamw 256,basic,256,seed3,,train_loss,39,0.42657535865840024
adamw 64,basic,64,seed1,,train_loss,0,1.720136772554049
adamw 64,basic,64,seed1,,train_loss,0,1.720136772554049
adamw 64,basic,64,seed1,,train_loss,1,1.0676511794863683
adamw 64,basic,64,seed1,,train_loss,1,1.0676511794863683
adamw 64,basic,64,seed1,,train_loss,2,0.9287468414938563
adamw 64,basic,64,seed1,,train_loss,2,0.9287468414938563
adamw 64,basic,64,seed1,,train_loss,3,0.8451236495246606
adamw 64,basic,64,seed1,,train_loss,3,0.8451236495246606
adamw 64,basic,64,seed1,,train_loss,4,0.7880790796300048
adamw 64,basic,64,seed1,,train_loss,4,0.7880790796300048
adamw 64,basic,64,seed1,,train_loss,5,0.751056127242327
adamw 64,basic,64,seed1,,train_loss,5,0.751056127242327
adamw 64,basic,64,seed1,,train_loss,6,0.7155450855666002
adamw 64,basic,64,seed1,,train_loss,6,0.7155450855666002
adamw 64,basic,64,seed1,,train_loss,7,0.6885875071681162
adamw 64,basic,64,seed1,,train_loss,7,0.6885875071681162
adamw 64,basic,64,seed1,,train_loss,8,0.6605275754503112
adamw 64,basic,64,seed1,,train_loss,8,0.6605275754503112
adamw 64,basic,64,seed1,,train_loss,9,0.6405092067426462
adamw 64,basic,64,seed1,,train_loss,9,0.6405092067426462
adamw 64,basic,64,seed1,,train_loss,10,0.6182806855805194
adamw 64,basic,64,seed1,,train_loss,10,0.6182806855805194
adamw 64,basic,64,seed1,,train_loss,11,0.6000323108817355
adamw 64,basic,64,seed1,,train_loss,11,0.6000323108817355
adamw 64,basic,64,seed1,,train_loss,12,0.5813901631954227
adamw 64,basic,64,seed1,,train_loss,12,0.5813901631954227
adamw 64,basic,64,seed1,,train_loss,13,0.5716600146974656
adamw 64,basic,64,seed1,,train_loss,13,0.5716600146974656
adamw 64,basic,64,seed1,,train_loss,14,0.5479726956443273
adamw 64,basic,64,seed1,,train_loss,14,0.5479726956443273
adamw 64,basic,64,seed1,,train_loss,15,0.5367411766378278
adamw 64,basic,64,seed1,,train_loss,15,0.5367411766378278
adamw 64,basic,64,seed1,,train_loss,16,0.5237812150147799
adamw 64,basic,64,seed1,,train_loss,16,0.5237812150147799
adamw 64,basic,64,seed1,,train_loss,17,0.5053255324504695
adamw 64,basic,64,seed1,,train_loss,17,0.5053255324504695
adamw 64,basic,64,seed1,,train_loss,18,0.49901836136515315
adamw 64,basic,64,seed1,,train_loss,18,0.49901836136515315
adamw 64,basic,64,seed1,,train_loss,19,0.4836454884146184
adamw 64,basic,64,seed1,,train_loss,19,0.4836454884146184
adamw 64,basic,64,seed1,,train_loss,20,0.47034627499713816
adamw 64,basic,64,seed1,,train_loss,20,0.47034627499713816
adamw 64,basic,64,seed1,,train_loss,21,0.46524890552352577
adamw 64,basic,64,seed1,,train_loss,21,0.46524890552352577
adamw 64,basic,64,seed1,,train_loss,22,0.45370473626926305
adamw 64,basic,64,seed1,,train_loss,22,0.45370473626926305
adamw 64,basic,64,seed1,,train_loss,23,0.4450965655737467
adamw 64,basic,64,seed1,,train_loss,23,0.4450965655737467
adamw 64,basic,64,seed1,,train_loss,24,0.4286769513186331
adamw 64,basic,64,seed1,,train_loss,24,0.4286769513186331
adamw 64,basic,64,seed1,,train_loss,25,0.42267689941236564
adamw 64,basic,64,seed1,,train_loss,25,0.42267689941236564
adamw 64,basic,64,seed1,,train_loss,26,0.4157002207359895
adamw 64,basic,64,seed1,,train_loss,26,0.4157002207359895
adamw 64,basic,64,seed1,,train_loss,27,0.4052877604111699
adamw 64,basic,64,seed1,,train_loss,27,0.4052877604111699
adamw 64,basic,64,seed1,,train_loss,28,0.39493745008391085
adamw 64,basic,64,seed1,,train_loss,28,0.39493745008391085
adamw 64,basic,64,seed1,,train_loss,29,0.39395089914831466
adamw 64,basic,64,seed1,,train_loss,29,0.39395089914831466
adamw 64,basic,64,seed1,,train_loss,30,0.38539033206110895
adamw 64,basic,64,seed1,,train_loss,30,0.38539033206110895
adamw 64,basic,64,seed1,,train_loss,31,0.38050253645230747
adamw 64,basic,64,seed1,,train_loss,31,0.38050253645230747
adamw 64,basic,64,seed1,,train_loss,32,0.37571785414892367
adamw 64,basic,64,seed1,,train_loss,32,0.37571785414892367
adamw 64,basic,64,seed1,,train_loss,33,0.36751565204219305
adamw 64,basic,64,seed1,,train_loss,33,0.36751565204219305
adamw 64,basic,64,seed1,,train_loss,34,0.3673053170065568
adamw 64,basic,64,seed1,,train_loss,34,0.3673053170065568
adamw 64,basic,64,seed1,,train_loss,35,0.3679907849843298
adamw 64,basic,64,seed1,,train_loss,35,0.3679907849843298
adamw 64,basic,64,seed1,,train_loss,36,0.3618272149575424
adamw 64,basic,64,seed1,,train_loss,36,0.3618272149575424
adamw 64,basic,64,seed1,,train_loss,37,0.36062312587198764
adamw 64,basic,64,seed1,,train_loss,37,0.36062312587198764
adamw 64,basic,64,seed1,,train_loss,38,0.3585121857106623
adamw 64,basic,64,seed1,,train_loss,38,0.3585121857106623
adamw 64,basic,64,seed1,,train_loss,39,0.35538157781363794
adamw 64,basic,64,seed1,,train_loss,39,0.35538157781363794
adamw 64,basic,64,seed2,,train_loss,0,1.723100954967668
adamw 64,basic,64,seed2,,train_loss,0,1.723100954967668
adamw 64,basic,64,seed2,,train_loss,1,1.065674214013149
adamw 64,basic,64,seed2,,train_loss,1,1.065674214013149
adamw 64,basic,64,seed2,,train_loss,2,0.9306465816283805
adamw 64,basic,64,seed2,,train_loss,2,0.9306465816283805
adamw 64,basic,64,seed2,,train_loss,3,0.8510905638919335
adamw 64,basic,64,seed2,,train_loss,3,0.8510905638919335
adamw 64,basic,64,seed2,,train_loss,4,0.7936323911046025
adamw 64,basic,64,seed2,,train_loss,4,0.7936323911046025
adamw 64,basic,64,seed2,,train_loss,5,0.7587254115054827
adamw 64,basic,64,seed2,,train_loss,5,0.7587254115054827
adamw 64,basic,64,seed2,,train_loss,6,0.7207804889651261
adamw 64,basic,64,seed2,,train_loss,6,0.7207804889651261
adamw 64,basic,64,seed2,,train_loss,7,0.6950830622421776
adamw 64,basic,64,seed2,,train_loss,7,0.6950830622421776
adamw 64,basic,64,seed2,,train_loss,8,0.6630799532597521
adamw 64,basic,64,seed2,,train_loss,8,0.6630799532597521
adamw 64,basic,64,seed2,,train_loss,9,0.6446724892952878
adamw 64,basic,64,seed2,,train_loss,9,0.6446724892952878
adamw 64,basic,64,seed2,,train_loss,10,0.6273370122078732
adamw 64,basic,64,seed2,,train_loss,10,0.6273370122078732
adamw 64,basic,64,seed2,,train_loss,11,0.6108660638930301
adamw 64,basic,64,seed2,,train_loss,11,0.6108660638930301
adamw 64,basic,64,seed2,,train_loss,12,0.5895554158982153
adamw 64,basic,64,seed2,,train_loss,12,0.5895554158982153
adamw 64,basic,64,seed2,,train_loss,13,0.5669410698737363
adamw 64,basic,64,seed2,,train_loss,13,0.5669410698737363
adamw 64,basic,64,seed2,,train_loss,14,0.5612004236913155
adamw 64,basic,64,seed2,,train_loss,14,0.5612004236913155
adamw 64,basic,64,seed2,,train_loss,15,0.5394039729486172
adamw 64,basic,64,seed2,,train_loss,15,0.5394039729486172
adamw 64,basic,64,seed2,,train_loss,16,0.5276225089806563
adamw 64,basic,64,seed2,,train_loss,16,0.5276225089806563
adamw 64,basic,64,seed2,,train_loss,17,0.5164517904567869
adamw 64,basic,64,seed2,,train_loss,17,0.5164517904567869
adamw 64,basic,64,seed2,,train_loss,18,0.5019810654954648
adamw 64,basic,64,seed2,,train_loss,18,0.5019810654954648
adamw 64,basic,64,seed2,,train_loss,19,0.49107827294968
adamw 64,basic,64,seed2,,train_loss,19,0.49107827294968
adamw 64,basic,64,seed2,,train_loss,20,0.48078100910408317
adamw 64,basic,64,seed2,,train_loss,20,0.48078100910408317
adamw 64,basic,64,seed2,,train_loss,21,0.4702126864646783
adamw 64,basic,64,seed2,,train_loss,21,0.4702126864646783
adamw 64,basic,64,seed2,,train_loss,22,0.4578455385713668
adamw 64,basic,64,seed2,,train_loss,22,0.4578455385713668
adamw 64,basic,64,seed2,,train_loss,23,0.44549291712303724
adamw 64,basic,64,seed2,,train_loss,23,0.44549291712303724
adamw 64,basic,64,seed2,,train_loss,24,0.43826228912050397
adamw 64,basic,64,seed2,,train_loss,24,0.43826228912050397
adamw 64,basic,64,seed2,,train_loss,25,0.4285051486874835
adamw 64,basic,64,seed2,,train_loss,25,0.4285051486874835
adamw 64,basic,64,seed2,,train_loss,26,0.41864786011490424
adamw 64,basic,64,seed2,,train_loss,26,0.41864786011490424
adamw 64,basic,64,seed2,,train_loss,27,0.4086806534650837
adamw 64,basic,64,seed2,,train_loss,27,0.4086806534650837
adamw 64,basic,64,seed2,,train_loss,28,0.4044317246710738
adamw 64,basic,64,seed2,,train_loss,28,0.4044317246710738
adamw 64,basic,64,seed2,,train_loss,29,0.39673714582054015
adamw 64,basic,64,seed2,,train_loss,29,0.39673714582054015
adamw 64,basic,64,seed2,,train_loss,30,0.39026898779801106
adamw 64,basic,64,seed2,,train_loss,30,0.39026898779801106
adamw 64,basic,64,seed2,,train_loss,31,0.38408274969052614
adamw 64,basic,64,seed2,,train_loss,31,0.38408274969052614
adamw 64,basic,64,seed2,,train_loss,32,0.38170845487175675
adamw 64,basic,64,seed2,,train_loss,32,0.38170845487175675
adamw 64,basic,64,seed2,,train_loss,33,0.3748861189376968
adamw 64,basic,64,seed2,,train_loss,33,0.3748861189376968
adamw 64,basic,64,seed2,,train_loss,34,0.3730644792035112
adamw 64,basic,64,seed2,,train_loss,34,0.3730644792035112
adamw 64,basic,64,seed2,,train_loss,35,0.36918517372864984
adamw 64,basic,64,seed2,,train_loss,35,0.36918517372864984
adamw 64,basic,64,seed2,,train_loss,36,0.3609341453473696
adamw 64,basic,64,seed2,,train_loss,36,0.3609341453473696
adamw 64,basic,64,seed2,,train_loss,37,0.3626687569817117
adamw 64,basic,64,seed2,,train_loss,37,0.3626687569817117
adamw 64,basic,64,seed2,,train_loss,38,0.3646601060800719
adamw 64,basic,64,seed2,,train_loss,38,0.3646601060800719
adamw 64,basic,64,seed2,,train_loss,39,0.3613549371612865
adamw 64,basic,64,seed2,,train_loss,39,0.3613549371612865
adamw 64,basic,64,seed3,,train_loss,0,1.7279447994363093
adamw 64,basic,64,seed3,,train_loss,0,1.7279447994363093
adamw 64,basic,64,seed3,,train_loss,1,1.0704404505278518
adamw 64,basic,64,seed3,,train_loss,1,1.0704404505278518
adamw 64,basic,64,seed3,,train_loss,2,0.9294783865448791
adamw 64,basic,64,seed3,,train_loss,2,0.9294783865448791
adamw 64,basic,64,seed3,,train_loss,3,0.8491255755535275
adamw 64,basic,64,seed3,,train_loss,3,0.8491255755535275
adamw 64,basic,64,seed3,,train_loss,4,0.7947058330556533
adamw 64,basic,64,seed3,,train_loss,4,0.7947058330556533
adamw 64,basic,64,seed3,,train_loss,5,0.7509236380756845
adamw 64,basic,64,seed3,,train_loss,5,0.7509236380756845
adamw 64,basic,64,seed3,,train_loss,6,0.7186155177912465
adamw 64,basic,64,seed3,,train_loss,6,0.7186155177912465
adamw 64,basic,64,seed3,,train_loss,7,0.6866069031208596
adamw 64,basic,64,seed3,,train_loss,7,0.6866069031208596
adamw 64,basic,64,seed3,,train_loss,8,0.6602608821774737
adamw 64,basic,64,seed3,,train_loss,8,0.6602608821774737
adamw 64,basic,64,seed3,,train_loss,9,0.6409929071837267
adamw 64,basic,64,seed3,,train_loss,9,0.6409929071837267
adamw 64,basic,64,seed3,,train_loss,10,0.6154790973996914
adamw 64,basic,64,seed3,,train_loss,10,0.6154790973996914
adamw 64,basic,64,seed3,,train_loss,11,0.6027296653456018
adamw 64,basic,64,seed3,,train_loss,11,0.6027296653456018
adamw 64,basic,64,seed3,,train_loss,12,0.5864966574037466
adamw 64,basic,64,seed3,,train_loss,12,0.5864966574037466
adamw 64,basic,64,seed3,,train_loss,13,0.5684609301742304
adamw 64,basic,64,seed3,,train_loss,13,0.5684609301742304
adamw 64,basic,64,seed3,,train_loss,14,0.5531457120664772
adamw 64,basic,64,seed3,,train_loss,14,0.5531457120664772
adamw 64,basic,64,seed3,,train_loss,15,0.5391457670278761
adamw 64,basic,64,seed3,,train_loss,15,0.5391457670278761
adamw 64,basic,64,seed3,,train_loss,16,0.5246879893503572
adamw 64,basic,64,seed3,,train_loss,16,0.5246879893503572
adamw 64,basic,64,seed3,,train_loss,17,0.5111200467711895
adamw 64,basic,64,seed3,,train_loss,17,0.5111200467711895
adamw 64,basic,64,seed3,,train_loss,18,0.5029335299225518
adamw 64,basic,64,seed3,,train_loss,18,0.5029335299225518
adamw 64,basic,64,seed3,,train_loss,19,0.4862006555577895
adamw 64,basic,64,seed3,,train_loss,19,0.4862006555577895
adamw 64,basic,64,seed3,,train_loss,20,0.4774746427188579
adamw 64,basic,64,seed3,,train_loss,20,0.4774746427188579
adamw 64,basic,64,seed3,,train_loss,21,0.4649085341908486
adamw 64,basic,64,seed3,,train_loss,21,0.4649085341908486
adamw 64,basic,64,seed3,,train_loss,22,0.4489609791868717
adamw 64,basic,64,seed3,,train_loss,22,0.4489609791868717
adamw 64,basic,64,seed3,,train_loss,23,0.4422447108668536
adamw 64,basic,64,seed3,,train_loss,23,0.4422447108668536
adamw 64,basic,64,seed3,,train_loss,24,0.4337995824302766
adamw 64,basic,64,seed3,,train_loss,24,0.4337995824302766
adamw 64,basic,64,seed3,,train_loss,25,0.42205507741747333
adamw 64,basic,64,seed3,,train_loss,25,0.42205507741747333
adamw 64,basic,64,seed3,,train_loss,26,0.41421563874580036
adamw 64,basic,64,seed3,,train_loss,26,0.41421563874580036
adamw 64,basic,64,seed3,,train_loss,27,0.4096599143498047
adamw 64,basic,64,seed3,,train_loss,27,0.4096599143498047
adamw 64,basic,64,seed3,,train_loss,28,0.3994804869043034
adamw 64,basic,64,seed3,,train_loss,28,0.3994804869043034
adamw 64,basic,64,seed3,,train_loss,29,0.3901517644855012
adamw 64,basic,64,seed3,,train_loss,29,0.3901517644855012
adamw 64,basic,64,seed3,,train_loss,30,0.3889301667715705
adamw 64,basic,64,seed3,,train_loss,30,0.3889301667715705
adamw 64,basic,64,seed3,,train_loss,31,0.3824172982397276
adamw 64,basic,64,seed3,,train_loss,31,0.3824172982397276
adamw 64,basic,64,seed3,,train_loss,32,0.3751505769104741
adamw 64,basic,64,seed3,,train_loss,32,0.3751505769104741
adamw 64,basic,64,seed3,,train_loss,33,0.37271809553552454
adamw 64,basic,64,seed3,,train_loss,33,0.37271809553552454
adamw 64,basic,64,seed3,,train_loss,34,0.36967458531118874
adamw 64,basic,64,seed3,,train_loss,34,0.36967458531118874
adamw 64,basic,64,seed3,,train_loss,35,0.36261926336487343
adamw 64,basic,64,seed3,,train_loss,35,0.36261926336487343
adamw 64,basic,64,seed3,,train_loss,36,0.3629232233797358
adamw 64,basic,64,seed3,,train_loss,36,0.3629232233797358
adamw 64,basic,64,seed3,,train_loss,37,0.3601142117063246
adamw 64,basic,64,seed3,,train_loss,37,0.3601142117063246
adamw 64,basic,64,seed3,,train_loss,38,0.36071647145050756
adamw 64,basic,64,seed3,,train_loss,38,0.36071647145050756
adamw 64,basic,64,seed3,,train_loss,39,0.36015277613178603
adamw 64,basic,64,seed3,,train_loss,39,0.36015277613178603
adamw_seesaw 128,seesaw,128,seed1,,train_loss,0,1.8852024272021362
adamw_seesaw 128,seesaw,128,seed1,,train_loss,0,1.8852024272021362
adamw_seesaw 128,seesaw,128,seed1,,train_loss,1,1.1230819107107974
adamw_seesaw 128,seesaw,128,seed1,,train_loss,1,1.1230819107107974
adamw_seesaw 128,seesaw,128,seed1,,train_loss,2,0.9682439106677655
adamw_seesaw 128,seesaw,128,seed1,,train_loss,2,0.9682439106677655
adamw_seesaw 128,seesaw,128,seed1,,train_loss,3,0.8713188830307265
adamw_seesaw 128,seesaw,128,seed1,,train_loss,3,0.8713188830307265
adamw_seesaw 128,seesaw,128,seed1,,train_loss,4,0.8136497746037028
adamw_seesaw 128,seesaw,128,seed1,,train_loss,4,0.8136497746037028
adamw_seesaw 128,seesaw,128,seed1,,train_loss,5,0.7679875000116694
adamw_seesaw 128,seesaw,128,seed1,,train_loss,5,0.7679875000116694
adamw_seesaw 128,seesaw,128,seed1,,train_loss,6,0.7317864887950792
adamw_seesaw 128,seesaw,128,seed1,,train_loss,6,0.7317864887950792
adamw_seesaw 128,seesaw,128,seed1,,train_loss,7,0.6970124906754191
adamw_seesaw 128,seesaw,128,seed1,,train_loss,7,0.6970124906754191
adamw_seesaw 128,seesaw,128,seed1,,train_loss,8,0.6738433595825348
adamw_seesaw 128,seesaw,128,seed1,,train_loss,8,0.6738433595825348
adamw_seesaw 128,seesaw,128,seed1,,train_loss,9,0.6448275582071095
adamw_seesaw 128,seesaw,128,seed1,,train_loss,9,0.6448275582071095
adamw_seesaw 128,seesaw,128,seed1,,train_loss,10,0.624934348061618
adamw_seesaw 128,seesaw,128,seed1,,train_loss,10,0.624934348061618
adamw_seesaw 128,seesaw,128,seed1,,train_loss,11,0.6112188890513488
adamw_seesaw 128,seesaw,128,seed1,,train_loss,11,0.6112188890513488
adamw_seesaw 128,seesaw,128,seed1,,train_loss,12,0.6010267050457403
adamw_seesaw 128,seesaw,128,seed1,,train_loss,12,0.6010267050457403
adamw_seesaw 128,seesaw,128,seed1,,train_loss,13,0.5822187735687329
adamw_seesaw 128,seesaw,128,seed1,,train_loss,13,0.5822187735687329
adamw_seesaw 128,seesaw,128,seed1,,train_loss,14,0.5679672196318831
adamw_seesaw 128,seesaw,128,seed1,,train_loss,14,0.5679672196318831
adamw_seesaw 128,seesaw,128,seed1,,train_loss,15,0.5572747390732986
adamw_seesaw 128,seesaw,128,seed1,,train_loss,15,0.5572747390732986
adamw_seesaw 128,seesaw,128,seed1,,train_loss,16,0.5450193804653385
adamw_seesaw 128,seesaw,128,seed1,,train_loss,16,0.5450193804653385
adamw_seesaw 128,seesaw,128,seed1,,train_loss,17,0.5387942619967562
adamw_seesaw 128,seesaw,128,seed1,,train_loss,17,0.5387942619967562
adamw_seesaw 128,seesaw,128,seed1,,train_loss,18,0.5255233085859677
adamw_seesaw 128,seesaw,128,seed1,,train_loss,18,0.5255233085859677
adamw_seesaw 128,seesaw,128,seed1,,train_loss,19,0.5141412953409967
adamw_seesaw 128,seesaw,128,seed1,,train_loss,19,0.5141412953409967
adamw_seesaw 128,seesaw,128,seed1,,train_loss,20,0.5085973335972315
adamw_seesaw 128,seesaw,128,seed1,,train_loss,20,0.5085973335972315
adamw_seesaw 128,seesaw,128,seed1,,train_loss,21,0.44736789789380904
adamw_seesaw 128,seesaw,128,seed1,,train_loss,21,0.5007264382728545
adamw_seesaw 128,seesaw,128,seed1,,train_loss,22,0.4317670199186993
adamw_seesaw 128,seesaw,128,seed1,,train_loss,22,0.49175926665716535
adamw_seesaw 128,seesaw,128,seed1,,train_loss,23,0.42354078597157313
adamw_seesaw 128,seesaw,128,seed1,,train_loss,23,0.4871474325279646
adamw_seesaw 128,seesaw,128,seed1,,train_loss,24,0.4206135637649504
adamw_seesaw 128,seesaw,128,seed1,,train_loss,24,0.48043345028086554
adamw_seesaw 128,seesaw,128,seed1,,train_loss,25,0.41690495434189645
adamw_seesaw 128,seesaw,128,seed1,,train_loss,25,0.41370222066776663
adamw_seesaw 128,seesaw,128,seed1,,train_loss,26,0.4158589530594741
adamw_seesaw 128,seesaw,128,seed1,,train_loss,26,0.39644157886505127
adamw_seesaw 128,seesaw,128,seed1,,train_loss,27,0.38453048968515474
adamw_seesaw 128,seesaw,128,seed1,,train_loss,27,0.39136444409436816
adamw_seesaw 128,seesaw,128,seed1,,train_loss,28,0.3866491715948121
adamw_seesaw 128,seesaw,128,seed1,,train_loss,28,0.3881792509103123
adamw_seesaw 128,seesaw,128,seed1,,train_loss,29,0.3790412863262561
adamw_seesaw 128,seesaw,128,seed1,,train_loss,29,0.3795488829476924
adamw_seesaw 128,seesaw,128,seed1,,train_loss,30,0.37509899855661794
adamw_seesaw 128,seesaw,128,seed1,,train_loss,30,0.37991087515897387
adamw_seesaw 128,seesaw,128,seed1,,train_loss,31,0.37291240491786926
adamw_seesaw 128,seesaw,128,seed1,,train_loss,31,0.37588807318029527
adamw_seesaw 128,seesaw,128,seed1,,train_loss,32,0.3615862722198168
adamw_seesaw 128,seesaw,128,seed1,,train_loss,32,0.35718525299486126
adamw_seesaw 128,seesaw,128,seed1,,train_loss,33,0.3600864812731743
adamw_seesaw 128,seesaw,128,seed1,,train_loss,33,0.3534252756046799
adamw_seesaw 128,seesaw,128,seed1,,train_loss,34,0.3526308752596378
adamw_seesaw 128,seesaw,128,seed1,,train_loss,34,0.35043402550355446
adamw_seesaw 128,seesaw,128,seed1,,train_loss,35,0.3519843203841515
adamw_seesaw 128,seesaw,128,seed2,,train_loss,0,1.895192965676513
adamw_seesaw 128,seesaw,128,seed2,,train_loss,0,1.895192965676513
adamw_seesaw 128,seesaw,128,seed2,,train_loss,0,1.895192965676513
adamw_seesaw 128,seesaw,128,seed2,,train_loss,0,1.895192965676513
adamw_seesaw 128,seesaw,128,seed2,,train_loss,0,1.895192965676513
adamw_seesaw 128,seesaw,128,seed2,,train_loss,1,1.1355687681632707
adamw_seesaw 128,seesaw,128,seed2,,train_loss,1,1.1355687681632707
adamw_seesaw 128,seesaw,128,seed2,,train_loss,1,1.1355687681632707
adamw_seesaw 128,seesaw,128,seed2,,train_loss,1,1.1355687681632707
adamw_seesaw 128,seesaw,128,seed2,,train_loss,2,0.9730388139873617
adamw_seesaw 128,seesaw,128,seed2,,train_loss,2,0.9730388139873617
adamw_seesaw 128,seesaw,128,seed2,,train_loss,2,0.9730388139873617
adamw_seesaw 128,seesaw,128,seed2,,train_loss,2,0.9730388139873617
adamw_seesaw 128,seesaw,128,seed2,,train_loss,3,0.8815764576070922
adamw_seesaw 128,seesaw,128,seed2,,train_loss,3,0.8815764576070922
adamw_seesaw 128,seesaw,128,seed2,,train_loss,3,0.8815764576070922
adamw_seesaw 128,seesaw,128,seed2,,train_loss,3,0.8815764576070922
adamw_seesaw 128,seesaw,128,seed2,,train_loss,4,0.8161497074591962
adamw_seesaw 128,seesaw,128,seed2,,train_loss,4,0.8161497074591962
adamw_seesaw 128,seesaw,128,seed2,,train_loss,4,0.8161497074591962
adamw_seesaw 128,seesaw,128,seed2,,train_loss,4,0.8161497074591962
adamw_seesaw 128,seesaw,128,seed2,,train_loss,5,0.7687549436394172
adamw_seesaw 128,seesaw,128,seed2,,train_loss,5,0.7687549436394172
adamw_seesaw 128,seesaw,128,seed2,,train_loss,5,0.7687549436394172
adamw_seesaw 128,seesaw,128,seed2,,train_loss,5,0.7687549436394172
adamw_seesaw 128,seesaw,128,seed2,,train_loss,6,0.7324854412159336
adamw_seesaw 128,seesaw,128,seed2,,train_loss,6,0.7324854412159336
adamw_seesaw 128,seesaw,128,seed2,,train_loss,6,0.7324854412159336
adamw_seesaw 128,seesaw,128,seed2,,train_loss,6,0.7324854412159336
adamw_seesaw 128,seesaw,128,seed2,,train_loss,7,0.7066096414493609
adamw_seesaw 128,seesaw,128,seed2,,train_loss,7,0.7066096414493609
adamw_seesaw 128,seesaw,128,seed2,,train_loss,7,0.7066096414493609
adamw_seesaw 128,seesaw,128,seed2,,train_loss,7,0.7066096414493609
adamw_seesaw 128,seesaw,128,seed2,,train_loss,8,0.6771820121550862
adamw_seesaw 128,seesaw,128,seed2,,train_loss,8,0.6771820121550862
adamw_seesaw 128,seesaw,128,seed2,,train_loss,8,0.6771820121550862
adamw_seesaw 128,seesaw,128,seed2,,train_loss,8,0.6771820121550862
adamw_seesaw 128,seesaw,128,seed2,,train_loss,9,0.6566386469305819
adamw_seesaw 128,seesaw,128,seed2,,train_loss,9,0.6566386469305819
adamw_seesaw 128,seesaw,128,seed2,,train_loss,9,0.6566386469305819
adamw_seesaw 128,seesaw,128,seed2,,train_loss,9,0.6566386469305819
adamw_seesaw 128,seesaw,128,seed2,,train_loss,10,0.6344252219305763
adamw_seesaw 128,seesaw,128,seed2,,train_loss,10,0.6344252219305763
adamw_seesaw 128,seesaw,128,seed2,,train_loss,10,0.6344252219305763
adamw_seesaw 128,seesaw,128,seed2,,train_loss,10,0.6344252219305763
adamw_seesaw 128,seesaw,128,seed2,,train_loss,11,0.6222011683359427
adamw_seesaw 128,seesaw,128,seed2,,train_loss,11,0.6222011683359427
adamw_seesaw 128,seesaw,128,seed2,,train_loss,11,0.6222011683359427
adamw_seesaw 128,seesaw,128,seed2,,train_loss,11,0.6222011683359427
adamw_seesaw 128,seesaw,128,seed2,,train_loss,12,0.6024605985809479
adamw_seesaw 128,seesaw,128,seed2,,train_loss,12,0.6024605985809479
adamw_seesaw 128,seesaw,128,seed2,,train_loss,12,0.6024605985809479
adamw_seesaw 128,seesaw,128,seed2,,train_loss,12,0.6024605985809479
adamw_seesaw 128,seesaw,128,seed2,,train_loss,13,0.5875647836973898
adamw_seesaw 128,seesaw,128,seed2,,train_loss,13,0.5875647836973898
adamw_seesaw 128,seesaw,128,seed2,,train_loss,13,0.5875647836973898
adamw_seesaw 128,seesaw,128,seed2,,train_loss,13,0.5875647836973898
adamw_seesaw 128,seesaw,128,seed2,,train_loss,14,0.575244988884604
adamw_seesaw 128,seesaw,128,seed2,,train_loss,14,0.575244988884604
adamw_seesaw 128,seesaw,128,seed2,,train_loss,14,0.575244988884604
adamw_seesaw 128,seesaw,128,seed2,,train_loss,14,0.575244988884604
adamw_seesaw 128,seesaw,128,seed2,,train_loss,15,0.5630257506285036
adamw_seesaw 128,seesaw,128,seed2,,train_loss,15,0.5630257506285036
adamw_seesaw 128,seesaw,128,seed2,,train_loss,15,0.5630257506285036
adamw_seesaw 128,seesaw,128,seed2,,train_loss,15,0.5630257506285036
adamw_seesaw 128,seesaw,128,seed2,,train_loss,16,0.5451411719940886
adamw_seesaw 128,seesaw,128,seed2,,train_loss,16,0.5451411719940886
adamw_seesaw 128,seesaw,128,seed2,,train_loss,16,0.5451411719940886
adamw_seesaw 128,seesaw,128,seed2,,train_loss,16,0.5451411719940886
adamw_seesaw 128,seesaw,128,seed2,,train_loss,17,0.5372785078322334
adamw_seesaw 128,seesaw,128,seed2,,train_loss,17,0.5372785078322334
adamw_seesaw 128,seesaw,128,seed2,,train_loss,17,0.5372785078322334
adamw_seesaw 128,seesaw,128,seed2,,train_loss,17,0.5372785078322334
adamw_seesaw 128,seesaw,128,seed2,,train_loss,18,0.5269424803397826
adamw_seesaw 128,seesaw,128,seed2,,train_loss,18,0.5269424803397826
adamw_seesaw 128,seesaw,128,seed2,,train_loss,18,0.5269424803397826
adamw_seesaw 128,seesaw,128,seed2,,train_loss,18,0.5269424803397826
adamw_seesaw 128,seesaw,128,seed2,,train_loss,19,0.5218374680743438
adamw_seesaw 128,seesaw,128,seed2,,train_loss,19,0.5218374680743438
adamw_seesaw 128,seesaw,128,seed2,,train_loss,19,0.5218374680743438
adamw_seesaw 128,seesaw,128,seed2,,train_loss,19,0.5218374680743438
adamw_seesaw 128,seesaw,128,seed2,,train_loss,20,0.5086504746589983
adamw_seesaw 128,seesaw,128,seed2,,train_loss,20,0.5086504746589983
adamw_seesaw 128,seesaw,128,seed2,,train_loss,20,0.5086504746589983
adamw_seesaw 128,seesaw,128,seed2,,train_loss,20,0.5086504746589983
adamw_seesaw 128,seesaw,128,seed2,,train_loss,21,0.5065806196837486
adamw_seesaw 128,seesaw,128,seed2,,train_loss,21,0.45073551367103803
adamw_seesaw 128,seesaw,128,seed2,,train_loss,21,0.45073551367103803
adamw_seesaw 128,seesaw,128,seed2,,train_loss,21,0.5065806196837486
adamw_seesaw 128,seesaw,128,seed2,,train_loss,22,0.4995315722523862
adamw_seesaw 128,seesaw,128,seed2,,train_loss,22,0.43545262471533025
adamw_seesaw 128,seesaw,128,seed2,,train_loss,22,0.43545262471533025
adamw_seesaw 128,seesaw,128,seed2,,train_loss,22,0.4995315722523862
adamw_seesaw 128,seesaw,128,seed2,,train_loss,23,0.4909843320836498
adamw_seesaw 128,seesaw,128,seed2,,train_loss,23,0.4351114894770369
adamw_seesaw 128,seesaw,128,seed2,,train_loss,23,0.4351114894770369
adamw_seesaw 128,seesaw,128,seed2,,train_loss,23,0.4909843320836498
adamw_seesaw 128,seesaw,128,seed2,,train_loss,24,0.4856185891394374
adamw_seesaw 128,seesaw,128,seed2,,train_loss,24,0.4265199425602764
adamw_seesaw 128,seesaw,128,seed2,,train_loss,24,0.4265199425602764
adamw_seesaw 128,seesaw,128,seed2,,train_loss,24,0.4856185891394374
adamw_seesaw 128,seesaw,128,seed2,,train_loss,25,0.4186912148813658
adamw_seesaw 128,seesaw,128,seed2,,train_loss,25,0.4201404170647955
adamw_seesaw 128,seesaw,128,seed2,,train_loss,25,0.4201404170647955
adamw_seesaw 128,seesaw,128,seed2,,train_loss,25,0.4186912148813658
adamw_seesaw 128,seesaw,128,seed2,,train_loss,26,0.40198882244810274
adamw_seesaw 128,seesaw,128,seed2,,train_loss,26,0.4200014995120246
adamw_seesaw 128,seesaw,128,seed2,,train_loss,26,0.4200014995120246
adamw_seesaw 128,seesaw,128,seed2,,train_loss,26,0.40198882244810274
adamw_seesaw 128,seesaw,128,seed2,,train_loss,27,0.3927407164739657
adamw_seesaw 128,seesaw,128,seed2,,train_loss,27,0.39010681750393716
adamw_seesaw 128,seesaw,128,seed2,,train_loss,27,0.39010681750393716
adamw_seesaw 128,seesaw,128,seed2,,train_loss,27,0.3927407164739657
adamw_seesaw 128,seesaw,128,seed2,,train_loss,28,0.3890158300158344
adamw_seesaw 128,seesaw,128,seed2,,train_loss,28,0.3856421761653003
adamw_seesaw 128,seesaw,128,seed2,,train_loss,28,0.3856421761653003
adamw_seesaw 128,seesaw,128,seed2,,train_loss,28,0.3890158300158344
adamw_seesaw 128,seesaw,128,seed2,,train_loss,29,0.3818304182230672
adamw_seesaw 128,seesaw,128,seed2,,train_loss,29,0.3806690736478116
adamw_seesaw 128,seesaw,128,seed2,,train_loss,29,0.3806690736478116
adamw_seesaw 128,seesaw,128,seed2,,train_loss,29,0.3818304182230672
adamw_seesaw 128,seesaw,128,seed2,,train_loss,30,0.3820527286469182
adamw_seesaw 128,seesaw,128,seed2,,train_loss,30,0.38188586014659465
adamw_seesaw 128,seesaw,128,seed2,,train_loss,30,0.38188586014659465
adamw_seesaw 128,seesaw,128,seed2,,train_loss,30,0.3820527286469182
adamw_seesaw 128,seesaw,128,seed2,,train_loss,31,0.3785389829662782
adamw_seesaw 128,seesaw,128,seed2,,train_loss,31,0.37474396449177205
adamw_seesaw 128,seesaw,128,seed2,,train_loss,31,0.37474396449177205
adamw_seesaw 128,seesaw,128,seed2,,train_loss,31,0.3785389829662782
adamw_seesaw 128,seesaw,128,seed2,,train_loss,32,0.36105852756860124
adamw_seesaw 128,seesaw,128,seed2,,train_loss,32,0.36393829931815463
adamw_seesaw 128,seesaw,128,seed2,,train_loss,32,0.36393829931815463
adamw_seesaw 128,seesaw,128,seed2,,train_loss,32,0.36105852756860124
adamw_seesaw 128,seesaw,128,seed2,,train_loss,33,0.3526101252942715
adamw_seesaw 128,seesaw,128,seed2,,train_loss,33,0.36327985574801763
adamw_seesaw 128,seesaw,128,seed2,,train_loss,33,0.36327985574801763
adamw_seesaw 128,seesaw,128,seed2,,train_loss,33,0.3526101252942715
adamw_seesaw 128,seesaw,128,seed2,,train_loss,34,0.35435284983437015
adamw_seesaw 128,seesaw,128,seed2,,train_loss,34,0.3640780771772067
adamw_seesaw 128,seesaw,128,seed2,,train_loss,34,0.3640780771772067
adamw_seesaw 128,seesaw,128,seed2,,train_loss,34,0.35435284983437015
adamw_seesaw 128,seesaw,128,seed2,,train_loss,35,0.3496819183511554
adamw_seesaw 128,seesaw,128,seed2,,train_loss,35,0.35827520688374836
adamw_seesaw 128,seesaw,128,seed2,,train_loss,35,0.35827520688374836
adamw_seesaw 128,seesaw,128,seed2,,train_loss,35,0.3496819183511554
adamw_seesaw 128,seesaw,128,seed2,,train_loss,36,0.35528459946314495
adamw_seesaw 128,seesaw,128,seed2,,train_loss,36,0.35528459946314495
adamw_seesaw 256,seesaw,256,seed1,,train_loss,0,2.1566556038232796
adamw_seesaw 256,seesaw,256,seed1,,train_loss,1,1.22979665657639
adamw_seesaw 256,seesaw,256,seed1,,train_loss,2,1.039371181640947
adamw_seesaw 256,seesaw,256,seed1,,train_loss,3,0.9289266967572241
adamw_seesaw 256,seesaw,256,seed1,,train_loss,4,0.8630803659998415
adamw_seesaw 256,seesaw,256,seed1,,train_loss,5,0.812176683029545
adamw_seesaw 256,seesaw,256,seed1,,train_loss,6,0.7679513453934264
adamw_seesaw 256,seesaw,256,seed1,,train_loss,7,0.7362804981223642
adamw_seesaw 256,seesaw,256,seed1,,train_loss,8,0.7077749192966187
adamw_seesaw 256,seesaw,256,seed1,,train_loss,9,0.6770688524226096
adamw_seesaw 256,seesaw,256,seed1,,train_loss,10,0.6583495435583944
adamw_seesaw 256,seesaw,256,seed1,,train_loss,11,0.642667987427128
adamw_seesaw 256,seesaw,256,seed1,,train_loss,12,0.6250341432758525
adamw_seesaw 256,seesaw,256,seed1,,train_loss,13,0.6103840441391941
adamw_seesaw 256,seesaw,256,seed1,,train_loss,14,0.5889997220743558
adamw_seesaw 256,seesaw,256,seed1,,train_loss,15,0.5828771696815008
adamw_seesaw 256,seesaw,256,seed1,,train_loss,16,0.5700722556828447
adamw_seesaw 256,seesaw,256,seed1,,train_loss,17,0.5484329394147366
adamw_seesaw 256,seesaw,256,seed1,,train_loss,18,0.5404707905109422
adamw_seesaw 256,seesaw,256,seed1,,train_loss,19,0.5321645291545724
adamw_seesaw 256,seesaw,256,seed1,,train_loss,20,0.5253685852394828
adamw_seesaw 256,seesaw,256,seed1,,train_loss,21,0.4803862674396579
adamw_seesaw 256,seesaw,256,seed1,,train_loss,22,0.4624414807107268
adamw_seesaw 256,seesaw,256,seed1,,train_loss,23,0.4578478887301533
adamw_seesaw 256,seesaw,256,seed1,,train_loss,24,0.44790358503325645
adamw_seesaw 256,seesaw,256,seed1,,train_loss,25,0.4527167422430856
adamw_seesaw 256,seesaw,256,seed1,,train_loss,26,0.44661256320336284
adamw_seesaw 256,seesaw,256,seed1,,train_loss,27,0.4258144999543826
adamw_seesaw 256,seesaw,256,seed1,,train_loss,28,0.4241363997260729
adamw_seesaw 256,seesaw,256,seed1,,train_loss,29,0.4190022493402163
adamw_seesaw 256,seesaw,256,seed1,,train_loss,30,0.42149072885513306
adamw_seesaw 256,seesaw,256,seed1,,train_loss,31,0.41664925813674925
adamw_seesaw 64,seesaw,64,seed1,,train_loss,0,1.7144206017727837
adamw_seesaw 64,seesaw,64,seed1,,train_loss,1,1.062290261199633
adamw_seesaw 64,seesaw,64,seed1,,train_loss,2,0.9244006271724842
adamw_seesaw 64,seesaw,64,seed1,,train_loss,3,0.8405447435165031
adamw_seesaw 64,seesaw,64,seed1,,train_loss,4,0.7896767264308748
adamw_seesaw 64,seesaw,64,seed1,,train_loss,5,0.7496392947189912
adamw_seesaw 64,seesaw,64,seed1,,train_loss,6,0.7204145747605699
adamw_seesaw 64,seesaw,64,seed1,,train_loss,7,0.6912374659475832
adamw_seesaw 64,seesaw,64,seed1,,train_loss,8,0.6676599326078341
adamw_seesaw 64,seesaw,64,seed1,,train_loss,9,0.6407896977354631
adamw_seesaw 64,seesaw,64,seed1,,train_loss,10,0.6346805516429789
adamw_seesaw 64,seesaw,64,seed1,,train_loss,11,0.6148204701660553
adamw_seesaw 64,seesaw,64,seed1,,train_loss,12,0.6045035267329393
adamw_seesaw 64,seesaw,64,seed1,,train_loss,13,0.5890967087169131
adamw_seesaw 64,seesaw,64,seed1,,train_loss,14,0.583400562374116
adamw_seesaw 64,seesaw,64,seed1,,train_loss,15,0.5687182151969157
adamw_seesaw 64,seesaw,64,seed1,,train_loss,16,0.5605878885501038
adamw_seesaw 64,seesaw,64,seed1,,train_loss,17,0.5549528785876009
adamw_seesaw 64,seesaw,64,seed1,,train_loss,18,0.5444833061637193
adamw_seesaw 64,seesaw,64,seed1,,train_loss,19,0.5383680465354839
adamw_seesaw 64,seesaw,64,seed1,,train_loss,20,0.531913444179542
adamw_seesaw 64,seesaw,64,seed1,,train_loss,21,0.5250256609922981
adamw_seesaw 64,seesaw,64,seed1,,train_loss,22,0.5216123078415739
adamw_seesaw 64,seesaw,64,seed1,,train_loss,23,0.512939762446042
adamw_seesaw 64,seesaw,64,seed1,,train_loss,24,0.5078397779759912
adamw_seesaw 64,seesaw,64,seed1,,train_loss,25,0.41795948232653773
adamw_seesaw 64,seesaw,64,seed1,,train_loss,26,0.39141061062676996
adamw_seesaw 64,seesaw,64,seed1,,train_loss,27,0.3824200644806216
adamw_seesaw 64,seesaw,64,seed1,,train_loss,28,0.3815022087832795
adamw_seesaw 64,seesaw,64,seed1,,train_loss,29,0.37649643718253206
adamw_seesaw 64,seesaw,64,seed1,,train_loss,30,0.3700122296149972
adamw_seesaw 64,seesaw,64,seed1,,train_loss,31,0.3705696931368188
adamw_seesaw 64,seesaw,64,seed1,,train_loss,32,0.34013370185528163
adamw_seesaw 64,seesaw,64,seed1,,train_loss,33,0.33888378317626017
adamw_seesaw 64,seesaw,64,seed1,,train_loss,34,0.3319230540743414
adamw_seesaw 64,seesaw,64,seed1,,train_loss,35,0.331325464653519
