run,variant,batch_size,seed,abm,metric,step,value
sgboba 1024 abm16,aboba,1024,seed1,16,adaptive_batch/batch_size,2,218.0
sgboba 1024 abm16,aboba,1024,seed1,16,adaptive_batch/batch_size,3,255.0
sgboba 1024 abm16,aboba,1024,seed1,16,adaptive_batch/batch_size,4,279.0
sgboba 1024 abm16,aboba,1024,seed1,16,adaptive_batch/batch_size,5,298.0
sgboba 1024 abm16,aboba,1024,seed1,16,adaptive_batch/batch_size,6,317.0
sgboba 1024 abm16,aboba,1024,seed1,16,adaptive_batch/batch_size,7,336.0
sgboba 1024 abm16,aboba,1024,seed1,16,adaptive_batch/batch_size,8,353.0
sgboba 1024 abm16,aboba,1024,seed1,16,adaptive_batch/batch_size,9,372.0
sgboba 1024 abm16,aboba,1024,seed1,16,adaptive_batch/batch_size,10,392.0
sgboba 1024 abm16,aboba,1024,seed1,16,adaptive_batch/batch_size,11,413.0
sgboba 1024 abm16,aboba,1024,seed1,16,adaptive_batch/batch_size,12,433.0
sgboba 1024 abm16,aboba,1024,seed1,16,adaptive_batch/batch_size,13,454.0
sgboba 1024 abm16,aboba,1024,seed1,16,adaptive_batch/batch_size,14,477.0
sgboba 1024 abm16,aboba,1024,seed1,16,adaptive_batch/batch_size,15,499.0
sgboba 1024 abm16,aboba,1024,seed1,16,adaptive_batch/batch_size,16,529.0
sgboba 1024 abm16,aboba,1024,seed1,16,adaptive_batch/batch_size,17,555.0
sgboba 1024 abm16,aboba,1024,seed1,16,adaptive_batch/batch_size,18,586.0
sgboba 1024 abm16,aboba,1024,seed1,16,adaptive_batch/batch_size,19,619.0
sgboba 1024 abm16,aboba,1024,seed1,16,adaptive_batch/batch_size,20,651.0
sgboba 1024 abm16,aboba,1024,seed1,16,adaptive_batch/batch_size,21,699.0
sgboba 1024 abm16,aboba,1024,seed1,16,adaptive_batch/batch_size,22,739.0
sgboba 1024 abm16,aboba,1024,seed1,16,adaptive_batch/batch_size,23,794.0
sgboba 1024 abm16,aboba,1024,seed1,16,adaptive_batch/batch_size,24,862.0
sgboba 1024 abm16,aboba,1024,seed1,16,adaptive_batch/batch_size,25,939.0
sgboba 1024 abm16,aboba,1024,seed1,16,adaptive_batch/batch_size,26,1030.0
sgboba 1024 abm16,aboba,1024,seed1,16,adaptive_batch/batch_size,27,1146.0
sgboba 1024 abm16,aboba,1024,seed1,16,adaptive_batch/batch_size,28,1308.0
sgboba 1024 abm16,aboba,1024,seed1,16,adaptive_batch/batch_size,29,1475.0
sgboba 1024 abm16,aboba,1024,seed1,16,adaptive_batch/batch_size,30,1704.0
sgboba 1024 abm16,aboba,1024,seed1,16,adaptive_batch/batch_size,31,2018.0
sgboba 1024 abm16,aboba,1024,seed1,16,adaptive_batch/batch_size,32,2418.0
sgboba 1024 abm16,aboba,1024,seed1,16,adaptive_batch/batch_size,33,2973.0
sgboba 1024 abm16,aboba,1024,seed1,16,adaptive_batch/batch_size,34,3740.0
sgboba 1024 abm16,aboba,1024,seed1,16,adaptive_batch/batch_size,35,4096.0
sgboba 1024 abm16,aboba,1024,seed1,16,adaptive_batch/batch_size,36,4096.0
sgboba 1024 abm16,aboba,1024,seed1,16,adaptive_batch/batch_size,37,4096.0
sgboba 1024 abm16,aboba,1024,seed1,16,adaptive_batch/batch_size,38,4096.0
sgboba 1024 abm16,aboba,1024,seed1,16,adaptive_batch/batch_size,39,4096.0
sgboba 1024 abm16,aboba,1024,seed2,16,adaptive_batch/batch_size,2,218.0
sgboba 1024 abm16,aboba,1024,seed2,16,adaptive_batch/batch_size,3,256.0
sgboba 1024 abm16,aboba,1024,seed2,16,adaptive_batch/batch_size,4,280.0
sgboba 1024 abm16,aboba,1024,seed2,16,adaptive_batch/batch_size,5,300.0
sgboba 1024 abm16,aboba,1024,seed2,16,adaptive_batch/batch_size,6,318.0
sgboba 1024 abm16,aboba,1024,seed2,16,adaptive_batch/batch_size,7,337.0
sgboba 1024 abm16,aboba,1024,seed2,16,adaptive_batch/batch_size,8,355.0
sgboba 1024 abm16,aboba,1024,seed2,16,adaptive_batch/batch_size,9,373.0
sgboba 1024 abm16,aboba,1024,seed2,16,adaptive_batch/batch_size,10,393.0
sgboba 1024 abm16,aboba,1024,seed2,16,adaptive_batch/batch_size,11,412.0
sgboba 1024 abm16,aboba,1024,seed2,16,adaptive_batch/batch_size,12,432.0
sgboba 1024 abm16,aboba,1024,seed2,16,adaptive_batch/batch_size,13,452.0
sgboba 1024 abm16,aboba,1024,seed2,16,adaptive_batch/batch_size,14,477.0
sgboba 1024 abm16,aboba,1024,seed2,16,adaptive_batch/batch_size,15,500.0
sgboba 1024 abm16,aboba,1024,seed2,16,adaptive_batch/batch_size,16,528.0
sgboba 1024 abm16,aboba,1024,seed2,16,adaptive_batch/batch_size,17,551.0
sgboba 1024 abm16,aboba,1024,seed2,16,adaptive_batch/batch_size,18,587.0
sgboba 1024 abm16,aboba,1024,seed2,16,adaptive_batch/batch_size,19,615.0
sgboba 1024 abm16,aboba,1024,seed2,16,adaptive_batch/batch_size,20,656.0
sgboba 1024 abm16,aboba,1024,seed2,16,adaptive_batch/batch_size,21,697.0
sgboba 1024 abm16,aboba,1024,seed2,16,adaptive_batch/batch_size,22,744.0
sgboba 1024 abm16,aboba,1024,seed2,16,adaptive_batch/batch_size,23,799.0
sgboba 1024 abm16,aboba,1024,seed2,16,adaptive_batch/batch_size,24,864.0
sgboba 1024 abm16,aboba,1024,seed2,16,adaptive_batch/batch_size,25,944.0
sgboba 1024 abm16,aboba,1024,seed2,16,adaptive_batch/batch_size,26,1033.0
sgboba 1024 abm16,aboba,1024,seed2,16,adaptive_batch/batch_size,27,1156.0
sgboba 1024 abm16,aboba,1024,seed2,16,adaptive_batch/batch_size,28,1292.0
sgboba 1024 abm16,aboba,1024,seed2,16,adaptive_batch/batch_size,29,1491.0
sgboba 1024 abm16,aboba,1024,seed2,16,adaptive_batch/batch_size,30,1687.0
sgboba 1024 abm16,aboba,1024,seed2,16,adaptive_batch/batch_size,31,2025.0
sgboba 1024 abm16,aboba,1024,seed2,16,adaptive_batch/batch_size,32,2417.0
sgboba 1024 abm16,aboba,1024,seed2,16,adaptive_batch/batch_size,33,2961.0
sgboba 1024 abm16,aboba,1024,seed2,16,adaptive_batch/batch_size,34,3724.0
sgboba 1024 abm16,aboba,1024,seed2,16,adaptive_batch/batch_size,35,4096.0
sgboba 1024 abm16,aboba,1024,seed2,16,adaptive_batch/batch_size,36,4096.0
sgboba 1024 abm16,aboba,1024,seed2,16,adaptive_batch/batch_size,37,4096.0
sgboba 1024 abm16,aboba,1024,seed2,16,adaptive_batch/batch_size,38,4096.0
sgboba 1024 abm16,aboba,1024,seed2,16,adaptive_batch/batch_size,39,4096.0
sgboba 1024 abm16,aboba,1024,seed3,16,adaptive_batch/batch_size,2,218.0
sgboba 1024 abm16,aboba,1024,seed3,16,adaptive_batch/batch_size,3,256.0
sgboba 1024 abm16,aboba,1024,seed3,16,adaptive_batch/batch_size,4,280.0
sgboba 1024 abm16,aboba,1024,seed3,16,adaptive_batch/batch_size,5,300.0
sgboba 1024 abm16,aboba,1024,seed3,16,adaptive_batch/batch_size,6,318.0
sgboba 1024 abm16,aboba,1024,seed3,16,adaptive_batch/batch_size,7,336.0
sgboba 1024 abm16,aboba,1024,seed3,16,adaptive_batch/batch_size,8,354.0
sgboba 1024 abm16,aboba,1024,seed3,16,adaptive_batch/batch_size,9,374.0
sgboba 1024 abm16,aboba,1024,seed3,16,adaptive_batch/batch_size,10,393.0
sgboba 1024 abm16,aboba,1024,seed3,16,adaptive_batch/batch_size,11,414.0
sgboba 1024 abm16,aboba,1024,seed3,16,adaptive_batch/batch_size,12,434.0
sgboba 1024 abm16,aboba,1024,seed3,16,adaptive_batch/batch_size,13,453.0
sgboba 1024 abm16,aboba,1024,seed3,16,adaptive_batch/batch_size,14,478.0
sgboba 1024 abm16,aboba,1024,seed3,16,adaptive_batch/batch_size,15,505.0
sgboba 1024 abm16,aboba,1024,seed3,16,adaptive_batch/batch_size,16,529.0
sgboba 1024 abm16,aboba,1024,seed3,16,adaptive_batch/batch_size,17,555.0
sgboba 1024 abm16,aboba,1024,seed3,16,adaptive_batch/batch_size,18,588.0
sgboba 1024 abm16,aboba,1024,seed3,16,adaptive_batch/batch_size,19,622.0
sgboba 1024 abm16,aboba,1024,seed3,16,adaptive_batch/batch_size,20,649.0
sgboba 1024 abm16,aboba,1024,seed3,16,adaptive_batch/batch_size,21,694.0
sgboba 1024 abm16,aboba,1024,seed3,16,adaptive_batch/batch_size,22,741.0
sgboba 1024 abm16,aboba,1024,seed3,16,adaptive_batch/batch_size,23,803.0
sgboba 1024 abm16,aboba,1024,seed3,16,adaptive_batch/batch_size,24,862.0
sgboba 1024 abm16,aboba,1024,seed3,16,adaptive_batch/batch_size,25,944.0
sgboba 1024 abm16,aboba,1024,seed3,16,adaptive_batch/batch_size,26,1034.0
sgboba 1024 abm16,aboba,1024,seed3,16,adaptive_batch/batch_size,27,1161.0
sgboba 1024 abm16,aboba,1024,seed3,16,adaptive_batch/batch_size,28,1279.0
sgboba 1024 abm16,aboba,1024,seed3,16,adaptive_batch/batch_size,29,1475.0
sgboba 1024 abm16,aboba,1024,seed3,16,adaptive_batch/batch_size,30,1711.0
sgboba 1024 abm16,aboba,1024,seed3,16,adaptive_batch/batch_size,31,1981.0
sgboba 1024 abm16,aboba,1024,seed3,16,adaptive_batch/batch_size,32,2401.0
sgboba 1024 abm16,aboba,1024,seed3,16,adaptive_batch/batch_size,33,2971.0
sgboba 1024 abm16,aboba,1024,seed3,16,adaptive_batch/batch_size,34,3756.0
sgboba 1024 abm16,aboba,1024,seed3,16,adaptive_batch/batch_size,35,4096.0
sgboba 1024 abm16,aboba,1024,seed3,16,adaptive_batch/batch_size,36,4096.0
sgboba 1024 abm16,aboba,1024,seed3,16,adaptive_batch/batch_size,37,4096.0
sgboba 1024 abm16,aboba,1024,seed3,16,adaptive_batch/batch_size,38,4096.0
sgboba 1024 abm16,aboba,1024,seed3,16,adaptive_batch/batch_size,39,4096.0
sgboba 1024 abm2,aboba,1024,seed1,2,adaptive_batch/batch_size,2,27.0
sgboba 1024 abm2,aboba,1024,seed1,2,adaptive_batch/batch_size,3,29.0
sgboba 1024 abm2,aboba,1024,seed1,2,adaptive_batch/batch_size,4,35.0
sgboba 1024 abm2,aboba,1024,seed1,2,adaptive_batch/batch_size,5,38.0
sgboba 1024 abm2,aboba,1024,seed1,2,adaptive_batch/batch_size,6,44.0
sgboba 1024 abm2,aboba,1024,seed1,2,adaptive_batch/batch_size,7,56.0
sgboba 1024 abm2,aboba,1024,seed1,2,adaptive_batch/batch_size,8,63.0
sgboba 1024 abm2,aboba,1024,seed1,2,adaptive_batch/batch_size,9,69.0
sgboba 1024 abm2,aboba,1024,seed1,2,adaptive_batch/batch_size,10,73.0
sgboba 1024 abm2,aboba,1024,seed1,2,adaptive_batch/batch_size,11,76.0
sgboba 1024 abm2,aboba,1024,seed1,2,adaptive_batch/batch_size,12,79.0
sgboba 1024 abm2,aboba,1024,seed1,2,adaptive_batch/batch_size,13,82.0
sgboba 1024 abm2,aboba,1024,seed1,2,adaptive_batch/batch_size,14,85.0
sgboba 1024 abm2,aboba,1024,seed1,2,adaptive_batch/batch_size,15,88.0
sgboba 1024 abm2,aboba,1024,seed1,2,adaptive_batch/batch_size,16,92.0
sgboba 1024 abm2,aboba,1024,seed1,2,adaptive_batch/batch_size,17,96.0
sgboba 1024 abm2,aboba,1024,seed1,2,adaptive_batch/batch_size,18,101.0
sgboba 1024 abm2,aboba,1024,seed1,2,adaptive_batch/batch_size,19,106.0
sgboba 1024 abm2,aboba,1024,seed1,2,adaptive_batch/batch_size,20,112.0
sgboba 1024 abm2,aboba,1024,seed1,2,adaptive_batch/batch_size,21,119.0
sgboba 1024 abm2,aboba,1024,seed1,2,adaptive_batch/batch_size,22,127.0
sgboba 1024 abm2,aboba,1024,seed1,2,adaptive_batch/batch_size,23,136.0
sgboba 1024 abm2,aboba,1024,seed1,2,adaptive_batch/batch_size,24,147.0
sgboba 1024 abm2,aboba,1024,seed1,2,adaptive_batch/batch_size,25,160.0
sgboba 1024 abm2,aboba,1024,seed1,2,adaptive_batch/batch_size,26,175.0
sgboba 1024 abm2,aboba,1024,seed1,2,adaptive_batch/batch_size,27,192.0
sgboba 1024 abm2,aboba,1024,seed1,2,adaptive_batch/batch_size,28,215.0
sgboba 1024 abm2,aboba,1024,seed1,2,adaptive_batch/batch_size,29,241.0
sgboba 1024 abm2,aboba,1024,seed1,2,adaptive_batch/batch_size,30,275.0
sgboba 1024 abm2,aboba,1024,seed1,2,adaptive_batch/batch_size,31,314.0
sgboba 1024 abm2,aboba,1024,seed1,2,adaptive_batch/batch_size,32,368.0
sgboba 1024 abm2,aboba,1024,seed1,2,adaptive_batch/batch_size,33,434.0
sgboba 1024 abm2,aboba,1024,seed1,2,adaptive_batch/batch_size,34,526.0
sgboba 1024 abm2,aboba,1024,seed1,2,adaptive_batch/batch_size,35,654.0
sgboba 1024 abm2,aboba,1024,seed1,2,adaptive_batch/batch_size,36,825.0
sgboba 1024 abm2,aboba,1024,seed1,2,adaptive_batch/batch_size,37,1079.0
sgboba 1024 abm2,aboba,1024,seed1,2,adaptive_batch/batch_size,38,1430.0
sgboba 1024 abm2,aboba,1024,seed1,2,adaptive_batch/batch_size,39,1914.0
sgboba 1024 abm2,aboba,1024,seed2,2,adaptive_batch/batch_size,2,27.0
sgboba 1024 abm2,aboba,1024,seed2,2,adaptive_batch/batch_size,3,28.0
sgboba 1024 abm2,aboba,1024,seed2,2,adaptive_batch/batch_size,4,36.0
sgboba 1024 abm2,aboba,1024,seed2,2,adaptive_batch/batch_size,5,43.0
sgboba 1024 abm2,aboba,1024,seed2,2,adaptive_batch/batch_size,6,53.0
sgboba 1024 abm2,aboba,1024,seed2,2,adaptive_batch/batch_size,7,59.0
sgboba 1024 abm2,aboba,1024,seed2,2,adaptive_batch/batch_size,8,64.0
sgboba 1024 abm2,aboba,1024,seed2,2,adaptive_batch/batch_size,9,68.0
sgboba 1024 abm2,aboba,1024,seed2,2,adaptive_batch/batch_size,10,71.0
sgboba 1024 abm2,aboba,1024,seed2,2,adaptive_batch/batch_size,11,73.0
sgboba 1024 abm2,aboba,1024,seed2,2,adaptive_batch/batch_size,12,76.0
sgboba 1024 abm2,aboba,1024,seed2,2,adaptive_batch/batch_size,13,79.0
sgboba 1024 abm2,aboba,1024,seed2,2,adaptive_batch/batch_size,14,82.0
sgboba 1024 abm2,aboba,1024,seed2,2,adaptive_batch/batch_size,15,85.0
sgboba 1024 abm2,aboba,1024,seed2,2,adaptive_batch/batch_size,16,89.0
sgboba 1024 abm2,aboba,1024,seed2,2,adaptive_batch/batch_size,17,93.0
sgboba 1024 abm2,aboba,1024,seed2,2,adaptive_batch/batch_size,18,97.0
sgboba 1024 abm2,aboba,1024,seed2,2,adaptive_batch/batch_size,19,102.0
sgboba 1024 abm2,aboba,1024,seed2,2,adaptive_batch/batch_size,20,109.0
sgboba 1024 abm2,aboba,1024,seed2,2,adaptive_batch/batch_size,21,115.0
sgboba 1024 abm2,aboba,1024,seed2,2,adaptive_batch/batch_size,22,123.0
sgboba 1024 abm2,aboba,1024,seed2,2,adaptive_batch/batch_size,23,132.0
sgboba 1024 abm2,aboba,1024,seed2,2,adaptive_batch/batch_size,24,143.0
sgboba 1024 abm2,aboba,1024,seed2,2,adaptive_batch/batch_size,25,155.0
sgboba 1024 abm2,aboba,1024,seed2,2,adaptive_batch/batch_size,26,170.0
sgboba 1024 abm2,aboba,1024,seed2,2,adaptive_batch/batch_size,27,187.0
sgboba 1024 abm2,aboba,1024,seed2,2,adaptive_batch/batch_size,28,208.0
sgboba 1024 abm2,aboba,1024,seed2,2,adaptive_batch/batch_size,29,234.0
sgboba 1024 abm2,aboba,1024,seed2,2,adaptive_batch/batch_size,30,266.0
sgboba 1024 abm2,aboba,1024,seed2,2,adaptive_batch/batch_size,31,305.0
sgboba 1024 abm2,aboba,1024,seed2,2,adaptive_batch/batch_size,32,358.0
sgboba 1024 abm2,aboba,1024,seed2,2,adaptive_batch/batch_size,33,425.0
sgboba 1024 abm2,aboba,1024,seed2,2,adaptive_batch/batch_size,34,512.0
sgboba 1024 abm2,aboba,1024,seed2,2,adaptive_batch/batch_size,35,636.0
sgboba 1024 abm2,aboba,1024,seed2,2,adaptive_batch/batch_size,36,807.0
sgboba 1024 abm2,aboba,1024,seed2,2,adaptive_batch/batch_size,37,1049.0
sgboba 1024 abm2,aboba,1024,seed2,2,adaptive_batch/batch_size,38,1396.0
sgboba 1024 abm2,aboba,1024,seed2,2,adaptive_batch/batch_size,39,1853.0
sgboba 1024 abm2,aboba,1024,seed3,2,adaptive_batch/batch_size,2,26.0
sgboba 1024 abm2,aboba,1024,seed3,2,adaptive_batch/batch_size,3,31.0
sgboba 1024 abm2,aboba,1024,seed3,2,adaptive_batch/batch_size,4,25.0
sgboba 1024 abm2,aboba,1024,seed3,2,adaptive_batch/batch_size,5,39.0
sgboba 1024 abm2,aboba,1024,seed3,2,adaptive_batch/batch_size,6,38.0
sgboba 1024 abm2,aboba,1024,seed3,2,adaptive_batch/batch_size,7,53.0
sgboba 1024 abm2,aboba,1024,seed3,2,adaptive_batch/batch_size,8,62.0
sgboba 1024 abm2,aboba,1024,seed3,2,adaptive_batch/batch_size,9,70.0
sgboba 1024 abm2,aboba,1024,seed3,2,adaptive_batch/batch_size,10,75.0
sgboba 1024 abm2,aboba,1024,seed3,2,adaptive_batch/batch_size,11,79.0
sgboba 1024 abm2,aboba,1024,seed3,2,adaptive_batch/batch_size,12,82.0
sgboba 1024 abm2,aboba,1024,seed3,2,adaptive_batch/batch_size,13,85.0
sgboba 1024 abm2,aboba,1024,seed3,2,adaptive_batch/batch_size,14,88.0
sgboba 1024 abm2,aboba,1024,seed3,2,adaptive_batch/batch_size,15,92.0
sgboba 1024 abm2,aboba,1024,seed3,2,adaptive_batch/batch_size,16,95.0
sgboba 1024 abm2,aboba,1024,seed3,2,adaptive_batch/batch_size,17,100.0
sgboba 1024 abm2,aboba,1024,seed3,2,adaptive_batch/batch_size,18,104.0
sgboba 1024 abm2,aboba,1024,seed3,2,adaptive_batch/batch_size,19,110.0
sgboba 1024 abm2,aboba,1024,seed3,2,adaptive_batch/batch_size,20,116.0
sgboba 1024 abm2,aboba,1024,seed3,2,adaptive_batch/batch_size,21,123.0
sgboba 1024 abm2,aboba,1024,seed3,2,adaptive_batch/batch_size,22,131.0
sgboba 1024 abm2,aboba,1024,seed3,2,adaptive_batch/batch_size,23,140.0
sgboba 1024 abm2,aboba,1024,seed3,2,adaptive_batch/batch_size,24,152.0
sgboba 1024 abm2,aboba,1024,seed3,2,adaptive_batch/batch_size,25,165.0
sgboba 1024 abm2,aboba,1024,seed3,2,adaptive_batch/batch_size,26,179.0
sgboba 1024 abm2,aboba,1024,seed3,2,adaptive_batch/batch_size,27,199.0
sgboba 1024 abm2,aboba,1024,seed3,2,adaptive_batch/batch_size,28,220.0
sgboba 1024 abm2,aboba,1024,seed3,2,adaptive_batch/batch_size,29,248.0
sgboba 1024 abm2,aboba,1024,seed3,2,adaptive_batch/batch_size,30,281.0
sgboba 1024 abm2,aboba,1024,seed3,2,adaptive_batch/batch_size,31,323.0
sgboba 1024 abm2,aboba,1024,seed3,2,adaptive_batch/batch_size,32,377.0
sgboba 1024 abm2,aboba,1024,seed3,2,adaptive_batch/batch_size,33,448.0
sgboba 1024 abm2,aboba,1024,seed3,2,adaptive_batch/batch_size,34,545.0
sgboba 1024 abm2,aboba,1024,seed3,2,adaptive_batch/batch_size,35,670.0
sgboba 1024 abm2,aboba,1024,seed3,2,adaptive_batch/batch_size,36,839.0
sgboba 1024 abm2,aboba,1024,seed3,2,adaptive_batch/batch_size,37,1096.0
sgboba 1024 abm2,aboba,1024,seed3,2,adaptive_batch/batch_size,38,1447.0
sgboba 1024 abm2,aboba,1024,seed3,2,adaptive_batch/batch_size,39,1949.0
sgboba 1024 abm4,aboba,1024,seed1,4,adaptive_batch/batch_size,2,54.0
sgboba 1024 abm4,aboba,1024,seed1,4,adaptive_batch/batch_size,3,61.0
sgboba 1024 abm4,aboba,1024,seed1,4,adaptive_batch/batch_size,4,69.0
sgboba 1024 abm4,aboba,1024,seed1,4,adaptive_batch/batch_size,5,80.0
sgboba 1024 abm4,aboba,1024,seed1,4,adaptive_batch/batch_size,6,90.0
sgboba 1024 abm4,aboba,1024,seed1,4,adaptive_batch/batch_size,7,99.0
sgboba 1024 abm4,aboba,1024,seed1,4,adaptive_batch/batch_size,8,107.0
sgboba 1024 abm4,aboba,1024,seed1,4,adaptive_batch/batch_size,9,114.0
sgboba 1024 abm4,aboba,1024,seed1,4,adaptive_batch/batch_size,10,121.0
sgboba 1024 abm4,aboba,1024,seed1,4,adaptive_batch/batch_size,11,127.0
sgboba 1024 abm4,aboba,1024,seed1,4,adaptive_batch/batch_size,12,134.0
sgboba 1024 abm4,aboba,1024,seed1,4,adaptive_batch/batch_size,13,140.0
sgboba 1024 abm4,aboba,1024,seed1,4,adaptive_batch/batch_size,14,146.0
sgboba 1024 abm4,aboba,1024,seed1,4,adaptive_batch/batch_size,15,153.0
sgboba 1024 abm4,aboba,1024,seed1,4,adaptive_batch/batch_size,16,161.0
sgboba 1024 abm4,aboba,1024,seed1,4,adaptive_batch/batch_size,17,169.0
sgboba 1024 abm4,aboba,1024,seed1,4,adaptive_batch/batch_size,18,179.0
sgboba 1024 abm4,aboba,1024,seed1,4,adaptive_batch/batch_size,19,188.0
sgboba 1024 abm4,aboba,1024,seed1,4,adaptive_batch/batch_size,20,201.0
sgboba 1024 abm4,aboba,1024,seed1,4,adaptive_batch/batch_size,21,212.0
sgboba 1024 abm4,aboba,1024,seed1,4,adaptive_batch/batch_size,22,228.0
sgboba 1024 abm4,aboba,1024,seed1,4,adaptive_batch/batch_size,23,245.0
sgboba 1024 abm4,aboba,1024,seed1,4,adaptive_batch/batch_size,24,265.0
sgboba 1024 abm4,aboba,1024,seed1,4,adaptive_batch/batch_size,25,285.0
sgboba 1024 abm4,aboba,1024,seed1,4,adaptive_batch/batch_size,26,312.0
sgboba 1024 abm4,aboba,1024,seed1,4,adaptive_batch/batch_size,27,344.0
sgboba 1024 abm4,aboba,1024,seed1,4,adaptive_batch/batch_size,28,380.0
sgboba 1024 abm4,aboba,1024,seed1,4,adaptive_batch/batch_size,29,428.0
sgboba 1024 abm4,aboba,1024,seed1,4,adaptive_batch/batch_size,30,486.0
sgboba 1024 abm4,aboba,1024,seed1,4,adaptive_batch/batch_size,31,559.0
sgboba 1024 abm4,aboba,1024,seed1,4,adaptive_batch/batch_size,32,654.0
sgboba 1024 abm4,aboba,1024,seed1,4,adaptive_batch/batch_size,33,792.0
sgboba 1024 abm4,aboba,1024,seed1,4,adaptive_batch/batch_size,34,957.0
sgboba 1024 abm4,aboba,1024,seed1,4,adaptive_batch/batch_size,35,1223.0
sgboba 1024 abm4,aboba,1024,seed1,4,adaptive_batch/batch_size,36,1599.0
sgboba 1024 abm4,aboba,1024,seed1,4,adaptive_batch/batch_size,37,2152.0
sgboba 1024 abm4,aboba,1024,seed1,4,adaptive_batch/batch_size,38,2909.0
sgboba 1024 abm4,aboba,1024,seed1,4,adaptive_batch/batch_size,39,4073.0
sgboba 1024 abm4,aboba,1024,seed2,4,adaptive_batch/batch_size,2,54.0
sgboba 1024 abm4,aboba,1024,seed2,4,adaptive_batch/batch_size,3,61.0
sgboba 1024 abm4,aboba,1024,seed2,4,adaptive_batch/batch_size,4,71.0
sgboba 1024 abm4,aboba,1024,seed2,4,adaptive_batch/batch_size,5,78.0
sgboba 1024 abm4,aboba,1024,seed2,4,adaptive_batch/batch_size,6,88.0
sgboba 1024 abm4,aboba,1024,seed2,4,adaptive_batch/batch_size,7,98.0
sgboba 1024 abm4,aboba,1024,seed2,4,adaptive_batch/batch_size,8,107.0
sgboba 1024 abm4,aboba,1024,seed2,4,adaptive_batch/batch_size,9,114.0
sgboba 1024 abm4,aboba,1024,seed2,4,adaptive_batch/batch_size,10,121.0
sgboba 1024 abm4,aboba,1024,seed2,4,adaptive_batch/batch_size,11,128.0
sgboba 1024 abm4,aboba,1024,seed2,4,adaptive_batch/batch_size,12,134.0
sgboba 1024 abm4,aboba,1024,seed2,4,adaptive_batch/batch_size,13,140.0
sgboba 1024 abm4,aboba,1024,seed2,4,adaptive_batch/batch_size,14,147.0
sgboba 1024 abm4,aboba,1024,seed2,4,adaptive_batch/batch_size,15,153.0
sgboba 1024 abm4,aboba,1024,seed2,4,adaptive_batch/batch_size,16,162.0
sgboba 1024 abm4,aboba,1024,seed2,4,adaptive_batch/batch_size,17,170.0
sgboba 1024 abm4,aboba,1024,seed2,4,adaptive_batch/batch_size,18,179.0
sgboba 1024 abm4,aboba,1024,seed2,4,adaptive_batch/batch_size,19,188.0
sgboba 1024 abm4,aboba,1024,seed2,4,adaptive_batch/batch_size,20,201.0
sgboba 1024 abm4,aboba,1024,seed2,4,adaptive_batch/batch_size,21,214.0
sgboba 1024 abm4,aboba,1024,seed2,4,adaptive_batch/batch_size,22,228.0
sgboba 1024 abm4,aboba,1024,seed2,4,adaptive_batch/batch_size,23,246.0
sgboba 1024 abm4,aboba,1024,seed2,4,adaptive_batch/batch_size,24,265.0
sgboba 1024 abm4,aboba,1024,seed2,4,adaptive_batch/batch_size,25,288.0
sgboba 1024 abm4,aboba,1024,seed2,4,adaptive_batch/batch_size,26,314.0
sgboba 1024 abm4,aboba,1024,seed2,4,adaptive_batch/batch_size,27,345.0
sgboba 1024 abm4,aboba,1024,seed2,4,adaptive_batch/batch_size,28,384.0
sgboba 1024 abm4,aboba,1024,seed2,4,adaptive_batch/batch_size,29,429.0
sgboba 1024 abm4,aboba,1024,seed2,4,adaptive_batch/batch_size,30,488.0
sgboba 1024 abm4,aboba,1024,seed2,4,adaptive_batch/batch_size,31,556.0
sgboba 1024 abm4,aboba,1024,seed2,4,adaptive_batch/batch_size,32,663.0
sgboba 1024 abm4,aboba,1024,seed2,4,adaptive_batch/batch_size,33,795.0
sgboba 1024 abm4,aboba,1024,seed2,4,adaptive_batch/batch_size,34,974.0
sgboba 1024 abm4,aboba,1024,seed2,4,adaptive_batch/batch_size,35,1221.0
sgboba 1024 abm4,aboba,1024,seed2,4,adaptive_batch/batch_size,36,1598.0
sgboba 1024 abm4,aboba,1024,seed2,4,adaptive_batch/batch_size,37,2167.0
sgboba 1024 abm4,aboba,1024,seed2,4,adaptive_batch/batch_size,38,2896.0
sgboba 1024 abm4,aboba,1024,seed2,4,adaptive_batch/batch_size,39,4082.0
sgboba 1024 abm4,aboba,1024,seed3,4,adaptive_batch/batch_size,2,54.0
sgboba 1024 abm4,aboba,1024,seed3,4,adaptive_batch/batch_size,3,62.0
sgboba 1024 abm4,aboba,1024,seed3,4,adaptive_batch/batch_size,4,67.0
sgboba 1024 abm4,aboba,1024,seed3,4,adaptive_batch/batch_size,5,80.0
sgboba 1024 abm4,aboba,1024,seed3,4,adaptive_batch/batch_size,6,89.0
sgboba 1024 abm4,aboba,1024,seed3,4,adaptive_batch/batch_size,7,99.0
sgboba 1024 abm4,aboba,1024,seed3,4,adaptive_batch/batch_size,8,107.0
sgboba 1024 abm4,aboba,1024,seed3,4,adaptive_batch/batch_size,9,114.0
sgboba 1024 abm4,aboba,1024,seed3,4,adaptive_batch/batch_size,10,121.0
sgboba 1024 abm4,aboba,1024,seed3,4,adaptive_batch/batch_size,11,128.0
sgboba 1024 abm4,aboba,1024,seed3,4,adaptive_batch/batch_size,12,133.0
sgboba 1024 abm4,aboba,1024,seed3,4,adaptive_batch/batch_size,13,140.0
sgboba 1024 abm4,aboba,1024,seed3,4,adaptive_batch/batch_size,14,147.0
sgboba 1024 abm4,aboba,1024,seed3,4,adaptive_batch/batch_size,15,154.0
sgboba 1024 abm4,aboba,1024,seed3,4,adaptive_batch/batch_size,16,162.0
sgboba 1024 abm4,aboba,1024,seed3,4,adaptive_batch/batch_size,17,170.0
sgboba 1024 abm4,aboba,1024,seed3,4,adaptive_batch/batch_size,18,179.0
sgboba 1024 abm4,aboba,1024,seed3,4,adaptive_batch/batch_size,19,189.0
sgboba 1024 abm4,aboba,1024,seed3,4,adaptive_batch/batch_size,20,201.0
sgboba 1024 abm4,aboba,1024,seed3,4,adaptive_batch/batch_size,21,213.0
sgboba 1024 abm4,aboba,1024,seed3,4,adaptive_batch/batch_size,22,228.0
sgboba 1024 abm4,aboba,1024,seed3,4,adaptive_batch/batch_size,23,245.0
sgboba 1024 abm4,aboba,1024,seed3,4,adaptive_batch/batch_size,24,265.0
sgboba 1024 abm4,aboba,1024,seed3,4,adaptive_batch/batch_size,25,287.0
sgboba 1024 abm4,aboba,1024,seed3,4,adaptive_batch/batch_size,26,315.0
sgboba 1024 abm4,aboba,1024,seed3,4,adaptive_batch/batch_size,27,344.0
sgboba 1024 abm4,aboba,1024,seed3,4,adaptive_batch/batch_size,28,386.0
sgboba 1024 abm4,aboba,1024,seed3,4,adaptive_batch/batch_size,29,430.0
sgboba 1024 abm4,aboba,1024,seed3,4,adaptive_batch/batch_size,30,488.0
sgboba 1024 abm4,aboba,1024,seed3,4,adaptive_batch/batch_size,31,559.0
sgboba 1024 abm4,aboba,1024,seed3,4,adaptive_batch/batch_size,32,662.0
sgboba 1024 abm4,aboba,1024,seed3,4,adaptive_batch/batch_size,33,782.0
sgboba 1024 abm4,aboba,1024,seed3,4,adaptive_batch/batch_size,34,970.0
sgboba 1024 abm4,aboba,1024,seed3,4,adaptive_batch/batch_size,35,1213.0
sgboba 1024 abm4,aboba,1024,seed3,4,adaptive_batch/batch_size,36,1600.0
sgboba 1024 abm4,aboba,1024,seed3,4,adaptive_batch/batch_size,37,2149.0
sgboba 1024 abm4,aboba,1024,seed3,4,adaptive_batch/batch_size,38,2909.0
sgboba 1024 abm4,aboba,1024,seed3,4,adaptive_batch/batch_size,39,4075.0
sgboba 1024 abm8,aboba,1024,seed1,8,adaptive_batch/batch_size,2,110.0
sgboba 1024 abm8,aboba,1024,seed1,8,adaptive_batch/batch_size,3,128.0
sgboba 1024 abm8,aboba,1024,seed1,8,adaptive_batch/batch_size,4,138.0
sgboba 1024 abm8,aboba,1024,seed1,8,adaptive_batch/batch_size,5,152.0
sgboba 1024 abm8,aboba,1024,seed1,8,adaptive_batch/batch_size,6,164.0
sgboba 1024 abm8,aboba,1024,seed1,8,adaptive_batch/batch_size,7,178.0
sgboba 1024 abm8,aboba,1024,seed1,8,adaptive_batch/batch_size,8,190.0
sgboba 1024 abm8,aboba,1024,seed1,8,adaptive_batch/batch_size,9,201.0
sgboba 1024 abm8,aboba,1024,seed1,8,adaptive_batch/batch_size,10,213.0
sgboba 1024 abm8,aboba,1024,seed1,8,adaptive_batch/batch_size,11,225.0
sgboba 1024 abm8,aboba,1024,seed1,8,adaptive_batch/batch_size,12,237.0
sgboba 1024 abm8,aboba,1024,seed1,8,adaptive_batch/batch_size,13,249.0
sgboba 1024 abm8,aboba,1024,seed1,8,adaptive_batch/batch_size,14,262.0
sgboba 1024 abm8,aboba,1024,seed1,8,adaptive_batch/batch_size,15,276.0
sgboba 1024 abm8,aboba,1024,seed1,8,adaptive_batch/batch_size,16,290.0
sgboba 1024 abm8,aboba,1024,seed1,8,adaptive_batch/batch_size,17,305.0
sgboba 1024 abm8,aboba,1024,seed1,8,adaptive_batch/batch_size,18,322.0
sgboba 1024 abm8,aboba,1024,seed1,8,adaptive_batch/batch_size,19,339.0
sgboba 1024 abm8,aboba,1024,seed1,8,adaptive_batch/batch_size,20,358.0
sgboba 1024 abm8,aboba,1024,seed1,8,adaptive_batch/batch_size,21,382.0
sgboba 1024 abm8,aboba,1024,seed1,8,adaptive_batch/batch_size,22,405.0
sgboba 1024 abm8,aboba,1024,seed1,8,adaptive_batch/batch_size,23,433.0
sgboba 1024 abm8,aboba,1024,seed1,8,adaptive_batch/batch_size,24,465.0
sgboba 1024 abm8,aboba,1024,seed1,8,adaptive_batch/batch_size,25,508.0
sgboba 1024 abm8,aboba,1024,seed1,8,adaptive_batch/batch_size,26,547.0
sgboba 1024 abm8,aboba,1024,seed1,8,adaptive_batch/batch_size,27,606.0
sgboba 1024 abm8,aboba,1024,seed1,8,adaptive_batch/batch_size,28,682.0
sgboba 1024 abm8,aboba,1024,seed1,8,adaptive_batch/batch_size,29,745.0
sgboba 1024 abm8,aboba,1024,seed1,8,adaptive_batch/batch_size,30,868.0
sgboba 1024 abm8,aboba,1024,seed1,8,adaptive_batch/batch_size,31,1016.0
sgboba 1024 abm8,aboba,1024,seed1,8,adaptive_batch/batch_size,32,1183.0
sgboba 1024 abm8,aboba,1024,seed1,8,adaptive_batch/batch_size,33,1450.0
sgboba 1024 abm8,aboba,1024,seed1,8,adaptive_batch/batch_size,34,1806.0
sgboba 1024 abm8,aboba,1024,seed1,8,adaptive_batch/batch_size,35,2284.0
sgboba 1024 abm8,aboba,1024,seed1,8,adaptive_batch/batch_size,36,3088.0
sgboba 1024 abm8,aboba,1024,seed1,8,adaptive_batch/batch_size,37,4096.0
sgboba 1024 abm8,aboba,1024,seed1,8,adaptive_batch/batch_size,38,4096.0
sgboba 1024 abm8,aboba,1024,seed1,8,adaptive_batch/batch_size,39,4096.0
sgboba 1024 abm8,aboba,1024,seed2,8,adaptive_batch/batch_size,2,109.0
sgboba 1024 abm8,aboba,1024,seed2,8,adaptive_batch/batch_size,3,129.0
sgboba 1024 abm8,aboba,1024,seed2,8,adaptive_batch/batch_size,4,137.0
sgboba 1024 abm8,aboba,1024,seed2,8,adaptive_batch/batch_size,5,151.0
sgboba 1024 abm8,aboba,1024,seed2,8,adaptive_batch/batch_size,6,165.0
sgboba 1024 abm8,aboba,1024,seed2,8,adaptive_batch/batch_size,7,177.0
sgboba 1024 abm8,aboba,1024,seed2,8,adaptive_batch/batch_size,8,190.0
sgboba 1024 abm8,aboba,1024,seed2,8,adaptive_batch/batch_size,9,202.0
sgboba 1024 abm8,aboba,1024,seed2,8,adaptive_batch/batch_size,10,214.0
sgboba 1024 abm8,aboba,1024,seed2,8,adaptive_batch/batch_size,11,225.0
sgboba 1024 abm8,aboba,1024,seed2,8,adaptive_batch/batch_size,12,236.0
sgboba 1024 abm8,aboba,1024,seed2,8,adaptive_batch/batch_size,13,249.0
sgboba 1024 abm8,aboba,1024,seed2,8,adaptive_batch/batch_size,14,261.0
sgboba 1024 abm8,aboba,1024,seed2,8,adaptive_batch/batch_size,15,276.0
sgboba 1024 abm8,aboba,1024,seed2,8,adaptive_batch/batch_size,16,290.0
sgboba 1024 abm8,aboba,1024,seed2,8,adaptive_batch/batch_size,17,304.0
sgboba 1024 abm8,aboba,1024,seed2,8,adaptive_batch/batch_size,18,320.0
sgboba 1024 abm8,aboba,1024,seed2,8,adaptive_batch/batch_size,19,342.0
sgboba 1024 abm8,aboba,1024,seed2,8,adaptive_batch/batch_size,20,356.0
sgboba 1024 abm8,aboba,1024,seed2,8,adaptive_batch/batch_size,21,380.0
sgboba 1024 abm8,aboba,1024,seed2,8,adaptive_batch/batch_size,22,407.0
sgboba 1024 abm8,aboba,1024,seed2,8,adaptive_batch/batch_size,23,436.0
sgboba 1024 abm8,aboba,1024,seed2,8,adaptive_batch/batch_size,24,469.0
sgboba 1024 abm8,aboba,1024,seed2,8,adaptive_batch/batch_size,25,506.0
sgboba 1024 abm8,aboba,1024,seed2,8,adaptive_batch/batch_size,26,560.0
sgboba 1024 abm8,aboba,1024,seed2,8,adaptive_batch/batch_size,27,600.0
sgboba 1024 abm8,aboba,1024,seed2,8,adaptive_batch/batch_size,28,678.0
sgboba 1024 abm8,aboba,1024,seed2,8,adaptive_batch/batch_size,29,752.0
sgboba 1024 abm8,aboba,1024,seed2,8,adaptive_batch/batch_size,30,866.0
sgboba 1024 abm8,aboba,1024,seed2,8,adaptive_batch/batch_size,31,1004.0
sgboba 1024 abm8,aboba,1024,seed2,8,adaptive_batch/batch_size,32,1183.0
sgboba 1024 abm8,aboba,1024,seed2,8,adaptive_batch/batch_size,33,1457.0
sgboba 1024 abm8,aboba,1024,seed2,8,adaptive_batch/batch_size,34,1818.0
sgboba 1024 abm8,aboba,1024,seed2,8,adaptive_batch/batch_size,35,2367.0
sgboba 1024 abm8,aboba,1024,seed2,8,adaptive_batch/batch_size,36,3000.0
sgboba 1024 abm8,aboba,1024,seed2,8,adaptive_batch/batch_size,37,4096.0
sgboba 1024 abm8,aboba,1024,seed2,8,adaptive_batch/batch_size,38,4096.0
sgboba 1024 abm8,aboba,1024,seed2,8,adaptive_batch/batch_size,39,4096.0
sgboba 1024 abm8,aboba,1024,seed3,8,adaptive_batch/batch_size,2,108.0
sgboba 1024 abm8,aboba,1024,seed3,8,adaptive_batch/batch_size,3,129.0
sgboba 1024 abm8,aboba,1024,seed3,8,adaptive_batch/batch_size,4,138.0
sgboba 1024 abm8,aboba,1024,seed3,8,adaptive_batch/batch_size,5,152.0
sgboba 1024 abm8,aboba,1024,seed3,8,adaptive_batch/batch_size,6,164.0
sgboba 1024 abm8,aboba,1024,seed3,8,adaptive_batch/batch_size,7,178.0
sgboba 1024 abm8,aboba,1024,seed3,8,adaptive_batch/batch_size,8,190.0
sgboba 1024 abm8,aboba,1024,seed3,8,adaptive_batch/batch_size,9,201.0
sgboba 1024 abm8,aboba,1024,seed3,8,adaptive_batch/batch_size,10,213.0
sgboba 1024 abm8,aboba,1024,seed3,8,adaptive_batch/batch_size,11,226.0
sgboba 1024 abm8,aboba,1024,seed3,8,adaptive_batch/batch_size,12,236.0
sgboba 1024 abm8,aboba,1024,seed3,8,adaptive_batch/batch_size,13,250.0
sgboba 1024 abm8,aboba,1024,seed3,8,adaptive_batch/batch_size,14,262.0
sgboba 1024 abm8,aboba,1024,seed3,8,adaptive_batch/batch_size,15,276.0
sgboba 1024 abm8,aboba,1024,seed3,8,adaptive_batch/batch_size,16,290.0
sgboba 1024 abm8,aboba,1024,seed3,8,adaptive_batch/batch_size,17,307.0
sgboba 1024 abm8,aboba,1024,seed3,8,adaptive_batch/batch_size,18,321.0
sgboba 1024 abm8,aboba,1024,seed3,8,adaptive_batch/batch_size,19,340.0
sgboba 1024 abm8,aboba,1024,seed3,8,adaptive_batch/batch_size,20,358.0
sgboba 1024 abm8,aboba,1024,seed3,8,adaptive_batch/batch_size,21,383.0
sgboba 1024 abm8,aboba,1024,seed3,8,adaptive_batch/batch_size,22,406.0
sgboba 1024 abm8,aboba,1024,seed3,8,adaptive_batch/batch_size,23,435.0
sgboba 1024 abm8,aboba,1024,seed3,8,adaptive_batch/batch_size,24,467.0
sgboba 1024 abm8,aboba,1024,seed3,8,adaptive_batch/batch_size,25,505.0
sgboba 1024 abm8,aboba,1024,seed3,8,adaptive_batch/batch_size,26,548.0
sgboba 1024 abm8,aboba,1024,seed3,8,adaptive_batch/batch_size,27,602.0
sgboba 1024 abm8,aboba,1024,seed3,8,adaptive_batch/batch_size,28,673.0
sgboba 1024 abm8,aboba,1024,seed3,8,adaptive_batch/batch_size,29,756.0
sgboba 1024 abm8,aboba,1024,seed3,8,adaptive_batch/batch_size,30,864.0
sgboba 1024 abm8,aboba,1024,seed3,8,adaptive_batch/batch_size,31,1007.0
sgboba 1024 abm8,aboba,1024,seed3,8,adaptive_batch/batch_size,32,1192.0
sgboba 1024 abm8,aboba,1024,seed3,8,adaptive_batch/batch_size,33,1429.0
sgboba 1024 abm8,aboba,1024,seed3,8,adaptive_batch/batch_size,34,1824.0
sgboba 1024 abm8,aboba,1024,seed3,8,adaptive_batch/batch_size,35,2297.0
sgboba 1024 abm8,aboba,1024,seed3,8,adaptive_batch/batch_size,36,3081.0
sgboba 1024 abm8,aboba,1024,seed3,8,adaptive_batch/batch_size,37,4096.0
sgboba 1024 abm8,aboba,1024,seed3,8,adaptive_batch/batch_size,38,4096.0
sgboba 1024 abm8,aboba,1024,seed3,8,adaptive_batch/batch_size,39,4096.0
sgboba 16 abm16,aboba,16,seed1,16,adaptive_batch/batch_size,2,186.0
sgboba 16 abm16,aboba,16,seed1,16,adaptive_batch/batch_size,3,194.0
sgboba 16 abm16,aboba,16,seed1,16,adaptive_batch/batch_size,4,327.0
sgboba 16 abm16,aboba,16,seed1,16,adaptive_batch/batch_size,5,410.0
sgboba 16 abm16,aboba,16,seed1,16,adaptive_batch/batch_size,6,457.0
sgboba 16 abm16,aboba,16,seed1,16,adaptive_batch/batch_size,7,532.0
sgboba 16 abm16,aboba,16,seed1,16,adaptive_batch/batch_size,8,561.0
sgboba 16 abm16,aboba,16,seed1,16,adaptive_batch/batch_size,9,589.0
sgboba 16 abm16,aboba,16,seed1,16,adaptive_batch/batch_size,10,625.0
sgboba 16 abm16,aboba,16,seed1,16,adaptive_batch/batch_size,11,644.0
sgboba 16 abm16,aboba,16,seed1,16,adaptive_batch/batch_size,12,691.0
sgboba 16 abm16,aboba,16,seed1,16,adaptive_batch/batch_size,13,715.0
sgboba 16 abm16,aboba,16,seed1,16,adaptive_batch/batch_size,14,750.0
sgboba 16 abm16,aboba,16,seed1,16,adaptive_batch/batch_size,15,780.0
sgboba 16 abm16,aboba,16,seed1,16,adaptive_batch/batch_size,16,842.0
sgboba 16 abm16,aboba,16,seed1,16,adaptive_batch/batch_size,17,863.0
sgboba 16 abm16,aboba,16,seed1,16,adaptive_batch/batch_size,18,903.0
sgboba 16 abm16,aboba,16,seed1,16,adaptive_batch/batch_size,19,941.0
sgboba 16 abm16,aboba,16,seed1,16,adaptive_batch/batch_size,20,1024.0
sgboba 16 abm16,aboba,16,seed1,16,adaptive_batch/batch_size,21,1070.0
sgboba 16 abm16,aboba,16,seed1,16,adaptive_batch/batch_size,22,1172.0
sgboba 16 abm16,aboba,16,seed1,16,adaptive_batch/batch_size,23,1251.0
sgboba 16 abm16,aboba,16,seed1,16,adaptive_batch/batch_size,24,1357.0
sgboba 16 abm16,aboba,16,seed1,16,adaptive_batch/batch_size,25,1484.0
sgboba 16 abm16,aboba,16,seed1,16,adaptive_batch/batch_size,26,1676.0
sgboba 16 abm16,aboba,16,seed1,16,adaptive_batch/batch_size,27,1864.0
sgboba 16 abm16,aboba,16,seed1,16,adaptive_batch/batch_size,28,2190.0
sgboba 16 abm16,aboba,16,seed1,16,adaptive_batch/batch_size,29,2462.0
sgboba 16 abm16,aboba,16,seed1,16,adaptive_batch/batch_size,30,2975.0
sgboba 16 abm16,aboba,16,seed1,16,adaptive_batch/batch_size,31,3424.0
sgboba 16 abm16,aboba,16,seed1,16,adaptive_batch/batch_size,32,4096.0
sgboba 16 abm16,aboba,16,seed1,16,adaptive_batch/batch_size,33,4096.0
sgboba 16 abm16,aboba,16,seed1,16,adaptive_batch/batch_size,34,4096.0
sgboba 16 abm16,aboba,16,seed1,16,adaptive_batch/batch_size,35,4096.0
sgboba 16 abm16,aboba,16,seed1,16,adaptive_batch/batch_size,36,4096.0
sgboba 16 abm16,aboba,16,seed1,16,adaptive_batch/batch_size,37,4096.0
sgboba 16 abm16,aboba,16,seed1,16,adaptive_batch/batch_size,38,4096.0
sgboba 16 abm16,aboba,16,seed1,16,adaptive_batch/batch_size,39,4096.0
sgboba 16 abm16,aboba,16,seed2,16,adaptive_batch/batch_size,2,177.0
sgboba 16 abm16,aboba,16,seed2,16,adaptive_batch/batch_size,3,204.0
sgboba 16 abm16,aboba,16,seed2,16,adaptive_batch/batch_size,4,329.0
sgboba 16 abm16,aboba,16,seed2,16,adaptive_batch/batch_size,5,414.0
sgboba 16 abm16,aboba,16,seed2,16,adaptive_batch/batch_size,6,467.0
sgboba 16 abm16,aboba,16,seed2,16,adaptive_batch/batch_size,7,526.0
sgboba 16 abm16,aboba,16,seed2,16,adaptive_batch/batch_size,8,556.0
sgboba 16 abm16,aboba,16,seed2,16,adaptive_batch/batch_size,9,593.0
sgboba 16 abm16,aboba,16,seed2,16,adaptive_batch/batch_size,10,609.0
sgboba 16 abm16,aboba,16,seed2,16,adaptive_batch/batch_size,11,623.0
sgboba 16 abm16,aboba,16,seed2,16,adaptive_batch/batch_size,12,652.0
sgboba 16 abm16,aboba,16,seed2,16,adaptive_batch/batch_size,13,703.0
sgboba 16 abm16,aboba,16,seed2,16,adaptive_batch/batch_size,14,743.0
sgboba 16 abm16,aboba,16,seed2,16,adaptive_batch/batch_size,15,753.0
sgboba 16 abm16,aboba,16,seed2,16,adaptive_batch/batch_size,16,779.0
sgboba 16 abm16,aboba,16,seed2,16,adaptive_batch/batch_size,17,840.0
sgboba 16 abm16,aboba,16,seed2,16,adaptive_batch/batch_size,18,860.0
sgboba 16 abm16,aboba,16,seed2,16,adaptive_batch/batch_size,19,925.0
sgboba 16 abm16,aboba,16,seed2,16,adaptive_batch/batch_size,20,987.0
sgboba 16 abm16,aboba,16,seed2,16,adaptive_batch/batch_size,21,1069.0
sgboba 16 abm16,aboba,16,seed2,16,adaptive_batch/batch_size,22,1145.0
sgboba 16 abm16,aboba,16,seed2,16,adaptive_batch/batch_size,23,1263.0
sgboba 16 abm16,aboba,16,seed2,16,adaptive_batch/batch_size,24,1359.0
sgboba 16 abm16,aboba,16,seed2,16,adaptive_batch/batch_size,25,1511.0
sgboba 16 abm16,aboba,16,seed2,16,adaptive_batch/batch_size,26,1686.0
sgboba 16 abm16,aboba,16,seed2,16,adaptive_batch/batch_size,27,1824.0
sgboba 16 abm16,aboba,16,seed2,16,adaptive_batch/batch_size,28,2064.0
sgboba 16 abm16,aboba,16,seed2,16,adaptive_batch/batch_size,29,2409.0
sgboba 16 abm16,aboba,16,seed2,16,adaptive_batch/batch_size,30,2772.0
sgboba 16 abm16,aboba,16,seed2,16,adaptive_batch/batch_size,31,3283.0
sgboba 16 abm16,aboba,16,seed2,16,adaptive_batch/batch_size,32,3956.0
sgboba 16 abm16,aboba,16,seed2,16,adaptive_batch/batch_size,33,4096.0
sgboba 16 abm16,aboba,16,seed2,16,adaptive_batch/batch_size,34,4096.0
sgboba 16 abm16,aboba,16,seed2,16,adaptive_batch/batch_size,35,4096.0
sgboba 16 abm16,aboba,16,seed2,16,adaptive_batch/batch_size,36,4096.0
sgboba 16 abm16,aboba,16,seed2,16,adaptive_batch/batch_size,37,4096.0
sgboba 16 abm16,aboba,16,seed2,16,adaptive_batch/batch_size,38,4096.0
sgboba 16 abm16,aboba,16,seed2,16,adaptive_batch/batch_size,39,4096.0
sgboba 16 abm16,aboba,16,seed3,16,adaptive_batch/batch_size,2,195.0
sgboba 16 abm16,aboba,16,seed3,16,adaptive_batch/batch_size,3,208.0
sgboba 16 abm16,aboba,16,seed3,16,adaptive_batch/batch_size,4,333.0
sgboba 16 abm16,aboba,16,seed3,16,adaptive_batch/batch_size,5,406.0
sgboba 16 abm16,aboba,16,seed3,16,adaptive_batch/batch_size,6,471.0
sgboba 16 abm16,aboba,16,seed3,16,adaptive_batch/batch_size,7,497.0
sgboba 16 abm16,aboba,16,seed3,16,adaptive_batch/batch_size,8,529.0
sgboba 16 abm16,aboba,16,seed3,16,adaptive_batch/batch_size,9,565.0
sgboba 16 abm16,aboba,16,seed3,16,adaptive_batch/batch_size,10,593.0
sgboba 16 abm16,aboba,16,seed3,16,adaptive_batch/batch_size,11,617.0
sgboba 16 abm16,aboba,16,seed3,16,adaptive_batch/batch_size,12,637.0
sgboba 16 abm16,aboba,16,seed3,16,adaptive_batch/batch_size,13,672.0
sgboba 16 abm16,aboba,16,seed3,16,adaptive_batch/batch_size,14,702.0
sgboba 16 abm16,aboba,16,seed3,16,adaptive_batch/batch_size,15,737.0
sgboba 16 abm16,aboba,16,seed3,16,adaptive_batch/batch_size,16,777.0
sgboba 16 abm16,aboba,16,seed3,16,adaptive_batch/batch_size,17,806.0
sgboba 16 abm16,aboba,16,seed3,16,adaptive_batch/batch_size,18,840.0
sgboba 16 abm16,aboba,16,seed3,16,adaptive_batch/batch_size,19,894.0
sgboba 16 abm16,aboba,16,seed3,16,adaptive_batch/batch_size,20,980.0
sgboba 16 abm16,aboba,16,seed3,16,adaptive_batch/batch_size,21,1055.0
sgboba 16 abm16,aboba,16,seed3,16,adaptive_batch/batch_size,22,1147.0
sgboba 16 abm16,aboba,16,seed3,16,adaptive_batch/batch_size,23,1207.0
sgboba 16 abm16,aboba,16,seed3,16,adaptive_batch/batch_size,24,1317.0
sgboba 16 abm16,aboba,16,seed3,16,adaptive_batch/batch_size,25,1469.0
sgboba 16 abm16,aboba,16,seed3,16,adaptive_batch/batch_size,26,1625.0
sgboba 16 abm16,aboba,16,seed3,16,adaptive_batch/batch_size,27,1781.0
sgboba 16 abm16,aboba,16,seed3,16,adaptive_batch/batch_size,28,2028.0
sgboba 16 abm16,aboba,16,seed3,16,adaptive_batch/batch_size,29,2349.0
sgboba 16 abm16,aboba,16,seed3,16,adaptive_batch/batch_size,30,2723.0
sgboba 16 abm16,aboba,16,seed3,16,adaptive_batch/batch_size,31,3242.0
sgboba 16 abm16,aboba,16,seed3,16,adaptive_batch/batch_size,32,3853.0
sgboba 16 abm16,aboba,16,seed3,16,adaptive_batch/batch_size,33,4096.0
sgboba 16 abm16,aboba,16,seed3,16,adaptive_batch/batch_size,34,4096.0
sgboba 16 abm16,aboba,16,seed3,16,adaptive_batch/batch_size,35,4096.0
sgboba 16 abm16,aboba,16,seed3,16,adaptive_batch/batch_size,36,4096.0
sgboba 16 abm16,aboba,16,seed3,16,adaptive_batch/batch_size,37,4096.0
sgboba 16 abm16,aboba,16,seed3,16,adaptive_batch/batch_size,38,4096.0
sgboba 16 abm16,aboba,16,seed3,16,adaptive_batch/batch_size,39,4096.0
sgboba 16 abm2,aboba,16,seed1,2,adaptive_batch/batch_size,2,29.0
sgboba 16 abm2,aboba,16,seed1,2,adaptive_batch/batch_size,3,36.0
sgboba 16 abm2,aboba,16,seed1,2,adaptive_batch/batch_size,4,56.0
sgboba 16 abm2,aboba,16,seed1,2,adaptive_batch/batch_size,5,64.0
sgboba 16 abm2,aboba,16,seed1,2,adaptive_batch/batch_size,6,72.0
sgboba 16 abm2,aboba,16,seed1,2,adaptive_batch/batch_size,7,75.0
sgboba 16 abm2,aboba,16,seed1,2,adaptive_batch/batch_size,8,78.0
sgboba 16 abm2,aboba,16,seed1,2,adaptive_batch/batch_size,9,79.0
sgboba 16 abm2,aboba,16,seed1,2,adaptive_batch/batch_size,10,81.0
sgboba 16 abm2,aboba,16,seed1,2,adaptive_batch/batch_size,11,82.0
sgboba 16 abm2,aboba,16,seed1,2,adaptive_batch/batch_size,12,84.0
sgboba 16 abm2,aboba,16,seed1,2,adaptive_batch/batch_size,13,87.0
sgboba 16 abm2,aboba,16,seed1,2,adaptive_batch/batch_size,14,89.0
sgboba 16 abm2,aboba,16,seed1,2,adaptive_batch/batch_size,15,92.0
sgboba 16 abm2,aboba,16,seed1,2,adaptive_batch/batch_size,16,95.0
sgboba 16 abm2,aboba,16,seed1,2,adaptive_batch/batch_size,17,99.0
sgboba 16 abm2,aboba,16,seed1,2,adaptive_batch/batch_size,18,104.0
sgboba 16 abm2,aboba,16,seed1,2,adaptive_batch/batch_size,19,109.0
sgboba 16 abm2,aboba,16,seed1,2,adaptive_batch/batch_size,20,115.0
sgboba 16 abm2,aboba,16,seed1,2,adaptive_batch/batch_size,21,122.0
sgboba 16 abm2,aboba,16,seed1,2,adaptive_batch/batch_size,22,130.0
sgboba 16 abm2,aboba,16,seed1,2,adaptive_batch/batch_size,23,140.0
sgboba 16 abm2,aboba,16,seed1,2,adaptive_batch/batch_size,24,151.0
sgboba 16 abm2,aboba,16,seed1,2,adaptive_batch/batch_size,25,163.0
sgboba 16 abm2,aboba,16,seed1,2,adaptive_batch/batch_size,26,179.0
sgboba 16 abm2,aboba,16,seed1,2,adaptive_batch/batch_size,27,198.0
sgboba 16 abm2,aboba,16,seed1,2,adaptive_batch/batch_size,28,220.0
sgboba 16 abm2,aboba,16,seed1,2,adaptive_batch/batch_size,29,248.0
sgboba 16 abm2,aboba,16,seed1,2,adaptive_batch/batch_size,30,282.0
sgboba 16 abm2,aboba,16,seed1,2,adaptive_batch/batch_size,31,323.0
sgboba 16 abm2,aboba,16,seed1,2,adaptive_batch/batch_size,32,378.0
sgboba 16 abm2,aboba,16,seed1,2,adaptive_batch/batch_size,33,449.0
sgboba 16 abm2,aboba,16,seed1,2,adaptive_batch/batch_size,34,541.0
sgboba 16 abm2,aboba,16,seed1,2,adaptive_batch/batch_size,35,670.0
sgboba 16 abm2,aboba,16,seed1,2,adaptive_batch/batch_size,36,843.0
sgboba 16 abm2,aboba,16,seed1,2,adaptive_batch/batch_size,37,1118.0
sgboba 16 abm2,aboba,16,seed1,2,adaptive_batch/batch_size,38,1473.0
sgboba 16 abm2,aboba,16,seed1,2,adaptive_batch/batch_size,39,1948.0
sgboba 16 abm2,aboba,16,seed2,2,adaptive_batch/batch_size,2,16.0
sgboba 16 abm2,aboba,16,seed2,2,adaptive_batch/batch_size,3,29.0
sgboba 16 abm2,aboba,16,seed2,2,adaptive_batch/batch_size,4,52.0
sgboba 16 abm2,aboba,16,seed2,2,adaptive_batch/batch_size,5,63.0
sgboba 16 abm2,aboba,16,seed2,2,adaptive_batch/batch_size,6,71.0
sgboba 16 abm2,aboba,16,seed2,2,adaptive_batch/batch_size,7,76.0
sgboba 16 abm2,aboba,16,seed2,2,adaptive_batch/batch_size,8,79.0
sgboba 16 abm2,aboba,16,seed2,2,adaptive_batch/batch_size,9,82.0
sgboba 16 abm2,aboba,16,seed2,2,adaptive_batch/batch_size,10,83.0
sgboba 16 abm2,aboba,16,seed2,2,adaptive_batch/batch_size,11,85.0
sgboba 16 abm2,aboba,16,seed2,2,adaptive_batch/batch_size,12,88.0
sgboba 16 abm2,aboba,16,seed2,2,adaptive_batch/batch_size,13,90.0
sgboba 16 abm2,aboba,16,seed2,2,adaptive_batch/batch_size,14,92.0
sgboba 16 abm2,aboba,16,seed2,2,adaptive_batch/batch_size,15,95.0
sgboba 16 abm2,aboba,16,seed2,2,adaptive_batch/batch_size,16,99.0
sgboba 16 abm2,aboba,16,seed2,2,adaptive_batch/batch_size,17,103.0
sgboba 16 abm2,aboba,16,seed2,2,adaptive_batch/batch_size,18,107.0
sgboba 16 abm2,aboba,16,seed2,2,adaptive_batch/batch_size,19,113.0
sgboba 16 abm2,aboba,16,seed2,2,adaptive_batch/batch_size,20,119.0
sgboba 16 abm2,aboba,16,seed2,2,adaptive_batch/batch_size,21,126.0
sgboba 16 abm2,aboba,16,seed2,2,adaptive_batch/batch_size,22,134.0
sgboba 16 abm2,aboba,16,seed2,2,adaptive_batch/batch_size,23,145.0
sgboba 16 abm2,aboba,16,seed2,2,adaptive_batch/batch_size,24,155.0
sgboba 16 abm2,aboba,16,seed2,2,adaptive_batch/batch_size,25,168.0
sgboba 16 abm2,aboba,16,seed2,2,adaptive_batch/batch_size,26,184.0
sgboba 16 abm2,aboba,16,seed2,2,adaptive_batch/batch_size,27,203.0
sgboba 16 abm2,aboba,16,seed2,2,adaptive_batch/batch_size,28,228.0
sgboba 16 abm2,aboba,16,seed2,2,adaptive_batch/batch_size,29,253.0
sgboba 16 abm2,aboba,16,seed2,2,adaptive_batch/batch_size,30,290.0
sgboba 16 abm2,aboba,16,seed2,2,adaptive_batch/batch_size,31,334.0
sgboba 16 abm2,aboba,16,seed2,2,adaptive_batch/batch_size,32,389.0
sgboba 16 abm2,aboba,16,seed2,2,adaptive_batch/batch_size,33,461.0
sgboba 16 abm2,aboba,16,seed2,2,adaptive_batch/batch_size,34,562.0
sgboba 16 abm2,aboba,16,seed2,2,adaptive_batch/batch_size,35,691.0
sgboba 16 abm2,aboba,16,seed2,2,adaptive_batch/batch_size,36,873.0
sgboba 16 abm2,aboba,16,seed2,2,adaptive_batch/batch_size,37,1124.0
sgboba 16 abm2,aboba,16,seed2,2,adaptive_batch/batch_size,38,1494.0
sgboba 16 abm2,aboba,16,seed2,2,adaptive_batch/batch_size,39,1991.0
sgboba 16 abm2,aboba,16,seed3,2,adaptive_batch/batch_size,2,20.0
sgboba 16 abm2,aboba,16,seed3,2,adaptive_batch/batch_size,3,39.0
sgboba 16 abm2,aboba,16,seed3,2,adaptive_batch/batch_size,4,58.0
sgboba 16 abm2,aboba,16,seed3,2,adaptive_batch/batch_size,5,67.0
sgboba 16 abm2,aboba,16,seed3,2,adaptive_batch/batch_size,6,73.0
sgboba 16 abm2,aboba,16,seed3,2,adaptive_batch/batch_size,7,75.0
sgboba 16 abm2,aboba,16,seed3,2,adaptive_batch/batch_size,8,78.0
sgboba 16 abm2,aboba,16,seed3,2,adaptive_batch/batch_size,9,79.0
sgboba 16 abm2,aboba,16,seed3,2,adaptive_batch/batch_size,10,80.0
sgboba 16 abm2,aboba,16,seed3,2,adaptive_batch/batch_size,11,82.0
sgboba 16 abm2,aboba,16,seed3,2,adaptive_batch/batch_size,12,84.0
sgboba 16 abm2,aboba,16,seed3,2,adaptive_batch/batch_size,13,86.0
sgboba 16 abm2,aboba,16,seed3,2,adaptive_batch/batch_size,14,89.0
sgboba 16 abm2,aboba,16,seed3,2,adaptive_batch/batch_size,15,92.0
sgboba 16 abm2,aboba,16,seed3,2,adaptive_batch/batch_size,16,95.0
sgboba 16 abm2,aboba,16,seed3,2,adaptive_batch/batch_size,17,99.0
sgboba 16 abm2,aboba,16,seed3,2,adaptive_batch/batch_size,18,104.0
sgboba 16 abm2,aboba,16,seed3,2,adaptive_batch/batch_size,19,109.0
sgboba 16 abm2,aboba,16,seed3,2,adaptive_batch/batch_size,20,115.0
sgboba 16 abm2,aboba,16,seed3,2,adaptive_batch/batch_size,21,122.0
sgboba 16 abm2,aboba,16,seed3,2,adaptive_batch/batch_size,22,130.0
sgboba 16 abm2,aboba,16,seed3,2,adaptive_batch/batch_size,23,139.0
sgboba 16 abm2,aboba,16,seed3,2,adaptive_batch/batch_size,24,150.0
sgboba 16 abm2,aboba,16,seed3,2,adaptive_batch/batch_size,25,163.0
sgboba 16 abm2,aboba,16,seed3,2,adaptive_batch/batch_size,26,179.0
sgboba 16 abm2,aboba,16,seed3,2,adaptive_batch/batch_size,27,196.0
sgboba 16 abm2,aboba,16,seed3,2,adaptive_batch/batch_size,28,218.0
sgboba 16 abm2,aboba,16,seed3,2,adaptive_batch/batch_size,29,245.0
sgboba 16 abm2,aboba,16,seed3,2,adaptive_batch/batch_size,30,280.0
sgboba 16 abm2,aboba,16,seed3,2,adaptive_batch/batch_size,31,321.0
sgboba 16 abm2,aboba,16,seed3,2,adaptive_batch/batch_size,32,376.0
sgboba 16 abm2,aboba,16,seed3,2,adaptive_batch/batch_size,33,448.0
sgboba 16 abm2,aboba,16,seed3,2,adaptive_batch/batch_size,34,543.0
sgboba 16 abm2,aboba,16,seed3,2,adaptive_batch/batch_size,35,670.0
sgboba 16 abm2,aboba,16,seed3,2,adaptive_batch/batch_size,36,844.0
sgboba 16 abm2,aboba,16,seed3,2,adaptive_batch/batch_size,37,1099.0
sgboba 16 abm2,aboba,16,seed3,2,adaptive_batch/batch_size,38,1459.0
sgboba 16 abm2,aboba,16,seed3,2,adaptive_batch/batch_size,39,1942.0
sgboba 16 abm4,aboba,16,seed1,4,adaptive_batch/batch_size,2,61.0
sgboba 16 abm4,aboba,16,seed1,4,adaptive_batch/batch_size,3,69.0
sgboba 16 abm4,aboba,16,seed1,4,adaptive_batch/batch_size,4,101.0
sgboba 16 abm4,aboba,16,seed1,4,adaptive_batch/batch_size,5,115.0
sgboba 16 abm4,aboba,16,seed1,4,adaptive_batch/batch_size,6,129.0
sgboba 16 abm4,aboba,16,seed1,4,adaptive_batch/batch_size,7,136.0
sgboba 16 abm4,aboba,16,seed1,4,adaptive_batch/batch_size,8,142.0
sgboba 16 abm4,aboba,16,seed1,4,adaptive_batch/batch_size,9,147.0
sgboba 16 abm4,aboba,16,seed1,4,adaptive_batch/batch_size,10,152.0
sgboba 16 abm4,aboba,16,seed1,4,adaptive_batch/batch_size,11,155.0
sgboba 16 abm4,aboba,16,seed1,4,adaptive_batch/batch_size,12,161.0
sgboba 16 abm4,aboba,16,seed1,4,adaptive_batch/batch_size,13,165.0
sgboba 16 abm4,aboba,16,seed1,4,adaptive_batch/batch_size,14,171.0
sgboba 16 abm4,aboba,16,seed1,4,adaptive_batch/batch_size,15,177.0
sgboba 16 abm4,aboba,16,seed1,4,adaptive_batch/batch_size,16,184.0
sgboba 16 abm4,aboba,16,seed1,4,adaptive_batch/batch_size,17,192.0
sgboba 16 abm4,aboba,16,seed1,4,adaptive_batch/batch_size,18,202.0
sgboba 16 abm4,aboba,16,seed1,4,adaptive_batch/batch_size,19,213.0
sgboba 16 abm4,aboba,16,seed1,4,adaptive_batch/batch_size,20,224.0
sgboba 16 abm4,aboba,16,seed1,4,adaptive_batch/batch_size,21,239.0
sgboba 16 abm4,aboba,16,seed1,4,adaptive_batch/batch_size,22,253.0
sgboba 16 abm4,aboba,16,seed1,4,adaptive_batch/batch_size,23,274.0
sgboba 16 abm4,aboba,16,seed1,4,adaptive_batch/batch_size,24,295.0
sgboba 16 abm4,aboba,16,seed1,4,adaptive_batch/batch_size,25,323.0
sgboba 16 abm4,aboba,16,seed1,4,adaptive_batch/batch_size,26,354.0
sgboba 16 abm4,aboba,16,seed1,4,adaptive_batch/batch_size,27,390.0
sgboba 16 abm4,aboba,16,seed1,4,adaptive_batch/batch_size,28,434.0
sgboba 16 abm4,aboba,16,seed1,4,adaptive_batch/batch_size,29,491.0
sgboba 16 abm4,aboba,16,seed1,4,adaptive_batch/batch_size,30,558.0
sgboba 16 abm4,aboba,16,seed1,4,adaptive_batch/batch_size,31,646.0
sgboba 16 abm4,aboba,16,seed1,4,adaptive_batch/batch_size,32,751.0
sgboba 16 abm4,aboba,16,seed1,4,adaptive_batch/batch_size,33,906.0
sgboba 16 abm4,aboba,16,seed1,4,adaptive_batch/batch_size,34,1111.0
sgboba 16 abm4,aboba,16,seed1,4,adaptive_batch/batch_size,35,1384.0
sgboba 16 abm4,aboba,16,seed1,4,adaptive_batch/batch_size,36,1795.0
sgboba 16 abm4,aboba,16,seed1,4,adaptive_batch/batch_size,37,2391.0
sgboba 16 abm4,aboba,16,seed1,4,adaptive_batch/batch_size,38,3335.0
sgboba 16 abm4,aboba,16,seed1,4,adaptive_batch/batch_size,39,4096.0
sgboba 16 abm4,aboba,16,seed2,4,adaptive_batch/batch_size,2,58.0
sgboba 16 abm4,aboba,16,seed2,4,adaptive_batch/batch_size,3,75.0
sgboba 16 abm4,aboba,16,seed2,4,adaptive_batch/batch_size,4,106.0
sgboba 16 abm4,aboba,16,seed2,4,adaptive_batch/batch_size,5,120.0
sgboba 16 abm4,aboba,16,seed2,4,adaptive_batch/batch_size,6,130.0
sgboba 16 abm4,aboba,16,seed2,4,adaptive_batch/batch_size,7,138.0
sgboba 16 abm4,aboba,16,seed2,4,adaptive_batch/batch_size,8,142.0
sgboba 16 abm4,aboba,16,seed2,4,adaptive_batch/batch_size,9,147.0
sgboba 16 abm4,aboba,16,seed2,4,adaptive_batch/batch_size,10,151.0
sgboba 16 abm4,aboba,16,seed2,4,adaptive_batch/batch_size,11,155.0
sgboba 16 abm4,aboba,16,seed2,4,adaptive_batch/batch_size,12,159.0
sgboba 16 abm4,aboba,16,seed2,4,adaptive_batch/batch_size,13,165.0
sgboba 16 abm4,aboba,16,seed2,4,adaptive_batch/batch_size,14,170.0
sgboba 16 abm4,aboba,16,seed2,4,adaptive_batch/batch_size,15,178.0
sgboba 16 abm4,aboba,16,seed2,4,adaptive_batch/batch_size,16,183.0
sgboba 16 abm4,aboba,16,seed2,4,adaptive_batch/batch_size,17,192.0
sgboba 16 abm4,aboba,16,seed2,4,adaptive_batch/batch_size,18,201.0
sgboba 16 abm4,aboba,16,seed2,4,adaptive_batch/batch_size,19,211.0
sgboba 16 abm4,aboba,16,seed2,4,adaptive_batch/batch_size,20,224.0
sgboba 16 abm4,aboba,16,seed2,4,adaptive_batch/batch_size,21,237.0
sgboba 16 abm4,aboba,16,seed2,4,adaptive_batch/batch_size,22,255.0
sgboba 16 abm4,aboba,16,seed2,4,adaptive_batch/batch_size,23,273.0
sgboba 16 abm4,aboba,16,seed2,4,adaptive_batch/batch_size,24,296.0
sgboba 16 abm4,aboba,16,seed2,4,adaptive_batch/batch_size,25,324.0
sgboba 16 abm4,aboba,16,seed2,4,adaptive_batch/batch_size,26,352.0
sgboba 16 abm4,aboba,16,seed2,4,adaptive_batch/batch_size,27,389.0
sgboba 16 abm4,aboba,16,seed2,4,adaptive_batch/batch_size,28,434.0
sgboba 16 abm4,aboba,16,seed2,4,adaptive_batch/batch_size,29,490.0
sgboba 16 abm4,aboba,16,seed2,4,adaptive_batch/batch_size,30,561.0
sgboba 16 abm4,aboba,16,seed2,4,adaptive_batch/batch_size,31,645.0
sgboba 16 abm4,aboba,16,seed2,4,adaptive_batch/batch_size,32,758.0
sgboba 16 abm4,aboba,16,seed2,4,adaptive_batch/batch_size,33,908.0
sgboba 16 abm4,aboba,16,seed2,4,adaptive_batch/batch_size,34,1111.0
sgboba 16 abm4,aboba,16,seed2,4,adaptive_batch/batch_size,35,1384.0
sgboba 16 abm4,aboba,16,seed2,4,adaptive_batch/batch_size,36,1791.0
sgboba 16 abm4,aboba,16,seed2,4,adaptive_batch/batch_size,37,2396.0
sgboba 16 abm4,aboba,16,seed2,4,adaptive_batch/batch_size,38,3291.0
sgboba 16 abm4,aboba,16,seed2,4,adaptive_batch/batch_size,39,4096.0
sgboba 16 abm4,aboba,16,seed3,4,adaptive_batch/batch_size,2,46.0
sgboba 16 abm4,aboba,16,seed3,4,adaptive_batch/batch_size,3,79.0
sgboba 16 abm4,aboba,16,seed3,4,adaptive_batch/batch_size,4,107.0
sgboba 16 abm4,aboba,16,seed3,4,adaptive_batch/batch_size,5,124.0
sgboba 16 abm4,aboba,16,seed3,4,adaptive_batch/batch_size,6,134.0
sgboba 16 abm4,aboba,16,seed3,4,adaptive_batch/batch_size,7,139.0
sgboba 16 abm4,aboba,16,seed3,4,adaptive_batch/batch_size,8,144.0
sgboba 16 abm4,aboba,16,seed3,4,adaptive_batch/batch_size,9,148.0
sgboba 16 abm4,aboba,16,seed3,4,adaptive_batch/batch_size,10,151.0
sgboba 16 abm4,aboba,16,seed3,4,adaptive_batch/batch_size,11,157.0
sgboba 16 abm4,aboba,16,seed3,4,adaptive_batch/batch_size,12,160.0
sgboba 16 abm4,aboba,16,seed3,4,adaptive_batch/batch_size,13,165.0
sgboba 16 abm4,aboba,16,seed3,4,adaptive_batch/batch_size,14,170.0
sgboba 16 abm4,aboba,16,seed3,4,adaptive_batch/batch_size,15,176.0
sgboba 16 abm4,aboba,16,seed3,4,adaptive_batch/batch_size,16,183.0
sgboba 16 abm4,aboba,16,seed3,4,adaptive_batch/batch_size,17,191.0
sgboba 16 abm4,aboba,16,seed3,4,adaptive_batch/batch_size,18,201.0
sgboba 16 abm4,aboba,16,seed3,4,adaptive_batch/batch_size,19,211.0
sgboba 16 abm4,aboba,16,seed3,4,adaptive_batch/batch_size,20,224.0
sgboba 16 abm4,aboba,16,seed3,4,adaptive_batch/batch_size,21,236.0
sgboba 16 abm4,aboba,16,seed3,4,adaptive_batch/batch_size,22,254.0
sgboba 16 abm4,aboba,16,seed3,4,adaptive_batch/batch_size,23,272.0
sgboba 16 abm4,aboba,16,seed3,4,adaptive_batch/batch_size,24,294.0
sgboba 16 abm4,aboba,16,seed3,4,adaptive_batch/batch_size,25,321.0
sgboba 16 abm4,aboba,16,seed3,4,adaptive_batch/batch_size,26,351.0
sgboba 16 abm4,aboba,16,seed3,4,adaptive_batch/batch_size,27,387.0
sgboba 16 abm4,aboba,16,seed3,4,adaptive_batch/batch_size,28,435.0
sgboba 16 abm4,aboba,16,seed3,4,adaptive_batch/batch_size,29,487.0
sgboba 16 abm4,aboba,16,seed3,4,adaptive_batch/batch_size,30,561.0
sgboba 16 abm4,aboba,16,seed3,4,adaptive_batch/batch_size,31,641.0
sgboba 16 abm4,aboba,16,seed3,4,adaptive_batch/batch_size,32,754.0
sgboba 16 abm4,aboba,16,seed3,4,adaptive_batch/batch_size,33,899.0
sgboba 16 abm4,aboba,16,seed3,4,adaptive_batch/batch_size,34,1102.0
sgboba 16 abm4,aboba,16,seed3,4,adaptive_batch/batch_size,35,1376.0
sgboba 16 abm4,aboba,16,seed3,4,adaptive_batch/batch_size,36,1800.0
sgboba 16 abm4,aboba,16,seed3,4,adaptive_batch/batch_size,37,2393.0
sgboba 16 abm4,aboba,16,seed3,4,adaptive_batch/batch_size,38,3293.0
sgboba 16 abm4,aboba,16,seed3,4,adaptive_batch/batch_size,39,4096.0
sgboba 16 abm8,aboba,16,seed1,8,adaptive_batch/batch_size,2,98.0
sgboba 16 abm8,aboba,16,seed1,8,adaptive_batch/batch_size,3,123.0
sgboba 16 abm8,aboba,16,seed1,8,adaptive_batch/batch_size,4,185.0
sgboba 16 abm8,aboba,16,seed1,8,adaptive_batch/batch_size,5,219.0
sgboba 16 abm8,aboba,16,seed1,8,adaptive_batch/batch_size,6,249.0
sgboba 16 abm8,aboba,16,seed1,8,adaptive_batch/batch_size,7,273.0
sgboba 16 abm8,aboba,16,seed1,8,adaptive_batch/batch_size,8,284.0
sgboba 16 abm8,aboba,16,seed1,8,adaptive_batch/batch_size,9,304.0
sgboba 16 abm8,aboba,16,seed1,8,adaptive_batch/batch_size,10,312.0
sgboba 16 abm8,aboba,16,seed1,8,adaptive_batch/batch_size,11,325.0
sgboba 16 abm8,aboba,16,seed1,8,adaptive_batch/batch_size,12,333.0
sgboba 16 abm8,aboba,16,seed1,8,adaptive_batch/batch_size,13,345.0
sgboba 16 abm8,aboba,16,seed1,8,adaptive_batch/batch_size,14,355.0
sgboba 16 abm8,aboba,16,seed1,8,adaptive_batch/batch_size,15,370.0
sgboba 16 abm8,aboba,16,seed1,8,adaptive_batch/batch_size,16,388.0
sgboba 16 abm8,aboba,16,seed1,8,adaptive_batch/batch_size,17,403.0
sgboba 16 abm8,aboba,16,seed1,8,adaptive_batch/batch_size,18,423.0
sgboba 16 abm8,aboba,16,seed1,8,adaptive_batch/batch_size,19,446.0
sgboba 16 abm8,aboba,16,seed1,8,adaptive_batch/batch_size,20,470.0
sgboba 16 abm8,aboba,16,seed1,8,adaptive_batch/batch_size,21,501.0
sgboba 16 abm8,aboba,16,seed1,8,adaptive_batch/batch_size,22,543.0
sgboba 16 abm8,aboba,16,seed1,8,adaptive_batch/batch_size,23,588.0
sgboba 16 abm8,aboba,16,seed1,8,adaptive_batch/batch_size,24,631.0
sgboba 16 abm8,aboba,16,seed1,8,adaptive_batch/batch_size,25,689.0
sgboba 16 abm8,aboba,16,seed1,8,adaptive_batch/batch_size,26,754.0
sgboba 16 abm8,aboba,16,seed1,8,adaptive_batch/batch_size,27,829.0
sgboba 16 abm8,aboba,16,seed1,8,adaptive_batch/batch_size,28,932.0
sgboba 16 abm8,aboba,16,seed1,8,adaptive_batch/batch_size,29,1062.0
sgboba 16 abm8,aboba,16,seed1,8,adaptive_batch/batch_size,30,1213.0
sgboba 16 abm8,aboba,16,seed1,8,adaptive_batch/batch_size,31,1449.0
sgboba 16 abm8,aboba,16,seed1,8,adaptive_batch/batch_size,32,1726.0
sgboba 16 abm8,aboba,16,seed1,8,adaptive_batch/batch_size,33,2028.0
sgboba 16 abm8,aboba,16,seed1,8,adaptive_batch/batch_size,34,2562.0
sgboba 16 abm8,aboba,16,seed1,8,adaptive_batch/batch_size,35,3268.0
sgboba 16 abm8,aboba,16,seed1,8,adaptive_batch/batch_size,36,4096.0
sgboba 16 abm8,aboba,16,seed1,8,adaptive_batch/batch_size,37,4096.0
sgboba 16 abm8,aboba,16,seed1,8,adaptive_batch/batch_size,38,4096.0
sgboba 16 abm8,aboba,16,seed1,8,adaptive_batch/batch_size,39,4096.0
sgboba 16 abm8,aboba,16,seed2,8,adaptive_batch/batch_size,2,90.0
sgboba 16 abm8,aboba,16,seed2,8,adaptive_batch/batch_size,3,146.0
sgboba 16 abm8,aboba,16,seed2,8,adaptive_batch/batch_size,4,206.0
sgboba 16 abm8,aboba,16,seed2,8,adaptive_batch/batch_size,5,232.0
sgboba 16 abm8,aboba,16,seed2,8,adaptive_batch/batch_size,6,252.0
sgboba 16 abm8,aboba,16,seed2,8,adaptive_batch/batch_size,7,266.0
sgboba 16 abm8,aboba,16,seed2,8,adaptive_batch/batch_size,8,275.0
sgboba 16 abm8,aboba,16,seed2,8,adaptive_batch/batch_size,9,286.0
sgboba 16 abm8,aboba,16,seed2,8,adaptive_batch/batch_size,10,293.0
sgboba 16 abm8,aboba,16,seed2,8,adaptive_batch/batch_size,11,302.0
sgboba 16 abm8,aboba,16,seed2,8,adaptive_batch/batch_size,12,311.0
sgboba 16 abm8,aboba,16,seed2,8,adaptive_batch/batch_size,13,320.0
sgboba 16 abm8,aboba,16,seed2,8,adaptive_batch/batch_size,14,333.0
sgboba 16 abm8,aboba,16,seed2,8,adaptive_batch/batch_size,15,347.0
sgboba 16 abm8,aboba,16,seed2,8,adaptive_batch/batch_size,16,360.0
sgboba 16 abm8,aboba,16,seed2,8,adaptive_batch/batch_size,17,380.0
sgboba 16 abm8,aboba,16,seed2,8,adaptive_batch/batch_size,18,396.0
sgboba 16 abm8,aboba,16,seed2,8,adaptive_batch/batch_size,19,418.0
sgboba 16 abm8,aboba,16,seed2,8,adaptive_batch/batch_size,20,444.0
sgboba 16 abm8,aboba,16,seed2,8,adaptive_batch/batch_size,21,474.0
sgboba 16 abm8,aboba,16,seed2,8,adaptive_batch/batch_size,22,504.0
sgboba 16 abm8,aboba,16,seed2,8,adaptive_batch/batch_size,23,545.0
sgboba 16 abm8,aboba,16,seed2,8,adaptive_batch/batch_size,24,592.0
sgboba 16 abm8,aboba,16,seed2,8,adaptive_batch/batch_size,25,654.0
sgboba 16 abm8,aboba,16,seed2,8,adaptive_batch/batch_size,26,720.0
sgboba 16 abm8,aboba,16,seed2,8,adaptive_batch/batch_size,27,799.0
sgboba 16 abm8,aboba,16,seed2,8,adaptive_batch/batch_size,28,894.0
sgboba 16 abm8,aboba,16,seed2,8,adaptive_batch/batch_size,29,1001.0
sgboba 16 abm8,aboba,16,seed2,8,adaptive_batch/batch_size,30,1162.0
sgboba 16 abm8,aboba,16,seed2,8,adaptive_batch/batch_size,31,1348.0
sgboba 16 abm8,aboba,16,seed2,8,adaptive_batch/batch_size,32,1612.0
sgboba 16 abm8,aboba,16,seed2,8,adaptive_batch/batch_size,33,1947.0
sgboba 16 abm8,aboba,16,seed2,8,adaptive_batch/batch_size,34,2437.0
sgboba 16 abm8,aboba,16,seed2,8,adaptive_batch/batch_size,35,3097.0
sgboba 16 abm8,aboba,16,seed2,8,adaptive_batch/batch_size,36,4096.0
sgboba 16 abm8,aboba,16,seed2,8,adaptive_batch/batch_size,37,4096.0
sgboba 16 abm8,aboba,16,seed2,8,adaptive_batch/batch_size,38,4096.0
sgboba 16 abm8,aboba,16,seed2,8,adaptive_batch/batch_size,39,4096.0
sgboba 16 abm8,aboba,16,seed3,8,adaptive_batch/batch_size,2,88.0
sgboba 16 abm8,aboba,16,seed3,8,adaptive_batch/batch_size,3,132.0
sgboba 16 abm8,aboba,16,seed3,8,adaptive_batch/batch_size,4,197.0
sgboba 16 abm8,aboba,16,seed3,8,adaptive_batch/batch_size,5,228.0
sgboba 16 abm8,aboba,16,seed3,8,adaptive_batch/batch_size,6,253.0
sgboba 16 abm8,aboba,16,seed3,8,adaptive_batch/batch_size,7,271.0
sgboba 16 abm8,aboba,16,seed3,8,adaptive_batch/batch_size,8,282.0
sgboba 16 abm8,aboba,16,seed3,8,adaptive_batch/batch_size,9,288.0
sgboba 16 abm8,aboba,16,seed3,8,adaptive_batch/batch_size,10,297.0
sgboba 16 abm8,aboba,16,seed3,8,adaptive_batch/batch_size,11,308.0
sgboba 16 abm8,aboba,16,seed3,8,adaptive_batch/batch_size,12,315.0
sgboba 16 abm8,aboba,16,seed3,8,adaptive_batch/batch_size,13,325.0
sgboba 16 abm8,aboba,16,seed3,8,adaptive_batch/batch_size,14,339.0
sgboba 16 abm8,aboba,16,seed3,8,adaptive_batch/batch_size,15,352.0
sgboba 16 abm8,aboba,16,seed3,8,adaptive_batch/batch_size,16,366.0
sgboba 16 abm8,aboba,16,seed3,8,adaptive_batch/batch_size,17,384.0
sgboba 16 abm8,aboba,16,seed3,8,adaptive_batch/batch_size,18,402.0
sgboba 16 abm8,aboba,16,seed3,8,adaptive_batch/batch_size,19,422.0
sgboba 16 abm8,aboba,16,seed3,8,adaptive_batch/batch_size,20,452.0
sgboba 16 abm8,aboba,16,seed3,8,adaptive_batch/batch_size,21,485.0
sgboba 16 abm8,aboba,16,seed3,8,adaptive_batch/batch_size,22,519.0
sgboba 16 abm8,aboba,16,seed3,8,adaptive_batch/batch_size,23,556.0
sgboba 16 abm8,aboba,16,seed3,8,adaptive_batch/batch_size,24,600.0
sgboba 16 abm8,aboba,16,seed3,8,adaptive_batch/batch_size,25,653.0
sgboba 16 abm8,aboba,16,seed3,8,adaptive_batch/batch_size,26,716.0
sgboba 16 abm8,aboba,16,seed3,8,adaptive_batch/batch_size,27,797.0
sgboba 16 abm8,aboba,16,seed3,8,adaptive_batch/batch_size,28,899.0
sgboba 16 abm8,aboba,16,seed3,8,adaptive_batch/batch_size,29,1018.0
sgboba 16 abm8,aboba,16,seed3,8,adaptive_batch/batch_size,30,1165.0
sgboba 16 abm8,aboba,16,seed3,8,adaptive_batch/batch_size,31,1354.0
sgboba 16 abm8,aboba,16,seed3,8,adaptive_batch/batch_size,32,1626.0
sgboba 16 abm8,aboba,16,seed3,8,adaptive_batch/batch_size,33,1970.0
sgboba 16 abm8,aboba,16,seed3,8,adaptive_batch/batch_size,34,2471.0
sgboba 16 abm8,aboba,16,seed3,8,adaptive_batch/batch_size,35,3186.0
sgboba 16 abm8,aboba,16,seed3,8,adaptive_batch/batch_size,36,4096.0
sgboba 16 abm8,aboba,16,seed3,8,adaptive_batch/batch_size,37,4096.0
sgboba 16 abm8,aboba,16,seed3,8,adaptive_batch/batch_size,38,4096.0
sgboba 16 abm8,aboba,16,seed3,8,adaptive_batch/batch_size,39,4096.0
sgboba 256 abm16,aboba,256,seed1,16,adaptive_batch/batch_size,2,263.0
sgboba 256 abm16,aboba,256,seed1,16,adaptive_batch/batch_size,3,281.0
sgboba 256 abm16,aboba,256,seed1,16,adaptive_batch/batch_size,4,300.0
sgboba 256 abm16,aboba,256,seed1,16,adaptive_batch/batch_size,5,317.0
sgboba 256 abm16,aboba,256,seed1,16,adaptive_batch/batch_size,6,334.0
sgboba 256 abm16,aboba,256,seed1,16,adaptive_batch/batch_size,7,352.0
sgboba 256 abm16,aboba,256,seed1,16,adaptive_batch/batch_size,8,369.0
sgboba 256 abm16,aboba,256,seed1,16,adaptive_batch/batch_size,9,387.0
sgboba 256 abm16,aboba,256,seed1,16,adaptive_batch/batch_size,10,406.0
sgboba 256 abm16,aboba,256,seed1,16,adaptive_batch/batch_size,11,422.0
sgboba 256 abm16,aboba,256,seed1,16,adaptive_batch/batch_size,12,444.0
sgboba 256 abm16,aboba,256,seed1,16,adaptive_batch/batch_size,13,463.0
sgboba 256 abm16,aboba,256,seed1,16,adaptive_batch/batch_size,14,485.0
sgboba 256 abm16,aboba,256,seed1,16,adaptive_batch/batch_size,15,507.0
sgboba 256 abm16,aboba,256,seed1,16,adaptive_batch/batch_size,16,531.0
sgboba 256 abm16,aboba,256,seed1,16,adaptive_batch/batch_size,17,562.0
sgboba 256 abm16,aboba,256,seed1,16,adaptive_batch/batch_size,18,591.0
sgboba 256 abm16,aboba,256,seed1,16,adaptive_batch/batch_size,19,620.0
sgboba 256 abm16,aboba,256,seed1,16,adaptive_batch/batch_size,20,653.0
sgboba 256 abm16,aboba,256,seed1,16,adaptive_batch/batch_size,21,691.0
sgboba 256 abm16,aboba,256,seed1,16,adaptive_batch/batch_size,22,738.0
sgboba 256 abm16,aboba,256,seed1,16,adaptive_batch/batch_size,23,791.0
sgboba 256 abm16,aboba,256,seed1,16,adaptive_batch/batch_size,24,851.0
sgboba 256 abm16,aboba,256,seed1,16,adaptive_batch/batch_size,25,941.0
sgboba 256 abm16,aboba,256,seed1,16,adaptive_batch/batch_size,26,1005.0
sgboba 256 abm16,aboba,256,seed1,16,adaptive_batch/batch_size,27,1139.0
sgboba 256 abm16,aboba,256,seed1,16,adaptive_batch/batch_size,28,1268.0
sgboba 256 abm16,aboba,256,seed1,16,adaptive_batch/batch_size,29,1437.0
sgboba 256 abm16,aboba,256,seed1,16,adaptive_batch/batch_size,30,1674.0
sgboba 256 abm16,aboba,256,seed1,16,adaptive_batch/batch_size,31,1983.0
sgboba 256 abm16,aboba,256,seed1,16,adaptive_batch/batch_size,32,2348.0
sgboba 256 abm16,aboba,256,seed1,16,adaptive_batch/batch_size,33,2908.0
sgboba 256 abm16,aboba,256,seed1,16,adaptive_batch/batch_size,34,3715.0
sgboba 256 abm16,aboba,256,seed1,16,adaptive_batch/batch_size,35,4096.0
sgboba 256 abm16,aboba,256,seed1,16,adaptive_batch/batch_size,36,4096.0
sgboba 256 abm16,aboba,256,seed1,16,adaptive_batch/batch_size,37,4096.0
sgboba 256 abm16,aboba,256,seed1,16,adaptive_batch/batch_size,38,4096.0
sgboba 256 abm16,aboba,256,seed1,16,adaptive_batch/batch_size,39,4096.0
sgboba 256 abm16,aboba,256,seed2,16,adaptive_batch/batch_size,2,266.0
sgboba 256 abm16,aboba,256,seed2,16,adaptive_batch/batch_size,3,281.0
sgboba 256 abm16,aboba,256,seed2,16,adaptive_batch/batch_size,4,300.0
sgboba 256 abm16,aboba,256,seed2,16,adaptive_batch/batch_size,5,318.0
sgboba 256 abm16,aboba,256,seed2,16,adaptive_batch/batch_size,6,336.0
sgboba 256 abm16,aboba,256,seed2,16,adaptive_batch/batch_size,7,353.0
sgboba 256 abm16,aboba,256,seed2,16,adaptive_batch/batch_size,8,368.0
sgboba 256 abm16,aboba,256,seed2,16,adaptive_batch/batch_size,9,386.0
sgboba 256 abm16,aboba,256,seed2,16,adaptive_batch/batch_size,10,403.0
sgboba 256 abm16,aboba,256,seed2,16,adaptive_batch/batch_size,11,423.0
sgboba 256 abm16,aboba,256,seed2,16,adaptive_batch/batch_size,12,443.0
sgboba 256 abm16,aboba,256,seed2,16,adaptive_batch/batch_size,13,465.0
sgboba 256 abm16,aboba,256,seed2,16,adaptive_batch/batch_size,14,484.0
sgboba 256 abm16,aboba,256,seed2,16,adaptive_batch/batch_size,15,512.0
sgboba 256 abm16,aboba,256,seed2,16,adaptive_batch/batch_size,16,531.0
sgboba 256 abm16,aboba,256,seed2,16,adaptive_batch/batch_size,17,559.0
sgboba 256 abm16,aboba,256,seed2,16,adaptive_batch/batch_size,18,585.0
sgboba 256 abm16,aboba,256,seed2,16,adaptive_batch/batch_size,19,623.0
sgboba 256 abm16,aboba,256,seed2,16,adaptive_batch/batch_size,20,649.0
sgboba 256 abm16,aboba,256,seed2,16,adaptive_batch/batch_size,21,691.0
sgboba 256 abm16,aboba,256,seed2,16,adaptive_batch/batch_size,22,744.0
sgboba 256 abm16,aboba,256,seed2,16,adaptive_batch/batch_size,23,788.0
sgboba 256 abm16,aboba,256,seed2,16,adaptive_batch/batch_size,24,856.0
sgboba 256 abm16,aboba,256,seed2,16,adaptive_batch/batch_size,25,930.0
sgboba 256 abm16,aboba,256,seed2,16,adaptive_batch/batch_size,26,1042.0
sgboba 256 abm16,aboba,256,seed2,16,adaptive_batch/batch_size,27,1113.0
sgboba 256 abm16,aboba,256,seed2,16,adaptive_batch/batch_size,28,1274.0
sgboba 256 abm16,aboba,256,seed2,16,adaptive_batch/batch_size,29,1443.0
sgboba 256 abm16,aboba,256,seed2,16,adaptive_batch/batch_size,30,1678.0
sgboba 256 abm16,aboba,256,seed2,16,adaptive_batch/batch_size,31,1961.0
sgboba 256 abm16,aboba,256,seed2,16,adaptive_batch/batch_size,32,2332.0
sgboba 256 abm16,aboba,256,seed2,16,adaptive_batch/batch_size,33,2918.0
sgboba 256 abm16,aboba,256,seed2,16,adaptive_batch/batch_size,34,3692.0
sgboba 256 abm16,aboba,256,seed2,16,adaptive_batch/batch_size,35,4096.0
sgboba 256 abm16,aboba,256,seed2,16,adaptive_batch/batch_size,36,4096.0
sgboba 256 abm16,aboba,256,seed2,16,adaptive_batch/batch_size,37,4096.0
sgboba 256 abm16,aboba,256,seed2,16,adaptive_batch/batch_size,38,4096.0
sgboba 256 abm16,aboba,256,seed2,16,adaptive_batch/batch_size,39,4096.0
sgboba 256 abm16,aboba,256,seed3,16,adaptive_batch/batch_size,2,266.0
sgboba 256 abm16,aboba,256,seed3,16,adaptive_batch/batch_size,3,281.0
sgboba 256 abm16,aboba,256,seed3,16,adaptive_batch/batch_size,4,301.0
sgboba 256 abm16,aboba,256,seed3,16,adaptive_batch/batch_size,5,317.0
sgboba 256 abm16,aboba,256,seed3,16,adaptive_batch/batch_size,6,335.0
sgboba 256 abm16,aboba,256,seed3,16,adaptive_batch/batch_size,7,350.0
sgboba 256 abm16,aboba,256,seed3,16,adaptive_batch/batch_size,8,367.0
sgboba 256 abm16,aboba,256,seed3,16,adaptive_batch/batch_size,9,386.0
sgboba 256 abm16,aboba,256,seed3,16,adaptive_batch/batch_size,10,403.0
sgboba 256 abm16,aboba,256,seed3,16,adaptive_batch/batch_size,11,423.0
sgboba 256 abm16,aboba,256,seed3,16,adaptive_batch/batch_size,12,443.0
sgboba 256 abm16,aboba,256,seed3,16,adaptive_batch/batch_size,13,463.0
sgboba 256 abm16,aboba,256,seed3,16,adaptive_batch/batch_size,14,487.0
sgboba 256 abm16,aboba,256,seed3,16,adaptive_batch/batch_size,15,506.0
sgboba 256 abm16,aboba,256,seed3,16,adaptive_batch/batch_size,16,535.0
sgboba 256 abm16,aboba,256,seed3,16,adaptive_batch/batch_size,17,554.0
sgboba 256 abm16,aboba,256,seed3,16,adaptive_batch/batch_size,18,587.0
sgboba 256 abm16,aboba,256,seed3,16,adaptive_batch/batch_size,19,616.0
sgboba 256 abm16,aboba,256,seed3,16,adaptive_batch/batch_size,20,651.0
sgboba 256 abm16,aboba,256,seed3,16,adaptive_batch/batch_size,21,692.0
sgboba 256 abm16,aboba,256,seed3,16,adaptive_batch/batch_size,22,738.0
sgboba 256 abm16,aboba,256,seed3,16,adaptive_batch/batch_size,23,794.0
sgboba 256 abm16,aboba,256,seed3,16,adaptive_batch/batch_size,24,852.0
sgboba 256 abm16,aboba,256,seed3,16,adaptive_batch/batch_size,25,936.0
sgboba 256 abm16,aboba,256,seed3,16,adaptive_batch/batch_size,26,1012.0
sgboba 256 abm16,aboba,256,seed3,16,adaptive_batch/batch_size,27,1149.0
sgboba 256 abm16,aboba,256,seed3,16,adaptive_batch/batch_size,28,1259.0
sgboba 256 abm16,aboba,256,seed3,16,adaptive_batch/batch_size,29,1436.0
sgboba 256 abm16,aboba,256,seed3,16,adaptive_batch/batch_size,30,1669.0
sgboba 256 abm16,aboba,256,seed3,16,adaptive_batch/batch_size,31,1959.0
sgboba 256 abm16,aboba,256,seed3,16,adaptive_batch/batch_size,32,2379.0
sgboba 256 abm16,aboba,256,seed3,16,adaptive_batch/batch_size,33,2924.0
sgboba 256 abm16,aboba,256,seed3,16,adaptive_batch/batch_size,34,3719.0
sgboba 256 abm16,aboba,256,seed3,16,adaptive_batch/batch_size,35,4096.0
sgboba 256 abm16,aboba,256,seed3,16,adaptive_batch/batch_size,36,4096.0
sgboba 256 abm16,aboba,256,seed3,16,adaptive_batch/batch_size,37,4096.0
sgboba 256 abm16,aboba,256,seed3,16,adaptive_batch/batch_size,38,4096.0
sgboba 256 abm16,aboba,256,seed3,16,adaptive_batch/batch_size,39,4096.0
sgboba 256 abm2,aboba,256,seed1,2,adaptive_batch/batch_size,2,33.0
sgboba 256 abm2,aboba,256,seed1,2,adaptive_batch/batch_size,3,33.0
sgboba 256 abm2,aboba,256,seed1,2,adaptive_batch/batch_size,4,36.0
sgboba 256 abm2,aboba,256,seed1,2,adaptive_batch/batch_size,5,41.0
sgboba 256 abm2,aboba,256,seed1,2,adaptive_batch/batch_size,6,48.0
sgboba 256 abm2,aboba,256,seed1,2,adaptive_batch/batch_size,7,57.0
sgboba 256 abm2,aboba,256,seed1,2,adaptive_batch/batch_size,8,63.0
sgboba 256 abm2,aboba,256,seed1,2,adaptive_batch/batch_size,9,67.0
sgboba 256 abm2,aboba,256,seed1,2,adaptive_batch/batch_size,10,71.0
sgboba 256 abm2,aboba,256,seed1,2,adaptive_batch/batch_size,11,73.0
sgboba 256 abm2,aboba,256,seed1,2,adaptive_batch/batch_size,12,77.0
sgboba 256 abm2,aboba,256,seed1,2,adaptive_batch/batch_size,13,79.0
sgboba 256 abm2,aboba,256,seed1,2,adaptive_batch/batch_size,14,82.0
sgboba 256 abm2,aboba,256,seed1,2,adaptive_batch/batch_size,15,85.0
sgboba 256 abm2,aboba,256,seed1,2,adaptive_batch/batch_size,16,89.0
sgboba 256 abm2,aboba,256,seed1,2,adaptive_batch/batch_size,17,93.0
sgboba 256 abm2,aboba,256,seed1,2,adaptive_batch/batch_size,18,98.0
sgboba 256 abm2,aboba,256,seed1,2,adaptive_batch/batch_size,19,103.0
sgboba 256 abm2,aboba,256,seed1,2,adaptive_batch/batch_size,20,109.0
sgboba 256 abm2,aboba,256,seed1,2,adaptive_batch/batch_size,21,116.0
sgboba 256 abm2,aboba,256,seed1,2,adaptive_batch/batch_size,22,124.0
sgboba 256 abm2,aboba,256,seed1,2,adaptive_batch/batch_size,23,133.0
sgboba 256 abm2,aboba,256,seed1,2,adaptive_batch/batch_size,24,143.0
sgboba 256 abm2,aboba,256,seed1,2,adaptive_batch/batch_size,25,156.0
sgboba 256 abm2,aboba,256,seed1,2,adaptive_batch/batch_size,26,171.0
sgboba 256 abm2,aboba,256,seed1,2,adaptive_batch/batch_size,27,188.0
sgboba 256 abm2,aboba,256,seed1,2,adaptive_batch/batch_size,28,209.0
sgboba 256 abm2,aboba,256,seed1,2,adaptive_batch/batch_size,29,235.0
sgboba 256 abm2,aboba,256,seed1,2,adaptive_batch/batch_size,30,267.0
sgboba 256 abm2,aboba,256,seed1,2,adaptive_batch/batch_size,31,307.0
sgboba 256 abm2,aboba,256,seed1,2,adaptive_batch/batch_size,32,356.0
sgboba 256 abm2,aboba,256,seed1,2,adaptive_batch/batch_size,33,423.0
sgboba 256 abm2,aboba,256,seed1,2,adaptive_batch/batch_size,34,513.0
sgboba 256 abm2,aboba,256,seed1,2,adaptive_batch/batch_size,35,636.0
sgboba 256 abm2,aboba,256,seed1,2,adaptive_batch/batch_size,36,803.0
sgboba 256 abm2,aboba,256,seed1,2,adaptive_batch/batch_size,37,1057.0
sgboba 256 abm2,aboba,256,seed1,2,adaptive_batch/batch_size,38,1395.0
sgboba 256 abm2,aboba,256,seed1,2,adaptive_batch/batch_size,39,1867.0
sgboba 256 abm2,aboba,256,seed2,2,adaptive_batch/batch_size,2,33.0
sgboba 256 abm2,aboba,256,seed2,2,adaptive_batch/batch_size,3,32.0
sgboba 256 abm2,aboba,256,seed2,2,adaptive_batch/batch_size,4,36.0
sgboba 256 abm2,aboba,256,seed2,2,adaptive_batch/batch_size,5,44.0
sgboba 256 abm2,aboba,256,seed2,2,adaptive_batch/batch_size,6,51.0
sgboba 256 abm2,aboba,256,seed2,2,adaptive_batch/batch_size,7,58.0
sgboba 256 abm2,aboba,256,seed2,2,adaptive_batch/batch_size,8,63.0
sgboba 256 abm2,aboba,256,seed2,2,adaptive_batch/batch_size,9,67.0
sgboba 256 abm2,aboba,256,seed2,2,adaptive_batch/batch_size,10,70.0
sgboba 256 abm2,aboba,256,seed2,2,adaptive_batch/batch_size,11,73.0
sgboba 256 abm2,aboba,256,seed2,2,adaptive_batch/batch_size,12,75.0
sgboba 256 abm2,aboba,256,seed2,2,adaptive_batch/batch_size,13,79.0
sgboba 256 abm2,aboba,256,seed2,2,adaptive_batch/batch_size,14,81.0
sgboba 256 abm2,aboba,256,seed2,2,adaptive_batch/batch_size,15,84.0
sgboba 256 abm2,aboba,256,seed2,2,adaptive_batch/batch_size,16,88.0
sgboba 256 abm2,aboba,256,seed2,2,adaptive_batch/batch_size,17,92.0
sgboba 256 abm2,aboba,256,seed2,2,adaptive_batch/batch_size,18,97.0
sgboba 256 abm2,aboba,256,seed2,2,adaptive_batch/batch_size,19,102.0
sgboba 256 abm2,aboba,256,seed2,2,adaptive_batch/batch_size,20,108.0
sgboba 256 abm2,aboba,256,seed2,2,adaptive_batch/batch_size,21,115.0
sgboba 256 abm2,aboba,256,seed2,2,adaptive_batch/batch_size,22,122.0
sgboba 256 abm2,aboba,256,seed2,2,adaptive_batch/batch_size,23,131.0
sgboba 256 abm2,aboba,256,seed2,2,adaptive_batch/batch_size,24,142.0
sgboba 256 abm2,aboba,256,seed2,2,adaptive_batch/batch_size,25,154.0
sgboba 256 abm2,aboba,256,seed2,2,adaptive_batch/batch_size,26,169.0
sgboba 256 abm2,aboba,256,seed2,2,adaptive_batch/batch_size,27,187.0
sgboba 256 abm2,aboba,256,seed2,2,adaptive_batch/batch_size,28,206.0
sgboba 256 abm2,aboba,256,seed2,2,adaptive_batch/batch_size,29,233.0
sgboba 256 abm2,aboba,256,seed2,2,adaptive_batch/batch_size,30,264.0
sgboba 256 abm2,aboba,256,seed2,2,adaptive_batch/batch_size,31,303.0
sgboba 256 abm2,aboba,256,seed2,2,adaptive_batch/batch_size,32,355.0
sgboba 256 abm2,aboba,256,seed2,2,adaptive_batch/batch_size,33,417.0
sgboba 256 abm2,aboba,256,seed2,2,adaptive_batch/batch_size,34,507.0
sgboba 256 abm2,aboba,256,seed2,2,adaptive_batch/batch_size,35,630.0
sgboba 256 abm2,aboba,256,seed2,2,adaptive_batch/batch_size,36,797.0
sgboba 256 abm2,aboba,256,seed2,2,adaptive_batch/batch_size,37,1038.0
sgboba 256 abm2,aboba,256,seed2,2,adaptive_batch/batch_size,38,1395.0
sgboba 256 abm2,aboba,256,seed2,2,adaptive_batch/batch_size,39,1861.0
sgboba 256 abm2,aboba,256,seed3,2,adaptive_batch/batch_size,2,33.0
sgboba 256 abm2,aboba,256,seed3,2,adaptive_batch/batch_size,3,33.0
sgboba 256 abm2,aboba,256,seed3,2,adaptive_batch/batch_size,4,38.0
sgboba 256 abm2,aboba,256,seed3,2,adaptive_batch/batch_size,5,36.0
sgboba 256 abm2,aboba,256,seed3,2,adaptive_batch/batch_size,6,46.0
sgboba 256 abm2,aboba,256,seed3,2,adaptive_batch/batch_size,7,55.0
sgboba 256 abm2,aboba,256,seed3,2,adaptive_batch/batch_size,8,63.0
sgboba 256 abm2,aboba,256,seed3,2,adaptive_batch/batch_size,9,67.0
sgboba 256 abm2,aboba,256,seed3,2,adaptive_batch/batch_size,10,72.0
sgboba 256 abm2,aboba,256,seed3,2,adaptive_batch/batch_size,11,74.0
sgboba 256 abm2,aboba,256,seed3,2,adaptive_batch/batch_size,12,78.0
sgboba 256 abm2,aboba,256,seed3,2,adaptive_batch/batch_size,13,80.0
sgboba 256 abm2,aboba,256,seed3,2,adaptive_batch/batch_size,14,84.0
sgboba 256 abm2,aboba,256,seed3,2,adaptive_batch/batch_size,15,87.0
sgboba 256 abm2,aboba,256,seed3,2,adaptive_batch/batch_size,16,91.0
sgboba 256 abm2,aboba,256,seed3,2,adaptive_batch/batch_size,17,95.0
sgboba 256 abm2,aboba,256,seed3,2,adaptive_batch/batch_size,18,99.0
sgboba 256 abm2,aboba,256,seed3,2,adaptive_batch/batch_size,19,105.0
sgboba 256 abm2,aboba,256,seed3,2,adaptive_batch/batch_size,20,111.0
sgboba 256 abm2,aboba,256,seed3,2,adaptive_batch/batch_size,21,117.0
sgboba 256 abm2,aboba,256,seed3,2,adaptive_batch/batch_size,22,126.0
sgboba 256 abm2,aboba,256,seed3,2,adaptive_batch/batch_size,23,134.0
sgboba 256 abm2,aboba,256,seed3,2,adaptive_batch/batch_size,24,146.0
sgboba 256 abm2,aboba,256,seed3,2,adaptive_batch/batch_size,25,158.0
sgboba 256 abm2,aboba,256,seed3,2,adaptive_batch/batch_size,26,173.0
sgboba 256 abm2,aboba,256,seed3,2,adaptive_batch/batch_size,27,190.0
sgboba 256 abm2,aboba,256,seed3,2,adaptive_batch/batch_size,28,212.0
sgboba 256 abm2,aboba,256,seed3,2,adaptive_batch/batch_size,29,237.0
sgboba 256 abm2,aboba,256,seed3,2,adaptive_batch/batch_size,30,271.0
sgboba 256 abm2,aboba,256,seed3,2,adaptive_batch/batch_size,31,312.0
sgboba 256 abm2,aboba,256,seed3,2,adaptive_batch/batch_size,32,363.0
sgboba 256 abm2,aboba,256,seed3,2,adaptive_batch/batch_size,33,433.0
sgboba 256 abm2,aboba,256,seed3,2,adaptive_batch/batch_size,34,520.0
sgboba 256 abm2,aboba,256,seed3,2,adaptive_batch/batch_size,35,642.0
sgboba 256 abm2,aboba,256,seed3,2,adaptive_batch/batch_size,36,815.0
sgboba 256 abm2,aboba,256,seed3,2,adaptive_batch/batch_size,37,1056.0
sgboba 256 abm2,aboba,256,seed3,2,adaptive_batch/batch_size,38,1409.0
sgboba 256 abm2,aboba,256,seed3,2,adaptive_batch/batch_size,39,1883.0
sgboba 256 abm4,aboba,256,seed1,4,adaptive_batch/batch_size,2,66.0
sgboba 256 abm4,aboba,256,seed1,4,adaptive_batch/batch_size,3,69.0
sgboba 256 abm4,aboba,256,seed1,4,adaptive_batch/batch_size,4,74.0
sgboba 256 abm4,aboba,256,seed1,4,adaptive_batch/batch_size,5,83.0
sgboba 256 abm4,aboba,256,seed1,4,adaptive_batch/batch_size,6,92.0
sgboba 256 abm4,aboba,256,seed1,4,adaptive_batch/batch_size,7,100.0
sgboba 256 abm4,aboba,256,seed1,4,adaptive_batch/batch_size,8,108.0
sgboba 256 abm4,aboba,256,seed1,4,adaptive_batch/batch_size,9,115.0
sgboba 256 abm4,aboba,256,seed1,4,adaptive_batch/batch_size,10,121.0
sgboba 256 abm4,aboba,256,seed1,4,adaptive_batch/batch_size,11,127.0
sgboba 256 abm4,aboba,256,seed1,4,adaptive_batch/batch_size,12,134.0
sgboba 256 abm4,aboba,256,seed1,4,adaptive_batch/batch_size,13,140.0
sgboba 256 abm4,aboba,256,seed1,4,adaptive_batch/batch_size,14,147.0
sgboba 256 abm4,aboba,256,seed1,4,adaptive_batch/batch_size,15,153.0
sgboba 256 abm4,aboba,256,seed1,4,adaptive_batch/batch_size,16,161.0
sgboba 256 abm4,aboba,256,seed1,4,adaptive_batch/batch_size,17,169.0
sgboba 256 abm4,aboba,256,seed1,4,adaptive_batch/batch_size,18,179.0
sgboba 256 abm4,aboba,256,seed1,4,adaptive_batch/batch_size,19,188.0
sgboba 256 abm4,aboba,256,seed1,4,adaptive_batch/batch_size,20,200.0
sgboba 256 abm4,aboba,256,seed1,4,adaptive_batch/batch_size,21,212.0
sgboba 256 abm4,aboba,256,seed1,4,adaptive_batch/batch_size,22,228.0
sgboba 256 abm4,aboba,256,seed1,4,adaptive_batch/batch_size,23,245.0
sgboba 256 abm4,aboba,256,seed1,4,adaptive_batch/batch_size,24,262.0
sgboba 256 abm4,aboba,256,seed1,4,adaptive_batch/batch_size,25,287.0
sgboba 256 abm4,aboba,256,seed1,4,adaptive_batch/batch_size,26,311.0
sgboba 256 abm4,aboba,256,seed1,4,adaptive_batch/batch_size,27,342.0
sgboba 256 abm4,aboba,256,seed1,4,adaptive_batch/batch_size,28,378.0
sgboba 256 abm4,aboba,256,seed1,4,adaptive_batch/batch_size,29,426.0
sgboba 256 abm4,aboba,256,seed1,4,adaptive_batch/batch_size,30,481.0
sgboba 256 abm4,aboba,256,seed1,4,adaptive_batch/batch_size,31,558.0
sgboba 256 abm4,aboba,256,seed1,4,adaptive_batch/batch_size,32,649.0
sgboba 256 abm4,aboba,256,seed1,4,adaptive_batch/batch_size,33,789.0
sgboba 256 abm4,aboba,256,seed1,4,adaptive_batch/batch_size,34,955.0
sgboba 256 abm4,aboba,256,seed1,4,adaptive_batch/batch_size,35,1213.0
sgboba 256 abm4,aboba,256,seed1,4,adaptive_batch/batch_size,36,1570.0
sgboba 256 abm4,aboba,256,seed1,4,adaptive_batch/batch_size,37,2115.0
sgboba 256 abm4,aboba,256,seed1,4,adaptive_batch/batch_size,38,2979.0
sgboba 256 abm4,aboba,256,seed1,4,adaptive_batch/batch_size,39,4022.0
sgboba 256 abm4,aboba,256,seed2,4,adaptive_batch/batch_size,2,66.0
sgboba 256 abm4,aboba,256,seed2,4,adaptive_batch/batch_size,3,69.0
sgboba 256 abm4,aboba,256,seed2,4,adaptive_batch/batch_size,4,74.0
sgboba 256 abm4,aboba,256,seed2,4,adaptive_batch/batch_size,5,83.0
sgboba 256 abm4,aboba,256,seed2,4,adaptive_batch/batch_size,6,91.0
sgboba 256 abm4,aboba,256,seed2,4,adaptive_batch/batch_size,7,100.0
sgboba 256 abm4,aboba,256,seed2,4,adaptive_batch/batch_size,8,107.0
sgboba 256 abm4,aboba,256,seed2,4,adaptive_batch/batch_size,9,115.0
sgboba 256 abm4,aboba,256,seed2,4,adaptive_batch/batch_size,10,121.0
sgboba 256 abm4,aboba,256,seed2,4,adaptive_batch/batch_size,11,127.0
sgboba 256 abm4,aboba,256,seed2,4,adaptive_batch/batch_size,12,133.0
sgboba 256 abm4,aboba,256,seed2,4,adaptive_batch/batch_size,13,139.0
sgboba 256 abm4,aboba,256,seed2,4,adaptive_batch/batch_size,14,146.0
sgboba 256 abm4,aboba,256,seed2,4,adaptive_batch/batch_size,15,153.0
sgboba 256 abm4,aboba,256,seed2,4,adaptive_batch/batch_size,16,161.0
sgboba 256 abm4,aboba,256,seed2,4,adaptive_batch/batch_size,17,169.0
sgboba 256 abm4,aboba,256,seed2,4,adaptive_batch/batch_size,18,178.0
sgboba 256 abm4,aboba,256,seed2,4,adaptive_batch/batch_size,19,189.0
sgboba 256 abm4,aboba,256,seed2,4,adaptive_batch/batch_size,20,200.0
sgboba 256 abm4,aboba,256,seed2,4,adaptive_batch/batch_size,21,213.0
sgboba 256 abm4,aboba,256,seed2,4,adaptive_batch/batch_size,22,227.0
sgboba 256 abm4,aboba,256,seed2,4,adaptive_batch/batch_size,23,243.0
sgboba 256 abm4,aboba,256,seed2,4,adaptive_batch/batch_size,24,263.0
sgboba 256 abm4,aboba,256,seed2,4,adaptive_batch/batch_size,25,285.0
sgboba 256 abm4,aboba,256,seed2,4,adaptive_batch/batch_size,26,312.0
sgboba 256 abm4,aboba,256,seed2,4,adaptive_batch/batch_size,27,341.0
sgboba 256 abm4,aboba,256,seed2,4,adaptive_batch/batch_size,28,379.0
sgboba 256 abm4,aboba,256,seed2,4,adaptive_batch/batch_size,29,425.0
sgboba 256 abm4,aboba,256,seed2,4,adaptive_batch/batch_size,30,481.0
sgboba 256 abm4,aboba,256,seed2,4,adaptive_batch/batch_size,31,551.0
sgboba 256 abm4,aboba,256,seed2,4,adaptive_batch/batch_size,32,655.0
sgboba 256 abm4,aboba,256,seed2,4,adaptive_batch/batch_size,33,781.0
sgboba 256 abm4,aboba,256,seed2,4,adaptive_batch/batch_size,34,960.0
sgboba 256 abm4,aboba,256,seed2,4,adaptive_batch/batch_size,35,1211.0
sgboba 256 abm4,aboba,256,seed2,4,adaptive_batch/batch_size,36,1580.0
sgboba 256 abm4,aboba,256,seed2,4,adaptive_batch/batch_size,37,2088.0
sgboba 256 abm4,aboba,256,seed2,4,adaptive_batch/batch_size,38,2890.0
sgboba 256 abm4,aboba,256,seed2,4,adaptive_batch/batch_size,39,4060.0
sgboba 256 abm4,aboba,256,seed3,4,adaptive_batch/batch_size,2,66.0
sgboba 256 abm4,aboba,256,seed3,4,adaptive_batch/batch_size,3,69.0
sgboba 256 abm4,aboba,256,seed3,4,adaptive_batch/batch_size,4,74.0
sgboba 256 abm4,aboba,256,seed3,4,adaptive_batch/batch_size,5,83.0
sgboba 256 abm4,aboba,256,seed3,4,adaptive_batch/batch_size,6,92.0
sgboba 256 abm4,aboba,256,seed3,4,adaptive_batch/batch_size,7,100.0
sgboba 256 abm4,aboba,256,seed3,4,adaptive_batch/batch_size,8,108.0
sgboba 256 abm4,aboba,256,seed3,4,adaptive_batch/batch_size,9,115.0
sgboba 256 abm4,aboba,256,seed3,4,adaptive_batch/batch_size,10,121.0
sgboba 256 abm4,aboba,256,seed3,4,adaptive_batch/batch_size,11,127.0
sgboba 256 abm4,aboba,256,seed3,4,adaptive_batch/batch_size,12,133.0
sgboba 256 abm4,aboba,256,seed3,4,adaptive_batch/batch_size,13,139.0
sgboba 256 abm4,aboba,256,seed3,4,adaptive_batch/batch_size,14,147.0
sgboba 256 abm4,aboba,256,seed3,4,adaptive_batch/batch_size,15,153.0
sgboba 256 abm4,aboba,256,seed3,4,adaptive_batch/batch_size,16,161.0
sgboba 256 abm4,aboba,256,seed3,4,adaptive_batch/batch_size,17,169.0
sgboba 256 abm4,aboba,256,seed3,4,adaptive_batch/batch_size,18,178.0
sgboba 256 abm4,aboba,256,seed3,4,adaptive_batch/batch_size,19,188.0
sgboba 256 abm4,aboba,256,seed3,4,adaptive_batch/batch_size,20,200.0
sgboba 256 abm4,aboba,256,seed3,4,adaptive_batch/batch_size,21,214.0
sgboba 256 abm4,aboba,256,seed3,4,adaptive_batch/batch_size,22,226.0
sgboba 256 abm4,aboba,256,seed3,4,adaptive_batch/batch_size,23,244.0
sgboba 256 abm4,aboba,256,seed3,4,adaptive_batch/batch_size,24,263.0
sgboba 256 abm4,aboba,256,seed3,4,adaptive_batch/batch_size,25,287.0
sgboba 256 abm4,aboba,256,seed3,4,adaptive_batch/batch_size,26,312.0
sgboba 256 abm4,aboba,256,seed3,4,adaptive_batch/batch_size,27,343.0
sgboba 256 abm4,aboba,256,seed3,4,adaptive_batch/batch_size,28,379.0
sgboba 256 abm4,aboba,256,seed3,4,adaptive_batch/batch_size,29,429.0
sgboba 256 abm4,aboba,256,seed3,4,adaptive_batch/batch_size,30,484.0
sgboba 256 abm4,aboba,256,seed3,4,adaptive_batch/batch_size,31,557.0
sgboba 256 abm4,aboba,256,seed3,4,adaptive_batch/batch_size,32,654.0
sgboba 256 abm4,aboba,256,seed3,4,adaptive_batch/batch_size,33,785.0
sgboba 256 abm4,aboba,256,seed3,4,adaptive_batch/batch_size,34,959.0
sgboba 256 abm4,aboba,256,seed3,4,adaptive_batch/batch_size,35,1206.0
sgboba 256 abm4,aboba,256,seed3,4,adaptive_batch/batch_size,36,1598.0
sgboba 256 abm4,aboba,256,seed3,4,adaptive_batch/batch_size,37,2129.0
sgboba 256 abm4,aboba,256,seed3,4,adaptive_batch/batch_size,38,2910.0
sgboba 256 abm4,aboba,256,seed3,4,adaptive_batch/batch_size,39,4048.0
sgboba 256 abm8,aboba,256,seed1,8,adaptive_batch/batch_size,2,132.0
sgboba 256 abm8,aboba,256,seed1,8,adaptive_batch/batch_size,3,143.0
sgboba 256 abm8,aboba,256,seed1,8,adaptive_batch/batch_size,4,151.0
sgboba 256 abm8,aboba,256,seed1,8,adaptive_batch/batch_size,5,162.0
sgboba 256 abm8,aboba,256,seed1,8,adaptive_batch/batch_size,6,173.0
sgboba 256 abm8,aboba,256,seed1,8,adaptive_batch/batch_size,7,184.0
sgboba 256 abm8,aboba,256,seed1,8,adaptive_batch/batch_size,8,195.0
sgboba 256 abm8,aboba,256,seed1,8,adaptive_batch/batch_size,9,206.0
sgboba 256 abm8,aboba,256,seed1,8,adaptive_batch/batch_size,10,217.0
sgboba 256 abm8,aboba,256,seed1,8,adaptive_batch/batch_size,11,228.0
sgboba 256 abm8,aboba,256,seed1,8,adaptive_batch/batch_size,12,239.0
sgboba 256 abm8,aboba,256,seed1,8,adaptive_batch/batch_size,13,251.0
sgboba 256 abm8,aboba,256,seed1,8,adaptive_batch/batch_size,14,263.0
sgboba 256 abm8,aboba,256,seed1,8,adaptive_batch/batch_size,15,276.0
sgboba 256 abm8,aboba,256,seed1,8,adaptive_batch/batch_size,16,290.0
sgboba 256 abm8,aboba,256,seed1,8,adaptive_batch/batch_size,17,304.0
sgboba 256 abm8,aboba,256,seed1,8,adaptive_batch/batch_size,18,320.0
sgboba 256 abm8,aboba,256,seed1,8,adaptive_batch/batch_size,19,339.0
sgboba 256 abm8,aboba,256,seed1,8,adaptive_batch/batch_size,20,355.0
sgboba 256 abm8,aboba,256,seed1,8,adaptive_batch/batch_size,21,378.0
sgboba 256 abm8,aboba,256,seed1,8,adaptive_batch/batch_size,22,402.0
sgboba 256 abm8,aboba,256,seed1,8,adaptive_batch/batch_size,23,431.0
sgboba 256 abm8,aboba,256,seed1,8,adaptive_batch/batch_size,24,461.0
sgboba 256 abm8,aboba,256,seed1,8,adaptive_batch/batch_size,25,502.0
sgboba 256 abm8,aboba,256,seed1,8,adaptive_batch/batch_size,26,545.0
sgboba 256 abm8,aboba,256,seed1,8,adaptive_batch/batch_size,27,596.0
sgboba 256 abm8,aboba,256,seed1,8,adaptive_batch/batch_size,28,668.0
sgboba 256 abm8,aboba,256,seed1,8,adaptive_batch/batch_size,29,743.0
sgboba 256 abm8,aboba,256,seed1,8,adaptive_batch/batch_size,30,854.0
sgboba 256 abm8,aboba,256,seed1,8,adaptive_batch/batch_size,31,986.0
sgboba 256 abm8,aboba,256,seed1,8,adaptive_batch/batch_size,32,1181.0
sgboba 256 abm8,aboba,256,seed1,8,adaptive_batch/batch_size,33,1415.0
sgboba 256 abm8,aboba,256,seed1,8,adaptive_batch/batch_size,34,1779.0
sgboba 256 abm8,aboba,256,seed1,8,adaptive_batch/batch_size,35,2239.0
sgboba 256 abm8,aboba,256,seed1,8,adaptive_batch/batch_size,36,3004.0
sgboba 256 abm8,aboba,256,seed1,8,adaptive_batch/batch_size,37,4086.0
sgboba 256 abm8,aboba,256,seed1,8,adaptive_batch/batch_size,38,4096.0
sgboba 256 abm8,aboba,256,seed1,8,adaptive_batch/batch_size,39,4096.0
sgboba 256 abm8,aboba,256,seed2,8,adaptive_batch/batch_size,2,132.0
sgboba 256 abm8,aboba,256,seed2,8,adaptive_batch/batch_size,3,143.0
sgboba 256 abm8,aboba,256,seed2,8,adaptive_batch/batch_size,4,150.0
sgboba 256 abm8,aboba,256,seed2,8,adaptive_batch/batch_size,5,162.0
sgboba 256 abm8,aboba,256,seed2,8,adaptive_batch/batch_size,6,173.0
sgboba 256 abm8,aboba,256,seed2,8,adaptive_batch/batch_size,7,184.0
sgboba 256 abm8,aboba,256,seed2,8,adaptive_batch/batch_size,8,195.0
sgboba 256 abm8,aboba,256,seed2,8,adaptive_batch/batch_size,9,206.0
sgboba 256 abm8,aboba,256,seed2,8,adaptive_batch/batch_size,10,218.0
sgboba 256 abm8,aboba,256,seed2,8,adaptive_batch/batch_size,11,228.0
sgboba 256 abm8,aboba,256,seed2,8,adaptive_batch/batch_size,12,239.0
sgboba 256 abm8,aboba,256,seed2,8,adaptive_batch/batch_size,13,250.0
sgboba 256 abm8,aboba,256,seed2,8,adaptive_batch/batch_size,14,263.0
sgboba 256 abm8,aboba,256,seed2,8,adaptive_batch/batch_size,15,277.0
sgboba 256 abm8,aboba,256,seed2,8,adaptive_batch/batch_size,16,290.0
sgboba 256 abm8,aboba,256,seed2,8,adaptive_batch/batch_size,17,304.0
sgboba 256 abm8,aboba,256,seed2,8,adaptive_batch/batch_size,18,322.0
sgboba 256 abm8,aboba,256,seed2,8,adaptive_batch/batch_size,19,338.0
sgboba 256 abm8,aboba,256,seed2,8,adaptive_batch/batch_size,20,358.0
sgboba 256 abm8,aboba,256,seed2,8,adaptive_batch/batch_size,21,378.0
sgboba 256 abm8,aboba,256,seed2,8,adaptive_batch/batch_size,22,407.0
sgboba 256 abm8,aboba,256,seed2,8,adaptive_batch/batch_size,23,430.0
sgboba 256 abm8,aboba,256,seed2,8,adaptive_batch/batch_size,24,468.0
sgboba 256 abm8,aboba,256,seed2,8,adaptive_batch/batch_size,25,496.0
sgboba 256 abm8,aboba,256,seed2,8,adaptive_batch/batch_size,26,544.0
sgboba 256 abm8,aboba,256,seed2,8,adaptive_batch/batch_size,27,594.0
sgboba 256 abm8,aboba,256,seed2,8,adaptive_batch/batch_size,28,663.0
sgboba 256 abm8,aboba,256,seed2,8,adaptive_batch/batch_size,29,752.0
sgboba 256 abm8,aboba,256,seed2,8,adaptive_batch/batch_size,30,847.0
sgboba 256 abm8,aboba,256,seed2,8,adaptive_batch/batch_size,31,984.0
sgboba 256 abm8,aboba,256,seed2,8,adaptive_batch/batch_size,32,1166.0
sgboba 256 abm8,aboba,256,seed2,8,adaptive_batch/batch_size,33,1402.0
sgboba 256 abm8,aboba,256,seed2,8,adaptive_batch/batch_size,34,1776.0
sgboba 256 abm8,aboba,256,seed2,8,adaptive_batch/batch_size,35,2275.0
sgboba 256 abm8,aboba,256,seed2,8,adaptive_batch/batch_size,36,3014.0
sgboba 256 abm8,aboba,256,seed2,8,adaptive_batch/batch_size,37,4077.0
sgboba 256 abm8,aboba,256,seed2,8,adaptive_batch/batch_size,38,4096.0
sgboba 256 abm8,aboba,256,seed2,8,adaptive_batch/batch_size,39,4096.0
sgboba 256 abm8,aboba,256,seed3,8,adaptive_batch/batch_size,2,132.0
sgboba 256 abm8,aboba,256,seed3,8,adaptive_batch/batch_size,3,143.0
sgboba 256 abm8,aboba,256,seed3,8,adaptive_batch/batch_size,4,150.0
sgboba 256 abm8,aboba,256,seed3,8,adaptive_batch/batch_size,5,161.0
sgboba 256 abm8,aboba,256,seed3,8,adaptive_batch/batch_size,6,173.0
sgboba 256 abm8,aboba,256,seed3,8,adaptive_batch/batch_size,7,184.0
sgboba 256 abm8,aboba,256,seed3,8,adaptive_batch/batch_size,8,195.0
sgboba 256 abm8,aboba,256,seed3,8,adaptive_batch/batch_size,9,206.0
sgboba 256 abm8,aboba,256,seed3,8,adaptive_batch/batch_size,10,217.0
sgboba 256 abm8,aboba,256,seed3,8,adaptive_batch/batch_size,11,228.0
sgboba 256 abm8,aboba,256,seed3,8,adaptive_batch/batch_size,12,239.0
sgboba 256 abm8,aboba,256,seed3,8,adaptive_batch/batch_size,13,251.0
sgboba 256 abm8,aboba,256,seed3,8,adaptive_batch/batch_size,14,263.0
sgboba 256 abm8,aboba,256,seed3,8,adaptive_batch/batch_size,15,277.0
sgboba 256 abm8,aboba,256,seed3,8,adaptive_batch/batch_size,16,290.0
sgboba 256 abm8,aboba,256,seed3,8,adaptive_batch/batch_size,17,305.0
sgboba 256 abm8,aboba,256,seed3,8,adaptive_batch/batch_size,18,323.0
sgboba 256 abm8,aboba,256,seed3,8,adaptive_batch/batch_size,19,337.0
sgboba 256 abm8,aboba,256,seed3,8,adaptive_batch/batch_size,20,360.0
sgboba 256 abm8,aboba,256,seed3,8,adaptive_batch/batch_size,21,381.0
sgboba 256 abm8,aboba,256,seed3,8,adaptive_batch/batch_size,22,402.0
sgboba 256 abm8,aboba,256,seed3,8,adaptive_batch/batch_size,23,429.0
sgboba 256 abm8,aboba,256,seed3,8,adaptive_batch/batch_size,24,465.0
sgboba 256 abm8,aboba,256,seed3,8,adaptive_batch/batch_size,25,504.0
sgboba 256 abm8,aboba,256,seed3,8,adaptive_batch/batch_size,26,540.0
sgboba 256 abm8,aboba,256,seed3,8,adaptive_batch/batch_size,27,601.0
sgboba 256 abm8,aboba,256,seed3,8,adaptive_batch/batch_size,28,659.0
sgboba 256 abm8,aboba,256,seed3,8,adaptive_batch/batch_size,29,754.0
sgboba 256 abm8,aboba,256,seed3,8,adaptive_batch/batch_size,30,855.0
sgboba 256 abm8,aboba,256,seed3,8,adaptive_batch/batch_size,31,990.0
sgboba 256 abm8,aboba,256,seed3,8,adaptive_batch/batch_size,32,1178.0
sgboba 256 abm8,aboba,256,seed3,8,adaptive_batch/batch_size,33,1423.0
sgboba 256 abm8,aboba,256,seed3,8,adaptive_batch/batch_size,34,1754.0
sgboba 256 abm8,aboba,256,seed3,8,adaptive_batch/batch_size,35,2295.0
sgboba 256 abm8,aboba,256,seed3,8,adaptive_batch/batch_size,36,3026.0
sgboba 256 abm8,aboba,256,seed3,8,adaptive_batch/batch_size,37,4064.0
sgboba 256 abm8,aboba,256,seed3,8,adaptive_batch/batch_size,38,4096.0
sgboba 256 abm8,aboba,256,seed3,8,adaptive_batch/batch_size,39,4096.0
sgboba 512 abm16,aboba,512,seed1,16,adaptive_batch/batch_size,2,240.0
sgboba 512 abm16,aboba,512,seed1,16,adaptive_batch/batch_size,3,276.0
sgboba 512 abm16,aboba,512,seed1,16,adaptive_batch/batch_size,4,291.0
sgboba 512 abm16,aboba,512,seed1,16,adaptive_batch/batch_size,5,308.0
sgboba 512 abm16,aboba,512,seed1,16,adaptive_batch/batch_size,6,325.0
sgboba 512 abm16,aboba,512,seed1,16,adaptive_batch/batch_size,7,343.0
sgboba 512 abm16,aboba,512,seed1,16,adaptive_batch/batch_size,8,360.0
sgboba 512 abm16,aboba,512,seed1,16,adaptive_batch/batch_size,9,378.0
sgboba 512 abm16,aboba,512,seed1,16,adaptive_batch/batch_size,10,396.0
sgboba 512 abm16,aboba,512,seed1,16,adaptive_batch/batch_size,11,416.0
sgboba 512 abm16,aboba,512,seed1,16,adaptive_batch/batch_size,12,437.0
sgboba 512 abm16,aboba,512,seed1,16,adaptive_batch/batch_size,13,458.0
sgboba 512 abm16,aboba,512,seed1,16,adaptive_batch/batch_size,14,478.0
sgboba 512 abm16,aboba,512,seed1,16,adaptive_batch/batch_size,15,503.0
sgboba 512 abm16,aboba,512,seed1,16,adaptive_batch/batch_size,16,528.0
sgboba 512 abm16,aboba,512,seed1,16,adaptive_batch/batch_size,17,554.0
sgboba 512 abm16,aboba,512,seed1,16,adaptive_batch/batch_size,18,585.0
sgboba 512 abm16,aboba,512,seed1,16,adaptive_batch/batch_size,19,615.0
sgboba 512 abm16,aboba,512,seed1,16,adaptive_batch/batch_size,20,655.0
sgboba 512 abm16,aboba,512,seed1,16,adaptive_batch/batch_size,21,688.0
sgboba 512 abm16,aboba,512,seed1,16,adaptive_batch/batch_size,22,739.0
sgboba 512 abm16,aboba,512,seed1,16,adaptive_batch/batch_size,23,784.0
sgboba 512 abm16,aboba,512,seed1,16,adaptive_batch/batch_size,24,860.0
sgboba 512 abm16,aboba,512,seed1,16,adaptive_batch/batch_size,25,925.0
sgboba 512 abm16,aboba,512,seed1,16,adaptive_batch/batch_size,26,1021.0
sgboba 512 abm16,aboba,512,seed1,16,adaptive_batch/batch_size,27,1129.0
sgboba 512 abm16,aboba,512,seed1,16,adaptive_batch/batch_size,28,1260.0
sgboba 512 abm16,aboba,512,seed1,16,adaptive_batch/batch_size,29,1446.0
sgboba 512 abm16,aboba,512,seed1,16,adaptive_batch/batch_size,30,1674.0
sgboba 512 abm16,aboba,512,seed1,16,adaptive_batch/batch_size,31,1975.0
sgboba 512 abm16,aboba,512,seed1,16,adaptive_batch/batch_size,32,2371.0
sgboba 512 abm16,aboba,512,seed1,16,adaptive_batch/batch_size,33,2939.0
sgboba 512 abm16,aboba,512,seed1,16,adaptive_batch/batch_size,34,3741.0
sgboba 512 abm16,aboba,512,seed1,16,adaptive_batch/batch_size,35,4096.0
sgboba 512 abm16,aboba,512,seed1,16,adaptive_batch/batch_size,36,4096.0
sgboba 512 abm16,aboba,512,seed1,16,adaptive_batch/batch_size,37,4096.0
sgboba 512 abm16,aboba,512,seed1,16,adaptive_batch/batch_size,38,4096.0
sgboba 512 abm16,aboba,512,seed1,16,adaptive_batch/batch_size,39,4096.0
sgboba 512 abm16,aboba,512,seed2,16,adaptive_batch/batch_size,2,244.0
sgboba 512 abm16,aboba,512,seed2,16,adaptive_batch/batch_size,3,274.0
sgboba 512 abm16,aboba,512,seed2,16,adaptive_batch/batch_size,4,291.0
sgboba 512 abm16,aboba,512,seed2,16,adaptive_batch/batch_size,5,310.0
sgboba 512 abm16,aboba,512,seed2,16,adaptive_batch/batch_size,6,324.0
sgboba 512 abm16,aboba,512,seed2,16,adaptive_batch/batch_size,7,342.0
sgboba 512 abm16,aboba,512,seed2,16,adaptive_batch/batch_size,8,360.0
sgboba 512 abm16,aboba,512,seed2,16,adaptive_batch/batch_size,9,378.0
sgboba 512 abm16,aboba,512,seed2,16,adaptive_batch/batch_size,10,397.0
sgboba 512 abm16,aboba,512,seed2,16,adaptive_batch/batch_size,11,418.0
sgboba 512 abm16,aboba,512,seed2,16,adaptive_batch/batch_size,12,437.0
sgboba 512 abm16,aboba,512,seed2,16,adaptive_batch/batch_size,13,459.0
sgboba 512 abm16,aboba,512,seed2,16,adaptive_batch/batch_size,14,482.0
sgboba 512 abm16,aboba,512,seed2,16,adaptive_batch/batch_size,15,506.0
sgboba 512 abm16,aboba,512,seed2,16,adaptive_batch/batch_size,16,534.0
sgboba 512 abm16,aboba,512,seed2,16,adaptive_batch/batch_size,17,558.0
sgboba 512 abm16,aboba,512,seed2,16,adaptive_batch/batch_size,18,587.0
sgboba 512 abm16,aboba,512,seed2,16,adaptive_batch/batch_size,19,621.0
sgboba 512 abm16,aboba,512,seed2,16,adaptive_batch/batch_size,20,649.0
sgboba 512 abm16,aboba,512,seed2,16,adaptive_batch/batch_size,21,689.0
sgboba 512 abm16,aboba,512,seed2,16,adaptive_batch/batch_size,22,738.0
sgboba 512 abm16,aboba,512,seed2,16,adaptive_batch/batch_size,23,784.0
sgboba 512 abm16,aboba,512,seed2,16,adaptive_batch/batch_size,24,856.0
sgboba 512 abm16,aboba,512,seed2,16,adaptive_batch/batch_size,25,934.0
sgboba 512 abm16,aboba,512,seed2,16,adaptive_batch/batch_size,26,1025.0
sgboba 512 abm16,aboba,512,seed2,16,adaptive_batch/batch_size,27,1148.0
sgboba 512 abm16,aboba,512,seed2,16,adaptive_batch/batch_size,28,1270.0
sgboba 512 abm16,aboba,512,seed2,16,adaptive_batch/batch_size,29,1448.0
sgboba 512 abm16,aboba,512,seed2,16,adaptive_batch/batch_size,30,1654.0
sgboba 512 abm16,aboba,512,seed2,16,adaptive_batch/batch_size,31,1966.0
sgboba 512 abm16,aboba,512,seed2,16,adaptive_batch/batch_size,32,2350.0
sgboba 512 abm16,aboba,512,seed2,16,adaptive_batch/batch_size,33,2950.0
sgboba 512 abm16,aboba,512,seed2,16,adaptive_batch/batch_size,34,3660.0
sgboba 512 abm16,aboba,512,seed2,16,adaptive_batch/batch_size,35,4096.0
sgboba 512 abm16,aboba,512,seed2,16,adaptive_batch/batch_size,36,4096.0
sgboba 512 abm16,aboba,512,seed2,16,adaptive_batch/batch_size,37,4096.0
sgboba 512 abm16,aboba,512,seed2,16,adaptive_batch/batch_size,38,4096.0
sgboba 512 abm16,aboba,512,seed2,16,adaptive_batch/batch_size,39,4096.0
sgboba 512 abm16,aboba,512,seed3,16,adaptive_batch/batch_size,2,247.0
sgboba 512 abm16,aboba,512,seed3,16,adaptive_batch/batch_size,3,275.0
sgboba 512 abm16,aboba,512,seed3,16,adaptive_batch/batch_size,4,291.0
sgboba 512 abm16,aboba,512,seed3,16,adaptive_batch/batch_size,5,307.0
sgboba 512 abm16,aboba,512,seed3,16,adaptive_batch/batch_size,6,325.0
sgboba 512 abm16,aboba,512,seed3,16,adaptive_batch/batch_size,7,342.0
sgboba 512 abm16,aboba,512,seed3,16,adaptive_batch/batch_size,8,359.0
sgboba 512 abm16,aboba,512,seed3,16,adaptive_batch/batch_size,9,377.0
sgboba 512 abm16,aboba,512,seed3,16,adaptive_batch/batch_size,10,395.0
sgboba 512 abm16,aboba,512,seed3,16,adaptive_batch/batch_size,11,416.0
sgboba 512 abm16,aboba,512,seed3,16,adaptive_batch/batch_size,12,436.0
sgboba 512 abm16,aboba,512,seed3,16,adaptive_batch/batch_size,13,459.0
sgboba 512 abm16,aboba,512,seed3,16,adaptive_batch/batch_size,14,480.0
sgboba 512 abm16,aboba,512,seed3,16,adaptive_batch/batch_size,15,504.0
sgboba 512 abm16,aboba,512,seed3,16,adaptive_batch/batch_size,16,532.0
sgboba 512 abm16,aboba,512,seed3,16,adaptive_batch/batch_size,17,559.0
sgboba 512 abm16,aboba,512,seed3,16,adaptive_batch/batch_size,18,586.0
sgboba 512 abm16,aboba,512,seed3,16,adaptive_batch/batch_size,19,617.0
sgboba 512 abm16,aboba,512,seed3,16,adaptive_batch/batch_size,20,651.0
sgboba 512 abm16,aboba,512,seed3,16,adaptive_batch/batch_size,21,687.0
sgboba 512 abm16,aboba,512,seed3,16,adaptive_batch/batch_size,22,742.0
sgboba 512 abm16,aboba,512,seed3,16,adaptive_batch/batch_size,23,791.0
sgboba 512 abm16,aboba,512,seed3,16,adaptive_batch/batch_size,24,856.0
sgboba 512 abm16,aboba,512,seed3,16,adaptive_batch/batch_size,25,936.0
sgboba 512 abm16,aboba,512,seed3,16,adaptive_batch/batch_size,26,1025.0
sgboba 512 abm16,aboba,512,seed3,16,adaptive_batch/batch_size,27,1144.0
sgboba 512 abm16,aboba,512,seed3,16,adaptive_batch/batch_size,28,1274.0
sgboba 512 abm16,aboba,512,seed3,16,adaptive_batch/batch_size,29,1456.0
sgboba 512 abm16,aboba,512,seed3,16,adaptive_batch/batch_size,30,1679.0
sgboba 512 abm16,aboba,512,seed3,16,adaptive_batch/batch_size,31,1986.0
sgboba 512 abm16,aboba,512,seed3,16,adaptive_batch/batch_size,32,2384.0
sgboba 512 abm16,aboba,512,seed3,16,adaptive_batch/batch_size,33,2957.0
sgboba 512 abm16,aboba,512,seed3,16,adaptive_batch/batch_size,34,3711.0
sgboba 512 abm16,aboba,512,seed3,16,adaptive_batch/batch_size,35,4096.0
sgboba 512 abm16,aboba,512,seed3,16,adaptive_batch/batch_size,36,4096.0
sgboba 512 abm16,aboba,512,seed3,16,adaptive_batch/batch_size,37,4096.0
sgboba 512 abm16,aboba,512,seed3,16,adaptive_batch/batch_size,38,4096.0
sgboba 512 abm16,aboba,512,seed3,16,adaptive_batch/batch_size,39,4096.0
sgboba 512 abm2,aboba,512,seed1,2,adaptive_batch/batch_size,2,30.0
sgboba 512 abm2,aboba,512,seed1,2,adaptive_batch/batch_size,3,30.0
sgboba 512 abm2,aboba,512,seed1,2,adaptive_batch/batch_size,4,37.0
sgboba 512 abm2,aboba,512,seed1,2,adaptive_batch/batch_size,5,39.0
sgboba 512 abm2,aboba,512,seed1,2,adaptive_batch/batch_size,6,49.0
sgboba 512 abm2,aboba,512,seed1,2,adaptive_batch/batch_size,7,57.0
sgboba 512 abm2,aboba,512,seed1,2,adaptive_batch/batch_size,8,63.0
sgboba 512 abm2,aboba,512,seed1,2,adaptive_batch/batch_size,9,67.0
sgboba 512 abm2,aboba,512,seed1,2,adaptive_batch/batch_size,10,71.0
sgboba 512 abm2,aboba,512,seed1,2,adaptive_batch/batch_size,11,74.0
sgboba 512 abm2,aboba,512,seed1,2,adaptive_batch/batch_size,12,77.0
sgboba 512 abm2,aboba,512,seed1,2,adaptive_batch/batch_size,13,79.0
sgboba 512 abm2,aboba,512,seed1,2,adaptive_batch/batch_size,14,82.0
sgboba 512 abm2,aboba,512,seed1,2,adaptive_batch/batch_size,15,86.0
sgboba 512 abm2,aboba,512,seed1,2,adaptive_batch/batch_size,16,90.0
sgboba 512 abm2,aboba,512,seed1,2,adaptive_batch/batch_size,17,93.0
sgboba 512 abm2,aboba,512,seed1,2,adaptive_batch/batch_size,18,98.0
sgboba 512 abm2,aboba,512,seed1,2,adaptive_batch/batch_size,19,103.0
sgboba 512 abm2,aboba,512,seed1,2,adaptive_batch/batch_size,20,109.0
sgboba 512 abm2,aboba,512,seed1,2,adaptive_batch/batch_size,21,116.0
sgboba 512 abm2,aboba,512,seed1,2,adaptive_batch/batch_size,22,124.0
sgboba 512 abm2,aboba,512,seed1,2,adaptive_batch/batch_size,23,133.0
sgboba 512 abm2,aboba,512,seed1,2,adaptive_batch/batch_size,24,144.0
sgboba 512 abm2,aboba,512,seed1,2,adaptive_batch/batch_size,25,156.0
sgboba 512 abm2,aboba,512,seed1,2,adaptive_batch/batch_size,26,171.0
sgboba 512 abm2,aboba,512,seed1,2,adaptive_batch/batch_size,27,189.0
sgboba 512 abm2,aboba,512,seed1,2,adaptive_batch/batch_size,28,209.0
sgboba 512 abm2,aboba,512,seed1,2,adaptive_batch/batch_size,29,235.0
sgboba 512 abm2,aboba,512,seed1,2,adaptive_batch/batch_size,30,267.0
sgboba 512 abm2,aboba,512,seed1,2,adaptive_batch/batch_size,31,307.0
sgboba 512 abm2,aboba,512,seed1,2,adaptive_batch/batch_size,32,357.0
sgboba 512 abm2,aboba,512,seed1,2,adaptive_batch/batch_size,33,423.0
sgboba 512 abm2,aboba,512,seed1,2,adaptive_batch/batch_size,34,513.0
sgboba 512 abm2,aboba,512,seed1,2,adaptive_batch/batch_size,35,635.0
sgboba 512 abm2,aboba,512,seed1,2,adaptive_batch/batch_size,36,802.0
sgboba 512 abm2,aboba,512,seed1,2,adaptive_batch/batch_size,37,1051.0
sgboba 512 abm2,aboba,512,seed1,2,adaptive_batch/batch_size,38,1406.0
sgboba 512 abm2,aboba,512,seed1,2,adaptive_batch/batch_size,39,1856.0
sgboba 512 abm2,aboba,512,seed2,2,adaptive_batch/batch_size,2,30.0
sgboba 512 abm2,aboba,512,seed2,2,adaptive_batch/batch_size,3,33.0
sgboba 512 abm2,aboba,512,seed2,2,adaptive_batch/batch_size,4,30.0
sgboba 512 abm2,aboba,512,seed2,2,adaptive_batch/batch_size,5,37.0
sgboba 512 abm2,aboba,512,seed2,2,adaptive_batch/batch_size,6,47.0
sgboba 512 abm2,aboba,512,seed2,2,adaptive_batch/batch_size,7,58.0
sgboba 512 abm2,aboba,512,seed2,2,adaptive_batch/batch_size,8,64.0
sgboba 512 abm2,aboba,512,seed2,2,adaptive_batch/batch_size,9,69.0
sgboba 512 abm2,aboba,512,seed2,2,adaptive_batch/batch_size,10,72.0
sgboba 512 abm2,aboba,512,seed2,2,adaptive_batch/batch_size,11,75.0
sgboba 512 abm2,aboba,512,seed2,2,adaptive_batch/batch_size,12,78.0
sgboba 512 abm2,aboba,512,seed2,2,adaptive_batch/batch_size,13,81.0
sgboba 512 abm2,aboba,512,seed2,2,adaptive_batch/batch_size,14,84.0
sgboba 512 abm2,aboba,512,seed2,2,adaptive_batch/batch_size,15,87.0
sgboba 512 abm2,aboba,512,seed2,2,adaptive_batch/batch_size,16,91.0
sgboba 512 abm2,aboba,512,seed2,2,adaptive_batch/batch_size,17,95.0
sgboba 512 abm2,aboba,512,seed2,2,adaptive_batch/batch_size,18,100.0
sgboba 512 abm2,aboba,512,seed2,2,adaptive_batch/batch_size,19,105.0
sgboba 512 abm2,aboba,512,seed2,2,adaptive_batch/batch_size,20,111.0
sgboba 512 abm2,aboba,512,seed2,2,adaptive_batch/batch_size,21,118.0
sgboba 512 abm2,aboba,512,seed2,2,adaptive_batch/batch_size,22,126.0
sgboba 512 abm2,aboba,512,seed2,2,adaptive_batch/batch_size,23,135.0
sgboba 512 abm2,aboba,512,seed2,2,adaptive_batch/batch_size,24,146.0
sgboba 512 abm2,aboba,512,seed2,2,adaptive_batch/batch_size,25,158.0
sgboba 512 abm2,aboba,512,seed2,2,adaptive_batch/batch_size,26,173.0
sgboba 512 abm2,aboba,512,seed2,2,adaptive_batch/batch_size,27,191.0
sgboba 512 abm2,aboba,512,seed2,2,adaptive_batch/batch_size,28,212.0
sgboba 512 abm2,aboba,512,seed2,2,adaptive_batch/batch_size,29,238.0
sgboba 512 abm2,aboba,512,seed2,2,adaptive_batch/batch_size,30,270.0
sgboba 512 abm2,aboba,512,seed2,2,adaptive_batch/batch_size,31,310.0
sgboba 512 abm2,aboba,512,seed2,2,adaptive_batch/batch_size,32,364.0
sgboba 512 abm2,aboba,512,seed2,2,adaptive_batch/batch_size,33,430.0
sgboba 512 abm2,aboba,512,seed2,2,adaptive_batch/batch_size,34,526.0
sgboba 512 abm2,aboba,512,seed2,2,adaptive_batch/batch_size,35,638.0
sgboba 512 abm2,aboba,512,seed2,2,adaptive_batch/batch_size,36,818.0
sgboba 512 abm2,aboba,512,seed2,2,adaptive_batch/batch_size,37,1068.0
sgboba 512 abm2,aboba,512,seed2,2,adaptive_batch/batch_size,38,1423.0
sgboba 512 abm2,aboba,512,seed2,2,adaptive_batch/batch_size,39,1889.0
sgboba 512 abm2,aboba,512,seed3,2,adaptive_batch/batch_size,2,30.0
sgboba 512 abm2,aboba,512,seed3,2,adaptive_batch/batch_size,3,31.0
sgboba 512 abm2,aboba,512,seed3,2,adaptive_batch/batch_size,4,34.0
sgboba 512 abm2,aboba,512,seed3,2,adaptive_batch/batch_size,5,41.0
sgboba 512 abm2,aboba,512,seed3,2,adaptive_batch/batch_size,6,50.0
sgboba 512 abm2,aboba,512,seed3,2,adaptive_batch/batch_size,7,58.0
sgboba 512 abm2,aboba,512,seed3,2,adaptive_batch/batch_size,8,63.0
sgboba 512 abm2,aboba,512,seed3,2,adaptive_batch/batch_size,9,68.0
sgboba 512 abm2,aboba,512,seed3,2,adaptive_batch/batch_size,10,71.0
sgboba 512 abm2,aboba,512,seed3,2,adaptive_batch/batch_size,11,74.0
sgboba 512 abm2,aboba,512,seed3,2,adaptive_batch/batch_size,12,77.0
sgboba 512 abm2,aboba,512,seed3,2,adaptive_batch/batch_size,13,79.0
sgboba 512 abm2,aboba,512,seed3,2,adaptive_batch/batch_size,14,83.0
sgboba 512 abm2,aboba,512,seed3,2,adaptive_batch/batch_size,15,86.0
sgboba 512 abm2,aboba,512,seed3,2,adaptive_batch/batch_size,16,89.0
sgboba 512 abm2,aboba,512,seed3,2,adaptive_batch/batch_size,17,94.0
sgboba 512 abm2,aboba,512,seed3,2,adaptive_batch/batch_size,18,98.0
sgboba 512 abm2,aboba,512,seed3,2,adaptive_batch/batch_size,19,104.0
sgboba 512 abm2,aboba,512,seed3,2,adaptive_batch/batch_size,20,109.0
sgboba 512 abm2,aboba,512,seed3,2,adaptive_batch/batch_size,21,116.0
sgboba 512 abm2,aboba,512,seed3,2,adaptive_batch/batch_size,22,124.0
sgboba 512 abm2,aboba,512,seed3,2,adaptive_batch/batch_size,23,133.0
sgboba 512 abm2,aboba,512,seed3,2,adaptive_batch/batch_size,24,144.0
sgboba 512 abm2,aboba,512,seed3,2,adaptive_batch/batch_size,25,156.0
sgboba 512 abm2,aboba,512,seed3,2,adaptive_batch/batch_size,26,171.0
sgboba 512 abm2,aboba,512,seed3,2,adaptive_batch/batch_size,27,188.0
sgboba 512 abm2,aboba,512,seed3,2,adaptive_batch/batch_size,28,210.0
sgboba 512 abm2,aboba,512,seed3,2,adaptive_batch/batch_size,29,235.0
sgboba 512 abm2,aboba,512,seed3,2,adaptive_batch/batch_size,30,266.0
sgboba 512 abm2,aboba,512,seed3,2,adaptive_batch/batch_size,31,307.0
sgboba 512 abm2,aboba,512,seed3,2,adaptive_batch/batch_size,32,358.0
sgboba 512 abm2,aboba,512,seed3,2,adaptive_batch/batch_size,33,424.0
sgboba 512 abm2,aboba,512,seed3,2,adaptive_batch/batch_size,34,514.0
sgboba 512 abm2,aboba,512,seed3,2,adaptive_batch/batch_size,35,636.0
sgboba 512 abm2,aboba,512,seed3,2,adaptive_batch/batch_size,36,808.0
sgboba 512 abm2,aboba,512,seed3,2,adaptive_batch/batch_size,37,1056.0
sgboba 512 abm2,aboba,512,seed3,2,adaptive_batch/batch_size,38,1403.0
sgboba 512 abm2,aboba,512,seed3,2,adaptive_batch/batch_size,39,1875.0
sgboba 512 abm4,aboba,512,seed1,4,adaptive_batch/batch_size,2,60.0
sgboba 512 abm4,aboba,512,seed1,4,adaptive_batch/batch_size,3,64.0
sgboba 512 abm4,aboba,512,seed1,4,adaptive_batch/batch_size,4,70.0
sgboba 512 abm4,aboba,512,seed1,4,adaptive_batch/batch_size,5,81.0
sgboba 512 abm4,aboba,512,seed1,4,adaptive_batch/batch_size,6,90.0
sgboba 512 abm4,aboba,512,seed1,4,adaptive_batch/batch_size,7,99.0
sgboba 512 abm4,aboba,512,seed1,4,adaptive_batch/batch_size,8,107.0
sgboba 512 abm4,aboba,512,seed1,4,adaptive_batch/batch_size,9,114.0
sgboba 512 abm4,aboba,512,seed1,4,adaptive_batch/batch_size,10,121.0
sgboba 512 abm4,aboba,512,seed1,4,adaptive_batch/batch_size,11,128.0
sgboba 512 abm4,aboba,512,seed1,4,adaptive_batch/batch_size,12,133.0
sgboba 512 abm4,aboba,512,seed1,4,adaptive_batch/batch_size,13,140.0
sgboba 512 abm4,aboba,512,seed1,4,adaptive_batch/batch_size,14,147.0
sgboba 512 abm4,aboba,512,seed1,4,adaptive_batch/batch_size,15,153.0
sgboba 512 abm4,aboba,512,seed1,4,adaptive_batch/batch_size,16,161.0
sgboba 512 abm4,aboba,512,seed1,4,adaptive_batch/batch_size,17,169.0
sgboba 512 abm4,aboba,512,seed1,4,adaptive_batch/batch_size,18,178.0
sgboba 512 abm4,aboba,512,seed1,4,adaptive_batch/batch_size,19,189.0
sgboba 512 abm4,aboba,512,seed1,4,adaptive_batch/batch_size,20,200.0
sgboba 512 abm4,aboba,512,seed1,4,adaptive_batch/batch_size,21,212.0
sgboba 512 abm4,aboba,512,seed1,4,adaptive_batch/batch_size,22,228.0
sgboba 512 abm4,aboba,512,seed1,4,adaptive_batch/batch_size,23,244.0
sgboba 512 abm4,aboba,512,seed1,4,adaptive_batch/batch_size,24,264.0
sgboba 512 abm4,aboba,512,seed1,4,adaptive_batch/batch_size,25,285.0
sgboba 512 abm4,aboba,512,seed1,4,adaptive_batch/batch_size,26,312.0
sgboba 512 abm4,aboba,512,seed1,4,adaptive_batch/batch_size,27,343.0
sgboba 512 abm4,aboba,512,seed1,4,adaptive_batch/batch_size,28,381.0
sgboba 512 abm4,aboba,512,seed1,4,adaptive_batch/batch_size,29,426.0
sgboba 512 abm4,aboba,512,seed1,4,adaptive_batch/batch_size,30,485.0
sgboba 512 abm4,aboba,512,seed1,4,adaptive_batch/batch_size,31,555.0
sgboba 512 abm4,aboba,512,seed1,4,adaptive_batch/batch_size,32,656.0
sgboba 512 abm4,aboba,512,seed1,4,adaptive_batch/batch_size,33,774.0
sgboba 512 abm4,aboba,512,seed1,4,adaptive_batch/batch_size,34,956.0
sgboba 512 abm4,aboba,512,seed1,4,adaptive_batch/batch_size,35,1220.0
sgboba 512 abm4,aboba,512,seed1,4,adaptive_batch/batch_size,36,1610.0
sgboba 512 abm4,aboba,512,seed1,4,adaptive_batch/batch_size,37,2129.0
sgboba 512 abm4,aboba,512,seed1,4,adaptive_batch/batch_size,38,2946.0
sgboba 512 abm4,aboba,512,seed1,4,adaptive_batch/batch_size,39,4096.0
sgboba 512 abm4,aboba,512,seed2,4,adaptive_batch/batch_size,2,61.0
sgboba 512 abm4,aboba,512,seed2,4,adaptive_batch/batch_size,3,64.0
sgboba 512 abm4,aboba,512,seed2,4,adaptive_batch/batch_size,4,71.0
sgboba 512 abm4,aboba,512,seed2,4,adaptive_batch/batch_size,5,81.0
sgboba 512 abm4,aboba,512,seed2,4,adaptive_batch/batch_size,6,89.0
sgboba 512 abm4,aboba,512,seed2,4,adaptive_batch/batch_size,7,99.0
sgboba 512 abm4,aboba,512,seed2,4,adaptive_batch/batch_size,8,107.0
sgboba 512 abm4,aboba,512,seed2,4,adaptive_batch/batch_size,9,114.0
sgboba 512 abm4,aboba,512,seed2,4,adaptive_batch/batch_size,10,121.0
sgboba 512 abm4,aboba,512,seed2,4,adaptive_batch/batch_size,11,127.0
sgboba 512 abm4,aboba,512,seed2,4,adaptive_batch/batch_size,12,133.0
sgboba 512 abm4,aboba,512,seed2,4,adaptive_batch/batch_size,13,140.0
sgboba 512 abm4,aboba,512,seed2,4,adaptive_batch/batch_size,14,146.0
sgboba 512 abm4,aboba,512,seed2,4,adaptive_batch/batch_size,15,153.0
sgboba 512 abm4,aboba,512,seed2,4,adaptive_batch/batch_size,16,161.0
sgboba 512 abm4,aboba,512,seed2,4,adaptive_batch/batch_size,17,169.0
sgboba 512 abm4,aboba,512,seed2,4,adaptive_batch/batch_size,18,178.0
sgboba 512 abm4,aboba,512,seed2,4,adaptive_batch/batch_size,19,189.0
sgboba 512 abm4,aboba,512,seed2,4,adaptive_batch/batch_size,20,199.0
sgboba 512 abm4,aboba,512,seed2,4,adaptive_batch/batch_size,21,213.0
sgboba 512 abm4,aboba,512,seed2,4,adaptive_batch/batch_size,22,227.0
sgboba 512 abm4,aboba,512,seed2,4,adaptive_batch/batch_size,23,244.0
sgboba 512 abm4,aboba,512,seed2,4,adaptive_batch/batch_size,24,263.0
sgboba 512 abm4,aboba,512,seed2,4,adaptive_batch/batch_size,25,286.0
sgboba 512 abm4,aboba,512,seed2,4,adaptive_batch/batch_size,26,310.0
sgboba 512 abm4,aboba,512,seed2,4,adaptive_batch/batch_size,27,346.0
sgboba 512 abm4,aboba,512,seed2,4,adaptive_batch/batch_size,28,377.0
sgboba 512 abm4,aboba,512,seed2,4,adaptive_batch/batch_size,29,430.0
sgboba 512 abm4,aboba,512,seed2,4,adaptive_batch/batch_size,30,482.0
sgboba 512 abm4,aboba,512,seed2,4,adaptive_batch/batch_size,31,558.0
sgboba 512 abm4,aboba,512,seed2,4,adaptive_batch/batch_size,32,659.0
sgboba 512 abm4,aboba,512,seed2,4,adaptive_batch/batch_size,33,785.0
sgboba 512 abm4,aboba,512,seed2,4,adaptive_batch/batch_size,34,964.0
sgboba 512 abm4,aboba,512,seed2,4,adaptive_batch/batch_size,35,1217.0
sgboba 512 abm4,aboba,512,seed2,4,adaptive_batch/batch_size,36,1601.0
sgboba 512 abm4,aboba,512,seed2,4,adaptive_batch/batch_size,37,2144.0
sgboba 512 abm4,aboba,512,seed2,4,adaptive_batch/batch_size,38,2944.0
sgboba 512 abm4,aboba,512,seed2,4,adaptive_batch/batch_size,39,4050.0
sgboba 512 abm4,aboba,512,seed3,4,adaptive_batch/batch_size,2,61.0
sgboba 512 abm4,aboba,512,seed3,4,adaptive_batch/batch_size,3,65.0
sgboba 512 abm4,aboba,512,seed3,4,adaptive_batch/batch_size,4,71.0
sgboba 512 abm4,aboba,512,seed3,4,adaptive_batch/batch_size,5,81.0
sgboba 512 abm4,aboba,512,seed3,4,adaptive_batch/batch_size,6,89.0
sgboba 512 abm4,aboba,512,seed3,4,adaptive_batch/batch_size,7,99.0
sgboba 512 abm4,aboba,512,seed3,4,adaptive_batch/batch_size,8,107.0
sgboba 512 abm4,aboba,512,seed3,4,adaptive_batch/batch_size,9,114.0
sgboba 512 abm4,aboba,512,seed3,4,adaptive_batch/batch_size,10,120.0
sgboba 512 abm4,aboba,512,seed3,4,adaptive_batch/batch_size,11,127.0
sgboba 512 abm4,aboba,512,seed3,4,adaptive_batch/batch_size,12,133.0
sgboba 512 abm4,aboba,512,seed3,4,adaptive_batch/batch_size,13,140.0
sgboba 512 abm4,aboba,512,seed3,4,adaptive_batch/batch_size,14,146.0
sgboba 512 abm4,aboba,512,seed3,4,adaptive_batch/batch_size,15,154.0
sgboba 512 abm4,aboba,512,seed3,4,adaptive_batch/batch_size,16,161.0
sgboba 512 abm4,aboba,512,seed3,4,adaptive_batch/batch_size,17,169.0
sgboba 512 abm4,aboba,512,seed3,4,adaptive_batch/batch_size,18,179.0
sgboba 512 abm4,aboba,512,seed3,4,adaptive_batch/batch_size,19,189.0
sgboba 512 abm4,aboba,512,seed3,4,adaptive_batch/batch_size,20,200.0
sgboba 512 abm4,aboba,512,seed3,4,adaptive_batch/batch_size,21,213.0
sgboba 512 abm4,aboba,512,seed3,4,adaptive_batch/batch_size,22,227.0
sgboba 512 abm4,aboba,512,seed3,4,adaptive_batch/batch_size,23,246.0
sgboba 512 abm4,aboba,512,seed3,4,adaptive_batch/batch_size,24,264.0
sgboba 512 abm4,aboba,512,seed3,4,adaptive_batch/batch_size,25,286.0
sgboba 512 abm4,aboba,512,seed3,4,adaptive_batch/batch_size,26,313.0
sgboba 512 abm4,aboba,512,seed3,4,adaptive_batch/batch_size,27,343.0
sgboba 512 abm4,aboba,512,seed3,4,adaptive_batch/batch_size,28,382.0
sgboba 512 abm4,aboba,512,seed3,4,adaptive_batch/batch_size,29,428.0
sgboba 512 abm4,aboba,512,seed3,4,adaptive_batch/batch_size,30,484.0
sgboba 512 abm4,aboba,512,seed3,4,adaptive_batch/batch_size,31,560.0
sgboba 512 abm4,aboba,512,seed3,4,adaptive_batch/batch_size,32,657.0
sgboba 512 abm4,aboba,512,seed3,4,adaptive_batch/batch_size,33,787.0
sgboba 512 abm4,aboba,512,seed3,4,adaptive_batch/batch_size,34,964.0
sgboba 512 abm4,aboba,512,seed3,4,adaptive_batch/batch_size,35,1211.0
sgboba 512 abm4,aboba,512,seed3,4,adaptive_batch/batch_size,36,1603.0
sgboba 512 abm4,aboba,512,seed3,4,adaptive_batch/batch_size,37,2098.0
sgboba 512 abm4,aboba,512,seed3,4,adaptive_batch/batch_size,38,2917.0
sgboba 512 abm4,aboba,512,seed3,4,adaptive_batch/batch_size,39,4031.0
sgboba 512 abm8,aboba,512,seed1,8,adaptive_batch/batch_size,2,120.0
sgboba 512 abm8,aboba,512,seed1,8,adaptive_batch/batch_size,3,137.0
sgboba 512 abm8,aboba,512,seed1,8,adaptive_batch/batch_size,4,143.0
sgboba 512 abm8,aboba,512,seed1,8,adaptive_batch/batch_size,5,155.0
sgboba 512 abm8,aboba,512,seed1,8,adaptive_batch/batch_size,6,168.0
sgboba 512 abm8,aboba,512,seed1,8,adaptive_batch/batch_size,7,179.0
sgboba 512 abm8,aboba,512,seed1,8,adaptive_batch/batch_size,8,191.0
sgboba 512 abm8,aboba,512,seed1,8,adaptive_batch/batch_size,9,202.0
sgboba 512 abm8,aboba,512,seed1,8,adaptive_batch/batch_size,10,214.0
sgboba 512 abm8,aboba,512,seed1,8,adaptive_batch/batch_size,11,226.0
sgboba 512 abm8,aboba,512,seed1,8,adaptive_batch/batch_size,12,237.0
sgboba 512 abm8,aboba,512,seed1,8,adaptive_batch/batch_size,13,249.0
sgboba 512 abm8,aboba,512,seed1,8,adaptive_batch/batch_size,14,262.0
sgboba 512 abm8,aboba,512,seed1,8,adaptive_batch/batch_size,15,276.0
sgboba 512 abm8,aboba,512,seed1,8,adaptive_batch/batch_size,16,289.0
sgboba 512 abm8,aboba,512,seed1,8,adaptive_batch/batch_size,17,304.0
sgboba 512 abm8,aboba,512,seed1,8,adaptive_batch/batch_size,18,321.0
sgboba 512 abm8,aboba,512,seed1,8,adaptive_batch/batch_size,19,339.0
sgboba 512 abm8,aboba,512,seed1,8,adaptive_batch/batch_size,20,357.0
sgboba 512 abm8,aboba,512,seed1,8,adaptive_batch/batch_size,21,381.0
sgboba 512 abm8,aboba,512,seed1,8,adaptive_batch/batch_size,22,401.0
sgboba 512 abm8,aboba,512,seed1,8,adaptive_batch/batch_size,23,433.0
sgboba 512 abm8,aboba,512,seed1,8,adaptive_batch/batch_size,24,462.0
sgboba 512 abm8,aboba,512,seed1,8,adaptive_batch/batch_size,25,500.0
sgboba 512 abm8,aboba,512,seed1,8,adaptive_batch/batch_size,26,552.0
sgboba 512 abm8,aboba,512,seed1,8,adaptive_batch/batch_size,27,595.0
sgboba 512 abm8,aboba,512,seed1,8,adaptive_batch/batch_size,28,670.0
sgboba 512 abm8,aboba,512,seed1,8,adaptive_batch/batch_size,29,747.0
sgboba 512 abm8,aboba,512,seed1,8,adaptive_batch/batch_size,30,855.0
sgboba 512 abm8,aboba,512,seed1,8,adaptive_batch/batch_size,31,997.0
sgboba 512 abm8,aboba,512,seed1,8,adaptive_batch/batch_size,32,1181.0
sgboba 512 abm8,aboba,512,seed1,8,adaptive_batch/batch_size,33,1429.0
sgboba 512 abm8,aboba,512,seed1,8,adaptive_batch/batch_size,34,1790.0
sgboba 512 abm8,aboba,512,seed1,8,adaptive_batch/batch_size,35,2298.0
sgboba 512 abm8,aboba,512,seed1,8,adaptive_batch/batch_size,36,2998.0
sgboba 512 abm8,aboba,512,seed1,8,adaptive_batch/batch_size,37,4070.0
sgboba 512 abm8,aboba,512,seed1,8,adaptive_batch/batch_size,38,4096.0
sgboba 512 abm8,aboba,512,seed1,8,adaptive_batch/batch_size,39,4096.0
sgboba 512 abm8,aboba,512,seed2,8,adaptive_batch/batch_size,2,122.0
sgboba 512 abm8,aboba,512,seed2,8,adaptive_batch/batch_size,3,137.0
sgboba 512 abm8,aboba,512,seed2,8,adaptive_batch/batch_size,4,142.0
sgboba 512 abm8,aboba,512,seed2,8,adaptive_batch/batch_size,5,156.0
sgboba 512 abm8,aboba,512,seed2,8,adaptive_batch/batch_size,6,167.0
sgboba 512 abm8,aboba,512,seed2,8,adaptive_batch/batch_size,7,180.0
sgboba 512 abm8,aboba,512,seed2,8,adaptive_batch/batch_size,8,191.0
sgboba 512 abm8,aboba,512,seed2,8,adaptive_batch/batch_size,9,202.0
sgboba 512 abm8,aboba,512,seed2,8,adaptive_batch/batch_size,10,214.0
sgboba 512 abm8,aboba,512,seed2,8,adaptive_batch/batch_size,11,225.0
sgboba 512 abm8,aboba,512,seed2,8,adaptive_batch/batch_size,12,238.0
sgboba 512 abm8,aboba,512,seed2,8,adaptive_batch/batch_size,13,249.0
sgboba 512 abm8,aboba,512,seed2,8,adaptive_batch/batch_size,14,261.0
sgboba 512 abm8,aboba,512,seed2,8,adaptive_batch/batch_size,15,275.0
sgboba 512 abm8,aboba,512,seed2,8,adaptive_batch/batch_size,16,289.0
sgboba 512 abm8,aboba,512,seed2,8,adaptive_batch/batch_size,17,303.0
sgboba 512 abm8,aboba,512,seed2,8,adaptive_batch/batch_size,18,321.0
sgboba 512 abm8,aboba,512,seed2,8,adaptive_batch/batch_size,19,337.0
sgboba 512 abm8,aboba,512,seed2,8,adaptive_batch/batch_size,20,360.0
sgboba 512 abm8,aboba,512,seed2,8,adaptive_batch/batch_size,21,381.0
sgboba 512 abm8,aboba,512,seed2,8,adaptive_batch/batch_size,22,406.0
sgboba 512 abm8,aboba,512,seed2,8,adaptive_batch/batch_size,23,429.0
sgboba 512 abm8,aboba,512,seed2,8,adaptive_batch/batch_size,24,464.0
sgboba 512 abm8,aboba,512,seed2,8,adaptive_batch/batch_size,25,498.0
sgboba 512 abm8,aboba,512,seed2,8,adaptive_batch/batch_size,26,547.0
sgboba 512 abm8,aboba,512,seed2,8,adaptive_batch/batch_size,27,599.0
sgboba 512 abm8,aboba,512,seed2,8,adaptive_batch/batch_size,28,668.0
sgboba 512 abm8,aboba,512,seed2,8,adaptive_batch/batch_size,29,750.0
sgboba 512 abm8,aboba,512,seed2,8,adaptive_batch/batch_size,30,853.0
sgboba 512 abm8,aboba,512,seed2,8,adaptive_batch/batch_size,31,1002.0
sgboba 512 abm8,aboba,512,seed2,8,adaptive_batch/batch_size,32,1173.0
sgboba 512 abm8,aboba,512,seed2,8,adaptive_batch/batch_size,33,1428.0
sgboba 512 abm8,aboba,512,seed2,8,adaptive_batch/batch_size,34,1761.0
sgboba 512 abm8,aboba,512,seed2,8,adaptive_batch/batch_size,35,2275.0
sgboba 512 abm8,aboba,512,seed2,8,adaptive_batch/batch_size,36,3045.0
sgboba 512 abm8,aboba,512,seed2,8,adaptive_batch/batch_size,37,3987.0
sgboba 512 abm8,aboba,512,seed2,8,adaptive_batch/batch_size,38,4096.0
sgboba 512 abm8,aboba,512,seed2,8,adaptive_batch/batch_size,39,4096.0
sgboba 512 abm8,aboba,512,seed3,8,adaptive_batch/batch_size,2,123.0
sgboba 512 abm8,aboba,512,seed3,8,adaptive_batch/batch_size,3,137.0
sgboba 512 abm8,aboba,512,seed3,8,adaptive_batch/batch_size,4,143.0
sgboba 512 abm8,aboba,512,seed3,8,adaptive_batch/batch_size,5,154.0
sgboba 512 abm8,aboba,512,seed3,8,adaptive_batch/batch_size,6,168.0
sgboba 512 abm8,aboba,512,seed3,8,adaptive_batch/batch_size,7,179.0
sgboba 512 abm8,aboba,512,seed3,8,adaptive_batch/batch_size,8,191.0
sgboba 512 abm8,aboba,512,seed3,8,adaptive_batch/batch_size,9,203.0
sgboba 512 abm8,aboba,512,seed3,8,adaptive_batch/batch_size,10,214.0
sgboba 512 abm8,aboba,512,seed3,8,adaptive_batch/batch_size,11,225.0
sgboba 512 abm8,aboba,512,seed3,8,adaptive_batch/batch_size,12,237.0
sgboba 512 abm8,aboba,512,seed3,8,adaptive_batch/batch_size,13,248.0
sgboba 512 abm8,aboba,512,seed3,8,adaptive_batch/batch_size,14,262.0
sgboba 512 abm8,aboba,512,seed3,8,adaptive_batch/batch_size,15,274.0
sgboba 512 abm8,aboba,512,seed3,8,adaptive_batch/batch_size,16,289.0
sgboba 512 abm8,aboba,512,seed3,8,adaptive_batch/batch_size,17,304.0
sgboba 512 abm8,aboba,512,seed3,8,adaptive_batch/batch_size,18,322.0
sgboba 512 abm8,aboba,512,seed3,8,adaptive_batch/batch_size,19,339.0
sgboba 512 abm8,aboba,512,seed3,8,adaptive_batch/batch_size,20,358.0
sgboba 512 abm8,aboba,512,seed3,8,adaptive_batch/batch_size,21,382.0
sgboba 512 abm8,aboba,512,seed3,8,adaptive_batch/batch_size,22,401.0
sgboba 512 abm8,aboba,512,seed3,8,adaptive_batch/batch_size,23,431.0
sgboba 512 abm8,aboba,512,seed3,8,adaptive_batch/batch_size,24,465.0
sgboba 512 abm8,aboba,512,seed3,8,adaptive_batch/batch_size,25,511.0
sgboba 512 abm8,aboba,512,seed3,8,adaptive_batch/batch_size,26,543.0
sgboba 512 abm8,aboba,512,seed3,8,adaptive_batch/batch_size,27,602.0
sgboba 512 abm8,aboba,512,seed3,8,adaptive_batch/batch_size,28,674.0
sgboba 512 abm8,aboba,512,seed3,8,adaptive_batch/batch_size,29,755.0
sgboba 512 abm8,aboba,512,seed3,8,adaptive_batch/batch_size,30,862.0
sgboba 512 abm8,aboba,512,seed3,8,adaptive_batch/batch_size,31,995.0
sgboba 512 abm8,aboba,512,seed3,8,adaptive_batch/batch_size,32,1184.0
sgboba 512 abm8,aboba,512,seed3,8,adaptive_batch/batch_size,33,1425.0
sgboba 512 abm8,aboba,512,seed3,8,adaptive_batch/batch_size,34,1767.0
sgboba 512 abm8,aboba,512,seed3,8,adaptive_batch/batch_size,35,2271.0
sgboba 512 abm8,aboba,512,seed3,8,adaptive_batch/batch_size,36,3004.0
sgboba 512 abm8,aboba,512,seed3,8,adaptive_batch/batch_size,37,4096.0
sgboba 512 abm8,aboba,512,seed3,8,adaptive_batch/batch_size,38,4096.0
sgboba 512 abm8,aboba,512,seed3,8,adaptive_batch/batch_size,39,4096.0
sgboba 64 abm16,aboba,64,seed1,16,adaptive_batch/batch_size,2,265.0
sgboba 64 abm16,aboba,64,seed1,16,adaptive_batch/batch_size,3,254.0
sgboba 64 abm16,aboba,64,seed1,16,adaptive_batch/batch_size,4,303.0
sgboba 64 abm16,aboba,64,seed1,16,adaptive_batch/batch_size,5,325.0
sgboba 64 abm16,aboba,64,seed1,16,adaptive_batch/batch_size,6,346.0
sgboba 64 abm16,aboba,64,seed1,16,adaptive_batch/batch_size,7,368.0
sgboba 64 abm16,aboba,64,seed1,16,adaptive_batch/batch_size,8,387.0
sgboba 64 abm16,aboba,64,seed1,16,adaptive_batch/batch_size,9,409.0
sgboba 64 abm16,aboba,64,seed1,16,adaptive_batch/batch_size,10,426.0
sgboba 64 abm16,aboba,64,seed1,16,adaptive_batch/batch_size,11,448.0
sgboba 64 abm16,aboba,64,seed1,16,adaptive_batch/batch_size,12,468.0
sgboba 64 abm16,aboba,64,seed1,16,adaptive_batch/batch_size,13,494.0
sgboba 64 abm16,aboba,64,seed1,16,adaptive_batch/batch_size,14,517.0
sgboba 64 abm16,aboba,64,seed1,16,adaptive_batch/batch_size,15,545.0
sgboba 64 abm16,aboba,64,seed1,16,adaptive_batch/batch_size,16,569.0
sgboba 64 abm16,aboba,64,seed1,16,adaptive_batch/batch_size,17,601.0
sgboba 64 abm16,aboba,64,seed1,16,adaptive_batch/batch_size,18,634.0
sgboba 64 abm16,aboba,64,seed1,16,adaptive_batch/batch_size,19,672.0
sgboba 64 abm16,aboba,64,seed1,16,adaptive_batch/batch_size,20,710.0
sgboba 64 abm16,aboba,64,seed1,16,adaptive_batch/batch_size,21,756.0
sgboba 64 abm16,aboba,64,seed1,16,adaptive_batch/batch_size,22,816.0
sgboba 64 abm16,aboba,64,seed1,16,adaptive_batch/batch_size,23,885.0
sgboba 64 abm16,aboba,64,seed1,16,adaptive_batch/batch_size,24,945.0
sgboba 64 abm16,aboba,64,seed1,16,adaptive_batch/batch_size,25,1037.0
sgboba 64 abm16,aboba,64,seed1,16,adaptive_batch/batch_size,26,1143.0
sgboba 64 abm16,aboba,64,seed1,16,adaptive_batch/batch_size,27,1290.0
sgboba 64 abm16,aboba,64,seed1,16,adaptive_batch/batch_size,28,1463.0
sgboba 64 abm16,aboba,64,seed1,16,adaptive_batch/batch_size,29,1649.0
sgboba 64 abm16,aboba,64,seed1,16,adaptive_batch/batch_size,30,1916.0
sgboba 64 abm16,aboba,64,seed1,16,adaptive_batch/batch_size,31,2272.0
sgboba 64 abm16,aboba,64,seed1,16,adaptive_batch/batch_size,32,2803.0
sgboba 64 abm16,aboba,64,seed1,16,adaptive_batch/batch_size,33,3439.0
sgboba 64 abm16,aboba,64,seed1,16,adaptive_batch/batch_size,34,4096.0
sgboba 64 abm16,aboba,64,seed1,16,adaptive_batch/batch_size,35,4096.0
sgboba 64 abm16,aboba,64,seed1,16,adaptive_batch/batch_size,36,4096.0
sgboba 64 abm16,aboba,64,seed1,16,adaptive_batch/batch_size,37,4096.0
sgboba 64 abm16,aboba,64,seed1,16,adaptive_batch/batch_size,38,4096.0
sgboba 64 abm16,aboba,64,seed1,16,adaptive_batch/batch_size,39,4096.0
sgboba 64 abm16,aboba,64,seed2,16,adaptive_batch/batch_size,2,270.0
sgboba 64 abm16,aboba,64,seed2,16,adaptive_batch/batch_size,3,249.0
sgboba 64 abm16,aboba,64,seed2,16,adaptive_batch/batch_size,4,301.0
sgboba 64 abm16,aboba,64,seed2,16,adaptive_batch/batch_size,5,320.0
sgboba 64 abm16,aboba,64,seed2,16,adaptive_batch/batch_size,6,344.0
sgboba 64 abm16,aboba,64,seed2,16,adaptive_batch/batch_size,7,364.0
sgboba 64 abm16,aboba,64,seed2,16,adaptive_batch/batch_size,8,386.0
sgboba 64 abm16,aboba,64,seed2,16,adaptive_batch/batch_size,9,405.0
sgboba 64 abm16,aboba,64,seed2,16,adaptive_batch/batch_size,10,427.0
sgboba 64 abm16,aboba,64,seed2,16,adaptive_batch/batch_size,11,447.0
sgboba 64 abm16,aboba,64,seed2,16,adaptive_batch/batch_size,12,473.0
sgboba 64 abm16,aboba,64,seed2,16,adaptive_batch/batch_size,13,494.0
sgboba 64 abm16,aboba,64,seed2,16,adaptive_batch/batch_size,14,519.0
sgboba 64 abm16,aboba,64,seed2,16,adaptive_batch/batch_size,15,547.0
sgboba 64 abm16,aboba,64,seed2,16,adaptive_batch/batch_size,16,575.0
sgboba 64 abm16,aboba,64,seed2,16,adaptive_batch/batch_size,17,602.0
sgboba 64 abm16,aboba,64,seed2,16,adaptive_batch/batch_size,18,645.0
sgboba 64 abm16,aboba,64,seed2,16,adaptive_batch/batch_size,19,682.0
sgboba 64 abm16,aboba,64,seed2,16,adaptive_batch/batch_size,20,719.0
sgboba 64 abm16,aboba,64,seed2,16,adaptive_batch/batch_size,21,772.0
sgboba 64 abm16,aboba,64,seed2,16,adaptive_batch/batch_size,22,816.0
sgboba 64 abm16,aboba,64,seed2,16,adaptive_batch/batch_size,23,894.0
sgboba 64 abm16,aboba,64,seed2,16,adaptive_batch/batch_size,24,949.0
sgboba 64 abm16,aboba,64,seed2,16,adaptive_batch/batch_size,25,1055.0
sgboba 64 abm16,aboba,64,seed2,16,adaptive_batch/batch_size,26,1163.0
sgboba 64 abm16,aboba,64,seed2,16,adaptive_batch/batch_size,27,1295.0
sgboba 64 abm16,aboba,64,seed2,16,adaptive_batch/batch_size,28,1461.0
sgboba 64 abm16,aboba,64,seed2,16,adaptive_batch/batch_size,29,1657.0
sgboba 64 abm16,aboba,64,seed2,16,adaptive_batch/batch_size,30,1947.0
sgboba 64 abm16,aboba,64,seed2,16,adaptive_batch/batch_size,31,2300.0
sgboba 64 abm16,aboba,64,seed2,16,adaptive_batch/batch_size,32,2802.0
sgboba 64 abm16,aboba,64,seed2,16,adaptive_batch/batch_size,33,3452.0
sgboba 64 abm16,aboba,64,seed2,16,adaptive_batch/batch_size,34,4096.0
sgboba 64 abm16,aboba,64,seed2,16,adaptive_batch/batch_size,35,4096.0
sgboba 64 abm16,aboba,64,seed2,16,adaptive_batch/batch_size,36,4096.0
sgboba 64 abm16,aboba,64,seed2,16,adaptive_batch/batch_size,37,4096.0
sgboba 64 abm16,aboba,64,seed2,16,adaptive_batch/batch_size,38,4096.0
sgboba 64 abm16,aboba,64,seed2,16,adaptive_batch/batch_size,39,4096.0
sgboba 64 abm16,aboba,64,seed3,16,adaptive_batch/batch_size,2,260.0
sgboba 64 abm16,aboba,64,seed3,16,adaptive_batch/batch_size,3,252.0
sgboba 64 abm16,aboba,64,seed3,16,adaptive_batch/batch_size,4,304.0
sgboba 64 abm16,aboba,64,seed3,16,adaptive_batch/batch_size,5,325.0
sgboba 64 abm16,aboba,64,seed3,16,adaptive_batch/batch_size,6,348.0
sgboba 64 abm16,aboba,64,seed3,16,adaptive_batch/batch_size,7,369.0
sgboba 64 abm16,aboba,64,seed3,16,adaptive_batch/batch_size,8,388.0
sgboba 64 abm16,aboba,64,seed3,16,adaptive_batch/batch_size,9,410.0
sgboba 64 abm16,aboba,64,seed3,16,adaptive_batch/batch_size,10,427.0
sgboba 64 abm16,aboba,64,seed3,16,adaptive_batch/batch_size,11,449.0
sgboba 64 abm16,aboba,64,seed3,16,adaptive_batch/batch_size,12,468.0
sgboba 64 abm16,aboba,64,seed3,16,adaptive_batch/batch_size,13,494.0
sgboba 64 abm16,aboba,64,seed3,16,adaptive_batch/batch_size,14,518.0
sgboba 64 abm16,aboba,64,seed3,16,adaptive_batch/batch_size,15,541.0
sgboba 64 abm16,aboba,64,seed3,16,adaptive_batch/batch_size,16,574.0
sgboba 64 abm16,aboba,64,seed3,16,adaptive_batch/batch_size,17,605.0
sgboba 64 abm16,aboba,64,seed3,16,adaptive_batch/batch_size,18,638.0
sgboba 64 abm16,aboba,64,seed3,16,adaptive_batch/batch_size,19,672.0
sgboba 64 abm16,aboba,64,seed3,16,adaptive_batch/batch_size,20,712.0
sgboba 64 abm16,aboba,64,seed3,16,adaptive_batch/batch_size,21,759.0
sgboba 64 abm16,aboba,64,seed3,16,adaptive_batch/batch_size,22,809.0
sgboba 64 abm16,aboba,64,seed3,16,adaptive_batch/batch_size,23,881.0
sgboba 64 abm16,aboba,64,seed3,16,adaptive_batch/batch_size,24,955.0
sgboba 64 abm16,aboba,64,seed3,16,adaptive_batch/batch_size,25,1048.0
sgboba 64 abm16,aboba,64,seed3,16,adaptive_batch/batch_size,26,1157.0
sgboba 64 abm16,aboba,64,seed3,16,adaptive_batch/batch_size,27,1282.0
sgboba 64 abm16,aboba,64,seed3,16,adaptive_batch/batch_size,28,1444.0
sgboba 64 abm16,aboba,64,seed3,16,adaptive_batch/batch_size,29,1661.0
sgboba 64 abm16,aboba,64,seed3,16,adaptive_batch/batch_size,30,1942.0
sgboba 64 abm16,aboba,64,seed3,16,adaptive_batch/batch_size,31,2254.0
sgboba 64 abm16,aboba,64,seed3,16,adaptive_batch/batch_size,32,2786.0
sgboba 64 abm16,aboba,64,seed3,16,adaptive_batch/batch_size,33,3418.0
sgboba 64 abm16,aboba,64,seed3,16,adaptive_batch/batch_size,34,4096.0
sgboba 64 abm16,aboba,64,seed3,16,adaptive_batch/batch_size,35,4096.0
sgboba 64 abm16,aboba,64,seed3,16,adaptive_batch/batch_size,36,4096.0
sgboba 64 abm16,aboba,64,seed3,16,adaptive_batch/batch_size,37,4096.0
sgboba 64 abm16,aboba,64,seed3,16,adaptive_batch/batch_size,38,4096.0
sgboba 64 abm16,aboba,64,seed3,16,adaptive_batch/batch_size,39,4096.0
sgboba 64 abm2,aboba,64,seed1,2,adaptive_batch/batch_size,2,33.0
sgboba 64 abm2,aboba,64,seed1,2,adaptive_batch/batch_size,3,38.0
sgboba 64 abm2,aboba,64,seed1,2,adaptive_batch/batch_size,4,42.0
sgboba 64 abm2,aboba,64,seed1,2,adaptive_batch/batch_size,5,50.0
sgboba 64 abm2,aboba,64,seed1,2,adaptive_batch/batch_size,6,56.0
sgboba 64 abm2,aboba,64,seed1,2,adaptive_batch/batch_size,7,61.0
sgboba 64 abm2,aboba,64,seed1,2,adaptive_batch/batch_size,8,65.0
sgboba 64 abm2,aboba,64,seed1,2,adaptive_batch/batch_size,9,68.0
sgboba 64 abm2,aboba,64,seed1,2,adaptive_batch/batch_size,10,70.0
sgboba 64 abm2,aboba,64,seed1,2,adaptive_batch/batch_size,11,73.0
sgboba 64 abm2,aboba,64,seed1,2,adaptive_batch/batch_size,12,76.0
sgboba 64 abm2,aboba,64,seed1,2,adaptive_batch/batch_size,13,78.0
sgboba 64 abm2,aboba,64,seed1,2,adaptive_batch/batch_size,14,81.0
sgboba 64 abm2,aboba,64,seed1,2,adaptive_batch/batch_size,15,84.0
sgboba 64 abm2,aboba,64,seed1,2,adaptive_batch/batch_size,16,88.0
sgboba 64 abm2,aboba,64,seed1,2,adaptive_batch/batch_size,17,92.0
sgboba 64 abm2,aboba,64,seed1,2,adaptive_batch/batch_size,18,96.0
sgboba 64 abm2,aboba,64,seed1,2,adaptive_batch/batch_size,19,102.0
sgboba 64 abm2,aboba,64,seed1,2,adaptive_batch/batch_size,20,108.0
sgboba 64 abm2,aboba,64,seed1,2,adaptive_batch/batch_size,21,115.0
sgboba 64 abm2,aboba,64,seed1,2,adaptive_batch/batch_size,22,122.0
sgboba 64 abm2,aboba,64,seed1,2,adaptive_batch/batch_size,23,131.0
sgboba 64 abm2,aboba,64,seed1,2,adaptive_batch/batch_size,24,141.0
sgboba 64 abm2,aboba,64,seed1,2,adaptive_batch/batch_size,25,154.0
sgboba 64 abm2,aboba,64,seed1,2,adaptive_batch/batch_size,26,168.0
sgboba 64 abm2,aboba,64,seed1,2,adaptive_batch/batch_size,27,186.0
sgboba 64 abm2,aboba,64,seed1,2,adaptive_batch/batch_size,28,205.0
sgboba 64 abm2,aboba,64,seed1,2,adaptive_batch/batch_size,29,231.0
sgboba 64 abm2,aboba,64,seed1,2,adaptive_batch/batch_size,30,262.0
sgboba 64 abm2,aboba,64,seed1,2,adaptive_batch/batch_size,31,301.0
sgboba 64 abm2,aboba,64,seed1,2,adaptive_batch/batch_size,32,349.0
sgboba 64 abm2,aboba,64,seed1,2,adaptive_batch/batch_size,33,419.0
sgboba 64 abm2,aboba,64,seed1,2,adaptive_batch/batch_size,34,501.0
sgboba 64 abm2,aboba,64,seed1,2,adaptive_batch/batch_size,35,618.0
sgboba 64 abm2,aboba,64,seed1,2,adaptive_batch/batch_size,36,791.0
sgboba 64 abm2,aboba,64,seed1,2,adaptive_batch/batch_size,37,1031.0
sgboba 64 abm2,aboba,64,seed1,2,adaptive_batch/batch_size,38,1389.0
sgboba 64 abm2,aboba,64,seed1,2,adaptive_batch/batch_size,39,1862.0
sgboba 64 abm2,aboba,64,seed2,2,adaptive_batch/batch_size,2,33.0
sgboba 64 abm2,aboba,64,seed2,2,adaptive_batch/batch_size,3,37.0
sgboba 64 abm2,aboba,64,seed2,2,adaptive_batch/batch_size,4,40.0
sgboba 64 abm2,aboba,64,seed2,2,adaptive_batch/batch_size,5,49.0
sgboba 64 abm2,aboba,64,seed2,2,adaptive_batch/batch_size,6,56.0
sgboba 64 abm2,aboba,64,seed2,2,adaptive_batch/batch_size,7,61.0
sgboba 64 abm2,aboba,64,seed2,2,adaptive_batch/batch_size,8,65.0
sgboba 64 abm2,aboba,64,seed2,2,adaptive_batch/batch_size,9,68.0
sgboba 64 abm2,aboba,64,seed2,2,adaptive_batch/batch_size,10,71.0
sgboba 64 abm2,aboba,64,seed2,2,adaptive_batch/batch_size,11,74.0
sgboba 64 abm2,aboba,64,seed2,2,adaptive_batch/batch_size,12,76.0
sgboba 64 abm2,aboba,64,seed2,2,adaptive_batch/batch_size,13,79.0
sgboba 64 abm2,aboba,64,seed2,2,adaptive_batch/batch_size,14,82.0
sgboba 64 abm2,aboba,64,seed2,2,adaptive_batch/batch_size,15,85.0
sgboba 64 abm2,aboba,64,seed2,2,adaptive_batch/batch_size,16,89.0
sgboba 64 abm2,aboba,64,seed2,2,adaptive_batch/batch_size,17,92.0
sgboba 64 abm2,aboba,64,seed2,2,adaptive_batch/batch_size,18,97.0
sgboba 64 abm2,aboba,64,seed2,2,adaptive_batch/batch_size,19,102.0
sgboba 64 abm2,aboba,64,seed2,2,adaptive_batch/batch_size,20,109.0
sgboba 64 abm2,aboba,64,seed2,2,adaptive_batch/batch_size,21,115.0
sgboba 64 abm2,aboba,64,seed2,2,adaptive_batch/batch_size,22,123.0
sgboba 64 abm2,aboba,64,seed2,2,adaptive_batch/batch_size,23,132.0
sgboba 64 abm2,aboba,64,seed2,2,adaptive_batch/batch_size,24,143.0
sgboba 64 abm2,aboba,64,seed2,2,adaptive_batch/batch_size,25,155.0
sgboba 64 abm2,aboba,64,seed2,2,adaptive_batch/batch_size,26,170.0
sgboba 64 abm2,aboba,64,seed2,2,adaptive_batch/batch_size,27,187.0
sgboba 64 abm2,aboba,64,seed2,2,adaptive_batch/batch_size,28,207.0
sgboba 64 abm2,aboba,64,seed2,2,adaptive_batch/batch_size,29,233.0
sgboba 64 abm2,aboba,64,seed2,2,adaptive_batch/batch_size,30,264.0
sgboba 64 abm2,aboba,64,seed2,2,adaptive_batch/batch_size,31,304.0
sgboba 64 abm2,aboba,64,seed2,2,adaptive_batch/batch_size,32,356.0
sgboba 64 abm2,aboba,64,seed2,2,adaptive_batch/batch_size,33,420.0
sgboba 64 abm2,aboba,64,seed2,2,adaptive_batch/batch_size,34,512.0
sgboba 64 abm2,aboba,64,seed2,2,adaptive_batch/batch_size,35,629.0
sgboba 64 abm2,aboba,64,seed2,2,adaptive_batch/batch_size,36,796.0
sgboba 64 abm2,aboba,64,seed2,2,adaptive_batch/batch_size,37,1049.0
sgboba 64 abm2,aboba,64,seed2,2,adaptive_batch/batch_size,38,1395.0
sgboba 64 abm2,aboba,64,seed2,2,adaptive_batch/batch_size,39,1861.0
sgboba 64 abm2,aboba,64,seed3,2,adaptive_batch/batch_size,2,32.0
sgboba 64 abm2,aboba,64,seed3,2,adaptive_batch/batch_size,3,38.0
sgboba 64 abm2,aboba,64,seed3,2,adaptive_batch/batch_size,4,41.0
sgboba 64 abm2,aboba,64,seed3,2,adaptive_batch/batch_size,5,49.0
sgboba 64 abm2,aboba,64,seed3,2,adaptive_batch/batch_size,6,56.0
sgboba 64 abm2,aboba,64,seed3,2,adaptive_batch/batch_size,7,61.0
sgboba 64 abm2,aboba,64,seed3,2,adaptive_batch/batch_size,8,65.0
sgboba 64 abm2,aboba,64,seed3,2,adaptive_batch/batch_size,9,68.0
sgboba 64 abm2,aboba,64,seed3,2,adaptive_batch/batch_size,10,71.0
sgboba 64 abm2,aboba,64,seed3,2,adaptive_batch/batch_size,11,73.0
sgboba 64 abm2,aboba,64,seed3,2,adaptive_batch/batch_size,12,76.0
sgboba 64 abm2,aboba,64,seed3,2,adaptive_batch/batch_size,13,79.0
sgboba 64 abm2,aboba,64,seed3,2,adaptive_batch/batch_size,14,82.0
sgboba 64 abm2,aboba,64,seed3,2,adaptive_batch/batch_size,15,85.0
sgboba 64 abm2,aboba,64,seed3,2,adaptive_batch/batch_size,16,89.0
sgboba 64 abm2,aboba,64,seed3,2,adaptive_batch/batch_size,17,92.0
sgboba 64 abm2,aboba,64,seed3,2,adaptive_batch/batch_size,18,97.0
sgboba 64 abm2,aboba,64,seed3,2,adaptive_batch/batch_size,19,102.0
sgboba 64 abm2,aboba,64,seed3,2,adaptive_batch/batch_size,20,109.0
sgboba 64 abm2,aboba,64,seed3,2,adaptive_batch/batch_size,21,115.0
sgboba 64 abm2,aboba,64,seed3,2,adaptive_batch/batch_size,22,123.0
sgboba 64 abm2,aboba,64,seed3,2,adaptive_batch/batch_size,23,132.0
sgboba 64 abm2,aboba,64,seed3,2,adaptive_batch/batch_size,24,143.0
sgboba 64 abm2,aboba,64,seed3,2,adaptive_batch/batch_size,25,154.0
sgboba 64 abm2,aboba,64,seed3,2,adaptive_batch/batch_size,26,168.0
sgboba 64 abm2,aboba,64,seed3,2,adaptive_batch/batch_size,27,186.0
sgboba 64 abm2,aboba,64,seed3,2,adaptive_batch/batch_size,28,207.0
sgboba 64 abm2,aboba,64,seed3,2,adaptive_batch/batch_size,29,232.0
sgboba 64 abm2,aboba,64,seed3,2,adaptive_batch/batch_size,30,263.0
sgboba 64 abm2,aboba,64,seed3,2,adaptive_batch/batch_size,31,304.0
sgboba 64 abm2,aboba,64,seed3,2,adaptive_batch/batch_size,32,354.0
sgboba 64 abm2,aboba,64,seed3,2,adaptive_batch/batch_size,33,420.0
sgboba 64 abm2,aboba,64,seed3,2,adaptive_batch/batch_size,34,505.0
sgboba 64 abm2,aboba,64,seed3,2,adaptive_batch/batch_size,35,623.0
sgboba 64 abm2,aboba,64,seed3,2,adaptive_batch/batch_size,36,800.0
sgboba 64 abm2,aboba,64,seed3,2,adaptive_batch/batch_size,37,1047.0
sgboba 64 abm2,aboba,64,seed3,2,adaptive_batch/batch_size,38,1396.0
sgboba 64 abm2,aboba,64,seed3,2,adaptive_batch/batch_size,39,1863.0
sgboba 64 abm4,aboba,64,seed1,4,adaptive_batch/batch_size,2,66.0
sgboba 64 abm4,aboba,64,seed1,4,adaptive_batch/batch_size,3,75.0
sgboba 64 abm4,aboba,64,seed1,4,adaptive_batch/batch_size,4,85.0
sgboba 64 abm4,aboba,64,seed1,4,adaptive_batch/batch_size,5,94.0
sgboba 64 abm4,aboba,64,seed1,4,adaptive_batch/batch_size,6,102.0
sgboba 64 abm4,aboba,64,seed1,4,adaptive_batch/batch_size,7,109.0
sgboba 64 abm4,aboba,64,seed1,4,adaptive_batch/batch_size,8,115.0
sgboba 64 abm4,aboba,64,seed1,4,adaptive_batch/batch_size,9,121.0
sgboba 64 abm4,aboba,64,seed1,4,adaptive_batch/batch_size,10,126.0
sgboba 64 abm4,aboba,64,seed1,4,adaptive_batch/batch_size,11,132.0
sgboba 64 abm4,aboba,64,seed1,4,adaptive_batch/batch_size,12,137.0
sgboba 64 abm4,aboba,64,seed1,4,adaptive_batch/batch_size,13,143.0
sgboba 64 abm4,aboba,64,seed1,4,adaptive_batch/batch_size,14,149.0
sgboba 64 abm4,aboba,64,seed1,4,adaptive_batch/batch_size,15,156.0
sgboba 64 abm4,aboba,64,seed1,4,adaptive_batch/batch_size,16,163.0
sgboba 64 abm4,aboba,64,seed1,4,adaptive_batch/batch_size,17,171.0
sgboba 64 abm4,aboba,64,seed1,4,adaptive_batch/batch_size,18,180.0
sgboba 64 abm4,aboba,64,seed1,4,adaptive_batch/batch_size,19,190.0
sgboba 64 abm4,aboba,64,seed1,4,adaptive_batch/batch_size,20,200.0
sgboba 64 abm4,aboba,64,seed1,4,adaptive_batch/batch_size,21,214.0
sgboba 64 abm4,aboba,64,seed1,4,adaptive_batch/batch_size,22,228.0
sgboba 64 abm4,aboba,64,seed1,4,adaptive_batch/batch_size,23,246.0
sgboba 64 abm4,aboba,64,seed1,4,adaptive_batch/batch_size,24,265.0
sgboba 64 abm4,aboba,64,seed1,4,adaptive_batch/batch_size,25,287.0
sgboba 64 abm4,aboba,64,seed1,4,adaptive_batch/batch_size,26,313.0
sgboba 64 abm4,aboba,64,seed1,4,adaptive_batch/batch_size,27,346.0
sgboba 64 abm4,aboba,64,seed1,4,adaptive_batch/batch_size,28,382.0
sgboba 64 abm4,aboba,64,seed1,4,adaptive_batch/batch_size,29,426.0
sgboba 64 abm4,aboba,64,seed1,4,adaptive_batch/batch_size,30,488.0
sgboba 64 abm4,aboba,64,seed1,4,adaptive_batch/batch_size,31,557.0
sgboba 64 abm4,aboba,64,seed1,4,adaptive_batch/batch_size,32,656.0
sgboba 64 abm4,aboba,64,seed1,4,adaptive_batch/batch_size,33,791.0
sgboba 64 abm4,aboba,64,seed1,4,adaptive_batch/batch_size,34,963.0
sgboba 64 abm4,aboba,64,seed1,4,adaptive_batch/batch_size,35,1224.0
sgboba 64 abm4,aboba,64,seed1,4,adaptive_batch/batch_size,36,1580.0
sgboba 64 abm4,aboba,64,seed1,4,adaptive_batch/batch_size,37,2149.0
sgboba 64 abm4,aboba,64,seed1,4,adaptive_batch/batch_size,38,2987.0
sgboba 64 abm4,aboba,64,seed1,4,adaptive_batch/batch_size,39,4037.0
sgboba 64 abm4,aboba,64,seed2,4,adaptive_batch/batch_size,2,67.0
sgboba 64 abm4,aboba,64,seed2,4,adaptive_batch/batch_size,3,77.0
sgboba 64 abm4,aboba,64,seed2,4,adaptive_batch/batch_size,4,84.0
sgboba 64 abm4,aboba,64,seed2,4,adaptive_batch/batch_size,5,91.0
sgboba 64 abm4,aboba,64,seed2,4,adaptive_batch/batch_size,6,100.0
sgboba 64 abm4,aboba,64,seed2,4,adaptive_batch/batch_size,7,107.0
sgboba 64 abm4,aboba,64,seed2,4,adaptive_batch/batch_size,8,114.0
sgboba 64 abm4,aboba,64,seed2,4,adaptive_batch/batch_size,9,121.0
sgboba 64 abm4,aboba,64,seed2,4,adaptive_batch/batch_size,10,126.0
sgboba 64 abm4,aboba,64,seed2,4,adaptive_batch/batch_size,11,132.0
sgboba 64 abm4,aboba,64,seed2,4,adaptive_batch/batch_size,12,138.0
sgboba 64 abm4,aboba,64,seed2,4,adaptive_batch/batch_size,13,143.0
sgboba 64 abm4,aboba,64,seed2,4,adaptive_batch/batch_size,14,150.0
sgboba 64 abm4,aboba,64,seed2,4,adaptive_batch/batch_size,15,156.0
sgboba 64 abm4,aboba,64,seed2,4,adaptive_batch/batch_size,16,164.0
sgboba 64 abm4,aboba,64,seed2,4,adaptive_batch/batch_size,17,171.0
sgboba 64 abm4,aboba,64,seed2,4,adaptive_batch/batch_size,18,181.0
sgboba 64 abm4,aboba,64,seed2,4,adaptive_batch/batch_size,19,191.0
sgboba 64 abm4,aboba,64,seed2,4,adaptive_batch/batch_size,20,202.0
sgboba 64 abm4,aboba,64,seed2,4,adaptive_batch/batch_size,21,216.0
sgboba 64 abm4,aboba,64,seed2,4,adaptive_batch/batch_size,22,230.0
sgboba 64 abm4,aboba,64,seed2,4,adaptive_batch/batch_size,23,249.0
sgboba 64 abm4,aboba,64,seed2,4,adaptive_batch/batch_size,24,265.0
sgboba 64 abm4,aboba,64,seed2,4,adaptive_batch/batch_size,25,289.0
sgboba 64 abm4,aboba,64,seed2,4,adaptive_batch/batch_size,26,317.0
sgboba 64 abm4,aboba,64,seed2,4,adaptive_batch/batch_size,27,346.0
sgboba 64 abm4,aboba,64,seed2,4,adaptive_batch/batch_size,28,385.0
sgboba 64 abm4,aboba,64,seed2,4,adaptive_batch/batch_size,29,431.0
sgboba 64 abm4,aboba,64,seed2,4,adaptive_batch/batch_size,30,487.0
sgboba 64 abm4,aboba,64,seed2,4,adaptive_batch/batch_size,31,568.0
sgboba 64 abm4,aboba,64,seed2,4,adaptive_batch/batch_size,32,658.0
sgboba 64 abm4,aboba,64,seed2,4,adaptive_batch/batch_size,33,792.0
sgboba 64 abm4,aboba,64,seed2,4,adaptive_batch/batch_size,34,975.0
sgboba 64 abm4,aboba,64,seed2,4,adaptive_batch/batch_size,35,1240.0
sgboba 64 abm4,aboba,64,seed2,4,adaptive_batch/batch_size,36,1610.0
sgboba 64 abm4,aboba,64,seed2,4,adaptive_batch/batch_size,37,2140.0
sgboba 64 abm4,aboba,64,seed2,4,adaptive_batch/batch_size,38,2968.0
sgboba 64 abm4,aboba,64,seed2,4,adaptive_batch/batch_size,39,4092.0
sgboba 64 abm4,aboba,64,seed3,4,adaptive_batch/batch_size,2,65.0
sgboba 64 abm4,aboba,64,seed3,4,adaptive_batch/batch_size,3,75.0
sgboba 64 abm4,aboba,64,seed3,4,adaptive_batch/batch_size,4,85.0
sgboba 64 abm4,aboba,64,seed3,4,adaptive_batch/batch_size,5,93.0
sgboba 64 abm4,aboba,64,seed3,4,adaptive_batch/batch_size,6,102.0
sgboba 64 abm4,aboba,64,seed3,4,adaptive_batch/batch_size,7,109.0
sgboba 64 abm4,aboba,64,seed3,4,adaptive_batch/batch_size,8,115.0
sgboba 64 abm4,aboba,64,seed3,4,adaptive_batch/batch_size,9,121.0
sgboba 64 abm4,aboba,64,seed3,4,adaptive_batch/batch_size,10,126.0
sgboba 64 abm4,aboba,64,seed3,4,adaptive_batch/batch_size,11,132.0
sgboba 64 abm4,aboba,64,seed3,4,adaptive_batch/batch_size,12,137.0
sgboba 64 abm4,aboba,64,seed3,4,adaptive_batch/batch_size,13,143.0
sgboba 64 abm4,aboba,64,seed3,4,adaptive_batch/batch_size,14,149.0
sgboba 64 abm4,aboba,64,seed3,4,adaptive_batch/batch_size,15,156.0
sgboba 64 abm4,aboba,64,seed3,4,adaptive_batch/batch_size,16,163.0
sgboba 64 abm4,aboba,64,seed3,4,adaptive_batch/batch_size,17,172.0
sgboba 64 abm4,aboba,64,seed3,4,adaptive_batch/batch_size,18,180.0
sgboba 64 abm4,aboba,64,seed3,4,adaptive_batch/batch_size,19,191.0
sgboba 64 abm4,aboba,64,seed3,4,adaptive_batch/batch_size,20,202.0
sgboba 64 abm4,aboba,64,seed3,4,adaptive_batch/batch_size,21,215.0
sgboba 64 abm4,aboba,64,seed3,4,adaptive_batch/batch_size,22,229.0
sgboba 64 abm4,aboba,64,seed3,4,adaptive_batch/batch_size,23,246.0
sgboba 64 abm4,aboba,64,seed3,4,adaptive_batch/batch_size,24,264.0
sgboba 64 abm4,aboba,64,seed3,4,adaptive_batch/batch_size,25,287.0
sgboba 64 abm4,aboba,64,seed3,4,adaptive_batch/batch_size,26,316.0
sgboba 64 abm4,aboba,64,seed3,4,adaptive_batch/batch_size,27,344.0
sgboba 64 abm4,aboba,64,seed3,4,adaptive_batch/batch_size,28,384.0
sgboba 64 abm4,aboba,64,seed3,4,adaptive_batch/batch_size,29,432.0
sgboba 64 abm4,aboba,64,seed3,4,adaptive_batch/batch_size,30,486.0
sgboba 64 abm4,aboba,64,seed3,4,adaptive_batch/batch_size,31,562.0
sgboba 64 abm4,aboba,64,seed3,4,adaptive_batch/batch_size,32,665.0
sgboba 64 abm4,aboba,64,seed3,4,adaptive_batch/batch_size,33,786.0
sgboba 64 abm4,aboba,64,seed3,4,adaptive_batch/batch_size,34,986.0
sgboba 64 abm4,aboba,64,seed3,4,adaptive_batch/batch_size,35,1205.0
sgboba 64 abm4,aboba,64,seed3,4,adaptive_batch/batch_size,36,1598.0
sgboba 64 abm4,aboba,64,seed3,4,adaptive_batch/batch_size,37,2162.0
sgboba 64 abm4,aboba,64,seed3,4,adaptive_batch/batch_size,38,2975.0
sgboba 64 abm4,aboba,64,seed3,4,adaptive_batch/batch_size,39,4091.0
sgboba 64 abm8,aboba,64,seed1,8,adaptive_batch/batch_size,2,132.0
sgboba 64 abm8,aboba,64,seed1,8,adaptive_batch/batch_size,3,140.0
sgboba 64 abm8,aboba,64,seed1,8,adaptive_batch/batch_size,4,163.0
sgboba 64 abm8,aboba,64,seed1,8,adaptive_batch/batch_size,5,177.0
sgboba 64 abm8,aboba,64,seed1,8,adaptive_batch/batch_size,6,190.0
sgboba 64 abm8,aboba,64,seed1,8,adaptive_batch/batch_size,7,201.0
sgboba 64 abm8,aboba,64,seed1,8,adaptive_batch/batch_size,8,212.0
sgboba 64 abm8,aboba,64,seed1,8,adaptive_batch/batch_size,9,223.0
sgboba 64 abm8,aboba,64,seed1,8,adaptive_batch/batch_size,10,232.0
sgboba 64 abm8,aboba,64,seed1,8,adaptive_batch/batch_size,11,242.0
sgboba 64 abm8,aboba,64,seed1,8,adaptive_batch/batch_size,12,253.0
sgboba 64 abm8,aboba,64,seed1,8,adaptive_batch/batch_size,13,266.0
sgboba 64 abm8,aboba,64,seed1,8,adaptive_batch/batch_size,14,277.0
sgboba 64 abm8,aboba,64,seed1,8,adaptive_batch/batch_size,15,289.0
sgboba 64 abm8,aboba,64,seed1,8,adaptive_batch/batch_size,16,304.0
sgboba 64 abm8,aboba,64,seed1,8,adaptive_batch/batch_size,17,319.0
sgboba 64 abm8,aboba,64,seed1,8,adaptive_batch/batch_size,18,334.0
sgboba 64 abm8,aboba,64,seed1,8,adaptive_batch/batch_size,19,354.0
sgboba 64 abm8,aboba,64,seed1,8,adaptive_batch/batch_size,20,372.0
sgboba 64 abm8,aboba,64,seed1,8,adaptive_batch/batch_size,21,397.0
sgboba 64 abm8,aboba,64,seed1,8,adaptive_batch/batch_size,22,420.0
sgboba 64 abm8,aboba,64,seed1,8,adaptive_batch/batch_size,23,454.0
sgboba 64 abm8,aboba,64,seed1,8,adaptive_batch/batch_size,24,489.0
sgboba 64 abm8,aboba,64,seed1,8,adaptive_batch/batch_size,25,525.0
sgboba 64 abm8,aboba,64,seed1,8,adaptive_batch/batch_size,26,577.0
sgboba 64 abm8,aboba,64,seed1,8,adaptive_batch/batch_size,27,632.0
sgboba 64 abm8,aboba,64,seed1,8,adaptive_batch/batch_size,28,706.0
sgboba 64 abm8,aboba,64,seed1,8,adaptive_batch/batch_size,29,792.0
sgboba 64 abm8,aboba,64,seed1,8,adaptive_batch/batch_size,30,912.0
sgboba 64 abm8,aboba,64,seed1,8,adaptive_batch/batch_size,31,1059.0
sgboba 64 abm8,aboba,64,seed1,8,adaptive_batch/batch_size,32,1259.0
sgboba 64 abm8,aboba,64,seed1,8,adaptive_batch/batch_size,33,1554.0
sgboba 64 abm8,aboba,64,seed1,8,adaptive_batch/batch_size,34,1939.0
sgboba 64 abm8,aboba,64,seed1,8,adaptive_batch/batch_size,35,2464.0
sgboba 64 abm8,aboba,64,seed1,8,adaptive_batch/batch_size,36,3288.0
sgboba 64 abm8,aboba,64,seed1,8,adaptive_batch/batch_size,37,4096.0
sgboba 64 abm8,aboba,64,seed1,8,adaptive_batch/batch_size,38,4096.0
sgboba 64 abm8,aboba,64,seed1,8,adaptive_batch/batch_size,39,4096.0
sgboba 64 abm8,aboba,64,seed2,8,adaptive_batch/batch_size,2,135.0
sgboba 64 abm8,aboba,64,seed2,8,adaptive_batch/batch_size,3,137.0
sgboba 64 abm8,aboba,64,seed2,8,adaptive_batch/batch_size,4,160.0
sgboba 64 abm8,aboba,64,seed2,8,adaptive_batch/batch_size,5,174.0
sgboba 64 abm8,aboba,64,seed2,8,adaptive_batch/batch_size,6,187.0
sgboba 64 abm8,aboba,64,seed2,8,adaptive_batch/batch_size,7,199.0
sgboba 64 abm8,aboba,64,seed2,8,adaptive_batch/batch_size,8,210.0
sgboba 64 abm8,aboba,64,seed2,8,adaptive_batch/batch_size,9,221.0
sgboba 64 abm8,aboba,64,seed2,8,adaptive_batch/batch_size,10,232.0
sgboba 64 abm8,aboba,64,seed2,8,adaptive_batch/batch_size,11,243.0
sgboba 64 abm8,aboba,64,seed2,8,adaptive_batch/batch_size,12,253.0
sgboba 64 abm8,aboba,64,seed2,8,adaptive_batch/batch_size,13,266.0
sgboba 64 abm8,aboba,64,seed2,8,adaptive_batch/batch_size,14,278.0
sgboba 64 abm8,aboba,64,seed2,8,adaptive_batch/batch_size,15,288.0
sgboba 64 abm8,aboba,64,seed2,8,adaptive_batch/batch_size,16,305.0
sgboba 64 abm8,aboba,64,seed2,8,adaptive_batch/batch_size,17,319.0
sgboba 64 abm8,aboba,64,seed2,8,adaptive_batch/batch_size,18,337.0
sgboba 64 abm8,aboba,64,seed2,8,adaptive_batch/batch_size,19,355.0
sgboba 64 abm8,aboba,64,seed2,8,adaptive_batch/batch_size,20,376.0
sgboba 64 abm8,aboba,64,seed2,8,adaptive_batch/batch_size,21,401.0
sgboba 64 abm8,aboba,64,seed2,8,adaptive_batch/batch_size,22,424.0
sgboba 64 abm8,aboba,64,seed2,8,adaptive_batch/batch_size,23,458.0
sgboba 64 abm8,aboba,64,seed2,8,adaptive_batch/batch_size,24,492.0
sgboba 64 abm8,aboba,64,seed2,8,adaptive_batch/batch_size,25,536.0
sgboba 64 abm8,aboba,64,seed2,8,adaptive_batch/batch_size,26,584.0
sgboba 64 abm8,aboba,64,seed2,8,adaptive_batch/batch_size,27,641.0
sgboba 64 abm8,aboba,64,seed2,8,adaptive_batch/batch_size,28,712.0
sgboba 64 abm8,aboba,64,seed2,8,adaptive_batch/batch_size,29,800.0
sgboba 64 abm8,aboba,64,seed2,8,adaptive_batch/batch_size,30,941.0
sgboba 64 abm8,aboba,64,seed2,8,adaptive_batch/batch_size,31,1052.0
sgboba 64 abm8,aboba,64,seed2,8,adaptive_batch/batch_size,32,1307.0
sgboba 64 abm8,aboba,64,seed2,8,adaptive_batch/batch_size,33,1535.0
sgboba 64 abm8,aboba,64,seed2,8,adaptive_batch/batch_size,34,1939.0
sgboba 64 abm8,aboba,64,seed2,8,adaptive_batch/batch_size,35,2508.0
sgboba 64 abm8,aboba,64,seed2,8,adaptive_batch/batch_size,36,3434.0
sgboba 64 abm8,aboba,64,seed2,8,adaptive_batch/batch_size,37,4096.0
sgboba 64 abm8,aboba,64,seed2,8,adaptive_batch/batch_size,38,4096.0
sgboba 64 abm8,aboba,64,seed2,8,adaptive_batch/batch_size,39,4096.0
sgboba 64 abm8,aboba,64,seed3,8,adaptive_batch/batch_size,2,130.0
sgboba 64 abm8,aboba,64,seed3,8,adaptive_batch/batch_size,3,140.0
sgboba 64 abm8,aboba,64,seed3,8,adaptive_batch/batch_size,4,163.0
sgboba 64 abm8,aboba,64,seed3,8,adaptive_batch/batch_size,5,177.0
sgboba 64 abm8,aboba,64,seed3,8,adaptive_batch/batch_size,6,189.0
sgboba 64 abm8,aboba,64,seed3,8,adaptive_batch/batch_size,7,201.0
sgboba 64 abm8,aboba,64,seed3,8,adaptive_batch/batch_size,8,211.0
sgboba 64 abm8,aboba,64,seed3,8,adaptive_batch/batch_size,9,221.0
sgboba 64 abm8,aboba,64,seed3,8,adaptive_batch/batch_size,10,232.0
sgboba 64 abm8,aboba,64,seed3,8,adaptive_batch/batch_size,11,242.0
sgboba 64 abm8,aboba,64,seed3,8,adaptive_batch/batch_size,12,254.0
sgboba 64 abm8,aboba,64,seed3,8,adaptive_batch/batch_size,13,264.0
sgboba 64 abm8,aboba,64,seed3,8,adaptive_batch/batch_size,14,276.0
sgboba 64 abm8,aboba,64,seed3,8,adaptive_batch/batch_size,15,290.0
sgboba 64 abm8,aboba,64,seed3,8,adaptive_batch/batch_size,16,304.0
sgboba 64 abm8,aboba,64,seed3,8,adaptive_batch/batch_size,17,320.0
sgboba 64 abm8,aboba,64,seed3,8,adaptive_batch/batch_size,18,338.0
sgboba 64 abm8,aboba,64,seed3,8,adaptive_batch/batch_size,19,352.0
sgboba 64 abm8,aboba,64,seed3,8,adaptive_batch/batch_size,20,373.0
sgboba 64 abm8,aboba,64,seed3,8,adaptive_batch/batch_size,21,401.0
sgboba 64 abm8,aboba,64,seed3,8,adaptive_batch/batch_size,22,421.0
sgboba 64 abm8,aboba,64,seed3,8,adaptive_batch/batch_size,23,458.0
sgboba 64 abm8,aboba,64,seed3,8,adaptive_batch/batch_size,24,490.0
sgboba 64 abm8,aboba,64,seed3,8,adaptive_batch/batch_size,25,531.0
sgboba 64 abm8,aboba,64,seed3,8,adaptive_batch/batch_size,26,581.0
sgboba 64 abm8,aboba,64,seed3,8,adaptive_batch/batch_size,27,636.0
sgboba 64 abm8,aboba,64,seed3,8,adaptive_batch/batch_size,28,712.0
sgboba 64 abm8,aboba,64,seed3,8,adaptive_batch/batch_size,29,793.0
sgboba 64 abm8,aboba,64,seed3,8,adaptive_batch/batch_size,30,915.0
sgboba 64 abm8,aboba,64,seed3,8,adaptive_batch/batch_size,31,1064.0
sgboba 64 abm8,aboba,64,seed3,8,adaptive_batch/batch_size,32,1268.0
sgboba 64 abm8,aboba,64,seed3,8,adaptive_batch/batch_size,33,1528.0
sgboba 64 abm8,aboba,64,seed3,8,adaptive_batch/batch_size,34,1928.0
sgboba 64 abm8,aboba,64,seed3,8,adaptive_batch/batch_size,35,2502.0
sgboba 64 abm8,aboba,64,seed3,8,adaptive_batch/batch_size,36,3362.0
sgboba 64 abm8,aboba,64,seed3,8,adaptive_batch/batch_size,37,4096.0
sgboba 64 abm8,aboba,64,seed3,8,adaptive_batch/batch_size,38,4096.0
sgboba 64 abm8,aboba,64,seed3,8,adaptive_batch/batch_size,39,4096.0
sgd_seesaw 16,seesaw,16,seed1,,seesaw/batch_size,0,16.0
sgd_seesaw 16,seesaw,16,seed1,,seesaw/batch_size,1,16.0
sgd_seesaw 16,seesaw,16,seed1,,seesaw/batch_size,2,16.0
sgd_seesaw 16,seesaw,16,seed1,,seesaw/batch_size,3,16.0
sgd_seesaw 16,seesaw,16,seed1,,seesaw/batch_size,4,16.0
sgd_seesaw 16,seesaw,16,seed1,,seesaw/batch_size,5,16.0
sgd_seesaw 16,seesaw,16,seed1,,seesaw/batch_size,6,16.0
sgd_seesaw 16,seesaw,16,seed1,,seesaw/batch_size,7,16.0
sgd_seesaw 16,seesaw,16,seed1,,seesaw/batch_size,8,16.0
sgd_seesaw 16,seesaw,16,seed1,,seesaw/batch_size,9,16.0
sgd_seesaw 16,seesaw,16,seed1,,seesaw/batch_size,10,16.0
sgd_seesaw 16,seesaw,16,seed1,,seesaw/batch_size,11,16.0
sgd_seesaw 16,seesaw,16,seed1,,seesaw/batch_size,12,16.0
sgd_seesaw 16,seesaw,16,seed1,,seesaw/batch_size,13,16.0
sgd_seesaw 16,seesaw,16,seed1,,seesaw/batch_size,14,16.0
sgd_seesaw 16,seesaw,16,seed1,,seesaw/batch_size,15,16.0
sgd_seesaw 16,seesaw,16,seed1,,seesaw/batch_size,16,16.0
sgd_seesaw 16,seesaw,16,seed1,,seesaw/batch_size,17,16.0
sgd_seesaw 16,seesaw,16,seed1,,seesaw/batch_size,18,16.0
sgd_seesaw 16,seesaw,16,seed1,,seesaw/batch_size,19,16.0
sgd_seesaw 16,seesaw,16,seed1,,seesaw/batch_size,20,16.0
sgd_seesaw 16,seesaw,16,seed1,,seesaw/batch_size,21,16.0
sgd_seesaw 16,seesaw,16,seed1,,seesaw/batch_size,22,16.0
sgd_seesaw 16,seesaw,16,seed1,,seesaw/batch_size,23,16.0
sgd_seesaw 16,seesaw,16,seed1,,seesaw/batch_size,24,16.0
sgd_seesaw 16,seesaw,16,seed1,,seesaw/batch_size,25,48.0
sgd_seesaw 16,seesaw,16,seed1,,seesaw/batch_size,26,48.0
sgd_seesaw 16,seesaw,16,seed1,,seesaw/batch_size,27,48.0
sgd_seesaw 16,seesaw,16,seed1,,seesaw/batch_size,28,48.0
sgd_seesaw 16,seesaw,16,seed1,,seesaw/batch_size,29,48.0
sgd_seesaw 16,seesaw,16,seed1,,seesaw/batch_size,30,48.0
sgd_seesaw 16,seesaw,16,seed1,,seesaw/batch_size,31,48.0
sgd_seesaw 16,seesaw,16,seed1,,seesaw/batch_size,32,48.0
sgd_seesaw 16,seesaw,16,seed1,,seesaw/batch_size,33,144.0
sgd_seesaw 16,seesaw,16,seed1,,seesaw/batch_size,34,144.0
sgd_seesaw 16,seesaw,16,seed1,,seesaw/batch_size,35,144.0
sgd_seesaw 16,seesaw,16,seed1,,seesaw/batch_size,36,144.0
sgd_seesaw 16,seesaw,16,seed1,,seesaw/batch_size,37,432.0
sgd_seesaw 16,seesaw,16,seed1,,seesaw/batch_size,38,432.0
sgd_seesaw 16,seesaw,16,seed1,,seesaw/batch_size,39,432.0
sgd_seesaw 16,seesaw,16,seed2,,seesaw/batch_size,0,16.0
sgd_seesaw 16,seesaw,16,seed2,,seesaw/batch_size,1,16.0
sgd_seesaw 16,seesaw,16,seed2,,seesaw/batch_size,2,16.0
sgd_seesaw 16,seesaw,16,seed2,,seesaw/batch_size,3,16.0
sgd_seesaw 16,seesaw,16,seed2,,seesaw/batch_size,4,16.0
sgd_seesaw 16,seesaw,16,seed2,,seesaw/batch_size,5,16.0
sgd_seesaw 16,seesaw,16,seed2,,seesaw/batch_size,6,16.0
sgd_seesaw 16,seesaw,16,seed2,,seesaw/batch_size,7,16.0
sgd_seesaw 16,seesaw,16,seed2,,seesaw/batch_size,8,16.0
sgd_seesaw 16,seesaw,16,seed2,,seesaw/batch_size,9,16.0
sgd_seesaw 16,seesaw,16,seed2,,seesaw/batch_size,10,16.0
sgd_seesaw 16,seesaw,16,seed2,,seesaw/batch_size,11,16.0
sgd_seesaw 16,seesaw,16,seed2,,seesaw/batch_size,12,16.0
sgd_seesaw 16,seesaw,16,seed2,,seesaw/batch_size,13,16.0
sgd_seesaw 16,seesaw,16,seed2,,seesaw/batch_size,14,16.0
sgd_seesaw 16,seesaw,16,seed2,,seesaw/batch_size,15,16.0
sgd_seesaw 16,seesaw,16,seed2,,seesaw/batch_size,16,16.0
sgd_seesaw 16,seesaw,16,seed2,,seesaw/batch_size,17,16.0
sgd_seesaw 16,seesaw,16,seed2,,seesaw/batch_size,18,16.0
sgd_seesaw 16,seesaw,16,seed2,,seesaw/batch_size,19,16.0
sgd_seesaw 16,seesaw,16,seed2,,seesaw/batch_size,20,16.0
sgd_seesaw 16,seesaw,16,seed2,,seesaw/batch_size,21,16.0
sgd_seesaw 16,seesaw,16,seed2,,seesaw/batch_size,22,16.0
sgd_seesaw 16,seesaw,16,seed2,,seesaw/batch_size,23,16.0
sgd_seesaw 16,seesaw,16,seed2,,seesaw/batch_size,24,16.0
sgd_seesaw 16,seesaw,16,seed2,,seesaw/batch_size,25,48.0
sgd_seesaw 16,seesaw,16,seed2,,seesaw/batch_size,26,48.0
sgd_seesaw 16,seesaw,16,seed2,,seesaw/batch_size,27,48.0
sgd_seesaw 16,seesaw,16,seed2,,seesaw/batch_size,28,48.0
sgd_seesaw 16,seesaw,16,seed2,,seesaw/batch_size,29,48.0
sgd_seesaw 16,seesaw,16,seed2,,seesaw/batch_size,30,48.0
sgd_seesaw 16,seesaw,16,seed2,,seesaw/batch_size,31,48.0
sgd_seesaw 16,seesaw,16,seed2,,seesaw/batch_size,32,48.0
sgd_seesaw 16,seesaw,16,seed2,,seesaw/batch_size,33,144.0
sgd_seesaw 16,seesaw,16,seed2,,seesaw/batch_size,34,144.0
sgd_seesaw 16,seesaw,16,seed2,,seesaw/batch_size,35,144.0
sgd_seesaw 16,seesaw,16,seed2,,seesaw/batch_size,36,144.0
sgd_seesaw 16,seesaw,16,seed2,,seesaw/batch_size,37,432.0
sgd_seesaw 16,seesaw,16,seed2,,seesaw/batch_size,38,432.0
sgd_seesaw 16,seesaw,16,seed2,,seesaw/batch_size,39,432.0
sgd_seesaw 16,seesaw,16,seed3,,seesaw/batch_size,0,16.0
sgd_seesaw 16,seesaw,16,seed3,,seesaw/batch_size,1,16.0
sgd_seesaw 16,seesaw,16,seed3,,seesaw/batch_size,2,16.0
sgd_seesaw 16,seesaw,16,seed3,,seesaw/batch_size,3,16.0
sgd_seesaw 16,seesaw,16,seed3,,seesaw/batch_size,4,16.0
sgd_seesaw 16,seesaw,16,seed3,,seesaw/batch_size,5,16.0
sgd_seesaw 16,seesaw,16,seed3,,seesaw/batch_size,6,16.0
sgd_seesaw 16,seesaw,16,seed3,,seesaw/batch_size,7,16.0
sgd_seesaw 16,seesaw,16,seed3,,seesaw/batch_size,8,16.0
sgd_seesaw 16,seesaw,16,seed3,,seesaw/batch_size,9,16.0
sgd_seesaw 16,seesaw,16,seed3,,seesaw/batch_size,10,16.0
sgd_seesaw 16,seesaw,16,seed3,,seesaw/batch_size,11,16.0
sgd_seesaw 16,seesaw,16,seed3,,seesaw/batch_size,12,16.0
sgd_seesaw 16,seesaw,16,seed3,,seesaw/batch_size,13,16.0
sgd_seesaw 16,seesaw,16,seed3,,seesaw/batch_size,14,16.0
sgd_seesaw 16,seesaw,16,seed3,,seesaw/batch_size,15,16.0
sgd_seesaw 16,seesaw,16,seed3,,seesaw/batch_size,16,16.0
sgd_seesaw 16,seesaw,16,seed3,,seesaw/batch_size,17,16.0
sgd_seesaw 16,seesaw,16,seed3,,seesaw/batch_size,18,16.0
sgd_seesaw 16,seesaw,16,seed3,,seesaw/batch_size,19,16.0
sgd_seesaw 16,seesaw,16,seed3,,seesaw/batch_size,20,16.0
sgd_seesaw 16,seesaw,16,seed3,,seesaw/batch_size,21,16.0
sgd_seesaw 16,seesaw,16,seed3,,seesaw/batch_size,22,16.0
sgd_seesaw 16,seesaw,16,seed3,,seesaw/batch_size,23,16.0
sgd_seesaw 16,seesaw,16,seed3,,seesaw/batch_size,24,16.0
sgd_seesaw 16,seesaw,16,seed3,,seesaw/batch_size,25,48.0
sgd_seesaw 16,seesaw,16,seed3,,seesaw/batch_size,26,48.0
sgd_seesaw 16,seesaw,16,seed3,,seesaw/batch_size,27,48.0
sgd_seesaw 16,seesaw,16,seed3,,seesaw/batch_size,28,48.0
sgd_seesaw 16,seesaw,16,seed3,,seesaw/batch_size,29,48.0
sgd_seesaw 16,seesaw,16,seed3,,seesaw/batch_size,30,48.0
sgd_seesaw 16,seesaw,16,seed3,,seesaw/batch_size,31,48.0
sgd_seesaw 16,seesaw,16,seed3,,seesaw/batch_size,32,48.0
sgd_seesaw 16,seesaw,16,seed3,,seesaw/batch_size,33,144.0
sgd_seesaw 16,seesaw,16,seed3,,seesaw/batch_size,34,144.0
sgd_seesaw 16,seesaw,16,seed3,,seesaw/batch_size,35,144.0
sgd_seesaw 16,seesaw,16,seed3,,seesaw/batch_size,36,144.0
sgd_seesaw 16,seesaw,16,seed3,,seesaw/batch_size,37,432.0
sgd_seesaw 16,seesaw,16,seed3,,seesaw/batch_size,38,432.0
sgd_seesaw 16,seesaw,16,seed3,,seesaw/batch_size,39,432.0
sgd_seesaw 256,seesaw,256,seed1,,seesaw/batch_size,0,256.0
sgd_seesaw 256,seesaw,256,seed1,,seesaw/batch_size,1,256.0
sgd_seesaw 256,seesaw,256,seed1,,seesaw/batch_size,2,256.0
sgd_seesaw 256,seesaw,256,seed1,,seesaw/batch_size,3,256.0
sgd_seesaw 256,seesaw,256,seed1,,seesaw/batch_size,4,256.0
sgd_seesaw 256,seesaw,256,seed1,,seesaw/batch_size,5,256.0
sgd_seesaw 256,seesaw,256,seed1,,seesaw/batch_size,6,256.0
sgd_seesaw 256,seesaw,256,seed1,,seesaw/batch_size,7,256.0
sgd_seesaw 256,seesaw,256,seed1,,seesaw/batch_size,8,256.0
sgd_seesaw 256,seesaw,256,seed1,,seesaw/batch_size,9,256.0
sgd_seesaw 256,seesaw,256,seed1,,seesaw/batch_size,10,256.0
sgd_seesaw 256,seesaw,256,seed1,,seesaw/batch_size,11,256.0
sgd_seesaw 256,seesaw,256,seed1,,seesaw/batch_size,12,256.0
sgd_seesaw 256,seesaw,256,seed1,,seesaw/batch_size,13,256.0
sgd_seesaw 256,seesaw,256,seed1,,seesaw/batch_size,14,256.0
sgd_seesaw 256,seesaw,256,seed1,,seesaw/batch_size,15,256.0
sgd_seesaw 256,seesaw,256,seed1,,seesaw/batch_size,16,256.0
sgd_seesaw 256,seesaw,256,seed1,,seesaw/batch_size,17,256.0
sgd_seesaw 256,seesaw,256,seed1,,seesaw/batch_size,18,256.0
sgd_seesaw 256,seesaw,256,seed1,,seesaw/batch_size,19,256.0
sgd_seesaw 256,seesaw,256,seed1,,seesaw/batch_size,20,256.0
sgd_seesaw 256,seesaw,256,seed1,,seesaw/batch_size,21,256.0
sgd_seesaw 256,seesaw,256,seed1,,seesaw/batch_size,22,256.0
sgd_seesaw 256,seesaw,256,seed1,,seesaw/batch_size,23,256.0
sgd_seesaw 256,seesaw,256,seed1,,seesaw/batch_size,24,256.0
sgd_seesaw 256,seesaw,256,seed1,,seesaw/batch_size,25,768.0
sgd_seesaw 256,seesaw,256,seed1,,seesaw/batch_size,26,768.0
sgd_seesaw 256,seesaw,256,seed1,,seesaw/batch_size,27,768.0
sgd_seesaw 256,seesaw,256,seed1,,seesaw/batch_size,28,768.0
sgd_seesaw 256,seesaw,256,seed1,,seesaw/batch_size,29,768.0
sgd_seesaw 256,seesaw,256,seed1,,seesaw/batch_size,30,768.0
sgd_seesaw 256,seesaw,256,seed1,,seesaw/batch_size,31,768.0
sgd_seesaw 256,seesaw,256,seed1,,seesaw/batch_size,32,768.0
sgd_seesaw 256,seesaw,256,seed1,,seesaw/batch_size,33,2304.0
sgd_seesaw 256,seesaw,256,seed1,,seesaw/batch_size,34,2304.0
sgd_seesaw 256,seesaw,256,seed1,,seesaw/batch_size,35,2304.0
sgd_seesaw 256,seesaw,256,seed1,,seesaw/batch_size,36,2304.0
sgd_seesaw 256,seesaw,256,seed1,,seesaw/batch_size,37,4096.0
sgd_seesaw 256,seesaw,256,seed1,,seesaw/batch_size,38,4096.0
sgd_seesaw 256,seesaw,256,seed1,,seesaw/batch_size,39,4096.0
sgd_seesaw 256,seesaw,256,seed2,,seesaw/batch_size,0,256.0
sgd_seesaw 256,seesaw,256,seed2,,seesaw/batch_size,1,256.0
sgd_seesaw 256,seesaw,256,seed2,,seesaw/batch_size,2,256.0
sgd_seesaw 256,seesaw,256,seed2,,seesaw/batch_size,3,256.0
sgd_seesaw 256,seesaw,256,seed2,,seesaw/batch_size,4,256.0
sgd_seesaw 256,seesaw,256,seed2,,seesaw/batch_size,5,256.0
sgd_seesaw 256,seesaw,256,seed2,,seesaw/batch_size,6,256.0
sgd_seesaw 256,seesaw,256,seed2,,seesaw/batch_size,7,256.0
sgd_seesaw 256,seesaw,256,seed2,,seesaw/batch_size,8,256.0
sgd_seesaw 256,seesaw,256,seed2,,seesaw/batch_size,9,256.0
sgd_seesaw 256,seesaw,256,seed2,,seesaw/batch_size,10,256.0
sgd_seesaw 256,seesaw,256,seed2,,seesaw/batch_size,11,256.0
sgd_seesaw 256,seesaw,256,seed2,,seesaw/batch_size,12,256.0
sgd_seesaw 256,seesaw,256,seed2,,seesaw/batch_size,13,256.0
sgd_seesaw 256,seesaw,256,seed2,,seesaw/batch_size,14,256.0
sgd_seesaw 256,seesaw,256,seed2,,seesaw/batch_size,15,256.0
sgd_seesaw 256,seesaw,256,seed2,,seesaw/batch_size,16,256.0
sgd_seesaw 256,seesaw,256,seed2,,seesaw/batch_size,17,256.0
sgd_seesaw 256,seesaw,256,seed2,,seesaw/batch_size,18,256.0
sgd_seesaw 256,seesaw,256,seed2,,seesaw/batch_size,19,256.0
sgd_seesaw 256,seesaw,256,seed2,,seesaw/batch_size,20,256.0
sgd_seesaw 256,seesaw,256,seed2,,seesaw/batch_size,21,256.0
sgd_seesaw 256,seesaw,256,seed2,,seesaw/batch_size,22,256.0
sgd_seesaw 256,seesaw,256,seed2,,seesaw/batch_size,23,256.0
sgd_seesaw 256,seesaw,256,seed2,,seesaw/batch_size,24,256.0
sgd_seesaw 256,seesaw,256,seed2,,seesaw/batch_size,25,768.0
sgd_seesaw 256,seesaw,256,seed2,,seesaw/batch_size,26,768.0
sgd_seesaw 256,seesaw,256,seed2,,seesaw/batch_size,27,768.0
sgd_seesaw 256,seesaw,256,seed2,,seesaw/batch_size,28,768.0
sgd_seesaw 256,seesaw,256,seed2,,seesaw/batch_size,29,768.0
sgd_seesaw 256,seesaw,256,seed2,,seesaw/batch_size,30,768.0
sgd_seesaw 256,seesaw,256,seed2,,seesaw/batch_size,31,768.0
sgd_seesaw 256,seesaw,256,seed2,,seesaw/batch_size,32,768.0
sgd_seesaw 256,seesaw,256,seed2,,seesaw/batch_size,33,2304.0
sgd_seesaw 256,seesaw,256,seed2,,seesaw/batch_size,34,2304.0
sgd_seesaw 256,seesaw,256,seed2,,seesaw/batch_size,35,2304.0
sgd_seesaw 256,seesaw,256,seed2,,seesaw/batch_size,36,2304.0
sgd_seesaw 256,seesaw,256,seed2,,seesaw/batch_size,37,4096.0
sgd_seesaw 256,seesaw,256,seed2,,seesaw/batch_size,38,4096.0
sgd_seesaw 256,seesaw,256,seed2,,seesaw/batch_size,39,4096.0
sgd_seesaw 256,seesaw,256,seed3,,seesaw/batch_size,0,256.0
sgd_seesaw 256,seesaw,256,seed3,,seesaw/batch_size,1,256.0
sgd_seesaw 256,seesaw,256,seed3,,seesaw/batch_size,2,256.0
sgd_seesaw 256,seesaw,256,seed3,,seesaw/batch_size,3,256.0
sgd_seesaw 256,seesaw,256,seed3,,seesaw/batch_size,4,256.0
sgd_seesaw 256,seesaw,256,seed3,,seesaw/batch_size,5,256.0
sgd_seesaw 256,seesaw,256,seed3,,seesaw/batch_size,6,256.0
sgd_seesaw 256,seesaw,256,seed3,,seesaw/batch_size,7,256.0
sgd_seesaw 256,seesaw,256,seed3,,seesaw/batch_size,8,256.0
sgd_seesaw 256,seesaw,256,seed3,,seesaw/batch_size,9,256.0
sgd_seesaw 256,seesaw,256,seed3,,seesaw/batch_size,10,256.0
sgd_seesaw 256,seesaw,256,seed3,,seesaw/batch_size,11,256.0
sgd_seesaw 256,seesaw,256,seed3,,seesaw/batch_size,12,256.0
sgd_seesaw 256,seesaw,256,seed3,,seesaw/batch_size,13,256.0
sgd_seesaw 256,seesaw,256,seed3,,seesaw/batch_size,14,256.0
sgd_seesaw 256,seesaw,256,seed3,,seesaw/batch_size,15,256.0
sgd_seesaw 256,seesaw,256,seed3,,seesaw/batch_size,16,256.0
sgd_seesaw 256,seesaw,256,seed3,,seesaw/batch_size,17,256.0
sgd_seesaw 256,seesaw,256,seed3,,seesaw/batch_size,18,256.0
sgd_seesaw 256,seesaw,256,seed3,,seesaw/batch_size,19,256.0
sgd_seesaw 256,seesaw,256,seed3,,seesaw/batch_size,20,256.0
sgd_seesaw 256,seesaw,256,seed3,,seesaw/batch_size,21,256.0
sgd_seesaw 256,seesaw,256,seed3,,seesaw/batch_size,22,256.0
sgd_seesaw 256,seesaw,256,seed3,,seesaw/batch_size,23,256.0
sgd_seesaw 256,seesaw,256,seed3,,seesaw/batch_size,24,256.0
sgd_seesaw 256,seesaw,256,seed3,,seesaw/batch_size,25,768.0
sgd_seesaw 256,seesaw,256,seed3,,seesaw/batch_size,26,768.0
sgd_seesaw 256,seesaw,256,seed3,,seesaw/batch_size,27,768.0
sgd_seesaw 256,seesaw,256,seed3,,seesaw/batch_size,28,768.0
sgd_seesaw 256,seesaw,256,seed3,,seesaw/batch_size,29,768.0
sgd_seesaw 256,seesaw,256,seed3,,seesaw/batch_size,30,768.0
sgd_seesaw 256,seesaw,256,seed3,,seesaw/batch_size,31,768.0
sgd_seesaw 256,seesaw,256,seed3,,seesaw/batch_size,32,768.0
sgd_seesaw 256,seesaw,256,seed3,,seesaw/batch_size,33,2304.0
sgd_seesaw 256,seesaw,256,seed3,,seesaw/batch_size,34,2304.0
sgd_seesaw 256,seesaw,256,seed3,,seesaw/batch_size,35,2304.0
sgd_seesaw 256,seesaw,256,seed3,,seesaw/batch_size,36,2304.0
sgd_seesaw 256,seesaw,256,seed3,,seesaw/batch_size,37,4096.0
sgd_seesaw 256,seesaw,256,seed3,,seesaw/batch_size,38,4096.0
sgd_seesaw 256,seesaw,256,seed3,,seesaw/batch_size,39,4096.0
sgd_seesaw 64,seesaw,64,seed1,,seesaw/batch_size,0,64.0
sgd_seesaw 64,seesaw,64,seed1,,seesaw/batch_size,1,64.0
sgd_seesaw 64,seesaw,64,seed1,,seesaw/batch_size,2,64.0
sgd_seesaw 64,seesaw,64,seed1,,seesaw/batch_size,3,64.0
sgd_seesaw 64,seesaw,64,seed1,,seesaw/batch_size,4,64.0
sgd_seesaw 64,seesaw,64,seed1,,seesaw/batch_size,5,64.0
sgd_seesaw 64,seesaw,64,seed1,,seesaw/batch_size,6,64.0
sgd_seesaw 64,seesaw,64,seed1,,seesaw/batch_size,7,64.0
sgd_seesaw 64,seesaw,64,seed1,,seesaw/batch_size,8,64.0
sgd_seesaw 64,seesaw,64,seed1,,seesaw/batch_size,9,64.0
sgd_seesaw 64,seesaw,64,seed1,,seesaw/batch_size,10,64.0
sgd_seesaw 64,seesaw,64,seed1,,seesaw/batch_size,11,64.0
sgd_seesaw 64,seesaw,64,seed1,,seesaw/batch_size,12,64.0
sgd_seesaw 64,seesaw,64,seed1,,seesaw/batch_size,13,64.0
sgd_seesaw 64,seesaw,64,seed1,,seesaw/batch_size,14,64.0
sgd_seesaw 64,seesaw,64,seed1,,seesaw/batch_size,15,64.0
sgd_seesaw 64,seesaw,64,seed1,,seesaw/batch_size,16,64.0
sgd_seesaw 64,seesaw,64,seed1,,seesaw/batch_size,17,64.0
sgd_seesaw 64,seesaw,64,seed1,,seesaw/batch_size,18,64.0
sgd_seesaw 64,seesaw,64,seed1,,seesaw/batch_size,19,64.0
sgd_seesaw 64,seesaw,64,seed1,,seesaw/batch_size,20,64.0
sgd_seesaw 64,seesaw,64,seed1,,seesaw/batch_size,21,64.0
sgd_seesaw 64,seesaw,64,seed1,,seesaw/batch_size,22,64.0
sgd_seesaw 64,seesaw,64,seed1,,seesaw/batch_size,23,64.0
sgd_seesaw 64,seesaw,64,seed1,,seesaw/batch_size,24,64.0
sgd_seesaw 64,seesaw,64,seed1,,seesaw/batch_size,25,192.0
sgd_seesaw 64,seesaw,64,seed1,,seesaw/batch_size,26,192.0
sgd_seesaw 64,seesaw,64,seed1,,seesaw/batch_size,27,192.0
sgd_seesaw 64,seesaw,64,seed1,,seesaw/batch_size,28,192.0
sgd_seesaw 64,seesaw,64,seed1,,seesaw/batch_size,29,192.0
sgd_seesaw 64,seesaw,64,seed1,,seesaw/batch_size,30,192.0
sgd_seesaw 64,seesaw,64,seed1,,seesaw/batch_size,31,192.0
sgd_seesaw 64,seesaw,64,seed1,,seesaw/batch_size,32,192.0
sgd_seesaw 64,seesaw,64,seed1,,seesaw/batch_size,33,576.0
sgd_seesaw 64,seesaw,64,seed1,,seesaw/batch_size,34,576.0
sgd_seesaw 64,seesaw,64,seed1,,seesaw/batch_size,35,576.0
sgd_seesaw 64,seesaw,64,seed1,,seesaw/batch_size,36,576.0
sgd_seesaw 64,seesaw,64,seed1,,seesaw/batch_size,37,1728.0
sgd_seesaw 64,seesaw,64,seed1,,seesaw/batch_size,38,1728.0
sgd_seesaw 64,seesaw,64,seed1,,seesaw/batch_size,39,1728.0
sgd_seesaw 64,seesaw,64,seed2,,seesaw/batch_size,0,64.0
sgd_seesaw 64,seesaw,64,seed2,,seesaw/batch_size,1,64.0
sgd_seesaw 64,seesaw,64,seed2,,seesaw/batch_size,2,64.0
sgd_seesaw 64,seesaw,64,seed2,,seesaw/batch_size,3,64.0
sgd_seesaw 64,seesaw,64,seed2,,seesaw/batch_size,4,64.0
sgd_seesaw 64,seesaw,64,seed2,,seesaw/batch_size,5,64.0
sgd_seesaw 64,seesaw,64,seed2,,seesaw/batch_size,6,64.0
sgd_seesaw 64,seesaw,64,seed2,,seesaw/batch_size,7,64.0
sgd_seesaw 64,seesaw,64,seed2,,seesaw/batch_size,8,64.0
sgd_seesaw 64,seesaw,64,seed2,,seesaw/batch_size,9,64.0
sgd_seesaw 64,seesaw,64,seed2,,seesaw/batch_size,10,64.0
sgd_seesaw 64,seesaw,64,seed2,,seesaw/batch_size,11,64.0
sgd_seesaw 64,seesaw,64,seed2,,seesaw/batch_size,12,64.0
sgd_seesaw 64,seesaw,64,seed2,,seesaw/batch_size,13,64.0
sgd_seesaw 64,seesaw,64,seed2,,seesaw/batch_size,14,64.0
sgd_seesaw 64,seesaw,64,seed2,,seesaw/batch_size,15,64.0
sgd_seesaw 64,seesaw,64,seed2,,seesaw/batch_size,16,64.0
sgd_seesaw 64,seesaw,64,seed2,,seesaw/batch_size,17,64.0
sgd_seesaw 64,seesaw,64,seed2,,seesaw/batch_size,18,64.0
sgd_seesaw 64,seesaw,64,seed2,,seesaw/batch_size,19,64.0
sgd_seesaw 64,seesaw,64,seed2,,seesaw/batch_size,20,64.0
sgd_seesaw 64,seesaw,64,seed2,,seesaw/batch_size,21,64.0
sgd_seesaw 64,seesaw,64,seed2,,seesaw/batch_size,22,64.0
sgd_seesaw 64,seesaw,64,seed2,,seesaw/batch_size,23,64.0
sgd_seesaw 64,seesaw,64,seed2,,seesaw/batch_size,24,64.0
sgd_seesaw 64,seesaw,64,seed2,,seesaw/batch_size,25,192.0
sgd_seesaw 64,seesaw,64,seed2,,seesaw/batch_size,26,192.0
sgd_seesaw 64,seesaw,64,seed2,,seesaw/batch_size,27,192.0
sgd_seesaw 64,seesaw,64,seed2,,seesaw/batch_size,28,192.0
sgd_seesaw 64,seesaw,64,seed2,,seesaw/batch_size,29,192.0
sgd_seesaw 64,seesaw,64,seed2,,seesaw/batch_size,30,192.0
sgd_seesaw 64,seesaw,64,seed2,,seesaw/batch_size,31,192.0
sgd_seesaw 64,seesaw,64,seed2,,seesaw/batch_size,32,192.0
sgd_seesaw 64,seesaw,64,seed2,,seesaw/batch_size,33,576.0
sgd_seesaw 64,seesaw,64,seed2,,seesaw/batch_size,34,576.0
sgd_seesaw 64,seesaw,64,seed2,,seesaw/batch_size,35,576.0
sgd_seesaw 64,seesaw,64,seed2,,seesaw/batch_size,36,576.0
sgd_seesaw 64,seesaw,64,seed2,,seesaw/batch_size,37,1728.0
sgd_seesaw 64,seesaw,64,seed2,,seesaw/batch_size,38,1728.0
sgd_seesaw 64,seesaw,64,seed2,,seesaw/batch_size,39,1728.0
sgd_seesaw 64,seesaw,64,seed3,,seesaw/batch_size,0,64.0
sgd_seesaw 64,seesaw,64,seed3,,seesaw/batch_size,1,64.0
sgd_seesaw 64,seesaw,64,seed3,,seesaw/batch_size,2,64.0
sgd_seesaw 64,seesaw,64,seed3,,seesaw/batch_size,3,64.0
sgd_seesaw 64,seesaw,64,seed3,,seesaw/batch_size,4,64.0
sgd_seesaw 64,seesaw,64,seed3,,seesaw/batch_size,5,64.0
sgd_seesaw 64,seesaw,64,seed3,,seesaw/batch_size,6,64.0
sgd_seesaw 64,seesaw,64,seed3,,seesaw/batch_size,7,64.0
sgd_seesaw 64,seesaw,64,seed3,,seesaw/batch_size,8,64.0
sgd_seesaw 64,seesaw,64,seed3,,seesaw/batch_size,9,64.0
sgd_seesaw 64,seesaw,64,seed3,,seesaw/batch_size,10,64.0
sgd_seesaw 64,seesaw,64,seed3,,seesaw/batch_size,11,64.0
sgd_seesaw 64,seesaw,64,seed3,,seesaw/batch_size,12,64.0
sgd_seesaw 64,seesaw,64,seed3,,seesaw/batch_size,13,64.0
sgd_seesaw 64,seesaw,64,seed3,,seesaw/batch_size,14,64.0
sgd_seesaw 64,seesaw,64,seed3,,seesaw/batch_size,15,64.0
sgd_seesaw 64,seesaw,64,seed3,,seesaw/batch_size,16,64.0
sgd_seesaw 64,seesaw,64,seed3,,seesaw/batch_size,17,64.0
sgd_seesaw 64,seesaw,64,seed3,,seesaw/batch_size,18,64.0
sgd_seesaw 64,seesaw,64,seed3,,seesaw/batch_size,19,64.0
sgd_seesaw 64,seesaw,64,seed3,,seesaw/batch_size,20,64.0
sgd_seesaw 64,seesaw,64,seed3,,seesaw/batch_size,21,64.0
sgd_seesaw 64,seesaw,64,seed3,,seesaw/batch_size,22,64.0
sgd_seesaw 64,seesaw,64,seed3,,seesaw/batch_size,23,64.0
sgd_seesaw 64,seesaw,64,seed3,,seesaw/batch_size,24,64.0
sgd_seesaw 64,seesaw,64,seed3,,seesaw/batch_size,25,192.0
sgd_seesaw 64,seesaw,64,seed3,,seesaw/batch_size,26,192.0
sgd_seesaw 64,seesaw,64,seed3,,seesaw/batch_size,27,192.0
sgd_seesaw 64,seesaw,64,seed3,,seesaw/batch_size,28,192.0
sgd_seesaw 64,seesaw,64,seed3,,seesaw/batch_size,29,192.0
sgd_seesaw 64,seesaw,64,seed3,,seesaw/batch_size,30,192.0
sgd_seesaw 64,seesaw,64,seed3,,seesaw/batch_size,31,192.0
sgd_seesaw 64,seesaw,64,seed3,,seesaw/batch_size,32,192.0
sgd_seesaw 64,seesaw,64,seed3,,seesaw/batch_size,33,576.0
sgd_seesaw 64,seesaw,64,seed3,,seesaw/batch_size,34,576.0
sgd_seesaw 64,seesaw,64,seed3,,seesaw/batch_size,35,576.0
sgd_seesaw 64,seesaw,64,seed3,,seesaw/batch_size,36,576.0
sgd_seesaw 64,seesaw,64,seed3,,seesaw/batch_size,37,1728.0
sgd_seesaw 64,seesaw,64,seed3,,seesaw/batch_size,38,1728.0
sgd_seesaw 64,seesaw,64,seed3,,seesaw/batch_size,39,1728.0
sgboba 1024 abm16,aboba,1024,seed1,16,test_accuracy,0,0.136
sgboba 1024 abm16,aboba,1024,seed1,16,test_accuracy,1,0.3008
sgboba 1024 abm16,aboba,1024,seed1,16,test_accuracy,2,0.4356
sgboba 1024 abm16,aboba,1024,seed1,16,test_accuracy,3,0.4934
sgboba 1024 abm16,aboba,1024,seed1,16,test_accuracy,4,0.5184
sgboba 1024 abm16,aboba,1024,seed1,16,test_accuracy,5,0.5376
sgboba 1024 abm16,aboba,1024,seed1,16,test_accuracy,6,0.5453
sgboba 1024 abm16,aboba,1024,seed1,16,test_accuracy,7,0.5555
sgboba 1024 abm16,aboba,1024,seed1,16,test_accuracy,8,0.5577
sgboba 1024 abm16,aboba,1024,seed1,16,test_accuracy,9,0.5623
sgboba 1024 abm16,aboba,1024,seed1,16,test_accuracy,10,0.5656
sgboba 1024 abm16,aboba,1024,seed1,16,test_accuracy,11,0.5766
sgboba 1024 abm16,aboba,1024,seed1,16,test_accuracy,12,0.5733
sgboba 1024 abm16,aboba,1024,seed1,16,test_accuracy,13,0.569
sgboba 1024 abm16,aboba,1024,seed1,16,test_accuracy,14,0.5802
sgboba 1024 abm16,aboba,1024,seed1,16,test_accuracy,15,0.583
sgboba 1024 abm16,aboba,1024,seed1,16,test_accuracy,16,0.5817
sgboba 1024 abm16,aboba,1024,seed1,16,test_accuracy,17,0.5889
sgboba 1024 abm16,aboba,1024,seed1,16,test_accuracy,18,0.5888
sgboba 1024 abm16,aboba,1024,seed1,16,test_accuracy,19,0.5897
sgboba 1024 abm16,aboba,1024,seed1,16,test_accuracy,20,0.5903
sgboba 1024 abm16,aboba,1024,seed1,16,test_accuracy,21,0.5922
sgboba 1024 abm16,aboba,1024,seed1,16,test_accuracy,22,0.5958
sgboba 1024 abm16,aboba,1024,seed1,16,test_accuracy,23,0.5958
sgboba 1024 abm16,aboba,1024,seed1,16,test_accuracy,24,0.596
sgboba 1024 abm16,aboba,1024,seed1,16,test_accuracy,25,0.5984
sgboba 1024 abm16,aboba,1024,seed1,16,test_accuracy,26,0.6024
sgboba 1024 abm16,aboba,1024,seed1,16,test_accuracy,27,0.599
sgboba 1024 abm16,aboba,1024,seed1,16,test_accuracy,28,0.6024
sgboba 1024 abm16,aboba,1024,seed1,16,test_accuracy,29,0.6026
sgboba 1024 abm16,aboba,1024,seed1,16,test_accuracy,30,0.6028
sgboba 1024 abm16,aboba,1024,seed1,16,test_accuracy,31,0.6012
sgboba 1024 abm16,aboba,1024,seed1,16,test_accuracy,32,0.6016
sgboba 1024 abm16,aboba,1024,seed1,16,test_accuracy,33,0.602
sgboba 1024 abm16,aboba,1024,seed1,16,test_accuracy,34,0.603
sgboba 1024 abm16,aboba,1024,seed1,16,test_accuracy,35,0.6025
sgboba 1024 abm16,aboba,1024,seed1,16,test_accuracy,36,0.6031
sgboba 1024 abm16,aboba,1024,seed1,16,test_accuracy,37,0.6034
sgboba 1024 abm16,aboba,1024,seed1,16,test_accuracy,38,0.6034
sgboba 1024 abm16,aboba,1024,seed1,16,test_accuracy,39,0.6036
sgboba 1024 abm16,aboba,1024,seed2,16,test_accuracy,0,0.1477
sgboba 1024 abm16,aboba,1024,seed2,16,test_accuracy,1,0.3014
sgboba 1024 abm16,aboba,1024,seed2,16,test_accuracy,2,0.4357
sgboba 1024 abm16,aboba,1024,seed2,16,test_accuracy,3,0.4848
sgboba 1024 abm16,aboba,1024,seed2,16,test_accuracy,4,0.5173
sgboba 1024 abm16,aboba,1024,seed2,16,test_accuracy,5,0.5369
sgboba 1024 abm16,aboba,1024,seed2,16,test_accuracy,6,0.5518
sgboba 1024 abm16,aboba,1024,seed2,16,test_accuracy,7,0.5581
sgboba 1024 abm16,aboba,1024,seed2,16,test_accuracy,8,0.5646
sgboba 1024 abm16,aboba,1024,seed2,16,test_accuracy,9,0.5651
sgboba 1024 abm16,aboba,1024,seed2,16,test_accuracy,10,0.5695
sgboba 1024 abm16,aboba,1024,seed2,16,test_accuracy,11,0.5772
sgboba 1024 abm16,aboba,1024,seed2,16,test_accuracy,12,0.5733
sgboba 1024 abm16,aboba,1024,seed2,16,test_accuracy,13,0.577
sgboba 1024 abm16,aboba,1024,seed2,16,test_accuracy,14,0.5829
sgboba 1024 abm16,aboba,1024,seed2,16,test_accuracy,15,0.5787
sgboba 1024 abm16,aboba,1024,seed2,16,test_accuracy,16,0.5816
sgboba 1024 abm16,aboba,1024,seed2,16,test_accuracy,17,0.5849
sgboba 1024 abm16,aboba,1024,seed2,16,test_accuracy,18,0.5903
sgboba 1024 abm16,aboba,1024,seed2,16,test_accuracy,19,0.5922
sgboba 1024 abm16,aboba,1024,seed2,16,test_accuracy,20,0.601
sgboba 1024 abm16,aboba,1024,seed2,16,test_accuracy,21,0.5978
sgboba 1024 abm16,aboba,1024,seed2,16,test_accuracy,22,0.5971
sgboba 1024 abm16,aboba,1024,seed2,16,test_accuracy,23,0.5992
sgboba 1024 abm16,aboba,1024,seed2,16,test_accuracy,24,0.6001
sgboba 1024 abm16,aboba,1024,seed2,16,test_accuracy,25,0.6006
sgboba 1024 abm16,aboba,1024,seed2,16,test_accuracy,26,0.6021
sgboba 1024 abm16,aboba,1024,seed2,16,test_accuracy,27,0.604
sgboba 1024 abm16,aboba,1024,seed2,16,test_accuracy,28,0.6025
sgboba 1024 abm16,aboba,1024,seed2,16,test_accuracy,29,0.6032
sgboba 1024 abm16,aboba,1024,seed2,16,test_accuracy,30,0.6043
sgboba 1024 abm16,aboba,1024,seed2,16,test_accuracy,31,0.6049
sgboba 1024 abm16,aboba,1024,seed2,16,test_accuracy,32,0.6051
sgboba 1024 abm16,aboba,1024,seed2,16,test_accuracy,33,0.6058
sgboba 1024 abm16,aboba,1024,seed2,16,test_accuracy,34,0.6055
sgboba 1024 abm16,aboba,1024,seed2,16,test_accuracy,35,0.6049
sgboba 1024 abm16,aboba,1024,seed2,16,test_accuracy,36,0.605
sgboba 1024 abm16,aboba,1024,seed2,16,test_accuracy,37,0.6044
sgboba 1024 abm16,aboba,1024,seed2,16,test_accuracy,38,0.6045
sgboba 1024 abm16,aboba,1024,seed2,16,test_accuracy,39,0.605
sgboba 1024 abm16,aboba,1024,seed3,16,test_accuracy,0,0.1456
sgboba 1024 abm16,aboba,1024,seed3,16,test_accuracy,1,0.2964
sgboba 1024 abm16,aboba,1024,seed3,16,test_accuracy,2,0.4389
sgboba 1024 abm16,aboba,1024,seed3,16,test_accuracy,3,0.4943
sgboba 1024 abm16,aboba,1024,seed3,16,test_accuracy,4,0.519
sgboba 1024 abm16,aboba,1024,seed3,16,test_accuracy,5,0.529
sgboba 1024 abm16,aboba,1024,seed3,16,test_accuracy,6,0.544
sgboba 1024 abm16,aboba,1024,seed3,16,test_accuracy,7,0.5556
sgboba 1024 abm16,aboba,1024,seed3,16,test_accuracy,8,0.5579
sgboba 1024 abm16,aboba,1024,seed3,16,test_accuracy,9,0.5574
sgboba 1024 abm16,aboba,1024,seed3,16,test_accuracy,10,0.5589
sgboba 1024 abm16,aboba,1024,seed3,16,test_accuracy,11,0.5701
sgboba 1024 abm16,aboba,1024,seed3,16,test_accuracy,12,0.5699
sgboba 1024 abm16,aboba,1024,seed3,16,test_accuracy,13,0.5717
sgboba 1024 abm16,aboba,1024,seed3,16,test_accuracy,14,0.5644
sgboba 1024 abm16,aboba,1024,seed3,16,test_accuracy,15,0.5756
sgboba 1024 abm16,aboba,1024,seed3,16,test_accuracy,16,0.579
sgboba 1024 abm16,aboba,1024,seed3,16,test_accuracy,17,0.5808
sgboba 1024 abm16,aboba,1024,seed3,16,test_accuracy,18,0.5826
sgboba 1024 abm16,aboba,1024,seed3,16,test_accuracy,19,0.5891
sgboba 1024 abm16,aboba,1024,seed3,16,test_accuracy,20,0.592
sgboba 1024 abm16,aboba,1024,seed3,16,test_accuracy,21,0.5917
sgboba 1024 abm16,aboba,1024,seed3,16,test_accuracy,22,0.5936
sgboba 1024 abm16,aboba,1024,seed3,16,test_accuracy,23,0.5934
sgboba 1024 abm16,aboba,1024,seed3,16,test_accuracy,24,0.599
sgboba 1024 abm16,aboba,1024,seed3,16,test_accuracy,25,0.5996
sgboba 1024 abm16,aboba,1024,seed3,16,test_accuracy,26,0.6012
sgboba 1024 abm16,aboba,1024,seed3,16,test_accuracy,27,0.6005
sgboba 1024 abm16,aboba,1024,seed3,16,test_accuracy,28,0.601
sgboba 1024 abm16,aboba,1024,seed3,16,test_accuracy,29,0.6046
sgboba 1024 abm16,aboba,1024,seed3,16,test_accuracy,30,0.603
sgboba 1024 abm16,aboba,1024,seed3,16,test_accuracy,31,0.6049
sgboba 1024 abm16,aboba,1024,seed3,16,test_accuracy,32,0.6048
sgboba 1024 abm16,aboba,1024,seed3,16,test_accuracy,33,0.6046
sgboba 1024 abm16,aboba,1024,seed3,16,test_accuracy,34,0.6042
sgboba 1024 abm16,aboba,1024,seed3,16,test_accuracy,35,0.6043
sgboba 1024 abm16,aboba,1024,seed3,16,test_accuracy,36,0.6047
sgboba 1024 abm16,aboba,1024,seed3,16,test_accuracy,37,0.6042
sgboba 1024 abm16,aboba,1024,seed3,16,test_accuracy,38,0.6043
sgboba 1024 abm16,aboba,1024,seed3,16,test_accuracy,39,0.6046
sgboba 1024 abm2,aboba,1024,seed1,2,test_accuracy,0,0.1399
sgboba 1024 abm2,aboba,1024,seed1,2,test_accuracy,1,0.2975
sgboba 1024 abm2,aboba,1024,seed1,2,test_accuracy,2,0.1876
sgboba 1024 abm2,aboba,1024,seed1,2,test_accuracy,3,0.2364
sgboba 1024 abm2,aboba,1024,seed1,2,test_accuracy,4,0.2957
sgboba 1024 abm2,aboba,1024,seed1,2,test_accuracy,5,0.3521
sgboba 1024 abm2,aboba,1024,seed1,2,test_accuracy,6,0.3758
sgboba 1024 abm2,aboba,1024,seed1,2,test_accuracy,7,0.3928
sgboba 1024 abm2,aboba,1024,seed1,2,test_accuracy,8,0.4047
sgboba 1024 abm2,aboba,1024,seed1,2,test_accuracy,9,0.4258
sgboba 1024 abm2,aboba,1024,seed1,2,test_accuracy,10,0.4384
sgboba 1024 abm2,aboba,1024,seed1,2,test_accuracy,11,0.4502
sgboba 1024 abm2,aboba,1024,seed1,2,test_accuracy,12,0.4471
sgboba 1024 abm2,aboba,1024,seed1,2,test_accuracy,13,0.4551
sgboba 1024 abm2,aboba,1024,seed1,2,test_accuracy,14,0.4661
sgboba 1024 abm2,aboba,1024,seed1,2,test_accuracy,15,0.4707
sgboba 1024 abm2,aboba,1024,seed1,2,test_accuracy,16,0.4915
sgboba 1024 abm2,aboba,1024,seed1,2,test_accuracy,17,0.4846
sgboba 1024 abm2,aboba,1024,seed1,2,test_accuracy,18,0.505
sgboba 1024 abm2,aboba,1024,seed1,2,test_accuracy,19,0.5157
sgboba 1024 abm2,aboba,1024,seed1,2,test_accuracy,20,0.511
sgboba 1024 abm2,aboba,1024,seed1,2,test_accuracy,21,0.5311
sgboba 1024 abm2,aboba,1024,seed1,2,test_accuracy,22,0.531
sgboba 1024 abm2,aboba,1024,seed1,2,test_accuracy,23,0.5518
sgboba 1024 abm2,aboba,1024,seed1,2,test_accuracy,24,0.5444
sgboba 1024 abm2,aboba,1024,seed1,2,test_accuracy,25,0.557
sgboba 1024 abm2,aboba,1024,seed1,2,test_accuracy,26,0.5571
sgboba 1024 abm2,aboba,1024,seed1,2,test_accuracy,27,0.558
sgboba 1024 abm2,aboba,1024,seed1,2,test_accuracy,28,0.5657
sgboba 1024 abm2,aboba,1024,seed1,2,test_accuracy,29,0.578
sgboba 1024 abm2,aboba,1024,seed1,2,test_accuracy,30,0.5822
sgboba 1024 abm2,aboba,1024,seed1,2,test_accuracy,31,0.5835
sgboba 1024 abm2,aboba,1024,seed1,2,test_accuracy,32,0.5814
sgboba 1024 abm2,aboba,1024,seed1,2,test_accuracy,33,0.5869
sgboba 1024 abm2,aboba,1024,seed1,2,test_accuracy,34,0.5874
sgboba 1024 abm2,aboba,1024,seed1,2,test_accuracy,35,0.5878
sgboba 1024 abm2,aboba,1024,seed1,2,test_accuracy,36,0.5909
sgboba 1024 abm2,aboba,1024,seed1,2,test_accuracy,37,0.589
sgboba 1024 abm2,aboba,1024,seed1,2,test_accuracy,38,0.5901
sgboba 1024 abm2,aboba,1024,seed1,2,test_accuracy,39,0.5893
sgboba 1024 abm2,aboba,1024,seed2,2,test_accuracy,0,0.1525
sgboba 1024 abm2,aboba,1024,seed2,2,test_accuracy,1,0.2934
sgboba 1024 abm2,aboba,1024,seed2,2,test_accuracy,2,0.3102
sgboba 1024 abm2,aboba,1024,seed2,2,test_accuracy,3,0.3333
sgboba 1024 abm2,aboba,1024,seed2,2,test_accuracy,4,0.393
sgboba 1024 abm2,aboba,1024,seed2,2,test_accuracy,5,0.4289
sgboba 1024 abm2,aboba,1024,seed2,2,test_accuracy,6,0.4454
sgboba 1024 abm2,aboba,1024,seed2,2,test_accuracy,7,0.4199
sgboba 1024 abm2,aboba,1024,seed2,2,test_accuracy,8,0.4427
sgboba 1024 abm2,aboba,1024,seed2,2,test_accuracy,9,0.4642
sgboba 1024 abm2,aboba,1024,seed2,2,test_accuracy,10,0.4684
sgboba 1024 abm2,aboba,1024,seed2,2,test_accuracy,11,0.4695
sgboba 1024 abm2,aboba,1024,seed2,2,test_accuracy,12,0.471
sgboba 1024 abm2,aboba,1024,seed2,2,test_accuracy,13,0.4746
sgboba 1024 abm2,aboba,1024,seed2,2,test_accuracy,14,0.4741
sgboba 1024 abm2,aboba,1024,seed2,2,test_accuracy,15,0.5017
sgboba 1024 abm2,aboba,1024,seed2,2,test_accuracy,16,0.5057
sgboba 1024 abm2,aboba,1024,seed2,2,test_accuracy,17,0.507
sgboba 1024 abm2,aboba,1024,seed2,2,test_accuracy,18,0.521
sgboba 1024 abm2,aboba,1024,seed2,2,test_accuracy,19,0.5101
sgboba 1024 abm2,aboba,1024,seed2,2,test_accuracy,20,0.5378
sgboba 1024 abm2,aboba,1024,seed2,2,test_accuracy,21,0.5429
sgboba 1024 abm2,aboba,1024,seed2,2,test_accuracy,22,0.5557
sgboba 1024 abm2,aboba,1024,seed2,2,test_accuracy,23,0.5655
sgboba 1024 abm2,aboba,1024,seed2,2,test_accuracy,24,0.563
sgboba 1024 abm2,aboba,1024,seed2,2,test_accuracy,25,0.572
sgboba 1024 abm2,aboba,1024,seed2,2,test_accuracy,26,0.5726
sgboba 1024 abm2,aboba,1024,seed2,2,test_accuracy,27,0.5744
sgboba 1024 abm2,aboba,1024,seed2,2,test_accuracy,28,0.5892
sgboba 1024 abm2,aboba,1024,seed2,2,test_accuracy,29,0.6029
sgboba 1024 abm2,aboba,1024,seed2,2,test_accuracy,30,0.6016
sgboba 1024 abm2,aboba,1024,seed2,2,test_accuracy,31,0.6065
sgboba 1024 abm2,aboba,1024,seed2,2,test_accuracy,32,0.61
sgboba 1024 abm2,aboba,1024,seed2,2,test_accuracy,33,0.6107
sgboba 1024 abm2,aboba,1024,seed2,2,test_accuracy,34,0.6109
sgboba 1024 abm2,aboba,1024,seed2,2,test_accuracy,35,0.6117
sgboba 1024 abm2,aboba,1024,seed2,2,test_accuracy,36,0.6119
sgboba 1024 abm2,aboba,1024,seed2,2,test_accuracy,37,0.6124
sgboba 1024 abm2,aboba,1024,seed2,2,test_accuracy,38,0.6138
sgboba 1024 abm2,aboba,1024,seed2,2,test_accuracy,39,0.6143
sgboba 1024 abm2,aboba,1024,seed3,2,test_accuracy,0,0.1473
sgboba 1024 abm2,aboba,1024,seed3,2,test_accuracy,1,0.2963
sgboba 1024 abm2,aboba,1024,seed3,2,test_accuracy,2,0.1294
sgboba 1024 abm2,aboba,1024,seed3,2,test_accuracy,3,0.249
sgboba 1024 abm2,aboba,1024,seed3,2,test_accuracy,4,0.1551
sgboba 1024 abm2,aboba,1024,seed3,2,test_accuracy,5,0.2815
sgboba 1024 abm2,aboba,1024,seed3,2,test_accuracy,6,0.3201
sgboba 1024 abm2,aboba,1024,seed3,2,test_accuracy,7,0.3386
sgboba 1024 abm2,aboba,1024,seed3,2,test_accuracy,8,0.3795
sgboba 1024 abm2,aboba,1024,seed3,2,test_accuracy,9,0.3904
sgboba 1024 abm2,aboba,1024,seed3,2,test_accuracy,10,0.4016
sgboba 1024 abm2,aboba,1024,seed3,2,test_accuracy,11,0.3956
sgboba 1024 abm2,aboba,1024,seed3,2,test_accuracy,12,0.4139
sgboba 1024 abm2,aboba,1024,seed3,2,test_accuracy,13,0.4172
sgboba 1024 abm2,aboba,1024,seed3,2,test_accuracy,14,0.4461
sgboba 1024 abm2,aboba,1024,seed3,2,test_accuracy,15,0.4528
sgboba 1024 abm2,aboba,1024,seed3,2,test_accuracy,16,0.4518
sgboba 1024 abm2,aboba,1024,seed3,2,test_accuracy,17,0.4672
sgboba 1024 abm2,aboba,1024,seed3,2,test_accuracy,18,0.4803
sgboba 1024 abm2,aboba,1024,seed3,2,test_accuracy,19,0.4835
sgboba 1024 abm2,aboba,1024,seed3,2,test_accuracy,20,0.4929
sgboba 1024 abm2,aboba,1024,seed3,2,test_accuracy,21,0.494
sgboba 1024 abm2,aboba,1024,seed3,2,test_accuracy,22,0.5063
sgboba 1024 abm2,aboba,1024,seed3,2,test_accuracy,23,0.5087
sgboba 1024 abm2,aboba,1024,seed3,2,test_accuracy,24,0.5185
sgboba 1024 abm2,aboba,1024,seed3,2,test_accuracy,25,0.527
sgboba 1024 abm2,aboba,1024,seed3,2,test_accuracy,26,0.5421
sgboba 1024 abm2,aboba,1024,seed3,2,test_accuracy,27,0.5481
sgboba 1024 abm2,aboba,1024,seed3,2,test_accuracy,28,0.5464
sgboba 1024 abm2,aboba,1024,seed3,2,test_accuracy,29,0.5548
sgboba 1024 abm2,aboba,1024,seed3,2,test_accuracy,30,0.5661
sgboba 1024 abm2,aboba,1024,seed3,2,test_accuracy,31,0.5688
sgboba 1024 abm2,aboba,1024,seed3,2,test_accuracy,32,0.5711
sgboba 1024 abm2,aboba,1024,seed3,2,test_accuracy,33,0.5718
sgboba 1024 abm2,aboba,1024,seed3,2,test_accuracy,34,0.5761
sgboba 1024 abm2,aboba,1024,seed3,2,test_accuracy,35,0.577
sgboba 1024 abm2,aboba,1024,seed3,2,test_accuracy,36,0.5787
sgboba 1024 abm2,aboba,1024,seed3,2,test_accuracy,37,0.58
sgboba 1024 abm2,aboba,1024,seed3,2,test_accuracy,38,0.5786
sgboba 1024 abm2,aboba,1024,seed3,2,test_accuracy,39,0.579
sgboba 1024 abm4,aboba,1024,seed1,4,test_accuracy,0,0.1386
sgboba 1024 abm4,aboba,1024,seed1,4,test_accuracy,1,0.2994
sgboba 1024 abm4,aboba,1024,seed1,4,test_accuracy,2,0.4103
sgboba 1024 abm4,aboba,1024,seed1,4,test_accuracy,3,0.4401
sgboba 1024 abm4,aboba,1024,seed1,4,test_accuracy,4,0.4654
sgboba 1024 abm4,aboba,1024,seed1,4,test_accuracy,5,0.4836
sgboba 1024 abm4,aboba,1024,seed1,4,test_accuracy,6,0.4722
sgboba 1024 abm4,aboba,1024,seed1,4,test_accuracy,7,0.5044
sgboba 1024 abm4,aboba,1024,seed1,4,test_accuracy,8,0.51
sgboba 1024 abm4,aboba,1024,seed1,4,test_accuracy,9,0.5254
sgboba 1024 abm4,aboba,1024,seed1,4,test_accuracy,10,0.523
sgboba 1024 abm4,aboba,1024,seed1,4,test_accuracy,11,0.5377
sgboba 1024 abm4,aboba,1024,seed1,4,test_accuracy,12,0.5357
sgboba 1024 abm4,aboba,1024,seed1,4,test_accuracy,13,0.5444
sgboba 1024 abm4,aboba,1024,seed1,4,test_accuracy,14,0.5552
sgboba 1024 abm4,aboba,1024,seed1,4,test_accuracy,15,0.5345
sgboba 1024 abm4,aboba,1024,seed1,4,test_accuracy,16,0.5645
sgboba 1024 abm4,aboba,1024,seed1,4,test_accuracy,17,0.5687
sgboba 1024 abm4,aboba,1024,seed1,4,test_accuracy,18,0.559
sgboba 1024 abm4,aboba,1024,seed1,4,test_accuracy,19,0.5713
sgboba 1024 abm4,aboba,1024,seed1,4,test_accuracy,20,0.5637
sgboba 1024 abm4,aboba,1024,seed1,4,test_accuracy,21,0.5739
sgboba 1024 abm4,aboba,1024,seed1,4,test_accuracy,22,0.5873
sgboba 1024 abm4,aboba,1024,seed1,4,test_accuracy,23,0.599
sgboba 1024 abm4,aboba,1024,seed1,4,test_accuracy,24,0.6024
sgboba 1024 abm4,aboba,1024,seed1,4,test_accuracy,25,0.6092
sgboba 1024 abm4,aboba,1024,seed1,4,test_accuracy,26,0.6175
sgboba 1024 abm4,aboba,1024,seed1,4,test_accuracy,27,0.6179
sgboba 1024 abm4,aboba,1024,seed1,4,test_accuracy,28,0.6204
sgboba 1024 abm4,aboba,1024,seed1,4,test_accuracy,29,0.6216
sgboba 1024 abm4,aboba,1024,seed1,4,test_accuracy,30,0.6222
sgboba 1024 abm4,aboba,1024,seed1,4,test_accuracy,31,0.6262
sgboba 1024 abm4,aboba,1024,seed1,4,test_accuracy,32,0.6263
sgboba 1024 abm4,aboba,1024,seed1,4,test_accuracy,33,0.6269
sgboba 1024 abm4,aboba,1024,seed1,4,test_accuracy,34,0.6274
sgboba 1024 abm4,aboba,1024,seed1,4,test_accuracy,35,0.6283
sgboba 1024 abm4,aboba,1024,seed1,4,test_accuracy,36,0.628
sgboba 1024 abm4,aboba,1024,seed1,4,test_accuracy,37,0.6283
sgboba 1024 abm4,aboba,1024,seed1,4,test_accuracy,38,0.6285
sgboba 1024 abm4,aboba,1024,seed1,4,test_accuracy,39,0.6287
sgboba 1024 abm4,aboba,1024,seed2,4,test_accuracy,0,0.1532
sgboba 1024 abm4,aboba,1024,seed2,4,test_accuracy,1,0.3009
sgboba 1024 abm4,aboba,1024,seed2,4,test_accuracy,2,0.3959
sgboba 1024 abm4,aboba,1024,seed2,4,test_accuracy,3,0.3951
sgboba 1024 abm4,aboba,1024,seed2,4,test_accuracy,4,0.4502
sgboba 1024 abm4,aboba,1024,seed2,4,test_accuracy,5,0.4863
sgboba 1024 abm4,aboba,1024,seed2,4,test_accuracy,6,0.4892
sgboba 1024 abm4,aboba,1024,seed2,4,test_accuracy,7,0.4891
sgboba 1024 abm4,aboba,1024,seed2,4,test_accuracy,8,0.5258
sgboba 1024 abm4,aboba,1024,seed2,4,test_accuracy,9,0.5222
sgboba 1024 abm4,aboba,1024,seed2,4,test_accuracy,10,0.52
sgboba 1024 abm4,aboba,1024,seed2,4,test_accuracy,11,0.5223
sgboba 1024 abm4,aboba,1024,seed2,4,test_accuracy,12,0.5146
sgboba 1024 abm4,aboba,1024,seed2,4,test_accuracy,13,0.5345
sgboba 1024 abm4,aboba,1024,seed2,4,test_accuracy,14,0.5379
sgboba 1024 abm4,aboba,1024,seed2,4,test_accuracy,15,0.5467
sgboba 1024 abm4,aboba,1024,seed2,4,test_accuracy,16,0.5521
sgboba 1024 abm4,aboba,1024,seed2,4,test_accuracy,17,0.5533
sgboba 1024 abm4,aboba,1024,seed2,4,test_accuracy,18,0.5593
sgboba 1024 abm4,aboba,1024,seed2,4,test_accuracy,19,0.5563
sgboba 1024 abm4,aboba,1024,seed2,4,test_accuracy,20,0.5716
sgboba 1024 abm4,aboba,1024,seed2,4,test_accuracy,21,0.5823
sgboba 1024 abm4,aboba,1024,seed2,4,test_accuracy,22,0.5762
sgboba 1024 abm4,aboba,1024,seed2,4,test_accuracy,23,0.5831
sgboba 1024 abm4,aboba,1024,seed2,4,test_accuracy,24,0.5933
sgboba 1024 abm4,aboba,1024,seed2,4,test_accuracy,25,0.597
sgboba 1024 abm4,aboba,1024,seed2,4,test_accuracy,26,0.6075
sgboba 1024 abm4,aboba,1024,seed2,4,test_accuracy,27,0.6132
sgboba 1024 abm4,aboba,1024,seed2,4,test_accuracy,28,0.6187
sgboba 1024 abm4,aboba,1024,seed2,4,test_accuracy,29,0.6189
sgboba 1024 abm4,aboba,1024,seed2,4,test_accuracy,30,0.6256
sgboba 1024 abm4,aboba,1024,seed2,4,test_accuracy,31,0.6289
sgboba 1024 abm4,aboba,1024,seed2,4,test_accuracy,32,0.6297
sgboba 1024 abm4,aboba,1024,seed2,4,test_accuracy,33,0.6276
sgboba 1024 abm4,aboba,1024,seed2,4,test_accuracy,34,0.6281
sgboba 1024 abm4,aboba,1024,seed2,4,test_accuracy,35,0.6296
sgboba 1024 abm4,aboba,1024,seed2,4,test_accuracy,36,0.6297
sgboba 1024 abm4,aboba,1024,seed2,4,test_accuracy,37,0.6291
sgboba 1024 abm4,aboba,1024,seed2,4,test_accuracy,38,0.6298
sgboba 1024 abm4,aboba,1024,seed2,4,test_accuracy,39,0.6295
sgboba 1024 abm4,aboba,1024,seed3,4,test_accuracy,0,0.149
sgboba 1024 abm4,aboba,1024,seed3,4,test_accuracy,1,0.2975
sgboba 1024 abm4,aboba,1024,seed3,4,test_accuracy,2,0.4067
sgboba 1024 abm4,aboba,1024,seed3,4,test_accuracy,3,0.453
sgboba 1024 abm4,aboba,1024,seed3,4,test_accuracy,4,0.4724
sgboba 1024 abm4,aboba,1024,seed3,4,test_accuracy,5,0.4821
sgboba 1024 abm4,aboba,1024,seed3,4,test_accuracy,6,0.5012
sgboba 1024 abm4,aboba,1024,seed3,4,test_accuracy,7,0.4995
sgboba 1024 abm4,aboba,1024,seed3,4,test_accuracy,8,0.5097
sgboba 1024 abm4,aboba,1024,seed3,4,test_accuracy,9,0.518
sgboba 1024 abm4,aboba,1024,seed3,4,test_accuracy,10,0.5221
sgboba 1024 abm4,aboba,1024,seed3,4,test_accuracy,11,0.517
sgboba 1024 abm4,aboba,1024,seed3,4,test_accuracy,12,0.5221
sgboba 1024 abm4,aboba,1024,seed3,4,test_accuracy,13,0.5358
sgboba 1024 abm4,aboba,1024,seed3,4,test_accuracy,14,0.5441
sgboba 1024 abm4,aboba,1024,seed3,4,test_accuracy,15,0.5377
sgboba 1024 abm4,aboba,1024,seed3,4,test_accuracy,16,0.5438
sgboba 1024 abm4,aboba,1024,seed3,4,test_accuracy,17,0.5583
sgboba 1024 abm4,aboba,1024,seed3,4,test_accuracy,18,0.5632
sgboba 1024 abm4,aboba,1024,seed3,4,test_accuracy,19,0.5648
sgboba 1024 abm4,aboba,1024,seed3,4,test_accuracy,20,0.5689
sgboba 1024 abm4,aboba,1024,seed3,4,test_accuracy,21,0.5776
sgboba 1024 abm4,aboba,1024,seed3,4,test_accuracy,22,0.583
sgboba 1024 abm4,aboba,1024,seed3,4,test_accuracy,23,0.5912
sgboba 1024 abm4,aboba,1024,seed3,4,test_accuracy,24,0.5974
sgboba 1024 abm4,aboba,1024,seed3,4,test_accuracy,25,0.5965
sgboba 1024 abm4,aboba,1024,seed3,4,test_accuracy,26,0.6086
sgboba 1024 abm4,aboba,1024,seed3,4,test_accuracy,27,0.6121
sgboba 1024 abm4,aboba,1024,seed3,4,test_accuracy,28,0.621
sgboba 1024 abm4,aboba,1024,seed3,4,test_accuracy,29,0.6208
sgboba 1024 abm4,aboba,1024,seed3,4,test_accuracy,30,0.6247
sgboba 1024 abm4,aboba,1024,seed3,4,test_accuracy,31,0.6269
sgboba 1024 abm4,aboba,1024,seed3,4,test_accuracy,32,0.6275
sgboba 1024 abm4,aboba,1024,seed3,4,test_accuracy,33,0.6265
sgboba 1024 abm4,aboba,1024,seed3,4,test_accuracy,34,0.63
sgboba 1024 abm4,aboba,1024,seed3,4,test_accuracy,35,0.6304
sgboba 1024 abm4,aboba,1024,seed3,4,test_accuracy,36,0.6295
sgboba 1024 abm4,aboba,1024,seed3,4,test_accuracy,37,0.6297
sgboba 1024 abm4,aboba,1024,seed3,4,test_accuracy,38,0.6298
sgboba 1024 abm4,aboba,1024,seed3,4,test_accuracy,39,0.6297
sgboba 1024 abm8,aboba,1024,seed1,8,test_accuracy,0,0.1381
sgboba 1024 abm8,aboba,1024,seed1,8,test_accuracy,1,0.2994
sgboba 1024 abm8,aboba,1024,seed1,8,test_accuracy,2,0.4288
sgboba 1024 abm8,aboba,1024,seed1,8,test_accuracy,3,0.484
sgboba 1024 abm8,aboba,1024,seed1,8,test_accuracy,4,0.5093
sgboba 1024 abm8,aboba,1024,seed1,8,test_accuracy,5,0.5318
sgboba 1024 abm8,aboba,1024,seed1,8,test_accuracy,6,0.5376
sgboba 1024 abm8,aboba,1024,seed1,8,test_accuracy,7,0.5309
sgboba 1024 abm8,aboba,1024,seed1,8,test_accuracy,8,0.5537
sgboba 1024 abm8,aboba,1024,seed1,8,test_accuracy,9,0.5515
sgboba 1024 abm8,aboba,1024,seed1,8,test_accuracy,10,0.5558
sgboba 1024 abm8,aboba,1024,seed1,8,test_accuracy,11,0.5528
sgboba 1024 abm8,aboba,1024,seed1,8,test_accuracy,12,0.5621
sgboba 1024 abm8,aboba,1024,seed1,8,test_accuracy,13,0.568
sgboba 1024 abm8,aboba,1024,seed1,8,test_accuracy,14,0.5683
sgboba 1024 abm8,aboba,1024,seed1,8,test_accuracy,15,0.576
sgboba 1024 abm8,aboba,1024,seed1,8,test_accuracy,16,0.5805
sgboba 1024 abm8,aboba,1024,seed1,8,test_accuracy,17,0.5868
sgboba 1024 abm8,aboba,1024,seed1,8,test_accuracy,18,0.5896
sgboba 1024 abm8,aboba,1024,seed1,8,test_accuracy,19,0.5981
sgboba 1024 abm8,aboba,1024,seed1,8,test_accuracy,20,0.5964
sgboba 1024 abm8,aboba,1024,seed1,8,test_accuracy,21,0.6037
sgboba 1024 abm8,aboba,1024,seed1,8,test_accuracy,22,0.6054
sgboba 1024 abm8,aboba,1024,seed1,8,test_accuracy,23,0.6075
sgboba 1024 abm8,aboba,1024,seed1,8,test_accuracy,24,0.6121
sgboba 1024 abm8,aboba,1024,seed1,8,test_accuracy,25,0.6133
sgboba 1024 abm8,aboba,1024,seed1,8,test_accuracy,26,0.6197
sgboba 1024 abm8,aboba,1024,seed1,8,test_accuracy,27,0.6169
sgboba 1024 abm8,aboba,1024,seed1,8,test_accuracy,28,0.6206
sgboba 1024 abm8,aboba,1024,seed1,8,test_accuracy,29,0.6216
sgboba 1024 abm8,aboba,1024,seed1,8,test_accuracy,30,0.6231
sgboba 1024 abm8,aboba,1024,seed1,8,test_accuracy,31,0.6223
sgboba 1024 abm8,aboba,1024,seed1,8,test_accuracy,32,0.6243
sgboba 1024 abm8,aboba,1024,seed1,8,test_accuracy,33,0.6254
sgboba 1024 abm8,aboba,1024,seed1,8,test_accuracy,34,0.6249
sgboba 1024 abm8,aboba,1024,seed1,8,test_accuracy,35,0.6249
sgboba 1024 abm8,aboba,1024,seed1,8,test_accuracy,36,0.6254
sgboba 1024 abm8,aboba,1024,seed1,8,test_accuracy,37,0.6251
sgboba 1024 abm8,aboba,1024,seed1,8,test_accuracy,38,0.6247
sgboba 1024 abm8,aboba,1024,seed1,8,test_accuracy,39,0.6254
sgboba 1024 abm8,aboba,1024,seed2,8,test_accuracy,0,0.1466
sgboba 1024 abm8,aboba,1024,seed2,8,test_accuracy,1,0.2958
sgboba 1024 abm8,aboba,1024,seed2,8,test_accuracy,2,0.4405
sgboba 1024 abm8,aboba,1024,seed2,8,test_accuracy,3,0.4908
sgboba 1024 abm8,aboba,1024,seed2,8,test_accuracy,4,0.5146
sgboba 1024 abm8,aboba,1024,seed2,8,test_accuracy,5,0.5152
sgboba 1024 abm8,aboba,1024,seed2,8,test_accuracy,6,0.5321
sgboba 1024 abm8,aboba,1024,seed2,8,test_accuracy,7,0.5393
sgboba 1024 abm8,aboba,1024,seed2,8,test_accuracy,8,0.5445
sgboba 1024 abm8,aboba,1024,seed2,8,test_accuracy,9,0.5317
sgboba 1024 abm8,aboba,1024,seed2,8,test_accuracy,10,0.5521
sgboba 1024 abm8,aboba,1024,seed2,8,test_accuracy,11,0.5475
sgboba 1024 abm8,aboba,1024,seed2,8,test_accuracy,12,0.5641
sgboba 1024 abm8,aboba,1024,seed2,8,test_accuracy,13,0.5635
sgboba 1024 abm8,aboba,1024,seed2,8,test_accuracy,14,0.569
sgboba 1024 abm8,aboba,1024,seed2,8,test_accuracy,15,0.5789
sgboba 1024 abm8,aboba,1024,seed2,8,test_accuracy,16,0.574
sgboba 1024 abm8,aboba,1024,seed2,8,test_accuracy,17,0.5787
sgboba 1024 abm8,aboba,1024,seed2,8,test_accuracy,18,0.593
sgboba 1024 abm8,aboba,1024,seed2,8,test_accuracy,19,0.5893
sgboba 1024 abm8,aboba,1024,seed2,8,test_accuracy,20,0.601
sgboba 1024 abm8,aboba,1024,seed2,8,test_accuracy,21,0.6005
sgboba 1024 abm8,aboba,1024,seed2,8,test_accuracy,22,0.609
sgboba 1024 abm8,aboba,1024,seed2,8,test_accuracy,23,0.609
sgboba 1024 abm8,aboba,1024,seed2,8,test_accuracy,24,0.6147
sgboba 1024 abm8,aboba,1024,seed2,8,test_accuracy,25,0.6197
sgboba 1024 abm8,aboba,1024,seed2,8,test_accuracy,26,0.6189
sgboba 1024 abm8,aboba,1024,seed2,8,test_accuracy,27,0.6191
sgboba 1024 abm8,aboba,1024,seed2,8,test_accuracy,28,0.6241
sgboba 1024 abm8,aboba,1024,seed2,8,test_accuracy,29,0.6229
sgboba 1024 abm8,aboba,1024,seed2,8,test_accuracy,30,0.6254
sgboba 1024 abm8,aboba,1024,seed2,8,test_accuracy,31,0.6253
sgboba 1024 abm8,aboba,1024,seed2,8,test_accuracy,32,0.6264
sgboba 1024 abm8,aboba,1024,seed2,8,test_accuracy,33,0.6263
sgboba 1024 abm8,aboba,1024,seed2,8,test_accuracy,34,0.6267
sgboba 1024 abm8,aboba,1024,seed2,8,test_accuracy,35,0.6271
sgboba 1024 abm8,aboba,1024,seed2,8,test_accuracy,36,0.6269
sgboba 1024 abm8,aboba,1024,seed2,8,test_accuracy,37,0.627
sgboba 1024 abm8,aboba,1024,seed2,8,test_accuracy,38,0.6271
sgboba 1024 abm8,aboba,1024,seed2,8,test_accuracy,39,0.6275
sgboba 1024 abm8,aboba,1024,seed3,8,test_accuracy,0,0.1479
sgboba 1024 abm8,aboba,1024,seed3,8,test_accuracy,1,0.2927
sgboba 1024 abm8,aboba,1024,seed3,8,test_accuracy,2,0.4323
sgboba 1024 abm8,aboba,1024,seed3,8,test_accuracy,3,0.4895
sgboba 1024 abm8,aboba,1024,seed3,8,test_accuracy,4,0.5027
sgboba 1024 abm8,aboba,1024,seed3,8,test_accuracy,5,0.5159
sgboba 1024 abm8,aboba,1024,seed3,8,test_accuracy,6,0.5265
sgboba 1024 abm8,aboba,1024,seed3,8,test_accuracy,7,0.5506
sgboba 1024 abm8,aboba,1024,seed3,8,test_accuracy,8,0.5497
sgboba 1024 abm8,aboba,1024,seed3,8,test_accuracy,9,0.5587
sgboba 1024 abm8,aboba,1024,seed3,8,test_accuracy,10,0.5535
sgboba 1024 abm8,aboba,1024,seed3,8,test_accuracy,11,0.5574
sgboba 1024 abm8,aboba,1024,seed3,8,test_accuracy,12,0.5715
sgboba 1024 abm8,aboba,1024,seed3,8,test_accuracy,13,0.5656
sgboba 1024 abm8,aboba,1024,seed3,8,test_accuracy,14,0.5586
sgboba 1024 abm8,aboba,1024,seed3,8,test_accuracy,15,0.5678
sgboba 1024 abm8,aboba,1024,seed3,8,test_accuracy,16,0.5681
sgboba 1024 abm8,aboba,1024,seed3,8,test_accuracy,17,0.5767
sgboba 1024 abm8,aboba,1024,seed3,8,test_accuracy,18,0.5857
sgboba 1024 abm8,aboba,1024,seed3,8,test_accuracy,19,0.5907
sgboba 1024 abm8,aboba,1024,seed3,8,test_accuracy,20,0.5931
sgboba 1024 abm8,aboba,1024,seed3,8,test_accuracy,21,0.598
sgboba 1024 abm8,aboba,1024,seed3,8,test_accuracy,22,0.6091
sgboba 1024 abm8,aboba,1024,seed3,8,test_accuracy,23,0.6114
sgboba 1024 abm8,aboba,1024,seed3,8,test_accuracy,24,0.612
sgboba 1024 abm8,aboba,1024,seed3,8,test_accuracy,25,0.6191
sgboba 1024 abm8,aboba,1024,seed3,8,test_accuracy,26,0.6172
sgboba 1024 abm8,aboba,1024,seed3,8,test_accuracy,27,0.6187
sgboba 1024 abm8,aboba,1024,seed3,8,test_accuracy,28,0.6238
sgboba 1024 abm8,aboba,1024,seed3,8,test_accuracy,29,0.6247
sgboba 1024 abm8,aboba,1024,seed3,8,test_accuracy,30,0.626
sgboba 1024 abm8,aboba,1024,seed3,8,test_accuracy,31,0.624
sgboba 1024 abm8,aboba,1024,seed3,8,test_accuracy,32,0.6259
sgboba 1024 abm8,aboba,1024,seed3,8,test_accuracy,33,0.6257
sgboba 1024 abm8,aboba,1024,seed3,8,test_accuracy,34,0.6252
sgboba 1024 abm8,aboba,1024,seed3,8,test_accuracy,35,0.6257
sgboba 1024 abm8,aboba,1024,seed3,8,test_accuracy,36,0.6264
sgboba 1024 abm8,aboba,1024,seed3,8,test_accuracy,37,0.6262
sgboba 1024 abm8,aboba,1024,seed3,8,test_accuracy,38,0.6264
sgboba 1024 abm8,aboba,1024,seed3,8,test_accuracy,39,0.6255
sgboba 16 abm16,aboba,16,seed1,16,test_accuracy,0,0.1028
sgboba 16 abm16,aboba,16,seed1,16,test_accuracy,1,0.1465
sgboba 16 abm16,aboba,16,seed1,16,test_accuracy,2,0.2343
sgboba 16 abm16,aboba,16,seed1,16,test_accuracy,3,0.2662
sgboba 16 abm16,aboba,16,seed1,16,test_accuracy,4,0.2908
sgboba 16 abm16,aboba,16,seed1,16,test_accuracy,5,0.3137
sgboba 16 abm16,aboba,16,seed1,16,test_accuracy,6,0.3236
sgboba 16 abm16,aboba,16,seed1,16,test_accuracy,7,0.3355
sgboba 16 abm16,aboba,16,seed1,16,test_accuracy,8,0.3422
sgboba 16 abm16,aboba,16,seed1,16,test_accuracy,9,0.3516
sgboba 16 abm16,aboba,16,seed1,16,test_accuracy,10,0.3733
sgboba 16 abm16,aboba,16,seed1,16,test_accuracy,11,0.3747
sgboba 16 abm16,aboba,16,seed1,16,test_accuracy,12,0.387
sgboba 16 abm16,aboba,16,seed1,16,test_accuracy,13,0.3875
sgboba 16 abm16,aboba,16,seed1,16,test_accuracy,14,0.4089
sgboba 16 abm16,aboba,16,seed1,16,test_accuracy,15,0.4108
sgboba 16 abm16,aboba,16,seed1,16,test_accuracy,16,0.4252
sgboba 16 abm16,aboba,16,seed1,16,test_accuracy,17,0.4157
sgboba 16 abm16,aboba,16,seed1,16,test_accuracy,18,0.439
sgboba 16 abm16,aboba,16,seed1,16,test_accuracy,19,0.4193
sgboba 16 abm16,aboba,16,seed1,16,test_accuracy,20,0.4496
sgboba 16 abm16,aboba,16,seed1,16,test_accuracy,21,0.4531
sgboba 16 abm16,aboba,16,seed1,16,test_accuracy,22,0.4609
sgboba 16 abm16,aboba,16,seed1,16,test_accuracy,23,0.4637
sgboba 16 abm16,aboba,16,seed1,16,test_accuracy,24,0.4763
sgboba 16 abm16,aboba,16,seed1,16,test_accuracy,25,0.4784
sgboba 16 abm16,aboba,16,seed1,16,test_accuracy,26,0.4825
sgboba 16 abm16,aboba,16,seed1,16,test_accuracy,27,0.4894
sgboba 16 abm16,aboba,16,seed1,16,test_accuracy,28,0.4915
sgboba 16 abm16,aboba,16,seed1,16,test_accuracy,29,0.4921
sgboba 16 abm16,aboba,16,seed1,16,test_accuracy,30,0.4982
sgboba 16 abm16,aboba,16,seed1,16,test_accuracy,31,0.4988
sgboba 16 abm16,aboba,16,seed1,16,test_accuracy,32,0.4994
sgboba 16 abm16,aboba,16,seed1,16,test_accuracy,33,0.4985
sgboba 16 abm16,aboba,16,seed1,16,test_accuracy,34,0.4996
sgboba 16 abm16,aboba,16,seed1,16,test_accuracy,35,0.5008
sgboba 16 abm16,aboba,16,seed1,16,test_accuracy,36,0.5002
sgboba 16 abm16,aboba,16,seed1,16,test_accuracy,37,0.4988
sgboba 16 abm16,aboba,16,seed1,16,test_accuracy,38,0.4975
sgboba 16 abm16,aboba,16,seed1,16,test_accuracy,39,0.4996
sgboba 16 abm16,aboba,16,seed2,16,test_accuracy,0,0.0701
sgboba 16 abm16,aboba,16,seed2,16,test_accuracy,1,0.1509
sgboba 16 abm16,aboba,16,seed2,16,test_accuracy,2,0.2303
sgboba 16 abm16,aboba,16,seed2,16,test_accuracy,3,0.2686
sgboba 16 abm16,aboba,16,seed2,16,test_accuracy,4,0.2912
sgboba 16 abm16,aboba,16,seed2,16,test_accuracy,5,0.3111
sgboba 16 abm16,aboba,16,seed2,16,test_accuracy,6,0.3309
sgboba 16 abm16,aboba,16,seed2,16,test_accuracy,7,0.3546
sgboba 16 abm16,aboba,16,seed2,16,test_accuracy,8,0.376
sgboba 16 abm16,aboba,16,seed2,16,test_accuracy,9,0.3871
sgboba 16 abm16,aboba,16,seed2,16,test_accuracy,10,0.4009
sgboba 16 abm16,aboba,16,seed2,16,test_accuracy,11,0.4023
sgboba 16 abm16,aboba,16,seed2,16,test_accuracy,12,0.4263
sgboba 16 abm16,aboba,16,seed2,16,test_accuracy,13,0.4297
sgboba 16 abm16,aboba,16,seed2,16,test_accuracy,14,0.4487
sgboba 16 abm16,aboba,16,seed2,16,test_accuracy,15,0.4549
sgboba 16 abm16,aboba,16,seed2,16,test_accuracy,16,0.4609
sgboba 16 abm16,aboba,16,seed2,16,test_accuracy,17,0.4602
sgboba 16 abm16,aboba,16,seed2,16,test_accuracy,18,0.4658
sgboba 16 abm16,aboba,16,seed2,16,test_accuracy,19,0.482
sgboba 16 abm16,aboba,16,seed2,16,test_accuracy,20,0.4819
sgboba 16 abm16,aboba,16,seed2,16,test_accuracy,21,0.4894
sgboba 16 abm16,aboba,16,seed2,16,test_accuracy,22,0.4974
sgboba 16 abm16,aboba,16,seed2,16,test_accuracy,23,0.4999
sgboba 16 abm16,aboba,16,seed2,16,test_accuracy,24,0.5118
sgboba 16 abm16,aboba,16,seed2,16,test_accuracy,25,0.5144
sgboba 16 abm16,aboba,16,seed2,16,test_accuracy,26,0.5182
sgboba 16 abm16,aboba,16,seed2,16,test_accuracy,27,0.5159
sgboba 16 abm16,aboba,16,seed2,16,test_accuracy,28,0.5212
sgboba 16 abm16,aboba,16,seed2,16,test_accuracy,29,0.5268
sgboba 16 abm16,aboba,16,seed2,16,test_accuracy,30,0.5292
sgboba 16 abm16,aboba,16,seed2,16,test_accuracy,31,0.5262
sgboba 16 abm16,aboba,16,seed2,16,test_accuracy,32,0.5265
sgboba 16 abm16,aboba,16,seed2,16,test_accuracy,33,0.5292
sgboba 16 abm16,aboba,16,seed2,16,test_accuracy,34,0.5282
sgboba 16 abm16,aboba,16,seed2,16,test_accuracy,35,0.5284
sgboba 16 abm16,aboba,16,seed2,16,test_accuracy,36,0.5282
sgboba 16 abm16,aboba,16,seed2,16,test_accuracy,37,0.5289
sgboba 16 abm16,aboba,16,seed2,16,test_accuracy,38,0.5292
sgboba 16 abm16,aboba,16,seed2,16,test_accuracy,39,0.5292
sgboba 16 abm16,aboba,16,seed3,16,test_accuracy,0,0.0699
sgboba 16 abm16,aboba,16,seed3,16,test_accuracy,1,0.1671
sgboba 16 abm16,aboba,16,seed3,16,test_accuracy,2,0.2644
sgboba 16 abm16,aboba,16,seed3,16,test_accuracy,3,0.2925
sgboba 16 abm16,aboba,16,seed3,16,test_accuracy,4,0.3057
sgboba 16 abm16,aboba,16,seed3,16,test_accuracy,5,0.3532
sgboba 16 abm16,aboba,16,seed3,16,test_accuracy,6,0.3691
sgboba 16 abm16,aboba,16,seed3,16,test_accuracy,7,0.387
sgboba 16 abm16,aboba,16,seed3,16,test_accuracy,8,0.3975
sgboba 16 abm16,aboba,16,seed3,16,test_accuracy,9,0.4102
sgboba 16 abm16,aboba,16,seed3,16,test_accuracy,10,0.4297
sgboba 16 abm16,aboba,16,seed3,16,test_accuracy,11,0.4327
sgboba 16 abm16,aboba,16,seed3,16,test_accuracy,12,0.4396
sgboba 16 abm16,aboba,16,seed3,16,test_accuracy,13,0.4395
sgboba 16 abm16,aboba,16,seed3,16,test_accuracy,14,0.4462
sgboba 16 abm16,aboba,16,seed3,16,test_accuracy,15,0.462
sgboba 16 abm16,aboba,16,seed3,16,test_accuracy,16,0.4634
sgboba 16 abm16,aboba,16,seed3,16,test_accuracy,17,0.4819
sgboba 16 abm16,aboba,16,seed3,16,test_accuracy,18,0.4847
sgboba 16 abm16,aboba,16,seed3,16,test_accuracy,19,0.4872
sgboba 16 abm16,aboba,16,seed3,16,test_accuracy,20,0.4931
sgboba 16 abm16,aboba,16,seed3,16,test_accuracy,21,0.4965
sgboba 16 abm16,aboba,16,seed3,16,test_accuracy,22,0.494
sgboba 16 abm16,aboba,16,seed3,16,test_accuracy,23,0.5032
sgboba 16 abm16,aboba,16,seed3,16,test_accuracy,24,0.5129
sgboba 16 abm16,aboba,16,seed3,16,test_accuracy,25,0.5219
sgboba 16 abm16,aboba,16,seed3,16,test_accuracy,26,0.5272
sgboba 16 abm16,aboba,16,seed3,16,test_accuracy,27,0.5269
sgboba 16 abm16,aboba,16,seed3,16,test_accuracy,28,0.5304
sgboba 16 abm16,aboba,16,seed3,16,test_accuracy,29,0.5328
sgboba 16 abm16,aboba,16,seed3,16,test_accuracy,30,0.5306
sgboba 16 abm16,aboba,16,seed3,16,test_accuracy,31,0.5331
sgboba 16 abm16,aboba,16,seed3,16,test_accuracy,32,0.5328
sgboba 16 abm16,aboba,16,seed3,16,test_accuracy,33,0.5335
sgboba 16 abm16,aboba,16,seed3,16,test_accuracy,34,0.5333
sgboba 16 abm16,aboba,16,seed3,16,test_accuracy,35,0.5338
sgboba 16 abm16,aboba,16,seed3,16,test_accuracy,36,0.5344
sgboba 16 abm16,aboba,16,seed3,16,test_accuracy,37,0.5337
sgboba 16 abm16,aboba,16,seed3,16,test_accuracy,38,0.5326
sgboba 16 abm16,aboba,16,seed3,16,test_accuracy,39,0.5321
sgboba 16 abm2,aboba,16,seed1,2,test_accuracy,0,0.1231
sgboba 16 abm2,aboba,16,seed1,2,test_accuracy,1,0.1263
sgboba 16 abm2,aboba,16,seed1,2,test_accuracy,2,0.2133
sgboba 16 abm2,aboba,16,seed1,2,test_accuracy,3,0.2534
sgboba 16 abm2,aboba,16,seed1,2,test_accuracy,4,0.3016
sgboba 16 abm2,aboba,16,seed1,2,test_accuracy,5,0.3221
sgboba 16 abm2,aboba,16,seed1,2,test_accuracy,6,0.3445
sgboba 16 abm2,aboba,16,seed1,2,test_accuracy,7,0.3297
sgboba 16 abm2,aboba,16,seed1,2,test_accuracy,8,0.3637
sgboba 16 abm2,aboba,16,seed1,2,test_accuracy,9,0.3739
sgboba 16 abm2,aboba,16,seed1,2,test_accuracy,10,0.3708
sgboba 16 abm2,aboba,16,seed1,2,test_accuracy,11,0.3913
sgboba 16 abm2,aboba,16,seed1,2,test_accuracy,12,0.4139
sgboba 16 abm2,aboba,16,seed1,2,test_accuracy,13,0.4227
sgboba 16 abm2,aboba,16,seed1,2,test_accuracy,14,0.4353
sgboba 16 abm2,aboba,16,seed1,2,test_accuracy,15,0.4476
sgboba 16 abm2,aboba,16,seed1,2,test_accuracy,16,0.4485
sgboba 16 abm2,aboba,16,seed1,2,test_accuracy,17,0.4614
sgboba 16 abm2,aboba,16,seed1,2,test_accuracy,18,0.465
sgboba 16 abm2,aboba,16,seed1,2,test_accuracy,19,0.4855
sgboba 16 abm2,aboba,16,seed1,2,test_accuracy,20,0.49
sgboba 16 abm2,aboba,16,seed1,2,test_accuracy,21,0.4967
sgboba 16 abm2,aboba,16,seed1,2,test_accuracy,22,0.5112
sgboba 16 abm2,aboba,16,seed1,2,test_accuracy,23,0.518
sgboba 16 abm2,aboba,16,seed1,2,test_accuracy,24,0.5211
sgboba 16 abm2,aboba,16,seed1,2,test_accuracy,25,0.5315
sgboba 16 abm2,aboba,16,seed1,2,test_accuracy,26,0.5343
sgboba 16 abm2,aboba,16,seed1,2,test_accuracy,27,0.5407
sgboba 16 abm2,aboba,16,seed1,2,test_accuracy,28,0.5455
sgboba 16 abm2,aboba,16,seed1,2,test_accuracy,29,0.5551
sgboba 16 abm2,aboba,16,seed1,2,test_accuracy,30,0.5534
sgboba 16 abm2,aboba,16,seed1,2,test_accuracy,31,0.5616
sgboba 16 abm2,aboba,16,seed1,2,test_accuracy,32,0.5658
sgboba 16 abm2,aboba,16,seed1,2,test_accuracy,33,0.566
sgboba 16 abm2,aboba,16,seed1,2,test_accuracy,34,0.5656
sgboba 16 abm2,aboba,16,seed1,2,test_accuracy,35,0.568
sgboba 16 abm2,aboba,16,seed1,2,test_accuracy,36,0.5681
sgboba 16 abm2,aboba,16,seed1,2,test_accuracy,37,0.5704
sgboba 16 abm2,aboba,16,seed1,2,test_accuracy,38,0.5704
sgboba 16 abm2,aboba,16,seed1,2,test_accuracy,39,0.5702
sgboba 16 abm2,aboba,16,seed2,2,test_accuracy,0,0.0631
sgboba 16 abm2,aboba,16,seed2,2,test_accuracy,1,0.1118
sgboba 16 abm2,aboba,16,seed2,2,test_accuracy,2,0.1403
sgboba 16 abm2,aboba,16,seed2,2,test_accuracy,3,0.1914
sgboba 16 abm2,aboba,16,seed2,2,test_accuracy,4,0.2456
sgboba 16 abm2,aboba,16,seed2,2,test_accuracy,5,0.2729
sgboba 16 abm2,aboba,16,seed2,2,test_accuracy,6,0.2982
sgboba 16 abm2,aboba,16,seed2,2,test_accuracy,7,0.3154
sgboba 16 abm2,aboba,16,seed2,2,test_accuracy,8,0.3252
sgboba 16 abm2,aboba,16,seed2,2,test_accuracy,9,0.3489
sgboba 16 abm2,aboba,16,seed2,2,test_accuracy,10,0.362
sgboba 16 abm2,aboba,16,seed2,2,test_accuracy,11,0.3767
sgboba 16 abm2,aboba,16,seed2,2,test_accuracy,12,0.3722
sgboba 16 abm2,aboba,16,seed2,2,test_accuracy,13,0.3898
sgboba 16 abm2,aboba,16,seed2,2,test_accuracy,14,0.4015
sgboba 16 abm2,aboba,16,seed2,2,test_accuracy,15,0.4144
sgboba 16 abm2,aboba,16,seed2,2,test_accuracy,16,0.4264
sgboba 16 abm2,aboba,16,seed2,2,test_accuracy,17,0.427
sgboba 16 abm2,aboba,16,seed2,2,test_accuracy,18,0.4338
sgboba 16 abm2,aboba,16,seed2,2,test_accuracy,19,0.4502
sgboba 16 abm2,aboba,16,seed2,2,test_accuracy,20,0.459
sgboba 16 abm2,aboba,16,seed2,2,test_accuracy,21,0.4485
sgboba 16 abm2,aboba,16,seed2,2,test_accuracy,22,0.4721
sgboba 16 abm2,aboba,16,seed2,2,test_accuracy,23,0.4811
sgboba 16 abm2,aboba,16,seed2,2,test_accuracy,24,0.4826
sgboba 16 abm2,aboba,16,seed2,2,test_accuracy,25,0.5003
sgboba 16 abm2,aboba,16,seed2,2,test_accuracy,26,0.4984
sgboba 16 abm2,aboba,16,seed2,2,test_accuracy,27,0.4855
sgboba 16 abm2,aboba,16,seed2,2,test_accuracy,28,0.5157
sgboba 16 abm2,aboba,16,seed2,2,test_accuracy,29,0.518
sgboba 16 abm2,aboba,16,seed2,2,test_accuracy,30,0.5229
sgboba 16 abm2,aboba,16,seed2,2,test_accuracy,31,0.5278
sgboba 16 abm2,aboba,16,seed2,2,test_accuracy,32,0.5319
sgboba 16 abm2,aboba,16,seed2,2,test_accuracy,33,0.5348
sgboba 16 abm2,aboba,16,seed2,2,test_accuracy,34,0.5391
sgboba 16 abm2,aboba,16,seed2,2,test_accuracy,35,0.54
sgboba 16 abm2,aboba,16,seed2,2,test_accuracy,36,0.5399
sgboba 16 abm2,aboba,16,seed2,2,test_accuracy,37,0.5394
sgboba 16 abm2,aboba,16,seed2,2,test_accuracy,38,0.5401
sgboba 16 abm2,aboba,16,seed2,2,test_accuracy,39,0.5397
sgboba 16 abm2,aboba,16,seed3,2,test_accuracy,0,0.0682
sgboba 16 abm2,aboba,16,seed3,2,test_accuracy,1,0.1169
sgboba 16 abm2,aboba,16,seed3,2,test_accuracy,2,0.192
sgboba 16 abm2,aboba,16,seed3,2,test_accuracy,3,0.2513
sgboba 16 abm2,aboba,16,seed3,2,test_accuracy,4,0.291
sgboba 16 abm2,aboba,16,seed3,2,test_accuracy,5,0.3126
sgboba 16 abm2,aboba,16,seed3,2,test_accuracy,6,0.3374
sgboba 16 abm2,aboba,16,seed3,2,test_accuracy,7,0.3562
sgboba 16 abm2,aboba,16,seed3,2,test_accuracy,8,0.3573
sgboba 16 abm2,aboba,16,seed3,2,test_accuracy,9,0.3709
sgboba 16 abm2,aboba,16,seed3,2,test_accuracy,10,0.3838
sgboba 16 abm2,aboba,16,seed3,2,test_accuracy,11,0.3924
sgboba 16 abm2,aboba,16,seed3,2,test_accuracy,12,0.3975
sgboba 16 abm2,aboba,16,seed3,2,test_accuracy,13,0.4222
sgboba 16 abm2,aboba,16,seed3,2,test_accuracy,14,0.4482
sgboba 16 abm2,aboba,16,seed3,2,test_accuracy,15,0.4514
sgboba 16 abm2,aboba,16,seed3,2,test_accuracy,16,0.4597
sgboba 16 abm2,aboba,16,seed3,2,test_accuracy,17,0.444
sgboba 16 abm2,aboba,16,seed3,2,test_accuracy,18,0.4713
sgboba 16 abm2,aboba,16,seed3,2,test_accuracy,19,0.4773
sgboba 16 abm2,aboba,16,seed3,2,test_accuracy,20,0.4799
sgboba 16 abm2,aboba,16,seed3,2,test_accuracy,21,0.4908
sgboba 16 abm2,aboba,16,seed3,2,test_accuracy,22,0.4889
sgboba 16 abm2,aboba,16,seed3,2,test_accuracy,23,0.506
sgboba 16 abm2,aboba,16,seed3,2,test_accuracy,24,0.5218
sgboba 16 abm2,aboba,16,seed3,2,test_accuracy,25,0.5173
sgboba 16 abm2,aboba,16,seed3,2,test_accuracy,26,0.5282
sgboba 16 abm2,aboba,16,seed3,2,test_accuracy,27,0.5403
sgboba 16 abm2,aboba,16,seed3,2,test_accuracy,28,0.5452
sgboba 16 abm2,aboba,16,seed3,2,test_accuracy,29,0.5474
sgboba 16 abm2,aboba,16,seed3,2,test_accuracy,30,0.5569
sgboba 16 abm2,aboba,16,seed3,2,test_accuracy,31,0.5618
sgboba 16 abm2,aboba,16,seed3,2,test_accuracy,32,0.5638
sgboba 16 abm2,aboba,16,seed3,2,test_accuracy,33,0.5684
sgboba 16 abm2,aboba,16,seed3,2,test_accuracy,34,0.5706
sgboba 16 abm2,aboba,16,seed3,2,test_accuracy,35,0.5731
sgboba 16 abm2,aboba,16,seed3,2,test_accuracy,36,0.5724
sgboba 16 abm2,aboba,16,seed3,2,test_accuracy,37,0.5707
sgboba 16 abm2,aboba,16,seed3,2,test_accuracy,38,0.5715
sgboba 16 abm2,aboba,16,seed3,2,test_accuracy,39,0.5713
sgboba 16 abm4,aboba,16,seed1,4,test_accuracy,0,0.1231
sgboba 16 abm4,aboba,16,seed1,4,test_accuracy,1,0.1448
sgboba 16 abm4,aboba,16,seed1,4,test_accuracy,2,0.2776
sgboba 16 abm4,aboba,16,seed1,4,test_accuracy,3,0.3107
sgboba 16 abm4,aboba,16,seed1,4,test_accuracy,4,0.3384
sgboba 16 abm4,aboba,16,seed1,4,test_accuracy,5,0.3644
sgboba 16 abm4,aboba,16,seed1,4,test_accuracy,6,0.3798
sgboba 16 abm4,aboba,16,seed1,4,test_accuracy,7,0.3915
sgboba 16 abm4,aboba,16,seed1,4,test_accuracy,8,0.4197
sgboba 16 abm4,aboba,16,seed1,4,test_accuracy,9,0.4258
sgboba 16 abm4,aboba,16,seed1,4,test_accuracy,10,0.4401
sgboba 16 abm4,aboba,16,seed1,4,test_accuracy,11,0.4308
sgboba 16 abm4,aboba,16,seed1,4,test_accuracy,12,0.4628
sgboba 16 abm4,aboba,16,seed1,4,test_accuracy,13,0.4701
sgboba 16 abm4,aboba,16,seed1,4,test_accuracy,14,0.4798
sgboba 16 abm4,aboba,16,seed1,4,test_accuracy,15,0.4661
sgboba 16 abm4,aboba,16,seed1,4,test_accuracy,16,0.4779
sgboba 16 abm4,aboba,16,seed1,4,test_accuracy,17,0.4869
sgboba 16 abm4,aboba,16,seed1,4,test_accuracy,18,0.5031
sgboba 16 abm4,aboba,16,seed1,4,test_accuracy,19,0.5144
sgboba 16 abm4,aboba,16,seed1,4,test_accuracy,20,0.5115
sgboba 16 abm4,aboba,16,seed1,4,test_accuracy,21,0.5086
sgboba 16 abm4,aboba,16,seed1,4,test_accuracy,22,0.5305
sgboba 16 abm4,aboba,16,seed1,4,test_accuracy,23,0.5309
sgboba 16 abm4,aboba,16,seed1,4,test_accuracy,24,0.5286
sgboba 16 abm4,aboba,16,seed1,4,test_accuracy,25,0.5466
sgboba 16 abm4,aboba,16,seed1,4,test_accuracy,26,0.5575
sgboba 16 abm4,aboba,16,seed1,4,test_accuracy,27,0.5531
sgboba 16 abm4,aboba,16,seed1,4,test_accuracy,28,0.5605
sgboba 16 abm4,aboba,16,seed1,4,test_accuracy,29,0.5589
sgboba 16 abm4,aboba,16,seed1,4,test_accuracy,30,0.5627
sgboba 16 abm4,aboba,16,seed1,4,test_accuracy,31,0.5686
sgboba 16 abm4,aboba,16,seed1,4,test_accuracy,32,0.5721
sgboba 16 abm4,aboba,16,seed1,4,test_accuracy,33,0.5724
sgboba 16 abm4,aboba,16,seed1,4,test_accuracy,34,0.572
sgboba 16 abm4,aboba,16,seed1,4,test_accuracy,35,0.5746
sgboba 16 abm4,aboba,16,seed1,4,test_accuracy,36,0.5741
sgboba 16 abm4,aboba,16,seed1,4,test_accuracy,37,0.5742
sgboba 16 abm4,aboba,16,seed1,4,test_accuracy,38,0.5734
sgboba 16 abm4,aboba,16,seed1,4,test_accuracy,39,0.5731
sgboba 16 abm4,aboba,16,seed2,4,test_accuracy,0,0.122
sgboba 16 abm4,aboba,16,seed2,4,test_accuracy,1,0.1762
sgboba 16 abm4,aboba,16,seed2,4,test_accuracy,2,0.2581
sgboba 16 abm4,aboba,16,seed2,4,test_accuracy,3,0.2834
sgboba 16 abm4,aboba,16,seed2,4,test_accuracy,4,0.3538
sgboba 16 abm4,aboba,16,seed2,4,test_accuracy,5,0.3634
sgboba 16 abm4,aboba,16,seed2,4,test_accuracy,6,0.3729
sgboba 16 abm4,aboba,16,seed2,4,test_accuracy,7,0.416
sgboba 16 abm4,aboba,16,seed2,4,test_accuracy,8,0.4111
sgboba 16 abm4,aboba,16,seed2,4,test_accuracy,9,0.434
sgboba 16 abm4,aboba,16,seed2,4,test_accuracy,10,0.4482
sgboba 16 abm4,aboba,16,seed2,4,test_accuracy,11,0.4523
sgboba 16 abm4,aboba,16,seed2,4,test_accuracy,12,0.468
sgboba 16 abm4,aboba,16,seed2,4,test_accuracy,13,0.4667
sgboba 16 abm4,aboba,16,seed2,4,test_accuracy,14,0.4809
sgboba 16 abm4,aboba,16,seed2,4,test_accuracy,15,0.4825
sgboba 16 abm4,aboba,16,seed2,4,test_accuracy,16,0.4862
sgboba 16 abm4,aboba,16,seed2,4,test_accuracy,17,0.4911
sgboba 16 abm4,aboba,16,seed2,4,test_accuracy,18,0.4977
sgboba 16 abm4,aboba,16,seed2,4,test_accuracy,19,0.5007
sgboba 16 abm4,aboba,16,seed2,4,test_accuracy,20,0.5071
sgboba 16 abm4,aboba,16,seed2,4,test_accuracy,21,0.5028
sgboba 16 abm4,aboba,16,seed2,4,test_accuracy,22,0.5192
sgboba 16 abm4,aboba,16,seed2,4,test_accuracy,23,0.5303
sgboba 16 abm4,aboba,16,seed2,4,test_accuracy,24,0.5324
sgboba 16 abm4,aboba,16,seed2,4,test_accuracy,25,0.5366
sgboba 16 abm4,aboba,16,seed2,4,test_accuracy,26,0.5451
sgboba 16 abm4,aboba,16,seed2,4,test_accuracy,27,0.5599
sgboba 16 abm4,aboba,16,seed2,4,test_accuracy,28,0.5619
sgboba 16 abm4,aboba,16,seed2,4,test_accuracy,29,0.57
sgboba 16 abm4,aboba,16,seed2,4,test_accuracy,30,0.5734
sgboba 16 abm4,aboba,16,seed2,4,test_accuracy,31,0.5771
sgboba 16 abm4,aboba,16,seed2,4,test_accuracy,32,0.5811
sgboba 16 abm4,aboba,16,seed2,4,test_accuracy,33,0.585
sgboba 16 abm4,aboba,16,seed2,4,test_accuracy,34,0.5853
sgboba 16 abm4,aboba,16,seed2,4,test_accuracy,35,0.5879
sgboba 16 abm4,aboba,16,seed2,4,test_accuracy,36,0.5855
sgboba 16 abm4,aboba,16,seed2,4,test_accuracy,37,0.5868
sgboba 16 abm4,aboba,16,seed2,4,test_accuracy,38,0.588
sgboba 16 abm4,aboba,16,seed2,4,test_accuracy,39,0.588
sgboba 16 abm4,aboba,16,seed3,4,test_accuracy,0,0.0966
sgboba 16 abm4,aboba,16,seed3,4,test_accuracy,1,0.1325
sgboba 16 abm4,aboba,16,seed3,4,test_accuracy,2,0.2349
sgboba 16 abm4,aboba,16,seed3,4,test_accuracy,3,0.2906
sgboba 16 abm4,aboba,16,seed3,4,test_accuracy,4,0.3088
sgboba 16 abm4,aboba,16,seed3,4,test_accuracy,5,0.3358
sgboba 16 abm4,aboba,16,seed3,4,test_accuracy,6,0.361
sgboba 16 abm4,aboba,16,seed3,4,test_accuracy,7,0.3907
sgboba 16 abm4,aboba,16,seed3,4,test_accuracy,8,0.4047
sgboba 16 abm4,aboba,16,seed3,4,test_accuracy,9,0.4137
sgboba 16 abm4,aboba,16,seed3,4,test_accuracy,10,0.4253
sgboba 16 abm4,aboba,16,seed3,4,test_accuracy,11,0.4276
sgboba 16 abm4,aboba,16,seed3,4,test_accuracy,12,0.4503
sgboba 16 abm4,aboba,16,seed3,4,test_accuracy,13,0.4592
sgboba 16 abm4,aboba,16,seed3,4,test_accuracy,14,0.4642
sgboba 16 abm4,aboba,16,seed3,4,test_accuracy,15,0.4596
sgboba 16 abm4,aboba,16,seed3,4,test_accuracy,16,0.4728
sgboba 16 abm4,aboba,16,seed3,4,test_accuracy,17,0.4875
sgboba 16 abm4,aboba,16,seed3,4,test_accuracy,18,0.5074
sgboba 16 abm4,aboba,16,seed3,4,test_accuracy,19,0.4954
sgboba 16 abm4,aboba,16,seed3,4,test_accuracy,20,0.5117
sgboba 16 abm4,aboba,16,seed3,4,test_accuracy,21,0.5159
sgboba 16 abm4,aboba,16,seed3,4,test_accuracy,22,0.5244
sgboba 16 abm4,aboba,16,seed3,4,test_accuracy,23,0.5377
sgboba 16 abm4,aboba,16,seed3,4,test_accuracy,24,0.5394
sgboba 16 abm4,aboba,16,seed3,4,test_accuracy,25,0.5464
sgboba 16 abm4,aboba,16,seed3,4,test_accuracy,26,0.547
sgboba 16 abm4,aboba,16,seed3,4,test_accuracy,27,0.5563
sgboba 16 abm4,aboba,16,seed3,4,test_accuracy,28,0.5622
sgboba 16 abm4,aboba,16,seed3,4,test_accuracy,29,0.5638
sgboba 16 abm4,aboba,16,seed3,4,test_accuracy,30,0.5708
sgboba 16 abm4,aboba,16,seed3,4,test_accuracy,31,0.5768
sgboba 16 abm4,aboba,16,seed3,4,test_accuracy,32,0.5803
sgboba 16 abm4,aboba,16,seed3,4,test_accuracy,33,0.5819
sgboba 16 abm4,aboba,16,seed3,4,test_accuracy,34,0.5792
sgboba 16 abm4,aboba,16,seed3,4,test_accuracy,35,0.5818
sgboba 16 abm4,aboba,16,seed3,4,test_accuracy,36,0.5823
sgboba 16 abm4,aboba,16,seed3,4,test_accuracy,37,0.5816
sgboba 16 abm4,aboba,16,seed3,4,test_accuracy,38,0.5821
sgboba 16 abm4,aboba,16,seed3,4,test_accuracy,39,0.582
sgboba 16 abm8,aboba,16,seed1,8,test_accuracy,0,0.0799
sgboba 16 abm8,aboba,16,seed1,8,test_accuracy,1,0.125
sgboba 16 abm8,aboba,16,seed1,8,test_accuracy,2,0.2128
sgboba 16 abm8,aboba,16,seed1,8,test_accuracy,3,0.2501
sgboba 16 abm8,aboba,16,seed1,8,test_accuracy,4,0.2873
sgboba 16 abm8,aboba,16,seed1,8,test_accuracy,5,0.2951
sgboba 16 abm8,aboba,16,seed1,8,test_accuracy,6,0.3256
sgboba 16 abm8,aboba,16,seed1,8,test_accuracy,7,0.3384
sgboba 16 abm8,aboba,16,seed1,8,test_accuracy,8,0.3494
sgboba 16 abm8,aboba,16,seed1,8,test_accuracy,9,0.3678
sgboba 16 abm8,aboba,16,seed1,8,test_accuracy,10,0.3831
sgboba 16 abm8,aboba,16,seed1,8,test_accuracy,11,0.4112
sgboba 16 abm8,aboba,16,seed1,8,test_accuracy,12,0.4034
sgboba 16 abm8,aboba,16,seed1,8,test_accuracy,13,0.4171
sgboba 16 abm8,aboba,16,seed1,8,test_accuracy,14,0.426
sgboba 16 abm8,aboba,16,seed1,8,test_accuracy,15,0.4415
sgboba 16 abm8,aboba,16,seed1,8,test_accuracy,16,0.4487
sgboba 16 abm8,aboba,16,seed1,8,test_accuracy,17,0.4567
sgboba 16 abm8,aboba,16,seed1,8,test_accuracy,18,0.4598
sgboba 16 abm8,aboba,16,seed1,8,test_accuracy,19,0.4803
sgboba 16 abm8,aboba,16,seed1,8,test_accuracy,20,0.4779
sgboba 16 abm8,aboba,16,seed1,8,test_accuracy,21,0.4885
sgboba 16 abm8,aboba,16,seed1,8,test_accuracy,22,0.484
sgboba 16 abm8,aboba,16,seed1,8,test_accuracy,23,0.5035
sgboba 16 abm8,aboba,16,seed1,8,test_accuracy,24,0.5006
sgboba 16 abm8,aboba,16,seed1,8,test_accuracy,25,0.5046
sgboba 16 abm8,aboba,16,seed1,8,test_accuracy,26,0.5135
sgboba 16 abm8,aboba,16,seed1,8,test_accuracy,27,0.5159
sgboba 16 abm8,aboba,16,seed1,8,test_accuracy,28,0.5214
sgboba 16 abm8,aboba,16,seed1,8,test_accuracy,29,0.5207
sgboba 16 abm8,aboba,16,seed1,8,test_accuracy,30,0.5246
sgboba 16 abm8,aboba,16,seed1,8,test_accuracy,31,0.5284
sgboba 16 abm8,aboba,16,seed1,8,test_accuracy,32,0.5291
sgboba 16 abm8,aboba,16,seed1,8,test_accuracy,33,0.5305
sgboba 16 abm8,aboba,16,seed1,8,test_accuracy,34,0.5307
sgboba 16 abm8,aboba,16,seed1,8,test_accuracy,35,0.532
sgboba 16 abm8,aboba,16,seed1,8,test_accuracy,36,0.5309
sgboba 16 abm8,aboba,16,seed1,8,test_accuracy,37,0.5303
sgboba 16 abm8,aboba,16,seed1,8,test_accuracy,38,0.5308
sgboba 16 abm8,aboba,16,seed1,8,test_accuracy,39,0.5328
sgboba 16 abm8,aboba,16,seed2,8,test_accuracy,0,0.0873
sgboba 16 abm8,aboba,16,seed2,8,test_accuracy,1,0.1558
sgboba 16 abm8,aboba,16,seed2,8,test_accuracy,2,0.2604
sgboba 16 abm8,aboba,16,seed2,8,test_accuracy,3,0.2886
sgboba 16 abm8,aboba,16,seed2,8,test_accuracy,4,0.3346
sgboba 16 abm8,aboba,16,seed2,8,test_accuracy,5,0.3593
sgboba 16 abm8,aboba,16,seed2,8,test_accuracy,6,0.3812
sgboba 16 abm8,aboba,16,seed2,8,test_accuracy,7,0.4112
sgboba 16 abm8,aboba,16,seed2,8,test_accuracy,8,0.4119
sgboba 16 abm8,aboba,16,seed2,8,test_accuracy,9,0.4188
sgboba 16 abm8,aboba,16,seed2,8,test_accuracy,10,0.4348
sgboba 16 abm8,aboba,16,seed2,8,test_accuracy,11,0.4425
sgboba 16 abm8,aboba,16,seed2,8,test_accuracy,12,0.4413
sgboba 16 abm8,aboba,16,seed2,8,test_accuracy,13,0.4522
sgboba 16 abm8,aboba,16,seed2,8,test_accuracy,14,0.4671
sgboba 16 abm8,aboba,16,seed2,8,test_accuracy,15,0.4767
sgboba 16 abm8,aboba,16,seed2,8,test_accuracy,16,0.4817
sgboba 16 abm8,aboba,16,seed2,8,test_accuracy,17,0.4973
sgboba 16 abm8,aboba,16,seed2,8,test_accuracy,18,0.5014
sgboba 16 abm8,aboba,16,seed2,8,test_accuracy,19,0.5132
sgboba 16 abm8,aboba,16,seed2,8,test_accuracy,20,0.5139
sgboba 16 abm8,aboba,16,seed2,8,test_accuracy,21,0.5295
sgboba 16 abm8,aboba,16,seed2,8,test_accuracy,22,0.5215
sgboba 16 abm8,aboba,16,seed2,8,test_accuracy,23,0.5257
sgboba 16 abm8,aboba,16,seed2,8,test_accuracy,24,0.5348
sgboba 16 abm8,aboba,16,seed2,8,test_accuracy,25,0.5456
sgboba 16 abm8,aboba,16,seed2,8,test_accuracy,26,0.5492
sgboba 16 abm8,aboba,16,seed2,8,test_accuracy,27,0.5543
sgboba 16 abm8,aboba,16,seed2,8,test_accuracy,28,0.5597
sgboba 16 abm8,aboba,16,seed2,8,test_accuracy,29,0.5575
sgboba 16 abm8,aboba,16,seed2,8,test_accuracy,30,0.5631
sgboba 16 abm8,aboba,16,seed2,8,test_accuracy,31,0.5659
sgboba 16 abm8,aboba,16,seed2,8,test_accuracy,32,0.568
sgboba 16 abm8,aboba,16,seed2,8,test_accuracy,33,0.568
sgboba 16 abm8,aboba,16,seed2,8,test_accuracy,34,0.5687
sgboba 16 abm8,aboba,16,seed2,8,test_accuracy,35,0.5679
sgboba 16 abm8,aboba,16,seed2,8,test_accuracy,36,0.5679
sgboba 16 abm8,aboba,16,seed2,8,test_accuracy,37,0.5677
sgboba 16 abm8,aboba,16,seed2,8,test_accuracy,38,0.5691
sgboba 16 abm8,aboba,16,seed2,8,test_accuracy,39,0.5699
sgboba 16 abm8,aboba,16,seed3,8,test_accuracy,0,0.0901
sgboba 16 abm8,aboba,16,seed3,8,test_accuracy,1,0.1233
sgboba 16 abm8,aboba,16,seed3,8,test_accuracy,2,0.2247
sgboba 16 abm8,aboba,16,seed3,8,test_accuracy,3,0.2758
sgboba 16 abm8,aboba,16,seed3,8,test_accuracy,4,0.3133
sgboba 16 abm8,aboba,16,seed3,8,test_accuracy,5,0.3401
sgboba 16 abm8,aboba,16,seed3,8,test_accuracy,6,0.3429
sgboba 16 abm8,aboba,16,seed3,8,test_accuracy,7,0.3765
sgboba 16 abm8,aboba,16,seed3,8,test_accuracy,8,0.4086
sgboba 16 abm8,aboba,16,seed3,8,test_accuracy,9,0.4079
sgboba 16 abm8,aboba,16,seed3,8,test_accuracy,10,0.4355
sgboba 16 abm8,aboba,16,seed3,8,test_accuracy,11,0.4405
sgboba 16 abm8,aboba,16,seed3,8,test_accuracy,12,0.4534
sgboba 16 abm8,aboba,16,seed3,8,test_accuracy,13,0.4574
sgboba 16 abm8,aboba,16,seed3,8,test_accuracy,14,0.4558
sgboba 16 abm8,aboba,16,seed3,8,test_accuracy,15,0.4725
sgboba 16 abm8,aboba,16,seed3,8,test_accuracy,16,0.4774
sgboba 16 abm8,aboba,16,seed3,8,test_accuracy,17,0.4918
sgboba 16 abm8,aboba,16,seed3,8,test_accuracy,18,0.5024
sgboba 16 abm8,aboba,16,seed3,8,test_accuracy,19,0.5118
sgboba 16 abm8,aboba,16,seed3,8,test_accuracy,20,0.5125
sgboba 16 abm8,aboba,16,seed3,8,test_accuracy,21,0.5174
sgboba 16 abm8,aboba,16,seed3,8,test_accuracy,22,0.5297
sgboba 16 abm8,aboba,16,seed3,8,test_accuracy,23,0.5385
sgboba 16 abm8,aboba,16,seed3,8,test_accuracy,24,0.5433
sgboba 16 abm8,aboba,16,seed3,8,test_accuracy,25,0.5532
sgboba 16 abm8,aboba,16,seed3,8,test_accuracy,26,0.5513
sgboba 16 abm8,aboba,16,seed3,8,test_accuracy,27,0.5607
sgboba 16 abm8,aboba,16,seed3,8,test_accuracy,28,0.5674
sgboba 16 abm8,aboba,16,seed3,8,test_accuracy,29,0.5688
sgboba 16 abm8,aboba,16,seed3,8,test_accuracy,30,0.571
sgboba 16 abm8,aboba,16,seed3,8,test_accuracy,31,0.5696
sgboba 16 abm8,aboba,16,seed3,8,test_accuracy,32,0.5718
sgboba 16 abm8,aboba,16,seed3,8,test_accuracy,33,0.5749
sgboba 16 abm8,aboba,16,seed3,8,test_accuracy,34,0.5742
sgboba 16 abm8,aboba,16,seed3,8,test_accuracy,35,0.5757
sgboba 16 abm8,aboba,16,seed3,8,test_accuracy,36,0.5768
sgboba 16 abm8,aboba,16,seed3,8,test_accuracy,37,0.5764
sgboba 16 abm8,aboba,16,seed3,8,test_accuracy,38,0.576
sgboba 16 abm8,aboba,16,seed3,8,test_accuracy,39,0.5756
sgboba 256 abm16,aboba,256,seed1,16,test_accuracy,0,0.3716
sgboba 256 abm16,aboba,256,seed1,16,test_accuracy,1,0.4651
sgboba 256 abm16,aboba,256,seed1,16,test_accuracy,2,0.4937
sgboba 256 abm16,aboba,256,seed1,16,test_accuracy,3,0.5376420000000001
sgboba 256 abm16,aboba,256,seed1,16,test_accuracy,4,0.54468
sgboba 256 abm16,aboba,256,seed1,16,test_accuracy,5,0.547944
sgboba 256 abm16,aboba,256,seed1,16,test_accuracy,6,0.575688
sgboba 256 abm16,aboba,256,seed1,16,test_accuracy,7,0.570588
sgboba 256 abm16,aboba,256,seed1,16,test_accuracy,8,0.5774220000000001
sgboba 256 abm16,aboba,256,seed1,16,test_accuracy,9,0.580992
sgboba 256 abm16,aboba,256,seed1,16,test_accuracy,10,0.5702820000000001
sgboba 256 abm16,aboba,256,seed1,16,test_accuracy,11,0.576198
sgboba 256 abm16,aboba,256,seed1,16,test_accuracy,12,0.575076
sgboba 256 abm16,aboba,256,seed1,16,test_accuracy,13,0.57477
sgboba 256 abm16,aboba,256,seed1,16,test_accuracy,14,0.5827260000000001
sgboba 256 abm16,aboba,256,seed1,16,test_accuracy,15,0.59976
sgboba 256 abm16,aboba,256,seed1,16,test_accuracy,16,0.5971080000000001
sgboba 256 abm16,aboba,256,seed1,16,test_accuracy,17,0.59364
sgboba 256 abm16,aboba,256,seed1,16,test_accuracy,18,0.597516
sgboba 256 abm16,aboba,256,seed1,16,test_accuracy,19,0.59772
sgboba 256 abm16,aboba,256,seed1,16,test_accuracy,20,0.604656
sgboba 256 abm16,aboba,256,seed1,16,test_accuracy,21,0.608124
sgboba 256 abm16,aboba,256,seed1,16,test_accuracy,22,0.611184
sgboba 256 abm16,aboba,256,seed1,16,test_accuracy,23,0.607614
sgboba 256 abm16,aboba,256,seed1,16,test_accuracy,24,0.6124080000000001
sgboba 256 abm16,aboba,256,seed1,16,test_accuracy,25,0.611184
sgboba 256 abm16,aboba,256,seed1,16,test_accuracy,26,0.608634
sgboba 256 abm16,aboba,256,seed1,16,test_accuracy,27,0.6092460000000001
sgboba 256 abm16,aboba,256,seed1,16,test_accuracy,28,0.611592
sgboba 256 abm16,aboba,256,seed1,16,test_accuracy,29,0.615366
sgboba 256 abm16,aboba,256,seed1,16,test_accuracy,30,0.613938
sgboba 256 abm16,aboba,256,seed1,16,test_accuracy,31,0.613734
sgboba 256 abm16,aboba,256,seed1,16,test_accuracy,32,0.6136320000000001
sgboba 256 abm16,aboba,256,seed1,16,test_accuracy,33,0.612918
sgboba 256 abm16,aboba,256,seed1,16,test_accuracy,34,0.6134280000000001
sgboba 256 abm16,aboba,256,seed1,16,test_accuracy,35,0.6136320000000001
sgboba 256 abm16,aboba,256,seed1,16,test_accuracy,36,0.613938
sgboba 256 abm16,aboba,256,seed1,16,test_accuracy,37,0.613836
sgboba 256 abm16,aboba,256,seed1,16,test_accuracy,38,0.6144480000000001
sgboba 256 abm16,aboba,256,seed1,16,test_accuracy,39,0.6144480000000001
sgboba 256 abm16,aboba,256,seed2,16,test_accuracy,0,0.3764
sgboba 256 abm16,aboba,256,seed2,16,test_accuracy,1,0.4705
sgboba 256 abm16,aboba,256,seed2,16,test_accuracy,2,0.4955
sgboba 256 abm16,aboba,256,seed2,16,test_accuracy,3,0.5329499999999999
sgboba 256 abm16,aboba,256,seed2,16,test_accuracy,4,0.54111
sgboba 256 abm16,aboba,256,seed2,16,test_accuracy,5,0.559164
sgboba 256 abm16,aboba,256,seed2,16,test_accuracy,6,0.5680379999999999
sgboba 256 abm16,aboba,256,seed2,16,test_accuracy,7,0.5752799999999999
sgboba 256 abm16,aboba,256,seed2,16,test_accuracy,8,0.574566
sgboba 256 abm16,aboba,256,seed2,16,test_accuracy,9,0.574872
sgboba 256 abm16,aboba,256,seed2,16,test_accuracy,10,0.579972
sgboba 256 abm16,aboba,256,seed2,16,test_accuracy,11,0.58599
sgboba 256 abm16,aboba,256,seed2,16,test_accuracy,12,0.583338
sgboba 256 abm16,aboba,256,seed2,16,test_accuracy,13,0.5924159999999999
sgboba 256 abm16,aboba,256,seed2,16,test_accuracy,14,0.5894579999999999
sgboba 256 abm16,aboba,256,seed2,16,test_accuracy,15,0.594456
sgboba 256 abm16,aboba,256,seed2,16,test_accuracy,16,0.595068
sgboba 256 abm16,aboba,256,seed2,16,test_accuracy,17,0.597924
sgboba 256 abm16,aboba,256,seed2,16,test_accuracy,18,0.602616
sgboba 256 abm16,aboba,256,seed2,16,test_accuracy,19,0.600984
sgboba 256 abm16,aboba,256,seed2,16,test_accuracy,20,0.60486
sgboba 256 abm16,aboba,256,seed2,16,test_accuracy,21,0.605982
sgboba 256 abm16,aboba,256,seed2,16,test_accuracy,22,0.608226
sgboba 256 abm16,aboba,256,seed2,16,test_accuracy,23,0.609042
sgboba 256 abm16,aboba,256,seed2,16,test_accuracy,24,0.609756
sgboba 256 abm16,aboba,256,seed2,16,test_accuracy,25,0.6114900000000001
sgboba 256 abm16,aboba,256,seed2,16,test_accuracy,26,0.61404
sgboba 256 abm16,aboba,256,seed2,16,test_accuracy,27,0.6136320000000001
sgboba 256 abm16,aboba,256,seed2,16,test_accuracy,28,0.615366
sgboba 256 abm16,aboba,256,seed2,16,test_accuracy,29,0.614958
sgboba 256 abm16,aboba,256,seed2,16,test_accuracy,30,0.6171
sgboba 256 abm16,aboba,256,seed2,16,test_accuracy,31,0.616386
sgboba 256 abm16,aboba,256,seed2,16,test_accuracy,32,0.6182219999999999
sgboba 256 abm16,aboba,256,seed2,16,test_accuracy,33,0.617814
sgboba 256 abm16,aboba,256,seed2,16,test_accuracy,34,0.617916
sgboba 256 abm16,aboba,256,seed2,16,test_accuracy,35,0.6187320000000001
sgboba 256 abm16,aboba,256,seed2,16,test_accuracy,36,0.6184259999999999
sgboba 256 abm16,aboba,256,seed2,16,test_accuracy,37,0.618324
sgboba 256 abm16,aboba,256,seed2,16,test_accuracy,38,0.618018
sgboba 256 abm16,aboba,256,seed2,16,test_accuracy,39,0.617916
sgboba 256 abm16,aboba,256,seed3,16,test_accuracy,0,0.3768
sgboba 256 abm16,aboba,256,seed3,16,test_accuracy,1,0.4497
sgboba 256 abm16,aboba,256,seed3,16,test_accuracy,2,0.4944
sgboba 256 abm16,aboba,256,seed3,16,test_accuracy,3,0.529686
sgboba 256 abm16,aboba,256,seed3,16,test_accuracy,4,0.541416
sgboba 256 abm16,aboba,256,seed3,16,test_accuracy,5,0.559368
sgboba 256 abm16,aboba,256,seed3,16,test_accuracy,6,0.562632
sgboba 256 abm16,aboba,256,seed3,16,test_accuracy,7,0.570894
sgboba 256 abm16,aboba,256,seed3,16,test_accuracy,8,0.5817060000000001
sgboba 256 abm16,aboba,256,seed3,16,test_accuracy,9,0.580686
sgboba 256 abm16,aboba,256,seed3,16,test_accuracy,10,0.5762999999999999
sgboba 256 abm16,aboba,256,seed3,16,test_accuracy,11,0.583848
sgboba 256 abm16,aboba,256,seed3,16,test_accuracy,12,0.585276
sgboba 256 abm16,aboba,256,seed3,16,test_accuracy,13,0.5846640000000001
sgboba 256 abm16,aboba,256,seed3,16,test_accuracy,14,0.5897640000000001
sgboba 256 abm16,aboba,256,seed3,16,test_accuracy,15,0.598638
sgboba 256 abm16,aboba,256,seed3,16,test_accuracy,16,0.593742
sgboba 256 abm16,aboba,256,seed3,16,test_accuracy,17,0.596292
sgboba 256 abm16,aboba,256,seed3,16,test_accuracy,18,0.603942
sgboba 256 abm16,aboba,256,seed3,16,test_accuracy,19,0.606492
sgboba 256 abm16,aboba,256,seed3,16,test_accuracy,20,0.6069
sgboba 256 abm16,aboba,256,seed3,16,test_accuracy,21,0.609348
sgboba 256 abm16,aboba,256,seed3,16,test_accuracy,22,0.61353
sgboba 256 abm16,aboba,256,seed3,16,test_accuracy,23,0.6155700000000001
sgboba 256 abm16,aboba,256,seed3,16,test_accuracy,24,0.6114900000000001
sgboba 256 abm16,aboba,256,seed3,16,test_accuracy,25,0.61302
sgboba 256 abm16,aboba,256,seed3,16,test_accuracy,26,0.6133259999999999
sgboba 256 abm16,aboba,256,seed3,16,test_accuracy,27,0.6136320000000001
sgboba 256 abm16,aboba,256,seed3,16,test_accuracy,28,0.61353
sgboba 256 abm16,aboba,256,seed3,16,test_accuracy,29,0.612714
sgboba 256 abm16,aboba,256,seed3,16,test_accuracy,30,0.6121019999999999
sgboba 256 abm16,aboba,256,seed3,16,test_accuracy,31,0.6133259999999999
sgboba 256 abm16,aboba,256,seed3,16,test_accuracy,32,0.612714
sgboba 256 abm16,aboba,256,seed3,16,test_accuracy,33,0.612612
sgboba 256 abm16,aboba,256,seed3,16,test_accuracy,34,0.612714
sgboba 256 abm16,aboba,256,seed3,16,test_accuracy,35,0.612612
sgboba 256 abm16,aboba,256,seed3,16,test_accuracy,36,0.612816
sgboba 256 abm16,aboba,256,seed3,16,test_accuracy,37,0.61251
sgboba 256 abm16,aboba,256,seed3,16,test_accuracy,38,0.61302
sgboba 256 abm16,aboba,256,seed3,16,test_accuracy,39,0.612918
sgboba 256 abm2,aboba,256,seed1,2,test_accuracy,0,0.3742
sgboba 256 abm2,aboba,256,seed1,2,test_accuracy,1,0.4642
sgboba 256 abm2,aboba,256,seed1,2,test_accuracy,2,0.1792
sgboba 256 abm2,aboba,256,seed1,2,test_accuracy,3,0.328338
sgboba 256 abm2,aboba,256,seed1,2,test_accuracy,4,0.34720799999999996
sgboba 256 abm2,aboba,256,seed1,2,test_accuracy,5,0.409836
sgboba 256 abm2,aboba,256,seed1,2,test_accuracy,6,0.43003199999999997
sgboba 256 abm2,aboba,256,seed1,2,test_accuracy,7,0.4437
sgboba 256 abm2,aboba,256,seed1,2,test_accuracy,8,0.46206
sgboba 256 abm2,aboba,256,seed1,2,test_accuracy,9,0.466956
sgboba 256 abm2,aboba,256,seed1,2,test_accuracy,10,0.487254
sgboba 256 abm2,aboba,256,seed1,2,test_accuracy,11,0.487866
sgboba 256 abm2,aboba,256,seed1,2,test_accuracy,12,0.470628
sgboba 256 abm2,aboba,256,seed1,2,test_accuracy,13,0.487866
sgboba 256 abm2,aboba,256,seed1,2,test_accuracy,14,0.518976
sgboba 256 abm2,aboba,256,seed1,2,test_accuracy,15,0.502146
sgboba 256 abm2,aboba,256,seed1,2,test_accuracy,16,0.515814
sgboba 256 abm2,aboba,256,seed1,2,test_accuracy,17,0.530808
sgboba 256 abm2,aboba,256,seed1,2,test_accuracy,18,0.528666
sgboba 256 abm2,aboba,256,seed1,2,test_accuracy,19,0.5488620000000001
sgboba 256 abm2,aboba,256,seed1,2,test_accuracy,20,0.552942
sgboba 256 abm2,aboba,256,seed1,2,test_accuracy,21,0.5590620000000001
sgboba 256 abm2,aboba,256,seed1,2,test_accuracy,22,0.562734
sgboba 256 abm2,aboba,256,seed1,2,test_accuracy,23,0.564672
sgboba 256 abm2,aboba,256,seed1,2,test_accuracy,24,0.57834
sgboba 256 abm2,aboba,256,seed1,2,test_accuracy,25,0.586398
sgboba 256 abm2,aboba,256,seed1,2,test_accuracy,26,0.588132
sgboba 256 abm2,aboba,256,seed1,2,test_accuracy,27,0.597924
sgboba 256 abm2,aboba,256,seed1,2,test_accuracy,28,0.602718
sgboba 256 abm2,aboba,256,seed1,2,test_accuracy,29,0.610878
sgboba 256 abm2,aboba,256,seed1,2,test_accuracy,30,0.612918
sgboba 256 abm2,aboba,256,seed1,2,test_accuracy,31,0.620058
sgboba 256 abm2,aboba,256,seed1,2,test_accuracy,32,0.6175080000000001
sgboba 256 abm2,aboba,256,seed1,2,test_accuracy,33,0.620058
sgboba 256 abm2,aboba,256,seed1,2,test_accuracy,34,0.625362
sgboba 256 abm2,aboba,256,seed1,2,test_accuracy,35,0.623934
sgboba 256 abm2,aboba,256,seed1,2,test_accuracy,36,0.624138
sgboba 256 abm2,aboba,256,seed1,2,test_accuracy,37,0.62373
sgboba 256 abm2,aboba,256,seed1,2,test_accuracy,38,0.623832
sgboba 256 abm2,aboba,256,seed1,2,test_accuracy,39,0.62322
sgboba 256 abm2,aboba,256,seed2,2,test_accuracy,0,0.3678
sgboba 256 abm2,aboba,256,seed2,2,test_accuracy,1,0.4627
sgboba 256 abm2,aboba,256,seed2,2,test_accuracy,2,0.3543
sgboba 256 abm2,aboba,256,seed2,2,test_accuracy,3,0.303756
sgboba 256 abm2,aboba,256,seed2,2,test_accuracy,4,0.39321
sgboba 256 abm2,aboba,256,seed2,2,test_accuracy,5,0.40657200000000004
sgboba 256 abm2,aboba,256,seed2,2,test_accuracy,6,0.432684
sgboba 256 abm2,aboba,256,seed2,2,test_accuracy,7,0.451044
sgboba 256 abm2,aboba,256,seed2,2,test_accuracy,8,0.472464
sgboba 256 abm2,aboba,256,seed2,2,test_accuracy,9,0.47532
sgboba 256 abm2,aboba,256,seed2,2,test_accuracy,10,0.463692
sgboba 256 abm2,aboba,256,seed2,2,test_accuracy,11,0.4998
sgboba 256 abm2,aboba,256,seed2,2,test_accuracy,12,0.47991
sgboba 256 abm2,aboba,256,seed2,2,test_accuracy,13,0.507042
sgboba 256 abm2,aboba,256,seed2,2,test_accuracy,14,0.5049
sgboba 256 abm2,aboba,256,seed2,2,test_accuracy,15,0.5101019999999999
sgboba 256 abm2,aboba,256,seed2,2,test_accuracy,16,0.54162
sgboba 256 abm2,aboba,256,seed2,2,test_accuracy,17,0.539478
sgboba 256 abm2,aboba,256,seed2,2,test_accuracy,18,0.5390699999999999
sgboba 256 abm2,aboba,256,seed2,2,test_accuracy,19,0.5359079999999999
sgboba 256 abm2,aboba,256,seed2,2,test_accuracy,20,0.546822
sgboba 256 abm2,aboba,256,seed2,2,test_accuracy,21,0.550596
sgboba 256 abm2,aboba,256,seed2,2,test_accuracy,22,0.569466
sgboba 256 abm2,aboba,256,seed2,2,test_accuracy,23,0.569262
sgboba 256 abm2,aboba,256,seed2,2,test_accuracy,24,0.576708
sgboba 256 abm2,aboba,256,seed2,2,test_accuracy,25,0.5824199999999999
sgboba 256 abm2,aboba,256,seed2,2,test_accuracy,26,0.584256
sgboba 256 abm2,aboba,256,seed2,2,test_accuracy,27,0.5929260000000001
sgboba 256 abm2,aboba,256,seed2,2,test_accuracy,28,0.6061860000000001
sgboba 256 abm2,aboba,256,seed2,2,test_accuracy,29,0.604656
sgboba 256 abm2,aboba,256,seed2,2,test_accuracy,30,0.605268
sgboba 256 abm2,aboba,256,seed2,2,test_accuracy,31,0.6112860000000001
sgboba 256 abm2,aboba,256,seed2,2,test_accuracy,32,0.61965
sgboba 256 abm2,aboba,256,seed2,2,test_accuracy,33,0.6199560000000001
sgboba 256 abm2,aboba,256,seed2,2,test_accuracy,34,0.622098
sgboba 256 abm2,aboba,256,seed2,2,test_accuracy,35,0.623832
sgboba 256 abm2,aboba,256,seed2,2,test_accuracy,36,0.623934
sgboba 256 abm2,aboba,256,seed2,2,test_accuracy,37,0.624138
sgboba 256 abm2,aboba,256,seed2,2,test_accuracy,38,0.6236280000000001
sgboba 256 abm2,aboba,256,seed2,2,test_accuracy,39,0.624342
sgboba 256 abm2,aboba,256,seed3,2,test_accuracy,0,0.3799
sgboba 256 abm2,aboba,256,seed3,2,test_accuracy,1,0.4598
sgboba 256 abm2,aboba,256,seed3,2,test_accuracy,2,0.2913
sgboba 256 abm2,aboba,256,seed3,2,test_accuracy,3,0.251226
sgboba 256 abm2,aboba,256,seed3,2,test_accuracy,4,0.333846
sgboba 256 abm2,aboba,256,seed3,2,test_accuracy,5,0.353634
sgboba 256 abm2,aboba,256,seed3,2,test_accuracy,6,0.400656
sgboba 256 abm2,aboba,256,seed3,2,test_accuracy,7,0.42044400000000004
sgboba 256 abm2,aboba,256,seed3,2,test_accuracy,8,0.43186800000000003
sgboba 256 abm2,aboba,256,seed3,2,test_accuracy,9,0.445332
sgboba 256 abm2,aboba,256,seed3,2,test_accuracy,10,0.45798
sgboba 256 abm2,aboba,256,seed3,2,test_accuracy,11,0.468486
sgboba 256 abm2,aboba,256,seed3,2,test_accuracy,12,0.471546
sgboba 256 abm2,aboba,256,seed3,2,test_accuracy,13,0.472056
sgboba 256 abm2,aboba,256,seed3,2,test_accuracy,14,0.49133400000000005
sgboba 256 abm2,aboba,256,seed3,2,test_accuracy,15,0.497964
sgboba 256 abm2,aboba,256,seed3,2,test_accuracy,16,0.49847400000000003
sgboba 256 abm2,aboba,256,seed3,2,test_accuracy,17,0.514284
sgboba 256 abm2,aboba,256,seed3,2,test_accuracy,18,0.5181600000000001
sgboba 256 abm2,aboba,256,seed3,2,test_accuracy,19,0.52989
sgboba 256 abm2,aboba,256,seed3,2,test_accuracy,20,0.527952
sgboba 256 abm2,aboba,256,seed3,2,test_accuracy,21,0.531216
sgboba 256 abm2,aboba,256,seed3,2,test_accuracy,22,0.534174
sgboba 256 abm2,aboba,256,seed3,2,test_accuracy,23,0.542028
sgboba 256 abm2,aboba,256,seed3,2,test_accuracy,24,0.5629379999999999
sgboba 256 abm2,aboba,256,seed3,2,test_accuracy,25,0.568446
sgboba 256 abm2,aboba,256,seed3,2,test_accuracy,26,0.572628
sgboba 256 abm2,aboba,256,seed3,2,test_accuracy,27,0.58395
sgboba 256 abm2,aboba,256,seed3,2,test_accuracy,28,0.587928
sgboba 256 abm2,aboba,256,seed3,2,test_accuracy,29,0.592722
sgboba 256 abm2,aboba,256,seed3,2,test_accuracy,30,0.59976
sgboba 256 abm2,aboba,256,seed3,2,test_accuracy,31,0.602514
sgboba 256 abm2,aboba,256,seed3,2,test_accuracy,32,0.6102660000000001
sgboba 256 abm2,aboba,256,seed3,2,test_accuracy,33,0.611388
sgboba 256 abm2,aboba,256,seed3,2,test_accuracy,34,0.610572
sgboba 256 abm2,aboba,256,seed3,2,test_accuracy,35,0.6112860000000001
sgboba 256 abm2,aboba,256,seed3,2,test_accuracy,36,0.612918
sgboba 256 abm2,aboba,256,seed3,2,test_accuracy,37,0.612714
sgboba 256 abm2,aboba,256,seed3,2,test_accuracy,38,0.612204
sgboba 256 abm2,aboba,256,seed3,2,test_accuracy,39,0.61251
sgboba 256 abm4,aboba,256,seed1,4,test_accuracy,0,0.3678
sgboba 256 abm4,aboba,256,seed1,4,test_accuracy,1,0.4568
sgboba 256 abm4,aboba,256,seed1,4,test_accuracy,2,0.4428
sgboba 256 abm4,aboba,256,seed1,4,test_accuracy,3,0.484296
sgboba 256 abm4,aboba,256,seed1,4,test_accuracy,4,0.494088
sgboba 256 abm4,aboba,256,seed1,4,test_accuracy,5,0.506634
sgboba 256 abm4,aboba,256,seed1,4,test_accuracy,6,0.5115299999999999
sgboba 256 abm4,aboba,256,seed1,4,test_accuracy,7,0.523668
sgboba 256 abm4,aboba,256,seed1,4,test_accuracy,8,0.5202
sgboba 256 abm4,aboba,256,seed1,4,test_accuracy,9,0.5310119999999999
sgboba 256 abm4,aboba,256,seed1,4,test_accuracy,10,0.528258
sgboba 256 abm4,aboba,256,seed1,4,test_accuracy,11,0.529482
sgboba 256 abm4,aboba,256,seed1,4,test_accuracy,12,0.545802
sgboba 256 abm4,aboba,256,seed1,4,test_accuracy,13,0.5539620000000001
sgboba 256 abm4,aboba,256,seed1,4,test_accuracy,14,0.548148
sgboba 256 abm4,aboba,256,seed1,4,test_accuracy,15,0.547536
sgboba 256 abm4,aboba,256,seed1,4,test_accuracy,16,0.565998
sgboba 256 abm4,aboba,256,seed1,4,test_accuracy,17,0.568242
sgboba 256 abm4,aboba,256,seed1,4,test_accuracy,18,0.562122
sgboba 256 abm4,aboba,256,seed1,4,test_accuracy,19,0.5858880000000001
sgboba 256 abm4,aboba,256,seed1,4,test_accuracy,20,0.5722200000000001
sgboba 256 abm4,aboba,256,seed1,4,test_accuracy,21,0.58038
sgboba 256 abm4,aboba,256,seed1,4,test_accuracy,22,0.605982
sgboba 256 abm4,aboba,256,seed1,4,test_accuracy,23,0.602004
sgboba 256 abm4,aboba,256,seed1,4,test_accuracy,24,0.6182219999999999
sgboba 256 abm4,aboba,256,seed1,4,test_accuracy,25,0.61455
sgboba 256 abm4,aboba,256,seed1,4,test_accuracy,26,0.6288300000000001
sgboba 256 abm4,aboba,256,seed1,4,test_accuracy,27,0.630258
sgboba 256 abm4,aboba,256,seed1,4,test_accuracy,28,0.6331140000000001
sgboba 256 abm4,aboba,256,seed1,4,test_accuracy,29,0.631992
sgboba 256 abm4,aboba,256,seed1,4,test_accuracy,30,0.633216
sgboba 256 abm4,aboba,256,seed1,4,test_accuracy,31,0.635358
sgboba 256 abm4,aboba,256,seed1,4,test_accuracy,32,0.636378
sgboba 256 abm4,aboba,256,seed1,4,test_accuracy,33,0.636684
sgboba 256 abm4,aboba,256,seed1,4,test_accuracy,34,0.637194
sgboba 256 abm4,aboba,256,seed1,4,test_accuracy,35,0.637806
sgboba 256 abm4,aboba,256,seed1,4,test_accuracy,36,0.6394380000000001
sgboba 256 abm4,aboba,256,seed1,4,test_accuracy,37,0.63903
sgboba 256 abm4,aboba,256,seed1,4,test_accuracy,38,0.639336
sgboba 256 abm4,aboba,256,seed1,4,test_accuracy,39,0.63903
sgboba 256 abm4,aboba,256,seed2,4,test_accuracy,0,0.38
sgboba 256 abm4,aboba,256,seed2,4,test_accuracy,1,0.4637
sgboba 256 abm4,aboba,256,seed2,4,test_accuracy,2,0.4389
sgboba 256 abm4,aboba,256,seed2,4,test_accuracy,3,0.45379800000000003
sgboba 256 abm4,aboba,256,seed2,4,test_accuracy,4,0.49572
sgboba 256 abm4,aboba,256,seed2,4,test_accuracy,5,0.506532
sgboba 256 abm4,aboba,256,seed2,4,test_accuracy,6,0.515406
sgboba 256 abm4,aboba,256,seed2,4,test_accuracy,7,0.532848
sgboba 256 abm4,aboba,256,seed2,4,test_accuracy,8,0.537234
sgboba 256 abm4,aboba,256,seed2,4,test_accuracy,9,0.527646
sgboba 256 abm4,aboba,256,seed2,4,test_accuracy,10,0.523974
sgboba 256 abm4,aboba,256,seed2,4,test_accuracy,11,0.53703
sgboba 256 abm4,aboba,256,seed2,4,test_accuracy,12,0.541416
sgboba 256 abm4,aboba,256,seed2,4,test_accuracy,13,0.541416
sgboba 256 abm4,aboba,256,seed2,4,test_accuracy,14,0.551514
sgboba 256 abm4,aboba,256,seed2,4,test_accuracy,15,0.568956
sgboba 256 abm4,aboba,256,seed2,4,test_accuracy,16,0.560796
sgboba 256 abm4,aboba,256,seed2,4,test_accuracy,17,0.571098
sgboba 256 abm4,aboba,256,seed2,4,test_accuracy,18,0.5702820000000001
sgboba 256 abm4,aboba,256,seed2,4,test_accuracy,19,0.568446
sgboba 256 abm4,aboba,256,seed2,4,test_accuracy,20,0.583134
sgboba 256 abm4,aboba,256,seed2,4,test_accuracy,21,0.57834
sgboba 256 abm4,aboba,256,seed2,4,test_accuracy,22,0.597414
sgboba 256 abm4,aboba,256,seed2,4,test_accuracy,23,0.59466
sgboba 256 abm4,aboba,256,seed2,4,test_accuracy,24,0.6092460000000001
sgboba 256 abm4,aboba,256,seed2,4,test_accuracy,25,0.615774
sgboba 256 abm4,aboba,256,seed2,4,test_accuracy,26,0.6231180000000001
sgboba 256 abm4,aboba,256,seed2,4,test_accuracy,27,0.629748
sgboba 256 abm4,aboba,256,seed2,4,test_accuracy,28,0.629544
sgboba 256 abm4,aboba,256,seed2,4,test_accuracy,29,0.63444
sgboba 256 abm4,aboba,256,seed2,4,test_accuracy,30,0.636174
sgboba 256 abm4,aboba,256,seed2,4,test_accuracy,31,0.636174
sgboba 256 abm4,aboba,256,seed2,4,test_accuracy,32,0.636786
sgboba 256 abm4,aboba,256,seed2,4,test_accuracy,33,0.6357659999999999
sgboba 256 abm4,aboba,256,seed2,4,test_accuracy,34,0.63546
sgboba 256 abm4,aboba,256,seed2,4,test_accuracy,35,0.63648
sgboba 256 abm4,aboba,256,seed2,4,test_accuracy,36,0.636888
sgboba 256 abm4,aboba,256,seed2,4,test_accuracy,37,0.637194
sgboba 256 abm4,aboba,256,seed2,4,test_accuracy,38,0.637398
sgboba 256 abm4,aboba,256,seed2,4,test_accuracy,39,0.636888
sgboba 256 abm4,aboba,256,seed3,4,test_accuracy,0,0.3708
sgboba 256 abm4,aboba,256,seed3,4,test_accuracy,1,0.4567
sgboba 256 abm4,aboba,256,seed3,4,test_accuracy,2,0.4378
sgboba 256 abm4,aboba,256,seed3,4,test_accuracy,3,0.467262
sgboba 256 abm4,aboba,256,seed3,4,test_accuracy,4,0.465222
sgboba 256 abm4,aboba,256,seed3,4,test_accuracy,5,0.50898
sgboba 256 abm4,aboba,256,seed3,4,test_accuracy,6,0.519282
sgboba 256 abm4,aboba,256,seed3,4,test_accuracy,7,0.5115299999999999
sgboba 256 abm4,aboba,256,seed3,4,test_accuracy,8,0.51612
sgboba 256 abm4,aboba,256,seed3,4,test_accuracy,9,0.528972
sgboba 256 abm4,aboba,256,seed3,4,test_accuracy,10,0.5383560000000001
sgboba 256 abm4,aboba,256,seed3,4,test_accuracy,11,0.5412119999999999
sgboba 256 abm4,aboba,256,seed3,4,test_accuracy,12,0.541416
sgboba 256 abm4,aboba,256,seed3,4,test_accuracy,13,0.541314
sgboba 256 abm4,aboba,256,seed3,4,test_accuracy,14,0.547842
sgboba 256 abm4,aboba,256,seed3,4,test_accuracy,15,0.5406000000000001
sgboba 256 abm4,aboba,256,seed3,4,test_accuracy,16,0.561
sgboba 256 abm4,aboba,256,seed3,4,test_accuracy,17,0.566508
sgboba 256 abm4,aboba,256,seed3,4,test_accuracy,18,0.575586
sgboba 256 abm4,aboba,256,seed3,4,test_accuracy,19,0.5671200000000001
sgboba 256 abm4,aboba,256,seed3,4,test_accuracy,20,0.560592
sgboba 256 abm4,aboba,256,seed3,4,test_accuracy,21,0.58548
sgboba 256 abm4,aboba,256,seed3,4,test_accuracy,22,0.593538
sgboba 256 abm4,aboba,256,seed3,4,test_accuracy,23,0.6022080000000001
sgboba 256 abm4,aboba,256,seed3,4,test_accuracy,24,0.610674
sgboba 256 abm4,aboba,256,seed3,4,test_accuracy,25,0.616488
sgboba 256 abm4,aboba,256,seed3,4,test_accuracy,26,0.623016
sgboba 256 abm4,aboba,256,seed3,4,test_accuracy,27,0.629748
sgboba 256 abm4,aboba,256,seed3,4,test_accuracy,28,0.633726
sgboba 256 abm4,aboba,256,seed3,4,test_accuracy,29,0.636582
sgboba 256 abm4,aboba,256,seed3,4,test_accuracy,30,0.6370920000000001
sgboba 256 abm4,aboba,256,seed3,4,test_accuracy,31,0.640356
sgboba 256 abm4,aboba,256,seed3,4,test_accuracy,32,0.642498
sgboba 256 abm4,aboba,256,seed3,4,test_accuracy,33,0.643518
sgboba 256 abm4,aboba,256,seed3,4,test_accuracy,34,0.641988
sgboba 256 abm4,aboba,256,seed3,4,test_accuracy,35,0.643416
sgboba 256 abm4,aboba,256,seed3,4,test_accuracy,36,0.642906
sgboba 256 abm4,aboba,256,seed3,4,test_accuracy,37,0.643926
sgboba 256 abm4,aboba,256,seed3,4,test_accuracy,38,0.644232
sgboba 256 abm4,aboba,256,seed3,4,test_accuracy,39,0.6440279999999999
sgboba 256 abm8,aboba,256,seed1,8,test_accuracy,0,0.3764
sgboba 256 abm8,aboba,256,seed1,8,test_accuracy,1,0.4569
sgboba 256 abm8,aboba,256,seed1,8,test_accuracy,2,0.4764
sgboba 256 abm8,aboba,256,seed1,8,test_accuracy,3,0.5177520000000001
sgboba 256 abm8,aboba,256,seed1,8,test_accuracy,4,0.536316
sgboba 256 abm8,aboba,256,seed1,8,test_accuracy,5,0.544068
sgboba 256 abm8,aboba,256,seed1,8,test_accuracy,6,0.544782
sgboba 256 abm8,aboba,256,seed1,8,test_accuracy,7,0.556818
sgboba 256 abm8,aboba,256,seed1,8,test_accuracy,8,0.5620200000000001
sgboba 256 abm8,aboba,256,seed1,8,test_accuracy,9,0.552228
sgboba 256 abm8,aboba,256,seed1,8,test_accuracy,10,0.562326
sgboba 256 abm8,aboba,256,seed1,8,test_accuracy,11,0.570078
sgboba 256 abm8,aboba,256,seed1,8,test_accuracy,12,0.5734440000000001
sgboba 256 abm8,aboba,256,seed1,8,test_accuracy,13,0.578136
sgboba 256 abm8,aboba,256,seed1,8,test_accuracy,14,0.590274
sgboba 256 abm8,aboba,256,seed1,8,test_accuracy,15,0.5926199999999999
sgboba 256 abm8,aboba,256,seed1,8,test_accuracy,16,0.59772
sgboba 256 abm8,aboba,256,seed1,8,test_accuracy,17,0.600168
sgboba 256 abm8,aboba,256,seed1,8,test_accuracy,18,0.596394
sgboba 256 abm8,aboba,256,seed1,8,test_accuracy,19,0.606594
sgboba 256 abm8,aboba,256,seed1,8,test_accuracy,20,0.6116940000000001
sgboba 256 abm8,aboba,256,seed1,8,test_accuracy,21,0.617202
sgboba 256 abm8,aboba,256,seed1,8,test_accuracy,22,0.613734
sgboba 256 abm8,aboba,256,seed1,8,test_accuracy,23,0.618324
sgboba 256 abm8,aboba,256,seed1,8,test_accuracy,24,0.6184259999999999
sgboba 256 abm8,aboba,256,seed1,8,test_accuracy,25,0.625158
sgboba 256 abm8,aboba,256,seed1,8,test_accuracy,26,0.6288300000000001
sgboba 256 abm8,aboba,256,seed1,8,test_accuracy,27,0.630054
sgboba 256 abm8,aboba,256,seed1,8,test_accuracy,28,0.631992
sgboba 256 abm8,aboba,256,seed1,8,test_accuracy,29,0.6347459999999999
sgboba 256 abm8,aboba,256,seed1,8,test_accuracy,30,0.632502
sgboba 256 abm8,aboba,256,seed1,8,test_accuracy,31,0.633624
sgboba 256 abm8,aboba,256,seed1,8,test_accuracy,32,0.633726
sgboba 256 abm8,aboba,256,seed1,8,test_accuracy,33,0.633216
sgboba 256 abm8,aboba,256,seed1,8,test_accuracy,34,0.633624
sgboba 256 abm8,aboba,256,seed1,8,test_accuracy,35,0.632706
sgboba 256 abm8,aboba,256,seed1,8,test_accuracy,36,0.6324
sgboba 256 abm8,aboba,256,seed1,8,test_accuracy,37,0.6328079999999999
sgboba 256 abm8,aboba,256,seed1,8,test_accuracy,38,0.632298
sgboba 256 abm8,aboba,256,seed1,8,test_accuracy,39,0.632502
sgboba 256 abm8,aboba,256,seed2,8,test_accuracy,0,0.3793
sgboba 256 abm8,aboba,256,seed2,8,test_accuracy,1,0.4708
sgboba 256 abm8,aboba,256,seed2,8,test_accuracy,2,0.4753
sgboba 256 abm8,aboba,256,seed2,8,test_accuracy,3,0.523974
sgboba 256 abm8,aboba,256,seed2,8,test_accuracy,4,0.5253
sgboba 256 abm8,aboba,256,seed2,8,test_accuracy,5,0.544272
sgboba 256 abm8,aboba,256,seed2,8,test_accuracy,6,0.535602
sgboba 256 abm8,aboba,256,seed2,8,test_accuracy,7,0.5520240000000001
sgboba 256 abm8,aboba,256,seed2,8,test_accuracy,8,0.5630400000000001
sgboba 256 abm8,aboba,256,seed2,8,test_accuracy,9,0.56967
sgboba 256 abm8,aboba,256,seed2,8,test_accuracy,10,0.57018
sgboba 256 abm8,aboba,256,seed2,8,test_accuracy,11,0.571404
sgboba 256 abm8,aboba,256,seed2,8,test_accuracy,12,0.58038
sgboba 256 abm8,aboba,256,seed2,8,test_accuracy,13,0.563754
sgboba 256 abm8,aboba,256,seed2,8,test_accuracy,14,0.57987
sgboba 256 abm8,aboba,256,seed2,8,test_accuracy,15,0.58446
sgboba 256 abm8,aboba,256,seed2,8,test_accuracy,16,0.59517
sgboba 256 abm8,aboba,256,seed2,8,test_accuracy,17,0.58854
sgboba 256 abm8,aboba,256,seed2,8,test_accuracy,18,0.600372
sgboba 256 abm8,aboba,256,seed2,8,test_accuracy,19,0.6018
sgboba 256 abm8,aboba,256,seed2,8,test_accuracy,20,0.6041460000000001
sgboba 256 abm8,aboba,256,seed2,8,test_accuracy,21,0.6134280000000001
sgboba 256 abm8,aboba,256,seed2,8,test_accuracy,22,0.6187320000000001
sgboba 256 abm8,aboba,256,seed2,8,test_accuracy,23,0.6187320000000001
sgboba 256 abm8,aboba,256,seed2,8,test_accuracy,24,0.62322
sgboba 256 abm8,aboba,256,seed2,8,test_accuracy,25,0.6236280000000001
sgboba 256 abm8,aboba,256,seed2,8,test_accuracy,26,0.627504
sgboba 256 abm8,aboba,256,seed2,8,test_accuracy,27,0.63087
sgboba 256 abm8,aboba,256,seed2,8,test_accuracy,28,0.631482
sgboba 256 abm8,aboba,256,seed2,8,test_accuracy,29,0.633828
sgboba 256 abm8,aboba,256,seed2,8,test_accuracy,30,0.63342
sgboba 256 abm8,aboba,256,seed2,8,test_accuracy,31,0.6328079999999999
sgboba 256 abm8,aboba,256,seed2,8,test_accuracy,32,0.633828
sgboba 256 abm8,aboba,256,seed2,8,test_accuracy,33,0.6331140000000001
sgboba 256 abm8,aboba,256,seed2,8,test_accuracy,34,0.633624
sgboba 256 abm8,aboba,256,seed2,8,test_accuracy,35,0.634542
sgboba 256 abm8,aboba,256,seed2,8,test_accuracy,36,0.6341340000000001
sgboba 256 abm8,aboba,256,seed2,8,test_accuracy,37,0.633624
sgboba 256 abm8,aboba,256,seed2,8,test_accuracy,38,0.6341340000000001
sgboba 256 abm8,aboba,256,seed2,8,test_accuracy,39,0.634542
sgboba 256 abm8,aboba,256,seed3,8,test_accuracy,0,0.3786
sgboba 256 abm8,aboba,256,seed3,8,test_accuracy,1,0.4508
sgboba 256 abm8,aboba,256,seed3,8,test_accuracy,2,0.4756
sgboba 256 abm8,aboba,256,seed3,8,test_accuracy,3,0.5137740000000001
sgboba 256 abm8,aboba,256,seed3,8,test_accuracy,4,0.529584
sgboba 256 abm8,aboba,256,seed3,8,test_accuracy,5,0.537234
sgboba 256 abm8,aboba,256,seed3,8,test_accuracy,6,0.554676
sgboba 256 abm8,aboba,256,seed3,8,test_accuracy,7,0.5473319999999999
sgboba 256 abm8,aboba,256,seed3,8,test_accuracy,8,0.5648759999999999
sgboba 256 abm8,aboba,256,seed3,8,test_accuracy,9,0.576504
sgboba 256 abm8,aboba,256,seed3,8,test_accuracy,10,0.571812
sgboba 256 abm8,aboba,256,seed3,8,test_accuracy,11,0.58089
sgboba 256 abm8,aboba,256,seed3,8,test_accuracy,12,0.573852
sgboba 256 abm8,aboba,256,seed3,8,test_accuracy,13,0.58191
sgboba 256 abm8,aboba,256,seed3,8,test_accuracy,14,0.583134
sgboba 256 abm8,aboba,256,seed3,8,test_accuracy,15,0.585174
sgboba 256 abm8,aboba,256,seed3,8,test_accuracy,16,0.578442
sgboba 256 abm8,aboba,256,seed3,8,test_accuracy,17,0.5973120000000001
sgboba 256 abm8,aboba,256,seed3,8,test_accuracy,18,0.593538
sgboba 256 abm8,aboba,256,seed3,8,test_accuracy,19,0.598536
sgboba 256 abm8,aboba,256,seed3,8,test_accuracy,20,0.603126
sgboba 256 abm8,aboba,256,seed3,8,test_accuracy,21,0.612204
sgboba 256 abm8,aboba,256,seed3,8,test_accuracy,22,0.616998
sgboba 256 abm8,aboba,256,seed3,8,test_accuracy,23,0.62016
sgboba 256 abm8,aboba,256,seed3,8,test_accuracy,24,0.6260760000000001
sgboba 256 abm8,aboba,256,seed3,8,test_accuracy,25,0.629748
sgboba 256 abm8,aboba,256,seed3,8,test_accuracy,26,0.628932
sgboba 256 abm8,aboba,256,seed3,8,test_accuracy,27,0.629544
sgboba 256 abm8,aboba,256,seed3,8,test_accuracy,28,0.6331140000000001
sgboba 256 abm8,aboba,256,seed3,8,test_accuracy,29,0.635562
sgboba 256 abm8,aboba,256,seed3,8,test_accuracy,30,0.633624
sgboba 256 abm8,aboba,256,seed3,8,test_accuracy,31,0.635868
sgboba 256 abm8,aboba,256,seed3,8,test_accuracy,32,0.6362760000000001
sgboba 256 abm8,aboba,256,seed3,8,test_accuracy,33,0.636888
sgboba 256 abm8,aboba,256,seed3,8,test_accuracy,34,0.637806
sgboba 256 abm8,aboba,256,seed3,8,test_accuracy,35,0.638418
sgboba 256 abm8,aboba,256,seed3,8,test_accuracy,36,0.6377039999999999
sgboba 256 abm8,aboba,256,seed3,8,test_accuracy,37,0.637398
sgboba 256 abm8,aboba,256,seed3,8,test_accuracy,38,0.6372960000000001
sgboba 256 abm8,aboba,256,seed3,8,test_accuracy,39,0.6377039999999999
sgboba 512 abm16,aboba,512,seed1,16,test_accuracy,0,0.2821
sgboba 512 abm16,aboba,512,seed1,16,test_accuracy,1,0.4064
sgboba 512 abm16,aboba,512,seed1,16,test_accuracy,2,0.4599
sgboba 512 abm16,aboba,512,seed1,16,test_accuracy,3,0.5007
sgboba 512 abm16,aboba,512,seed1,16,test_accuracy,4,0.5232
sgboba 512 abm16,aboba,512,seed1,16,test_accuracy,5,0.5434
sgboba 512 abm16,aboba,512,seed1,16,test_accuracy,6,0.5427
sgboba 512 abm16,aboba,512,seed1,16,test_accuracy,7,0.5516
sgboba 512 abm16,aboba,512,seed1,16,test_accuracy,8,0.5622
sgboba 512 abm16,aboba,512,seed1,16,test_accuracy,9,0.5664
sgboba 512 abm16,aboba,512,seed1,16,test_accuracy,10,0.5727
sgboba 512 abm16,aboba,512,seed1,16,test_accuracy,11,0.5728
sgboba 512 abm16,aboba,512,seed1,16,test_accuracy,12,0.5753
sgboba 512 abm16,aboba,512,seed1,16,test_accuracy,13,0.5738
sgboba 512 abm16,aboba,512,seed1,16,test_accuracy,14,0.5741
sgboba 512 abm16,aboba,512,seed1,16,test_accuracy,15,0.5776
sgboba 512 abm16,aboba,512,seed1,16,test_accuracy,16,0.5814
sgboba 512 abm16,aboba,512,seed1,16,test_accuracy,17,0.578
sgboba 512 abm16,aboba,512,seed1,16,test_accuracy,18,0.5891
sgboba 512 abm16,aboba,512,seed1,16,test_accuracy,19,0.5874
sgboba 512 abm16,aboba,512,seed1,16,test_accuracy,20,0.5864
sgboba 512 abm16,aboba,512,seed1,16,test_accuracy,21,0.5875
sgboba 512 abm16,aboba,512,seed1,16,test_accuracy,22,0.5934
sgboba 512 abm16,aboba,512,seed1,16,test_accuracy,23,0.5903
sgboba 512 abm16,aboba,512,seed1,16,test_accuracy,24,0.5946
sgboba 512 abm16,aboba,512,seed1,16,test_accuracy,25,0.5955
sgboba 512 abm16,aboba,512,seed1,16,test_accuracy,26,0.5985
sgboba 512 abm16,aboba,512,seed1,16,test_accuracy,27,0.5967
sgboba 512 abm16,aboba,512,seed1,16,test_accuracy,28,0.5985
sgboba 512 abm16,aboba,512,seed1,16,test_accuracy,29,0.5977
sgboba 512 abm16,aboba,512,seed1,16,test_accuracy,30,0.6013
sgboba 512 abm16,aboba,512,seed1,16,test_accuracy,31,0.6007
sgboba 512 abm16,aboba,512,seed1,16,test_accuracy,32,0.6008
sgboba 512 abm16,aboba,512,seed1,16,test_accuracy,33,0.6009
sgboba 512 abm16,aboba,512,seed1,16,test_accuracy,34,0.6015
sgboba 512 abm16,aboba,512,seed1,16,test_accuracy,35,0.6011
sgboba 512 abm16,aboba,512,seed1,16,test_accuracy,36,0.6007
sgboba 512 abm16,aboba,512,seed1,16,test_accuracy,37,0.6007
sgboba 512 abm16,aboba,512,seed1,16,test_accuracy,38,0.6009
sgboba 512 abm16,aboba,512,seed1,16,test_accuracy,39,0.6008
sgboba 512 abm16,aboba,512,seed2,16,test_accuracy,0,0.2817
sgboba 512 abm16,aboba,512,seed2,16,test_accuracy,1,0.41
sgboba 512 abm16,aboba,512,seed2,16,test_accuracy,2,0.4554
sgboba 512 abm16,aboba,512,seed2,16,test_accuracy,3,0.5032
sgboba 512 abm16,aboba,512,seed2,16,test_accuracy,4,0.5223
sgboba 512 abm16,aboba,512,seed2,16,test_accuracy,5,0.5407
sgboba 512 abm16,aboba,512,seed2,16,test_accuracy,6,0.5506
sgboba 512 abm16,aboba,512,seed2,16,test_accuracy,7,0.5547
sgboba 512 abm16,aboba,512,seed2,16,test_accuracy,8,0.5616
sgboba 512 abm16,aboba,512,seed2,16,test_accuracy,9,0.5561
sgboba 512 abm16,aboba,512,seed2,16,test_accuracy,10,0.5665
sgboba 512 abm16,aboba,512,seed2,16,test_accuracy,11,0.5718
sgboba 512 abm16,aboba,512,seed2,16,test_accuracy,12,0.5709
sgboba 512 abm16,aboba,512,seed2,16,test_accuracy,13,0.5735
sgboba 512 abm16,aboba,512,seed2,16,test_accuracy,14,0.5774
sgboba 512 abm16,aboba,512,seed2,16,test_accuracy,15,0.5747
sgboba 512 abm16,aboba,512,seed2,16,test_accuracy,16,0.5752
sgboba 512 abm16,aboba,512,seed2,16,test_accuracy,17,0.5808
sgboba 512 abm16,aboba,512,seed2,16,test_accuracy,18,0.5875
sgboba 512 abm16,aboba,512,seed2,16,test_accuracy,19,0.5923
sgboba 512 abm16,aboba,512,seed2,16,test_accuracy,20,0.5921
sgboba 512 abm16,aboba,512,seed2,16,test_accuracy,21,0.5943
sgboba 512 abm16,aboba,512,seed2,16,test_accuracy,22,0.5968
sgboba 512 abm16,aboba,512,seed2,16,test_accuracy,23,0.5996
sgboba 512 abm16,aboba,512,seed2,16,test_accuracy,24,0.5998
sgboba 512 abm16,aboba,512,seed2,16,test_accuracy,25,0.6004
sgboba 512 abm16,aboba,512,seed2,16,test_accuracy,26,0.6032
sgboba 512 abm16,aboba,512,seed2,16,test_accuracy,27,0.6051
sgboba 512 abm16,aboba,512,seed2,16,test_accuracy,28,0.6048
sgboba 512 abm16,aboba,512,seed2,16,test_accuracy,29,0.6035
sgboba 512 abm16,aboba,512,seed2,16,test_accuracy,30,0.604
sgboba 512 abm16,aboba,512,seed2,16,test_accuracy,31,0.6046
sgboba 512 abm16,aboba,512,seed2,16,test_accuracy,32,0.6059
sgboba 512 abm16,aboba,512,seed2,16,test_accuracy,33,0.606
sgboba 512 abm16,aboba,512,seed2,16,test_accuracy,34,0.606
sgboba 512 abm16,aboba,512,seed2,16,test_accuracy,35,0.6054
sgboba 512 abm16,aboba,512,seed2,16,test_accuracy,36,0.6054
sgboba 512 abm16,aboba,512,seed2,16,test_accuracy,37,0.6056
sgboba 512 abm16,aboba,512,seed2,16,test_accuracy,38,0.605
sgboba 512 abm16,aboba,512,seed2,16,test_accuracy,39,0.6051
sgboba 512 abm16,aboba,512,seed3,16,test_accuracy,0,0.2692
sgboba 512 abm16,aboba,512,seed3,16,test_accuracy,1,0.4074
sgboba 512 abm16,aboba,512,seed3,16,test_accuracy,2,0.4627
sgboba 512 abm16,aboba,512,seed3,16,test_accuracy,3,0.5093
sgboba 512 abm16,aboba,512,seed3,16,test_accuracy,4,0.5203
sgboba 512 abm16,aboba,512,seed3,16,test_accuracy,5,0.5371
sgboba 512 abm16,aboba,512,seed3,16,test_accuracy,6,0.5542
sgboba 512 abm16,aboba,512,seed3,16,test_accuracy,7,0.558
sgboba 512 abm16,aboba,512,seed3,16,test_accuracy,8,0.5655
sgboba 512 abm16,aboba,512,seed3,16,test_accuracy,9,0.5616
sgboba 512 abm16,aboba,512,seed3,16,test_accuracy,10,0.5663
sgboba 512 abm16,aboba,512,seed3,16,test_accuracy,11,0.5661
sgboba 512 abm16,aboba,512,seed3,16,test_accuracy,12,0.5746
sgboba 512 abm16,aboba,512,seed3,16,test_accuracy,13,0.5712
sgboba 512 abm16,aboba,512,seed3,16,test_accuracy,14,0.5776
sgboba 512 abm16,aboba,512,seed3,16,test_accuracy,15,0.5813
sgboba 512 abm16,aboba,512,seed3,16,test_accuracy,16,0.5804
sgboba 512 abm16,aboba,512,seed3,16,test_accuracy,17,0.582
sgboba 512 abm16,aboba,512,seed3,16,test_accuracy,18,0.5876
sgboba 512 abm16,aboba,512,seed3,16,test_accuracy,19,0.5885
sgboba 512 abm16,aboba,512,seed3,16,test_accuracy,20,0.594
sgboba 512 abm16,aboba,512,seed3,16,test_accuracy,21,0.5932
sgboba 512 abm16,aboba,512,seed3,16,test_accuracy,22,0.5979
sgboba 512 abm16,aboba,512,seed3,16,test_accuracy,23,0.5977
sgboba 512 abm16,aboba,512,seed3,16,test_accuracy,24,0.6012
sgboba 512 abm16,aboba,512,seed3,16,test_accuracy,25,0.6037
sgboba 512 abm16,aboba,512,seed3,16,test_accuracy,26,0.6031
sgboba 512 abm16,aboba,512,seed3,16,test_accuracy,27,0.6028
sgboba 512 abm16,aboba,512,seed3,16,test_accuracy,28,0.603
sgboba 512 abm16,aboba,512,seed3,16,test_accuracy,29,0.6031
sgboba 512 abm16,aboba,512,seed3,16,test_accuracy,30,0.6042
sgboba 512 abm16,aboba,512,seed3,16,test_accuracy,31,0.6027
sgboba 512 abm16,aboba,512,seed3,16,test_accuracy,32,0.6038
sgboba 512 abm16,aboba,512,seed3,16,test_accuracy,33,0.6043
sgboba 512 abm16,aboba,512,seed3,16,test_accuracy,34,0.6053
sgboba 512 abm16,aboba,512,seed3,16,test_accuracy,35,0.6053
sgboba 512 abm16,aboba,512,seed3,16,test_accuracy,36,0.605
sgboba 512 abm16,aboba,512,seed3,16,test_accuracy,37,0.6044
sgboba 512 abm16,aboba,512,seed3,16,test_accuracy,38,0.6048
sgboba 512 abm16,aboba,512,seed3,16,test_accuracy,39,0.6047
sgboba 512 abm2,aboba,512,seed1,2,test_accuracy,0,0.2812
sgboba 512 abm2,aboba,512,seed1,2,test_accuracy,1,0.41
sgboba 512 abm2,aboba,512,seed1,2,test_accuracy,2,0.2827
sgboba 512 abm2,aboba,512,seed1,2,test_accuracy,3,0.2846
sgboba 512 abm2,aboba,512,seed1,2,test_accuracy,4,0.3759
sgboba 512 abm2,aboba,512,seed1,2,test_accuracy,5,0.391
sgboba 512 abm2,aboba,512,seed1,2,test_accuracy,6,0.4028
sgboba 512 abm2,aboba,512,seed1,2,test_accuracy,7,0.431
sgboba 512 abm2,aboba,512,seed1,2,test_accuracy,8,0.4455
sgboba 512 abm2,aboba,512,seed1,2,test_accuracy,9,0.4505
sgboba 512 abm2,aboba,512,seed1,2,test_accuracy,10,0.4586
sgboba 512 abm2,aboba,512,seed1,2,test_accuracy,11,0.4636
sgboba 512 abm2,aboba,512,seed1,2,test_accuracy,12,0.4756
sgboba 512 abm2,aboba,512,seed1,2,test_accuracy,13,0.4975
sgboba 512 abm2,aboba,512,seed1,2,test_accuracy,14,0.4845
sgboba 512 abm2,aboba,512,seed1,2,test_accuracy,15,0.5109
sgboba 512 abm2,aboba,512,seed1,2,test_accuracy,16,0.5173
sgboba 512 abm2,aboba,512,seed1,2,test_accuracy,17,0.5143
sgboba 512 abm2,aboba,512,seed1,2,test_accuracy,18,0.5303
sgboba 512 abm2,aboba,512,seed1,2,test_accuracy,19,0.5304
sgboba 512 abm2,aboba,512,seed1,2,test_accuracy,20,0.5402
sgboba 512 abm2,aboba,512,seed1,2,test_accuracy,21,0.5594
sgboba 512 abm2,aboba,512,seed1,2,test_accuracy,22,0.5612
sgboba 512 abm2,aboba,512,seed1,2,test_accuracy,23,0.5674
sgboba 512 abm2,aboba,512,seed1,2,test_accuracy,24,0.5725
sgboba 512 abm2,aboba,512,seed1,2,test_accuracy,25,0.5737
sgboba 512 abm2,aboba,512,seed1,2,test_accuracy,26,0.5835
sgboba 512 abm2,aboba,512,seed1,2,test_accuracy,27,0.5818
sgboba 512 abm2,aboba,512,seed1,2,test_accuracy,28,0.5919
sgboba 512 abm2,aboba,512,seed1,2,test_accuracy,29,0.6008
sgboba 512 abm2,aboba,512,seed1,2,test_accuracy,30,0.6023
sgboba 512 abm2,aboba,512,seed1,2,test_accuracy,31,0.6012
sgboba 512 abm2,aboba,512,seed1,2,test_accuracy,32,0.6092
sgboba 512 abm2,aboba,512,seed1,2,test_accuracy,33,0.609
sgboba 512 abm2,aboba,512,seed1,2,test_accuracy,34,0.6107
sgboba 512 abm2,aboba,512,seed1,2,test_accuracy,35,0.6127
sgboba 512 abm2,aboba,512,seed1,2,test_accuracy,36,0.6121
sgboba 512 abm2,aboba,512,seed1,2,test_accuracy,37,0.6135
sgboba 512 abm2,aboba,512,seed1,2,test_accuracy,38,0.6134
sgboba 512 abm2,aboba,512,seed1,2,test_accuracy,39,0.6139
sgboba 512 abm2,aboba,512,seed2,2,test_accuracy,0,0.281
sgboba 512 abm2,aboba,512,seed2,2,test_accuracy,1,0.4096
sgboba 512 abm2,aboba,512,seed2,2,test_accuracy,2,0.1654
sgboba 512 abm2,aboba,512,seed2,2,test_accuracy,3,0.2446
sgboba 512 abm2,aboba,512,seed2,2,test_accuracy,4,0.3031
sgboba 512 abm2,aboba,512,seed2,2,test_accuracy,5,0.3662
sgboba 512 abm2,aboba,512,seed2,2,test_accuracy,6,0.3966
sgboba 512 abm2,aboba,512,seed2,2,test_accuracy,7,0.4326
sgboba 512 abm2,aboba,512,seed2,2,test_accuracy,8,0.4186
sgboba 512 abm2,aboba,512,seed2,2,test_accuracy,9,0.4405
sgboba 512 abm2,aboba,512,seed2,2,test_accuracy,10,0.4613
sgboba 512 abm2,aboba,512,seed2,2,test_accuracy,11,0.4661
sgboba 512 abm2,aboba,512,seed2,2,test_accuracy,12,0.4608
sgboba 512 abm2,aboba,512,seed2,2,test_accuracy,13,0.4663
sgboba 512 abm2,aboba,512,seed2,2,test_accuracy,14,0.4759
sgboba 512 abm2,aboba,512,seed2,2,test_accuracy,15,0.4851
sgboba 512 abm2,aboba,512,seed2,2,test_accuracy,16,0.4994
sgboba 512 abm2,aboba,512,seed2,2,test_accuracy,17,0.4979
sgboba 512 abm2,aboba,512,seed2,2,test_accuracy,18,0.5043
sgboba 512 abm2,aboba,512,seed2,2,test_accuracy,19,0.5176
sgboba 512 abm2,aboba,512,seed2,2,test_accuracy,20,0.5204
sgboba 512 abm2,aboba,512,seed2,2,test_accuracy,21,0.5296
sgboba 512 abm2,aboba,512,seed2,2,test_accuracy,22,0.5288
sgboba 512 abm2,aboba,512,seed2,2,test_accuracy,23,0.5511
sgboba 512 abm2,aboba,512,seed2,2,test_accuracy,24,0.5615
sgboba 512 abm2,aboba,512,seed2,2,test_accuracy,25,0.5666
sgboba 512 abm2,aboba,512,seed2,2,test_accuracy,26,0.5585
sgboba 512 abm2,aboba,512,seed2,2,test_accuracy,27,0.5735
sgboba 512 abm2,aboba,512,seed2,2,test_accuracy,28,0.5821
sgboba 512 abm2,aboba,512,seed2,2,test_accuracy,29,0.5876
sgboba 512 abm2,aboba,512,seed2,2,test_accuracy,30,0.5911
sgboba 512 abm2,aboba,512,seed2,2,test_accuracy,31,0.5953
sgboba 512 abm2,aboba,512,seed2,2,test_accuracy,32,0.6
sgboba 512 abm2,aboba,512,seed2,2,test_accuracy,33,0.6004
sgboba 512 abm2,aboba,512,seed2,2,test_accuracy,34,0.6029
sgboba 512 abm2,aboba,512,seed2,2,test_accuracy,35,0.606
sgboba 512 abm2,aboba,512,seed2,2,test_accuracy,36,0.6062
sgboba 512 abm2,aboba,512,seed2,2,test_accuracy,37,0.6041
sgboba 512 abm2,aboba,512,seed2,2,test_accuracy,38,0.6053
sgboba 512 abm2,aboba,512,seed2,2,test_accuracy,39,0.6056
sgboba 512 abm2,aboba,512,seed3,2,test_accuracy,0,0.2726
sgboba 512 abm2,aboba,512,seed3,2,test_accuracy,1,0.4024
sgboba 512 abm2,aboba,512,seed3,2,test_accuracy,2,0.2429
sgboba 512 abm2,aboba,512,seed3,2,test_accuracy,3,0.3179
sgboba 512 abm2,aboba,512,seed3,2,test_accuracy,4,0.3708
sgboba 512 abm2,aboba,512,seed3,2,test_accuracy,5,0.3852
sgboba 512 abm2,aboba,512,seed3,2,test_accuracy,6,0.3983
sgboba 512 abm2,aboba,512,seed3,2,test_accuracy,7,0.435
sgboba 512 abm2,aboba,512,seed3,2,test_accuracy,8,0.439
sgboba 512 abm2,aboba,512,seed3,2,test_accuracy,9,0.4452
sgboba 512 abm2,aboba,512,seed3,2,test_accuracy,10,0.4719
sgboba 512 abm2,aboba,512,seed3,2,test_accuracy,11,0.4724
sgboba 512 abm2,aboba,512,seed3,2,test_accuracy,12,0.4748
sgboba 512 abm2,aboba,512,seed3,2,test_accuracy,13,0.4875
sgboba 512 abm2,aboba,512,seed3,2,test_accuracy,14,0.5019
sgboba 512 abm2,aboba,512,seed3,2,test_accuracy,15,0.4959
sgboba 512 abm2,aboba,512,seed3,2,test_accuracy,16,0.5019
sgboba 512 abm2,aboba,512,seed3,2,test_accuracy,17,0.5049
sgboba 512 abm2,aboba,512,seed3,2,test_accuracy,18,0.5131
sgboba 512 abm2,aboba,512,seed3,2,test_accuracy,19,0.525
sgboba 512 abm2,aboba,512,seed3,2,test_accuracy,20,0.5178
sgboba 512 abm2,aboba,512,seed3,2,test_accuracy,21,0.5363
sgboba 512 abm2,aboba,512,seed3,2,test_accuracy,22,0.5383
sgboba 512 abm2,aboba,512,seed3,2,test_accuracy,23,0.5516
sgboba 512 abm2,aboba,512,seed3,2,test_accuracy,24,0.5575
sgboba 512 abm2,aboba,512,seed3,2,test_accuracy,25,0.5659
sgboba 512 abm2,aboba,512,seed3,2,test_accuracy,26,0.5651
sgboba 512 abm2,aboba,512,seed3,2,test_accuracy,27,0.5799
sgboba 512 abm2,aboba,512,seed3,2,test_accuracy,28,0.5797
sgboba 512 abm2,aboba,512,seed3,2,test_accuracy,29,0.5891
sgboba 512 abm2,aboba,512,seed3,2,test_accuracy,30,0.5995
sgboba 512 abm2,aboba,512,seed3,2,test_accuracy,31,0.6031
sgboba 512 abm2,aboba,512,seed3,2,test_accuracy,32,0.6073
sgboba 512 abm2,aboba,512,seed3,2,test_accuracy,33,0.6046
sgboba 512 abm2,aboba,512,seed3,2,test_accuracy,34,0.6045
sgboba 512 abm2,aboba,512,seed3,2,test_accuracy,35,0.6071
sgboba 512 abm2,aboba,512,seed3,2,test_accuracy,36,0.6069
sgboba 512 abm2,aboba,512,seed3,2,test_accuracy,37,0.6066
sgboba 512 abm2,aboba,512,seed3,2,test_accuracy,38,0.6067
sgboba 512 abm2,aboba,512,seed3,2,test_accuracy,39,0.6072
sgboba 512 abm4,aboba,512,seed1,4,test_accuracy,0,0.281
sgboba 512 abm4,aboba,512,seed1,4,test_accuracy,1,0.4108
sgboba 512 abm4,aboba,512,seed1,4,test_accuracy,2,0.4063
sgboba 512 abm4,aboba,512,seed1,4,test_accuracy,3,0.45
sgboba 512 abm4,aboba,512,seed1,4,test_accuracy,4,0.4805
sgboba 512 abm4,aboba,512,seed1,4,test_accuracy,5,0.4828
sgboba 512 abm4,aboba,512,seed1,4,test_accuracy,6,0.494
sgboba 512 abm4,aboba,512,seed1,4,test_accuracy,7,0.5113
sgboba 512 abm4,aboba,512,seed1,4,test_accuracy,8,0.5116
sgboba 512 abm4,aboba,512,seed1,4,test_accuracy,9,0.5296
sgboba 512 abm4,aboba,512,seed1,4,test_accuracy,10,0.5306
sgboba 512 abm4,aboba,512,seed1,4,test_accuracy,11,0.5249
sgboba 512 abm4,aboba,512,seed1,4,test_accuracy,12,0.5424
sgboba 512 abm4,aboba,512,seed1,4,test_accuracy,13,0.5364
sgboba 512 abm4,aboba,512,seed1,4,test_accuracy,14,0.5451
sgboba 512 abm4,aboba,512,seed1,4,test_accuracy,15,0.5444
sgboba 512 abm4,aboba,512,seed1,4,test_accuracy,16,0.5538
sgboba 512 abm4,aboba,512,seed1,4,test_accuracy,17,0.5617
sgboba 512 abm4,aboba,512,seed1,4,test_accuracy,18,0.5684
sgboba 512 abm4,aboba,512,seed1,4,test_accuracy,19,0.5713
sgboba 512 abm4,aboba,512,seed1,4,test_accuracy,20,0.5863
sgboba 512 abm4,aboba,512,seed1,4,test_accuracy,21,0.5727
sgboba 512 abm4,aboba,512,seed1,4,test_accuracy,22,0.5868
sgboba 512 abm4,aboba,512,seed1,4,test_accuracy,23,0.5983
sgboba 512 abm4,aboba,512,seed1,4,test_accuracy,24,0.6087
sgboba 512 abm4,aboba,512,seed1,4,test_accuracy,25,0.609
sgboba 512 abm4,aboba,512,seed1,4,test_accuracy,26,0.6123
sgboba 512 abm4,aboba,512,seed1,4,test_accuracy,27,0.6164
sgboba 512 abm4,aboba,512,seed1,4,test_accuracy,28,0.6196
sgboba 512 abm4,aboba,512,seed1,4,test_accuracy,29,0.6213
sgboba 512 abm4,aboba,512,seed1,4,test_accuracy,30,0.6246
sgboba 512 abm4,aboba,512,seed1,4,test_accuracy,31,0.6237
sgboba 512 abm4,aboba,512,seed1,4,test_accuracy,32,0.6244
sgboba 512 abm4,aboba,512,seed1,4,test_accuracy,33,0.6267
sgboba 512 abm4,aboba,512,seed1,4,test_accuracy,34,0.6266
sgboba 512 abm4,aboba,512,seed1,4,test_accuracy,35,0.6294
sgboba 512 abm4,aboba,512,seed1,4,test_accuracy,36,0.6293
sgboba 512 abm4,aboba,512,seed1,4,test_accuracy,37,0.6294
sgboba 512 abm4,aboba,512,seed1,4,test_accuracy,38,0.6297
sgboba 512 abm4,aboba,512,seed1,4,test_accuracy,39,0.6295
sgboba 512 abm4,aboba,512,seed2,4,test_accuracy,0,0.2828
sgboba 512 abm4,aboba,512,seed2,4,test_accuracy,1,0.4106
sgboba 512 abm4,aboba,512,seed2,4,test_accuracy,2,0.4104
sgboba 512 abm4,aboba,512,seed2,4,test_accuracy,3,0.4544
sgboba 512 abm4,aboba,512,seed2,4,test_accuracy,4,0.4599
sgboba 512 abm4,aboba,512,seed2,4,test_accuracy,5,0.4865
sgboba 512 abm4,aboba,512,seed2,4,test_accuracy,6,0.5017
sgboba 512 abm4,aboba,512,seed2,4,test_accuracy,7,0.5013
sgboba 512 abm4,aboba,512,seed2,4,test_accuracy,8,0.5042
sgboba 512 abm4,aboba,512,seed2,4,test_accuracy,9,0.5117
sgboba 512 abm4,aboba,512,seed2,4,test_accuracy,10,0.5056
sgboba 512 abm4,aboba,512,seed2,4,test_accuracy,11,0.5238
sgboba 512 abm4,aboba,512,seed2,4,test_accuracy,12,0.5239
sgboba 512 abm4,aboba,512,seed2,4,test_accuracy,13,0.5277
sgboba 512 abm4,aboba,512,seed2,4,test_accuracy,14,0.5173
sgboba 512 abm4,aboba,512,seed2,4,test_accuracy,15,0.5431
sgboba 512 abm4,aboba,512,seed2,4,test_accuracy,16,0.5644
sgboba 512 abm4,aboba,512,seed2,4,test_accuracy,17,0.5587
sgboba 512 abm4,aboba,512,seed2,4,test_accuracy,18,0.5561
sgboba 512 abm4,aboba,512,seed2,4,test_accuracy,19,0.5551
sgboba 512 abm4,aboba,512,seed2,4,test_accuracy,20,0.572
sgboba 512 abm4,aboba,512,seed2,4,test_accuracy,21,0.5831
sgboba 512 abm4,aboba,512,seed2,4,test_accuracy,22,0.5911
sgboba 512 abm4,aboba,512,seed2,4,test_accuracy,23,0.5915
sgboba 512 abm4,aboba,512,seed2,4,test_accuracy,24,0.5979
sgboba 512 abm4,aboba,512,seed2,4,test_accuracy,25,0.6038
sgboba 512 abm4,aboba,512,seed2,4,test_accuracy,26,0.6067
sgboba 512 abm4,aboba,512,seed2,4,test_accuracy,27,0.6132
sgboba 512 abm4,aboba,512,seed2,4,test_accuracy,28,0.6184
sgboba 512 abm4,aboba,512,seed2,4,test_accuracy,29,0.6232
sgboba 512 abm4,aboba,512,seed2,4,test_accuracy,30,0.6264
sgboba 512 abm4,aboba,512,seed2,4,test_accuracy,31,0.6259
sgboba 512 abm4,aboba,512,seed2,4,test_accuracy,32,0.6286
sgboba 512 abm4,aboba,512,seed2,4,test_accuracy,33,0.627
sgboba 512 abm4,aboba,512,seed2,4,test_accuracy,34,0.6273
sgboba 512 abm4,aboba,512,seed2,4,test_accuracy,35,0.6271
sgboba 512 abm4,aboba,512,seed2,4,test_accuracy,36,0.6292
sgboba 512 abm4,aboba,512,seed2,4,test_accuracy,37,0.6281
sgboba 512 abm4,aboba,512,seed2,4,test_accuracy,38,0.6278
sgboba 512 abm4,aboba,512,seed2,4,test_accuracy,39,0.6277
sgboba 512 abm4,aboba,512,seed3,4,test_accuracy,0,0.2681
sgboba 512 abm4,aboba,512,seed3,4,test_accuracy,1,0.4058
sgboba 512 abm4,aboba,512,seed3,4,test_accuracy,2,0.4226
sgboba 512 abm4,aboba,512,seed3,4,test_accuracy,3,0.462
sgboba 512 abm4,aboba,512,seed3,4,test_accuracy,4,0.4794
sgboba 512 abm4,aboba,512,seed3,4,test_accuracy,5,0.4783
sgboba 512 abm4,aboba,512,seed3,4,test_accuracy,6,0.5015
sgboba 512 abm4,aboba,512,seed3,4,test_accuracy,7,0.508
sgboba 512 abm4,aboba,512,seed3,4,test_accuracy,8,0.4895
sgboba 512 abm4,aboba,512,seed3,4,test_accuracy,9,0.5118
sgboba 512 abm4,aboba,512,seed3,4,test_accuracy,10,0.5108
sgboba 512 abm4,aboba,512,seed3,4,test_accuracy,11,0.5343
sgboba 512 abm4,aboba,512,seed3,4,test_accuracy,12,0.5492
sgboba 512 abm4,aboba,512,seed3,4,test_accuracy,13,0.5361
sgboba 512 abm4,aboba,512,seed3,4,test_accuracy,14,0.5387
sgboba 512 abm4,aboba,512,seed3,4,test_accuracy,15,0.55
sgboba 512 abm4,aboba,512,seed3,4,test_accuracy,16,0.5515
sgboba 512 abm4,aboba,512,seed3,4,test_accuracy,17,0.5481
sgboba 512 abm4,aboba,512,seed3,4,test_accuracy,18,0.5612
sgboba 512 abm4,aboba,512,seed3,4,test_accuracy,19,0.5538
sgboba 512 abm4,aboba,512,seed3,4,test_accuracy,20,0.5613
sgboba 512 abm4,aboba,512,seed3,4,test_accuracy,21,0.5766
sgboba 512 abm4,aboba,512,seed3,4,test_accuracy,22,0.5869
sgboba 512 abm4,aboba,512,seed3,4,test_accuracy,23,0.5944
sgboba 512 abm4,aboba,512,seed3,4,test_accuracy,24,0.5958
sgboba 512 abm4,aboba,512,seed3,4,test_accuracy,25,0.6028
sgboba 512 abm4,aboba,512,seed3,4,test_accuracy,26,0.6093
sgboba 512 abm4,aboba,512,seed3,4,test_accuracy,27,0.6182
sgboba 512 abm4,aboba,512,seed3,4,test_accuracy,28,0.6243
sgboba 512 abm4,aboba,512,seed3,4,test_accuracy,29,0.6307
sgboba 512 abm4,aboba,512,seed3,4,test_accuracy,30,0.6296
sgboba 512 abm4,aboba,512,seed3,4,test_accuracy,31,0.631
sgboba 512 abm4,aboba,512,seed3,4,test_accuracy,32,0.6295
sgboba 512 abm4,aboba,512,seed3,4,test_accuracy,33,0.6314
sgboba 512 abm4,aboba,512,seed3,4,test_accuracy,34,0.6338
sgboba 512 abm4,aboba,512,seed3,4,test_accuracy,35,0.6318
sgboba 512 abm4,aboba,512,seed3,4,test_accuracy,36,0.632
sgboba 512 abm4,aboba,512,seed3,4,test_accuracy,37,0.633
sgboba 512 abm4,aboba,512,seed3,4,test_accuracy,38,0.6328
sgboba 512 abm4,aboba,512,seed3,4,test_accuracy,39,0.6328
sgboba 512 abm8,aboba,512,seed1,8,test_accuracy,0,0.2824
sgboba 512 abm8,aboba,512,seed1,8,test_accuracy,1,0.4077
sgboba 512 abm8,aboba,512,seed1,8,test_accuracy,2,0.4606
sgboba 512 abm8,aboba,512,seed1,8,test_accuracy,3,0.5056
sgboba 512 abm8,aboba,512,seed1,8,test_accuracy,4,0.5205
sgboba 512 abm8,aboba,512,seed1,8,test_accuracy,5,0.5272
sgboba 512 abm8,aboba,512,seed1,8,test_accuracy,6,0.5381
sgboba 512 abm8,aboba,512,seed1,8,test_accuracy,7,0.5504
sgboba 512 abm8,aboba,512,seed1,8,test_accuracy,8,0.5488
sgboba 512 abm8,aboba,512,seed1,8,test_accuracy,9,0.5432
sgboba 512 abm8,aboba,512,seed1,8,test_accuracy,10,0.5524
sgboba 512 abm8,aboba,512,seed1,8,test_accuracy,11,0.5584
sgboba 512 abm8,aboba,512,seed1,8,test_accuracy,12,0.5591
sgboba 512 abm8,aboba,512,seed1,8,test_accuracy,13,0.5774
sgboba 512 abm8,aboba,512,seed1,8,test_accuracy,14,0.5781
sgboba 512 abm8,aboba,512,seed1,8,test_accuracy,15,0.5845
sgboba 512 abm8,aboba,512,seed1,8,test_accuracy,16,0.5822
sgboba 512 abm8,aboba,512,seed1,8,test_accuracy,17,0.5931
sgboba 512 abm8,aboba,512,seed1,8,test_accuracy,18,0.5941
sgboba 512 abm8,aboba,512,seed1,8,test_accuracy,19,0.5923
sgboba 512 abm8,aboba,512,seed1,8,test_accuracy,20,0.5991
sgboba 512 abm8,aboba,512,seed1,8,test_accuracy,21,0.5975
sgboba 512 abm8,aboba,512,seed1,8,test_accuracy,22,0.6004
sgboba 512 abm8,aboba,512,seed1,8,test_accuracy,23,0.6045
sgboba 512 abm8,aboba,512,seed1,8,test_accuracy,24,0.6098
sgboba 512 abm8,aboba,512,seed1,8,test_accuracy,25,0.6116
sgboba 512 abm8,aboba,512,seed1,8,test_accuracy,26,0.6138
sgboba 512 abm8,aboba,512,seed1,8,test_accuracy,27,0.6172
sgboba 512 abm8,aboba,512,seed1,8,test_accuracy,28,0.6202
sgboba 512 abm8,aboba,512,seed1,8,test_accuracy,29,0.6215
sgboba 512 abm8,aboba,512,seed1,8,test_accuracy,30,0.6207
sgboba 512 abm8,aboba,512,seed1,8,test_accuracy,31,0.6252
sgboba 512 abm8,aboba,512,seed1,8,test_accuracy,32,0.6226
sgboba 512 abm8,aboba,512,seed1,8,test_accuracy,33,0.6235
sgboba 512 abm8,aboba,512,seed1,8,test_accuracy,34,0.6229
sgboba 512 abm8,aboba,512,seed1,8,test_accuracy,35,0.6231
sgboba 512 abm8,aboba,512,seed1,8,test_accuracy,36,0.6226
sgboba 512 abm8,aboba,512,seed1,8,test_accuracy,37,0.6228
sgboba 512 abm8,aboba,512,seed1,8,test_accuracy,38,0.6238
sgboba 512 abm8,aboba,512,seed1,8,test_accuracy,39,0.6231
sgboba 512 abm8,aboba,512,seed2,8,test_accuracy,0,0.2851
sgboba 512 abm8,aboba,512,seed2,8,test_accuracy,1,0.4118
sgboba 512 abm8,aboba,512,seed2,8,test_accuracy,2,0.45
sgboba 512 abm8,aboba,512,seed2,8,test_accuracy,3,0.4875
sgboba 512 abm8,aboba,512,seed2,8,test_accuracy,4,0.5177
sgboba 512 abm8,aboba,512,seed2,8,test_accuracy,5,0.5263
sgboba 512 abm8,aboba,512,seed2,8,test_accuracy,6,0.5355
sgboba 512 abm8,aboba,512,seed2,8,test_accuracy,7,0.5424
sgboba 512 abm8,aboba,512,seed2,8,test_accuracy,8,0.5453
sgboba 512 abm8,aboba,512,seed2,8,test_accuracy,9,0.5469
sgboba 512 abm8,aboba,512,seed2,8,test_accuracy,10,0.5497
sgboba 512 abm8,aboba,512,seed2,8,test_accuracy,11,0.5476
sgboba 512 abm8,aboba,512,seed2,8,test_accuracy,12,0.5625
sgboba 512 abm8,aboba,512,seed2,8,test_accuracy,13,0.5525
sgboba 512 abm8,aboba,512,seed2,8,test_accuracy,14,0.5643
sgboba 512 abm8,aboba,512,seed2,8,test_accuracy,15,0.5732
sgboba 512 abm8,aboba,512,seed2,8,test_accuracy,16,0.5757
sgboba 512 abm8,aboba,512,seed2,8,test_accuracy,17,0.5808
sgboba 512 abm8,aboba,512,seed2,8,test_accuracy,18,0.5886
sgboba 512 abm8,aboba,512,seed2,8,test_accuracy,19,0.5933
sgboba 512 abm8,aboba,512,seed2,8,test_accuracy,20,0.5968
sgboba 512 abm8,aboba,512,seed2,8,test_accuracy,21,0.601
sgboba 512 abm8,aboba,512,seed2,8,test_accuracy,22,0.605
sgboba 512 abm8,aboba,512,seed2,8,test_accuracy,23,0.6054
sgboba 512 abm8,aboba,512,seed2,8,test_accuracy,24,0.6131
sgboba 512 abm8,aboba,512,seed2,8,test_accuracy,25,0.6165
sgboba 512 abm8,aboba,512,seed2,8,test_accuracy,26,0.6178
sgboba 512 abm8,aboba,512,seed2,8,test_accuracy,27,0.6197
sgboba 512 abm8,aboba,512,seed2,8,test_accuracy,28,0.6196
sgboba 512 abm8,aboba,512,seed2,8,test_accuracy,29,0.6209
sgboba 512 abm8,aboba,512,seed2,8,test_accuracy,30,0.6238
sgboba 512 abm8,aboba,512,seed2,8,test_accuracy,31,0.6226
sgboba 512 abm8,aboba,512,seed2,8,test_accuracy,32,0.6225
sgboba 512 abm8,aboba,512,seed2,8,test_accuracy,33,0.6219
sgboba 512 abm8,aboba,512,seed2,8,test_accuracy,34,0.6233
sgboba 512 abm8,aboba,512,seed2,8,test_accuracy,35,0.6223
sgboba 512 abm8,aboba,512,seed2,8,test_accuracy,36,0.6228
sgboba 512 abm8,aboba,512,seed2,8,test_accuracy,37,0.6232
sgboba 512 abm8,aboba,512,seed2,8,test_accuracy,38,0.623
sgboba 512 abm8,aboba,512,seed2,8,test_accuracy,39,0.6227
sgboba 512 abm8,aboba,512,seed3,8,test_accuracy,0,0.2711
sgboba 512 abm8,aboba,512,seed3,8,test_accuracy,1,0.4017
sgboba 512 abm8,aboba,512,seed3,8,test_accuracy,2,0.4492
sgboba 512 abm8,aboba,512,seed3,8,test_accuracy,3,0.4983
sgboba 512 abm8,aboba,512,seed3,8,test_accuracy,4,0.5039
sgboba 512 abm8,aboba,512,seed3,8,test_accuracy,5,0.5152
sgboba 512 abm8,aboba,512,seed3,8,test_accuracy,6,0.5293
sgboba 512 abm8,aboba,512,seed3,8,test_accuracy,7,0.5495
sgboba 512 abm8,aboba,512,seed3,8,test_accuracy,8,0.5472
sgboba 512 abm8,aboba,512,seed3,8,test_accuracy,9,0.5497
sgboba 512 abm8,aboba,512,seed3,8,test_accuracy,10,0.5553
sgboba 512 abm8,aboba,512,seed3,8,test_accuracy,11,0.5632
sgboba 512 abm8,aboba,512,seed3,8,test_accuracy,12,0.5612
sgboba 512 abm8,aboba,512,seed3,8,test_accuracy,13,0.5603
sgboba 512 abm8,aboba,512,seed3,8,test_accuracy,14,0.5579
sgboba 512 abm8,aboba,512,seed3,8,test_accuracy,15,0.5723
sgboba 512 abm8,aboba,512,seed3,8,test_accuracy,16,0.5709
sgboba 512 abm8,aboba,512,seed3,8,test_accuracy,17,0.5806
sgboba 512 abm8,aboba,512,seed3,8,test_accuracy,18,0.5912
sgboba 512 abm8,aboba,512,seed3,8,test_accuracy,19,0.5866
sgboba 512 abm8,aboba,512,seed3,8,test_accuracy,20,0.5919
sgboba 512 abm8,aboba,512,seed3,8,test_accuracy,21,0.6039
sgboba 512 abm8,aboba,512,seed3,8,test_accuracy,22,0.603
sgboba 512 abm8,aboba,512,seed3,8,test_accuracy,23,0.6125
sgboba 512 abm8,aboba,512,seed3,8,test_accuracy,24,0.6112
sgboba 512 abm8,aboba,512,seed3,8,test_accuracy,25,0.6138
sgboba 512 abm8,aboba,512,seed3,8,test_accuracy,26,0.6206
sgboba 512 abm8,aboba,512,seed3,8,test_accuracy,27,0.6216
sgboba 512 abm8,aboba,512,seed3,8,test_accuracy,28,0.6208
sgboba 512 abm8,aboba,512,seed3,8,test_accuracy,29,0.6252
sgboba 512 abm8,aboba,512,seed3,8,test_accuracy,30,0.6235
sgboba 512 abm8,aboba,512,seed3,8,test_accuracy,31,0.6243
sgboba 512 abm8,aboba,512,seed3,8,test_accuracy,32,0.6222
sgboba 512 abm8,aboba,512,seed3,8,test_accuracy,33,0.6246
sgboba 512 abm8,aboba,512,seed3,8,test_accuracy,34,0.6242
sgboba 512 abm8,aboba,512,seed3,8,test_accuracy,35,0.6248
sgboba 512 abm8,aboba,512,seed3,8,test_accuracy,36,0.6239
sgboba 512 abm8,aboba,512,seed3,8,test_accuracy,37,0.6234
sgboba 512 abm8,aboba,512,seed3,8,test_accuracy,38,0.6242
sgboba 512 abm8,aboba,512,seed3,8,test_accuracy,39,0.6238
sgboba 64 abm16,aboba,64,seed1,16,test_accuracy,0,0.3943
sgboba 64 abm16,aboba,64,seed1,16,test_accuracy,1,0.4479
sgboba 64 abm16,aboba,64,seed1,16,test_accuracy,2,0.5384
sgboba 64 abm16,aboba,64,seed1,16,test_accuracy,3,0.548935
sgboba 64 abm16,aboba,64,seed1,16,test_accuracy,4,0.562368
sgboba 64 abm16,aboba,64,seed1,16,test_accuracy,5,0.5797399999999999
sgboba 64 abm16,aboba,64,seed1,16,test_accuracy,6,0.579841
sgboba 64 abm16,aboba,64,seed1,16,test_accuracy,7,0.579033
sgboba 64 abm16,aboba,64,seed1,16,test_accuracy,8,0.578326
sgboba 64 abm16,aboba,64,seed1,16,test_accuracy,9,0.587517
sgboba 64 abm16,aboba,64,seed1,16,test_accuracy,10,0.5881230000000001
sgboba 64 abm16,aboba,64,seed1,16,test_accuracy,11,0.593981
sgboba 64 abm16,aboba,64,seed1,16,test_accuracy,12,0.593678
sgboba 64 abm16,aboba,64,seed1,16,test_accuracy,13,0.587517
sgboba 64 abm16,aboba,64,seed1,16,test_accuracy,14,0.592163
sgboba 64 abm16,aboba,64,seed1,16,test_accuracy,15,0.5918599999999999
sgboba 64 abm16,aboba,64,seed1,16,test_accuracy,16,0.595597
sgboba 64 abm16,aboba,64,seed1,16,test_accuracy,17,0.597617
sgboba 64 abm16,aboba,64,seed1,16,test_accuracy,18,0.601556
sgboba 64 abm16,aboba,64,seed1,16,test_accuracy,19,0.602566
sgboba 64 abm16,aboba,64,seed1,16,test_accuracy,20,0.604182
sgboba 64 abm16,aboba,64,seed1,16,test_accuracy,21,0.604081
sgboba 64 abm16,aboba,64,seed1,16,test_accuracy,22,0.608727
sgboba 64 abm16,aboba,64,seed1,16,test_accuracy,23,0.6108480000000001
sgboba 64 abm16,aboba,64,seed1,16,test_accuracy,24,0.6113529999999999
sgboba 64 abm16,aboba,64,seed1,16,test_accuracy,25,0.615696
sgboba 64 abm16,aboba,64,seed1,16,test_accuracy,26,0.616201
sgboba 64 abm16,aboba,64,seed1,16,test_accuracy,27,0.6186250000000001
sgboba 64 abm16,aboba,64,seed1,16,test_accuracy,28,0.618423
sgboba 64 abm16,aboba,64,seed1,16,test_accuracy,29,0.618726
sgboba 64 abm16,aboba,64,seed1,16,test_accuracy,30,0.617716
sgboba 64 abm16,aboba,64,seed1,16,test_accuracy,31,0.618726
sgboba 64 abm16,aboba,64,seed1,16,test_accuracy,32,0.6198370000000001
sgboba 64 abm16,aboba,64,seed1,16,test_accuracy,33,0.618827
sgboba 64 abm16,aboba,64,seed1,16,test_accuracy,34,0.618221
sgboba 64 abm16,aboba,64,seed1,16,test_accuracy,35,0.618019
sgboba 64 abm16,aboba,64,seed1,16,test_accuracy,36,0.6183219999999999
sgboba 64 abm16,aboba,64,seed1,16,test_accuracy,37,0.61812
sgboba 64 abm16,aboba,64,seed1,16,test_accuracy,38,0.618928
sgboba 64 abm16,aboba,64,seed1,16,test_accuracy,39,0.6186250000000001
sgboba 64 abm16,aboba,64,seed2,16,test_accuracy,0,0.355
sgboba 64 abm16,aboba,64,seed2,16,test_accuracy,1,0.4178
sgboba 64 abm16,aboba,64,seed2,16,test_accuracy,2,0.5282
sgboba 64 abm16,aboba,64,seed2,16,test_accuracy,3,0.543885
sgboba 64 abm16,aboba,64,seed2,16,test_accuracy,4,0.553076
sgboba 64 abm16,aboba,64,seed2,16,test_accuracy,5,0.565095
sgboba 64 abm16,aboba,64,seed2,16,test_accuracy,6,0.5761040000000001
sgboba 64 abm16,aboba,64,seed2,16,test_accuracy,7,0.573377
sgboba 64 abm16,aboba,64,seed2,16,test_accuracy,8,0.580346
sgboba 64 abm16,aboba,64,seed2,16,test_accuracy,9,0.578326
sgboba 64 abm16,aboba,64,seed2,16,test_accuracy,10,0.579538
sgboba 64 abm16,aboba,64,seed2,16,test_accuracy,11,0.5863050000000001
sgboba 64 abm16,aboba,64,seed2,16,test_accuracy,12,0.5929709999999999
sgboba 64 abm16,aboba,64,seed2,16,test_accuracy,13,0.5948899999999999
sgboba 64 abm16,aboba,64,seed2,16,test_accuracy,14,0.592365
sgboba 64 abm16,aboba,64,seed2,16,test_accuracy,15,0.599031
sgboba 64 abm16,aboba,64,seed2,16,test_accuracy,16,0.5982230000000001
sgboba 64 abm16,aboba,64,seed2,16,test_accuracy,17,0.595496
sgboba 64 abm16,aboba,64,seed2,16,test_accuracy,18,0.597011
sgboba 64 abm16,aboba,64,seed2,16,test_accuracy,19,0.605192
sgboba 64 abm16,aboba,64,seed2,16,test_accuracy,20,0.6077170000000001
sgboba 64 abm16,aboba,64,seed2,16,test_accuracy,21,0.608323
sgboba 64 abm16,aboba,64,seed2,16,test_accuracy,22,0.607212
sgboba 64 abm16,aboba,64,seed2,16,test_accuracy,23,0.611252
sgboba 64 abm16,aboba,64,seed2,16,test_accuracy,24,0.6161
sgboba 64 abm16,aboba,64,seed2,16,test_accuracy,25,0.615999
sgboba 64 abm16,aboba,64,seed2,16,test_accuracy,26,0.616504
sgboba 64 abm16,aboba,64,seed2,16,test_accuracy,27,0.615292
sgboba 64 abm16,aboba,64,seed2,16,test_accuracy,28,0.620948
sgboba 64 abm16,aboba,64,seed2,16,test_accuracy,29,0.618423
sgboba 64 abm16,aboba,64,seed2,16,test_accuracy,30,0.618221
sgboba 64 abm16,aboba,64,seed2,16,test_accuracy,31,0.62014
sgboba 64 abm16,aboba,64,seed2,16,test_accuracy,32,0.620645
sgboba 64 abm16,aboba,64,seed2,16,test_accuracy,33,0.6202409999999999
sgboba 64 abm16,aboba,64,seed2,16,test_accuracy,34,0.620039
sgboba 64 abm16,aboba,64,seed2,16,test_accuracy,35,0.620645
sgboba 64 abm16,aboba,64,seed2,16,test_accuracy,36,0.620847
sgboba 64 abm16,aboba,64,seed2,16,test_accuracy,37,0.620746
sgboba 64 abm16,aboba,64,seed2,16,test_accuracy,38,0.620948
sgboba 64 abm16,aboba,64,seed2,16,test_accuracy,39,0.62115
sgboba 64 abm16,aboba,64,seed3,16,test_accuracy,0,0.4017
sgboba 64 abm16,aboba,64,seed3,16,test_accuracy,1,0.4153
sgboba 64 abm16,aboba,64,seed3,16,test_accuracy,2,0.5345
sgboba 64 abm16,aboba,64,seed3,16,test_accuracy,3,0.547117
sgboba 64 abm16,aboba,64,seed3,16,test_accuracy,4,0.5605500000000001
sgboba 64 abm16,aboba,64,seed3,16,test_accuracy,5,0.575094
sgboba 64 abm16,aboba,64,seed3,16,test_accuracy,6,0.577013
sgboba 64 abm16,aboba,64,seed3,16,test_accuracy,7,0.573377
sgboba 64 abm16,aboba,64,seed3,16,test_accuracy,8,0.580245
sgboba 64 abm16,aboba,64,seed3,16,test_accuracy,9,0.581558
sgboba 64 abm16,aboba,64,seed3,16,test_accuracy,10,0.593072
sgboba 64 abm16,aboba,64,seed3,16,test_accuracy,11,0.5858
sgboba 64 abm16,aboba,64,seed3,16,test_accuracy,12,0.588022
sgboba 64 abm16,aboba,64,seed3,16,test_accuracy,13,0.600546
sgboba 64 abm16,aboba,64,seed3,16,test_accuracy,14,0.596506
sgboba 64 abm16,aboba,64,seed3,16,test_accuracy,15,0.598526
sgboba 64 abm16,aboba,64,seed3,16,test_accuracy,16,0.594789
sgboba 64 abm16,aboba,64,seed3,16,test_accuracy,17,0.5972130000000001
sgboba 64 abm16,aboba,64,seed3,16,test_accuracy,18,0.604384
sgboba 64 abm16,aboba,64,seed3,16,test_accuracy,19,0.609434
sgboba 64 abm16,aboba,64,seed3,16,test_accuracy,20,0.6070099999999999
sgboba 64 abm16,aboba,64,seed3,16,test_accuracy,21,0.614989
sgboba 64 abm16,aboba,64,seed3,16,test_accuracy,22,0.6120599999999999
sgboba 64 abm16,aboba,64,seed3,16,test_accuracy,23,0.619635
sgboba 64 abm16,aboba,64,seed3,16,test_accuracy,24,0.617716
sgboba 64 abm16,aboba,64,seed3,16,test_accuracy,25,0.6186250000000001
sgboba 64 abm16,aboba,64,seed3,16,test_accuracy,26,0.622463
sgboba 64 abm16,aboba,64,seed3,16,test_accuracy,27,0.62216
sgboba 64 abm16,aboba,64,seed3,16,test_accuracy,28,0.6262
sgboba 64 abm16,aboba,64,seed3,16,test_accuracy,29,0.628624
sgboba 64 abm16,aboba,64,seed3,16,test_accuracy,30,0.627715
sgboba 64 abm16,aboba,64,seed3,16,test_accuracy,31,0.6287250000000001
sgboba 64 abm16,aboba,64,seed3,16,test_accuracy,32,0.627715
sgboba 64 abm16,aboba,64,seed3,16,test_accuracy,33,0.62923
sgboba 64 abm16,aboba,64,seed3,16,test_accuracy,34,0.628119
sgboba 64 abm16,aboba,64,seed3,16,test_accuracy,35,0.627614
sgboba 64 abm16,aboba,64,seed3,16,test_accuracy,36,0.627412
sgboba 64 abm16,aboba,64,seed3,16,test_accuracy,37,0.627715
sgboba 64 abm16,aboba,64,seed3,16,test_accuracy,38,0.627513
sgboba 64 abm16,aboba,64,seed3,16,test_accuracy,39,0.6279170000000001
sgboba 64 abm2,aboba,64,seed1,2,test_accuracy,0,0.3943
sgboba 64 abm2,aboba,64,seed1,2,test_accuracy,1,0.4479
sgboba 64 abm2,aboba,64,seed1,2,test_accuracy,2,0.3573
sgboba 64 abm2,aboba,64,seed1,2,test_accuracy,3,0.429452
sgboba 64 abm2,aboba,64,seed1,2,test_accuracy,4,0.41612
sgboba 64 abm2,aboba,64,seed1,2,test_accuracy,5,0.45843900000000004
sgboba 64 abm2,aboba,64,seed1,2,test_accuracy,6,0.45965100000000003
sgboba 64 abm2,aboba,64,seed1,2,test_accuracy,7,0.471064
sgboba 64 abm2,aboba,64,seed1,2,test_accuracy,8,0.480255
sgboba 64 abm2,aboba,64,seed1,2,test_accuracy,9,0.478538
sgboba 64 abm2,aboba,64,seed1,2,test_accuracy,10,0.48379
sgboba 64 abm2,aboba,64,seed1,2,test_accuracy,11,0.484901
sgboba 64 abm2,aboba,64,seed1,2,test_accuracy,12,0.48278
sgboba 64 abm2,aboba,64,seed1,2,test_accuracy,13,0.495405
sgboba 64 abm2,aboba,64,seed1,2,test_accuracy,14,0.516918
sgboba 64 abm2,aboba,64,seed1,2,test_accuracy,15,0.510959
sgboba 64 abm2,aboba,64,seed1,2,test_accuracy,16,0.524493
sgboba 64 abm2,aboba,64,seed1,2,test_accuracy,17,0.540451
sgboba 64 abm2,aboba,64,seed1,2,test_accuracy,18,0.5454
sgboba 64 abm2,aboba,64,seed1,2,test_accuracy,19,0.5481269999999999
sgboba 64 abm2,aboba,64,seed1,2,test_accuracy,20,0.55752
sgboba 64 abm2,aboba,64,seed1,2,test_accuracy,21,0.56863
sgboba 64 abm2,aboba,64,seed1,2,test_accuracy,22,0.562974
sgboba 64 abm2,aboba,64,seed1,2,test_accuracy,23,0.5753969999999999
sgboba 64 abm2,aboba,64,seed1,2,test_accuracy,24,0.573377
sgboba 64 abm2,aboba,64,seed1,2,test_accuracy,25,0.5746899999999999
sgboba 64 abm2,aboba,64,seed1,2,test_accuracy,26,0.585497
sgboba 64 abm2,aboba,64,seed1,2,test_accuracy,27,0.5949909999999999
sgboba 64 abm2,aboba,64,seed1,2,test_accuracy,28,0.6053940000000001
sgboba 64 abm2,aboba,64,seed1,2,test_accuracy,29,0.6115550000000001
sgboba 64 abm2,aboba,64,seed1,2,test_accuracy,30,0.613979
sgboba 64 abm2,aboba,64,seed1,2,test_accuracy,31,0.6217560000000001
sgboba 64 abm2,aboba,64,seed1,2,test_accuracy,32,0.6248870000000001
sgboba 64 abm2,aboba,64,seed1,2,test_accuracy,33,0.6285229999999999
sgboba 64 abm2,aboba,64,seed1,2,test_accuracy,34,0.629533
sgboba 64 abm2,aboba,64,seed1,2,test_accuracy,35,0.6267050000000001
sgboba 64 abm2,aboba,64,seed1,2,test_accuracy,36,0.6287250000000001
sgboba 64 abm2,aboba,64,seed1,2,test_accuracy,37,0.6298360000000001
sgboba 64 abm2,aboba,64,seed1,2,test_accuracy,38,0.628927
sgboba 64 abm2,aboba,64,seed1,2,test_accuracy,39,0.629129
sgboba 64 abm2,aboba,64,seed2,2,test_accuracy,0,0.355
sgboba 64 abm2,aboba,64,seed2,2,test_accuracy,1,0.4178
sgboba 64 abm2,aboba,64,seed2,2,test_accuracy,2,0.3539
sgboba 64 abm2,aboba,64,seed2,2,test_accuracy,3,0.398344
sgboba 64 abm2,aboba,64,seed2,2,test_accuracy,4,0.391981
sgboba 64 abm2,aboba,64,seed2,2,test_accuracy,5,0.45147000000000004
sgboba 64 abm2,aboba,64,seed2,2,test_accuracy,6,0.43450200000000005
sgboba 64 abm2,aboba,64,seed2,2,test_accuracy,7,0.445107
sgboba 64 abm2,aboba,64,seed2,2,test_accuracy,8,0.466014
sgboba 64 abm2,aboba,64,seed2,2,test_accuracy,9,0.46005500000000005
sgboba 64 abm2,aboba,64,seed2,2,test_accuracy,10,0.476518
sgboba 64 abm2,aboba,64,seed2,2,test_accuracy,11,0.490355
sgboba 64 abm2,aboba,64,seed2,2,test_accuracy,12,0.496819
sgboba 64 abm2,aboba,64,seed2,2,test_accuracy,13,0.48985
sgboba 64 abm2,aboba,64,seed2,2,test_accuracy,14,0.488436
sgboba 64 abm2,aboba,64,seed2,2,test_accuracy,15,0.5238870000000001
sgboba 64 abm2,aboba,64,seed2,2,test_accuracy,16,0.526412
sgboba 64 abm2,aboba,64,seed2,2,test_accuracy,17,0.507121
sgboba 64 abm2,aboba,64,seed2,2,test_accuracy,18,0.524089
sgboba 64 abm2,aboba,64,seed2,2,test_accuracy,19,0.542471
sgboba 64 abm2,aboba,64,seed2,2,test_accuracy,20,0.549238
sgboba 64 abm2,aboba,64,seed2,2,test_accuracy,21,0.558631
sgboba 64 abm2,aboba,64,seed2,2,test_accuracy,22,0.5609540000000001
sgboba 64 abm2,aboba,64,seed2,2,test_accuracy,23,0.5768110000000001
sgboba 64 abm2,aboba,64,seed2,2,test_accuracy,24,0.579437
sgboba 64 abm2,aboba,64,seed2,2,test_accuracy,25,0.582366
sgboba 64 abm2,aboba,64,seed2,2,test_accuracy,26,0.591759
sgboba 64 abm2,aboba,64,seed2,2,test_accuracy,27,0.592668
sgboba 64 abm2,aboba,64,seed2,2,test_accuracy,28,0.601758
sgboba 64 abm2,aboba,64,seed2,2,test_accuracy,29,0.610343
sgboba 64 abm2,aboba,64,seed2,2,test_accuracy,30,0.6101409999999999
sgboba 64 abm2,aboba,64,seed2,2,test_accuracy,31,0.617615
sgboba 64 abm2,aboba,64,seed2,2,test_accuracy,32,0.614888
sgboba 64 abm2,aboba,64,seed2,2,test_accuracy,33,0.62115
sgboba 64 abm2,aboba,64,seed2,2,test_accuracy,34,0.622261
sgboba 64 abm2,aboba,64,seed2,2,test_accuracy,35,0.622968
sgboba 64 abm2,aboba,64,seed2,2,test_accuracy,36,0.624483
sgboba 64 abm2,aboba,64,seed2,2,test_accuracy,37,0.625392
sgboba 64 abm2,aboba,64,seed2,2,test_accuracy,38,0.6245839999999999
sgboba 64 abm2,aboba,64,seed2,2,test_accuracy,39,0.62418
sgboba 64 abm2,aboba,64,seed3,2,test_accuracy,0,0.4017
sgboba 64 abm2,aboba,64,seed3,2,test_accuracy,1,0.4153
sgboba 64 abm2,aboba,64,seed3,2,test_accuracy,2,0.2979
sgboba 64 abm2,aboba,64,seed3,2,test_accuracy,3,0.379154
sgboba 64 abm2,aboba,64,seed3,2,test_accuracy,4,0.427937
sgboba 64 abm2,aboba,64,seed3,2,test_accuracy,5,0.44339
sgboba 64 abm2,aboba,64,seed3,2,test_accuracy,6,0.462782
sgboba 64 abm2,aboba,64,seed3,2,test_accuracy,7,0.458035
sgboba 64 abm2,aboba,64,seed3,2,test_accuracy,8,0.466721
sgboba 64 abm2,aboba,64,seed3,2,test_accuracy,9,0.48459800000000003
sgboba 64 abm2,aboba,64,seed3,2,test_accuracy,10,0.486214
sgboba 64 abm2,aboba,64,seed3,2,test_accuracy,11,0.479144
sgboba 64 abm2,aboba,64,seed3,2,test_accuracy,12,0.476114
sgboba 64 abm2,aboba,64,seed3,2,test_accuracy,13,0.503687
sgboba 64 abm2,aboba,64,seed3,2,test_accuracy,14,0.5116660000000001
sgboba 64 abm2,aboba,64,seed3,2,test_accuracy,15,0.513989
sgboba 64 abm2,aboba,64,seed3,2,test_accuracy,16,0.513888
sgboba 64 abm2,aboba,64,seed3,2,test_accuracy,17,0.5255029999999999
sgboba 64 abm2,aboba,64,seed3,2,test_accuracy,18,0.527927
sgboba 64 abm2,aboba,64,seed3,2,test_accuracy,19,0.5255029999999999
sgboba 64 abm2,aboba,64,seed3,2,test_accuracy,20,0.5353
sgboba 64 abm2,aboba,64,seed3,2,test_accuracy,21,0.5421680000000001
sgboba 64 abm2,aboba,64,seed3,2,test_accuracy,22,0.544895
sgboba 64 abm2,aboba,64,seed3,2,test_accuracy,23,0.560146
sgboba 64 abm2,aboba,64,seed3,2,test_accuracy,24,0.569337
sgboba 64 abm2,aboba,64,seed3,2,test_accuracy,25,0.576508
sgboba 64 abm2,aboba,64,seed3,2,test_accuracy,26,0.592769
sgboba 64 abm2,aboba,64,seed3,2,test_accuracy,27,0.592163
sgboba 64 abm2,aboba,64,seed3,2,test_accuracy,28,0.600142
sgboba 64 abm2,aboba,64,seed3,2,test_accuracy,29,0.6096360000000001
sgboba 64 abm2,aboba,64,seed3,2,test_accuracy,30,0.61408
sgboba 64 abm2,aboba,64,seed3,2,test_accuracy,31,0.614484
sgboba 64 abm2,aboba,64,seed3,2,test_accuracy,32,0.6186250000000001
sgboba 64 abm2,aboba,64,seed3,2,test_accuracy,33,0.61408
sgboba 64 abm2,aboba,64,seed3,2,test_accuracy,34,0.619332
sgboba 64 abm2,aboba,64,seed3,2,test_accuracy,35,0.618726
sgboba 64 abm2,aboba,64,seed3,2,test_accuracy,36,0.6195339999999999
sgboba 64 abm2,aboba,64,seed3,2,test_accuracy,37,0.6202409999999999
sgboba 64 abm2,aboba,64,seed3,2,test_accuracy,38,0.620544
sgboba 64 abm2,aboba,64,seed3,2,test_accuracy,39,0.620948
sgboba 64 abm4,aboba,64,seed1,4,test_accuracy,0,0.3943
sgboba 64 abm4,aboba,64,seed1,4,test_accuracy,1,0.4479
sgboba 64 abm4,aboba,64,seed1,4,test_accuracy,2,0.4554
sgboba 64 abm4,aboba,64,seed1,4,test_accuracy,3,0.480356
sgboba 64 abm4,aboba,64,seed1,4,test_accuracy,4,0.507424
sgboba 64 abm4,aboba,64,seed1,4,test_accuracy,5,0.5065149999999999
sgboba 64 abm4,aboba,64,seed1,4,test_accuracy,6,0.49631400000000003
sgboba 64 abm4,aboba,64,seed1,4,test_accuracy,7,0.520352
sgboba 64 abm4,aboba,64,seed1,4,test_accuracy,8,0.5129790000000001
sgboba 64 abm4,aboba,64,seed1,4,test_accuracy,9,0.540855
sgboba 64 abm4,aboba,64,seed1,4,test_accuracy,10,0.515302
sgboba 64 abm4,aboba,64,seed1,4,test_accuracy,11,0.542875
sgboba 64 abm4,aboba,64,seed1,4,test_accuracy,12,0.5462079999999999
sgboba 64 abm4,aboba,64,seed1,4,test_accuracy,13,0.5555000000000001
sgboba 64 abm4,aboba,64,seed1,4,test_accuracy,14,0.554793
sgboba 64 abm4,aboba,64,seed1,4,test_accuracy,15,0.539845
sgboba 64 abm4,aboba,64,seed1,4,test_accuracy,16,0.556106
sgboba 64 abm4,aboba,64,seed1,4,test_accuracy,17,0.5597420000000001
sgboba 64 abm4,aboba,64,seed1,4,test_accuracy,18,0.568125
sgboba 64 abm4,aboba,64,seed1,4,test_accuracy,19,0.5718620000000001
sgboba 64 abm4,aboba,64,seed1,4,test_accuracy,20,0.571357
sgboba 64 abm4,aboba,64,seed1,4,test_accuracy,21,0.569034
sgboba 64 abm4,aboba,64,seed1,4,test_accuracy,22,0.5944860000000001
sgboba 64 abm4,aboba,64,seed1,4,test_accuracy,23,0.599334
sgboba 64 abm4,aboba,64,seed1,4,test_accuracy,24,0.606808
sgboba 64 abm4,aboba,64,seed1,4,test_accuracy,25,0.614787
sgboba 64 abm4,aboba,64,seed1,4,test_accuracy,26,0.614787
sgboba 64 abm4,aboba,64,seed1,4,test_accuracy,27,0.619433
sgboba 64 abm4,aboba,64,seed1,4,test_accuracy,28,0.623574
sgboba 64 abm4,aboba,64,seed1,4,test_accuracy,29,0.6245839999999999
sgboba 64 abm4,aboba,64,seed1,4,test_accuracy,30,0.6307450000000001
sgboba 64 abm4,aboba,64,seed1,4,test_accuracy,31,0.629331
sgboba 64 abm4,aboba,64,seed1,4,test_accuracy,32,0.630543
sgboba 64 abm4,aboba,64,seed1,4,test_accuracy,33,0.632361
sgboba 64 abm4,aboba,64,seed1,4,test_accuracy,34,0.6329670000000001
sgboba 64 abm4,aboba,64,seed1,4,test_accuracy,35,0.6338760000000001
sgboba 64 abm4,aboba,64,seed1,4,test_accuracy,36,0.6338760000000001
sgboba 64 abm4,aboba,64,seed1,4,test_accuracy,37,0.634583
sgboba 64 abm4,aboba,64,seed1,4,test_accuracy,38,0.634179
sgboba 64 abm4,aboba,64,seed1,4,test_accuracy,39,0.6338760000000001
sgboba 64 abm4,aboba,64,seed2,4,test_accuracy,0,0.355
sgboba 64 abm4,aboba,64,seed2,4,test_accuracy,1,0.4178
sgboba 64 abm4,aboba,64,seed2,4,test_accuracy,2,0.4168
sgboba 64 abm4,aboba,64,seed2,4,test_accuracy,3,0.45086400000000004
sgboba 64 abm4,aboba,64,seed2,4,test_accuracy,4,0.47672
sgboba 64 abm4,aboba,64,seed2,4,test_accuracy,5,0.505808
sgboba 64 abm4,aboba,64,seed2,4,test_accuracy,6,0.497122
sgboba 64 abm4,aboba,64,seed2,4,test_accuracy,7,0.5145949999999999
sgboba 64 abm4,aboba,64,seed2,4,test_accuracy,8,0.517019
sgboba 64 abm4,aboba,64,seed2,4,test_accuracy,9,0.526816
sgboba 64 abm4,aboba,64,seed2,4,test_accuracy,10,0.538835
sgboba 64 abm4,aboba,64,seed2,4,test_accuracy,11,0.525301
sgboba 64 abm4,aboba,64,seed2,4,test_accuracy,12,0.542572
sgboba 64 abm4,aboba,64,seed2,4,test_accuracy,13,0.54237
sgboba 64 abm4,aboba,64,seed2,4,test_accuracy,14,0.53934
sgboba 64 abm4,aboba,64,seed2,4,test_accuracy,15,0.544895
sgboba 64 abm4,aboba,64,seed2,4,test_accuracy,16,0.558227
sgboba 64 abm4,aboba,64,seed2,4,test_accuracy,17,0.557015
sgboba 64 abm4,aboba,64,seed2,4,test_accuracy,18,0.552874
sgboba 64 abm4,aboba,64,seed2,4,test_accuracy,19,0.564186
sgboba 64 abm4,aboba,64,seed2,4,test_accuracy,20,0.5667110000000001
sgboba 64 abm4,aboba,64,seed2,4,test_accuracy,21,0.5918599999999999
sgboba 64 abm4,aboba,64,seed2,4,test_accuracy,22,0.582164
sgboba 64 abm4,aboba,64,seed2,4,test_accuracy,23,0.591557
sgboba 64 abm4,aboba,64,seed2,4,test_accuracy,24,0.5964050000000001
sgboba 64 abm4,aboba,64,seed2,4,test_accuracy,25,0.602768
sgboba 64 abm4,aboba,64,seed2,4,test_accuracy,26,0.617009
sgboba 64 abm4,aboba,64,seed2,4,test_accuracy,27,0.615292
sgboba 64 abm4,aboba,64,seed2,4,test_accuracy,28,0.620948
sgboba 64 abm4,aboba,64,seed2,4,test_accuracy,29,0.6202409999999999
sgboba 64 abm4,aboba,64,seed2,4,test_accuracy,30,0.626099
sgboba 64 abm4,aboba,64,seed2,4,test_accuracy,31,0.626402
sgboba 64 abm4,aboba,64,seed2,4,test_accuracy,32,0.6265029999999999
sgboba 64 abm4,aboba,64,seed2,4,test_accuracy,33,0.630947
sgboba 64 abm4,aboba,64,seed2,4,test_accuracy,34,0.6315529999999999
sgboba 64 abm4,aboba,64,seed2,4,test_accuracy,35,0.63125
sgboba 64 abm4,aboba,64,seed2,4,test_accuracy,36,0.631755
sgboba 64 abm4,aboba,64,seed2,4,test_accuracy,37,0.632159
sgboba 64 abm4,aboba,64,seed2,4,test_accuracy,38,0.63125
sgboba 64 abm4,aboba,64,seed2,4,test_accuracy,39,0.631351
sgboba 64 abm4,aboba,64,seed3,4,test_accuracy,0,0.4017
sgboba 64 abm4,aboba,64,seed3,4,test_accuracy,1,0.4153
sgboba 64 abm4,aboba,64,seed3,4,test_accuracy,2,0.4553
sgboba 64 abm4,aboba,64,seed3,4,test_accuracy,3,0.479043
sgboba 64 abm4,aboba,64,seed3,4,test_accuracy,4,0.48712300000000003
sgboba 64 abm4,aboba,64,seed3,4,test_accuracy,5,0.501162
sgboba 64 abm4,aboba,64,seed3,4,test_accuracy,6,0.503384
sgboba 64 abm4,aboba,64,seed3,4,test_accuracy,7,0.512373
sgboba 64 abm4,aboba,64,seed3,4,test_accuracy,8,0.515807
sgboba 64 abm4,aboba,64,seed3,4,test_accuracy,9,0.501465
sgboba 64 abm4,aboba,64,seed3,4,test_accuracy,10,0.5157060000000001
sgboba 64 abm4,aboba,64,seed3,4,test_accuracy,11,0.538633
sgboba 64 abm4,aboba,64,seed3,4,test_accuracy,12,0.5286339999999999
sgboba 64 abm4,aboba,64,seed3,4,test_accuracy,13,0.52419
sgboba 64 abm4,aboba,64,seed3,4,test_accuracy,14,0.5501469999999999
sgboba 64 abm4,aboba,64,seed3,4,test_accuracy,15,0.557924
sgboba 64 abm4,aboba,64,seed3,4,test_accuracy,16,0.5533790000000001
sgboba 64 abm4,aboba,64,seed3,4,test_accuracy,17,0.566812
sgboba 64 abm4,aboba,64,seed3,4,test_accuracy,18,0.570953
sgboba 64 abm4,aboba,64,seed3,4,test_accuracy,19,0.570246
sgboba 64 abm4,aboba,64,seed3,4,test_accuracy,20,0.557116
sgboba 64 abm4,aboba,64,seed3,4,test_accuracy,21,0.575094
sgboba 64 abm4,aboba,64,seed3,4,test_accuracy,22,0.600849
sgboba 64 abm4,aboba,64,seed3,4,test_accuracy,23,0.597516
sgboba 64 abm4,aboba,64,seed3,4,test_accuracy,24,0.605899
sgboba 64 abm4,aboba,64,seed3,4,test_accuracy,25,0.612969
sgboba 64 abm4,aboba,64,seed3,4,test_accuracy,26,0.618726
sgboba 64 abm4,aboba,64,seed3,4,test_accuracy,27,0.621958
sgboba 64 abm4,aboba,64,seed3,4,test_accuracy,28,0.6327649999999999
sgboba 64 abm4,aboba,64,seed3,4,test_accuracy,29,0.633371
sgboba 64 abm4,aboba,64,seed3,4,test_accuracy,30,0.6347849999999999
sgboba 64 abm4,aboba,64,seed3,4,test_accuracy,31,0.635795
sgboba 64 abm4,aboba,64,seed3,4,test_accuracy,32,0.6361990000000001
sgboba 64 abm4,aboba,64,seed3,4,test_accuracy,33,0.635694
sgboba 64 abm4,aboba,64,seed3,4,test_accuracy,34,0.6380170000000001
sgboba 64 abm4,aboba,64,seed3,4,test_accuracy,35,0.638724
sgboba 64 abm4,aboba,64,seed3,4,test_accuracy,36,0.639229
sgboba 64 abm4,aboba,64,seed3,4,test_accuracy,37,0.638421
sgboba 64 abm4,aboba,64,seed3,4,test_accuracy,38,0.63832
sgboba 64 abm4,aboba,64,seed3,4,test_accuracy,39,0.63832
sgboba 64 abm8,aboba,64,seed1,8,test_accuracy,0,0.3943
sgboba 64 abm8,aboba,64,seed1,8,test_accuracy,1,0.4479
sgboba 64 abm8,aboba,64,seed1,8,test_accuracy,2,0.5132
sgboba 64 abm8,aboba,64,seed1,8,test_accuracy,3,0.531361
sgboba 64 abm8,aboba,64,seed1,8,test_accuracy,4,0.531462
sgboba 64 abm8,aboba,64,seed1,8,test_accuracy,5,0.5432790000000001
sgboba 64 abm8,aboba,64,seed1,8,test_accuracy,6,0.546107
sgboba 64 abm8,aboba,64,seed1,8,test_accuracy,7,0.553783
sgboba 64 abm8,aboba,64,seed1,8,test_accuracy,8,0.554894
sgboba 64 abm8,aboba,64,seed1,8,test_accuracy,9,0.562469
sgboba 64 abm8,aboba,64,seed1,8,test_accuracy,10,0.5696399999999999
sgboba 64 abm8,aboba,64,seed1,8,test_accuracy,11,0.5546920000000001
sgboba 64 abm8,aboba,64,seed1,8,test_accuracy,12,0.567822
sgboba 64 abm8,aboba,64,seed1,8,test_accuracy,13,0.573276
sgboba 64 abm8,aboba,64,seed1,8,test_accuracy,14,0.578124
sgboba 64 abm8,aboba,64,seed1,8,test_accuracy,15,0.58075
sgboba 64 abm8,aboba,64,seed1,8,test_accuracy,16,0.5863050000000001
sgboba 64 abm8,aboba,64,seed1,8,test_accuracy,17,0.5949909999999999
sgboba 64 abm8,aboba,64,seed1,8,test_accuracy,18,0.5959
sgboba 64 abm8,aboba,64,seed1,8,test_accuracy,19,0.603071
sgboba 64 abm8,aboba,64,seed1,8,test_accuracy,20,0.601657
sgboba 64 abm8,aboba,64,seed1,8,test_accuracy,21,0.605697
sgboba 64 abm8,aboba,64,seed1,8,test_accuracy,22,0.609737
sgboba 64 abm8,aboba,64,seed1,8,test_accuracy,23,0.616201
sgboba 64 abm8,aboba,64,seed1,8,test_accuracy,24,0.622261
sgboba 64 abm8,aboba,64,seed1,8,test_accuracy,25,0.623978
sgboba 64 abm8,aboba,64,seed1,8,test_accuracy,26,0.630442
sgboba 64 abm8,aboba,64,seed1,8,test_accuracy,27,0.6236750000000001
sgboba 64 abm8,aboba,64,seed1,8,test_accuracy,28,0.631957
sgboba 64 abm8,aboba,64,seed1,8,test_accuracy,29,0.631755
sgboba 64 abm8,aboba,64,seed1,8,test_accuracy,30,0.632563
sgboba 64 abm8,aboba,64,seed1,8,test_accuracy,31,0.632462
sgboba 64 abm8,aboba,64,seed1,8,test_accuracy,32,0.634179
sgboba 64 abm8,aboba,64,seed1,8,test_accuracy,33,0.63529
sgboba 64 abm8,aboba,64,seed1,8,test_accuracy,34,0.633674
sgboba 64 abm8,aboba,64,seed1,8,test_accuracy,35,0.633169
sgboba 64 abm8,aboba,64,seed1,8,test_accuracy,36,0.6329670000000001
sgboba 64 abm8,aboba,64,seed1,8,test_accuracy,37,0.634078
sgboba 64 abm8,aboba,64,seed1,8,test_accuracy,38,0.634078
sgboba 64 abm8,aboba,64,seed1,8,test_accuracy,39,0.634179
sgboba 64 abm8,aboba,64,seed2,8,test_accuracy,0,0.355
sgboba 64 abm8,aboba,64,seed2,8,test_accuracy,1,0.4178
sgboba 64 abm8,aboba,64,seed2,8,test_accuracy,2,0.507
sgboba 64 abm8,aboba,64,seed2,8,test_accuracy,3,0.525907
sgboba 64 abm8,aboba,64,seed2,8,test_accuracy,4,0.531462
sgboba 64 abm8,aboba,64,seed2,8,test_accuracy,5,0.533078
sgboba 64 abm8,aboba,64,seed2,8,test_accuracy,6,0.546309
sgboba 64 abm8,aboba,64,seed2,8,test_accuracy,7,0.558227
sgboba 64 abm8,aboba,64,seed2,8,test_accuracy,8,0.5383300000000001
sgboba 64 abm8,aboba,64,seed2,8,test_accuracy,9,0.540451
sgboba 64 abm8,aboba,64,seed2,8,test_accuracy,10,0.553783
sgboba 64 abm8,aboba,64,seed2,8,test_accuracy,11,0.551359
sgboba 64 abm8,aboba,64,seed2,8,test_accuracy,12,0.5703469999999999
sgboba 64 abm8,aboba,64,seed2,8,test_accuracy,13,0.562368
sgboba 64 abm8,aboba,64,seed2,8,test_accuracy,14,0.567822
sgboba 64 abm8,aboba,64,seed2,8,test_accuracy,15,0.578225
sgboba 64 abm8,aboba,64,seed2,8,test_accuracy,16,0.5811540000000001
sgboba 64 abm8,aboba,64,seed2,8,test_accuracy,17,0.586507
sgboba 64 abm8,aboba,64,seed2,8,test_accuracy,18,0.5890320000000001
sgboba 64 abm8,aboba,64,seed2,8,test_accuracy,19,0.5900420000000001
sgboba 64 abm8,aboba,64,seed2,8,test_accuracy,20,0.599233
sgboba 64 abm8,aboba,64,seed2,8,test_accuracy,21,0.607111
sgboba 64 abm8,aboba,64,seed2,8,test_accuracy,22,0.60802
sgboba 64 abm8,aboba,64,seed2,8,test_accuracy,23,0.611151
sgboba 64 abm8,aboba,64,seed2,8,test_accuracy,24,0.6146860000000001
sgboba 64 abm8,aboba,64,seed2,8,test_accuracy,25,0.6214529999999999
sgboba 64 abm8,aboba,64,seed2,8,test_accuracy,26,0.622362
sgboba 64 abm8,aboba,64,seed2,8,test_accuracy,27,0.628624
sgboba 64 abm8,aboba,64,seed2,8,test_accuracy,28,0.629533
sgboba 64 abm8,aboba,64,seed2,8,test_accuracy,29,0.627311
sgboba 64 abm8,aboba,64,seed2,8,test_accuracy,30,0.6296339999999999
sgboba 64 abm8,aboba,64,seed2,8,test_accuracy,31,0.630038
sgboba 64 abm8,aboba,64,seed2,8,test_accuracy,32,0.6287250000000001
sgboba 64 abm8,aboba,64,seed2,8,test_accuracy,33,0.629735
sgboba 64 abm8,aboba,64,seed2,8,test_accuracy,34,0.6307450000000001
sgboba 64 abm8,aboba,64,seed2,8,test_accuracy,35,0.631048
sgboba 64 abm8,aboba,64,seed2,8,test_accuracy,36,0.630846
sgboba 64 abm8,aboba,64,seed2,8,test_accuracy,37,0.630846
sgboba 64 abm8,aboba,64,seed2,8,test_accuracy,38,0.631755
sgboba 64 abm8,aboba,64,seed2,8,test_accuracy,39,0.6311490000000001
sgboba 64 abm8,aboba,64,seed3,8,test_accuracy,0,0.4017
sgboba 64 abm8,aboba,64,seed3,8,test_accuracy,1,0.4153
sgboba 64 abm8,aboba,64,seed3,8,test_accuracy,2,0.5138
sgboba 64 abm8,aboba,64,seed3,8,test_accuracy,3,0.520554
sgboba 64 abm8,aboba,64,seed3,8,test_accuracy,4,0.5418649999999999
sgboba 64 abm8,aboba,64,seed3,8,test_accuracy,5,0.551864
sgboba 64 abm8,aboba,64,seed3,8,test_accuracy,6,0.5523690000000001
sgboba 64 abm8,aboba,64,seed3,8,test_accuracy,7,0.5523690000000001
sgboba 64 abm8,aboba,64,seed3,8,test_accuracy,8,0.5555000000000001
sgboba 64 abm8,aboba,64,seed3,8,test_accuracy,9,0.5578230000000001
sgboba 64 abm8,aboba,64,seed3,8,test_accuracy,10,0.570246
sgboba 64 abm8,aboba,64,seed3,8,test_accuracy,11,0.5636810000000001
sgboba 64 abm8,aboba,64,seed3,8,test_accuracy,12,0.577114
sgboba 64 abm8,aboba,64,seed3,8,test_accuracy,13,0.572367
sgboba 64 abm8,aboba,64,seed3,8,test_accuracy,14,0.569034
sgboba 64 abm8,aboba,64,seed3,8,test_accuracy,15,0.569236
sgboba 64 abm8,aboba,64,seed3,8,test_accuracy,16,0.575599
sgboba 64 abm8,aboba,64,seed3,8,test_accuracy,17,0.579639
sgboba 64 abm8,aboba,64,seed3,8,test_accuracy,18,0.587113
sgboba 64 abm8,aboba,64,seed3,8,test_accuracy,19,0.597617
sgboba 64 abm8,aboba,64,seed3,8,test_accuracy,20,0.59994
sgboba 64 abm8,aboba,64,seed3,8,test_accuracy,21,0.6077170000000001
sgboba 64 abm8,aboba,64,seed3,8,test_accuracy,22,0.612666
sgboba 64 abm8,aboba,64,seed3,8,test_accuracy,23,0.616908
sgboba 64 abm8,aboba,64,seed3,8,test_accuracy,24,0.624988
sgboba 64 abm8,aboba,64,seed3,8,test_accuracy,25,0.628321
sgboba 64 abm8,aboba,64,seed3,8,test_accuracy,26,0.625392
sgboba 64 abm8,aboba,64,seed3,8,test_accuracy,27,0.630846
sgboba 64 abm8,aboba,64,seed3,8,test_accuracy,28,0.629028
sgboba 64 abm8,aboba,64,seed3,8,test_accuracy,29,0.634381
sgboba 64 abm8,aboba,64,seed3,8,test_accuracy,30,0.632563
sgboba 64 abm8,aboba,64,seed3,8,test_accuracy,31,0.632866
sgboba 64 abm8,aboba,64,seed3,8,test_accuracy,32,0.633472
sgboba 64 abm8,aboba,64,seed3,8,test_accuracy,33,0.632866
sgboba 64 abm8,aboba,64,seed3,8,test_accuracy,34,0.6346839999999999
sgboba 64 abm8,aboba,64,seed3,8,test_accuracy,35,0.634078
sgboba 64 abm8,aboba,64,seed3,8,test_accuracy,36,0.633775
sgboba 64 abm8,aboba,64,seed3,8,test_accuracy,37,0.633977
sgboba 64 abm8,aboba,64,seed3,8,test_accuracy,38,0.633977
sgboba 64 abm8,aboba,64,seed3,8,test_accuracy,39,0.634179
sgd 16,basic,16,seed1,,test_accuracy,0,0.0948
sgd 16,basic,16,seed1,,test_accuracy,1,0.1118
sgd 16,basic,16,seed1,,test_accuracy,2,0.1553
sgd 16,basic,16,seed1,,test_accuracy,3,0.1875
sgd 16,basic,16,seed1,,test_accuracy,4,0.2137
sgd 16,basic,16,seed1,,test_accuracy,5,0.2171
sgd 16,basic,16,seed1,,test_accuracy,6,0.2522
sgd 16,basic,16,seed1,,test_accuracy,7,0.2441
sgd 16,basic,16,seed1,,test_accuracy,8,0.2738
sgd 16,basic,16,seed1,,test_accuracy,9,0.2743
sgd 16,basic,16,seed1,,test_accuracy,10,0.2729
sgd 16,basic,16,seed1,,test_accuracy,11,0.271
sgd 16,basic,16,seed1,,test_accuracy,12,0.2771
sgd 16,basic,16,seed1,,test_accuracy,13,0.3177
sgd 16,basic,16,seed1,,test_accuracy,14,0.3217
sgd 16,basic,16,seed1,,test_accuracy,15,0.2866
sgd 16,basic,16,seed1,,test_accuracy,16,0.3082
sgd 16,basic,16,seed1,,test_accuracy,17,0.3285
sgd 16,basic,16,seed1,,test_accuracy,18,0.3489
sgd 16,basic,16,seed1,,test_accuracy,19,0.3463
sgd 16,basic,16,seed1,,test_accuracy,20,0.3579
sgd 16,basic,16,seed1,,test_accuracy,21,0.3692
sgd 16,basic,16,seed1,,test_accuracy,22,0.3689
sgd 16,basic,16,seed1,,test_accuracy,23,0.3939
sgd 16,basic,16,seed1,,test_accuracy,24,0.3985
sgd 16,basic,16,seed1,,test_accuracy,25,0.4033
sgd 16,basic,16,seed1,,test_accuracy,26,0.41
sgd 16,basic,16,seed1,,test_accuracy,27,0.4294
sgd 16,basic,16,seed1,,test_accuracy,28,0.4552
sgd 16,basic,16,seed1,,test_accuracy,29,0.4558
sgd 16,basic,16,seed1,,test_accuracy,30,0.4642
sgd 16,basic,16,seed1,,test_accuracy,31,0.4749
sgd 16,basic,16,seed1,,test_accuracy,32,0.4877
sgd 16,basic,16,seed1,,test_accuracy,33,0.5002
sgd 16,basic,16,seed1,,test_accuracy,34,0.5053
sgd 16,basic,16,seed1,,test_accuracy,35,0.523
sgd 16,basic,16,seed1,,test_accuracy,36,0.5347
sgd 16,basic,16,seed1,,test_accuracy,37,0.5362
sgd 16,basic,16,seed1,,test_accuracy,38,0.5453
sgd 16,basic,16,seed1,,test_accuracy,39,0.5484
sgd 16,basic,16,seed2,,test_accuracy,0,0.1066
sgd 16,basic,16,seed2,,test_accuracy,1,0.1594
sgd 16,basic,16,seed2,,test_accuracy,2,0.2086
sgd 16,basic,16,seed2,,test_accuracy,3,0.2115
sgd 16,basic,16,seed2,,test_accuracy,4,0.2595
sgd 16,basic,16,seed2,,test_accuracy,5,0.259
sgd 16,basic,16,seed2,,test_accuracy,6,0.2654
sgd 16,basic,16,seed2,,test_accuracy,7,0.2806
sgd 16,basic,16,seed2,,test_accuracy,8,0.289
sgd 16,basic,16,seed2,,test_accuracy,9,0.2811
sgd 16,basic,16,seed2,,test_accuracy,10,0.2963
sgd 16,basic,16,seed2,,test_accuracy,11,0.2941
sgd 16,basic,16,seed2,,test_accuracy,12,0.3149
sgd 16,basic,16,seed2,,test_accuracy,13,0.3287
sgd 16,basic,16,seed2,,test_accuracy,14,0.3251
sgd 16,basic,16,seed2,,test_accuracy,15,0.3226
sgd 16,basic,16,seed2,,test_accuracy,16,0.3263
sgd 16,basic,16,seed2,,test_accuracy,17,0.3324
sgd 16,basic,16,seed2,,test_accuracy,18,0.3547
sgd 16,basic,16,seed2,,test_accuracy,19,0.3631
sgd 16,basic,16,seed2,,test_accuracy,20,0.3578
sgd 16,basic,16,seed2,,test_accuracy,21,0.3881
sgd 16,basic,16,seed2,,test_accuracy,22,0.3773
sgd 16,basic,16,seed2,,test_accuracy,23,0.4013
sgd 16,basic,16,seed2,,test_accuracy,24,0.4038
sgd 16,basic,16,seed2,,test_accuracy,25,0.4208
sgd 16,basic,16,seed2,,test_accuracy,26,0.426
sgd 16,basic,16,seed2,,test_accuracy,27,0.4283
sgd 16,basic,16,seed2,,test_accuracy,28,0.4404
sgd 16,basic,16,seed2,,test_accuracy,29,0.4566
sgd 16,basic,16,seed2,,test_accuracy,30,0.469
sgd 16,basic,16,seed2,,test_accuracy,31,0.4742
sgd 16,basic,16,seed2,,test_accuracy,32,0.4909
sgd 16,basic,16,seed2,,test_accuracy,33,0.5107
sgd 16,basic,16,seed2,,test_accuracy,34,0.5144
sgd 16,basic,16,seed2,,test_accuracy,35,0.5222
sgd 16,basic,16,seed2,,test_accuracy,36,0.536
sgd 16,basic,16,seed2,,test_accuracy,37,0.5438
sgd 16,basic,16,seed2,,test_accuracy,38,0.5554
sgd 16,basic,16,seed2,,test_accuracy,39,0.5575
sgd 16,basic,16,seed3,,test_accuracy,0,0.0869
sgd 16,basic,16,seed3,,test_accuracy,1,0.1245
sgd 16,basic,16,seed3,,test_accuracy,2,0.1841
sgd 16,basic,16,seed3,,test_accuracy,3,0.2176
sgd 16,basic,16,seed3,,test_accuracy,4,0.2405
sgd 16,basic,16,seed3,,test_accuracy,5,0.2676
sgd 16,basic,16,seed3,,test_accuracy,6,0.2722
sgd 16,basic,16,seed3,,test_accuracy,7,0.281
sgd 16,basic,16,seed3,,test_accuracy,8,0.293
sgd 16,basic,16,seed3,,test_accuracy,9,0.2913
sgd 16,basic,16,seed3,,test_accuracy,10,0.28
sgd 16,basic,16,seed3,,test_accuracy,11,0.3106
sgd 16,basic,16,seed3,,test_accuracy,12,0.3208
sgd 16,basic,16,seed3,,test_accuracy,13,0.322
sgd 16,basic,16,seed3,,test_accuracy,14,0.319
sgd 16,basic,16,seed3,,test_accuracy,15,0.3389
sgd 16,basic,16,seed3,,test_accuracy,16,0.3419
sgd 16,basic,16,seed3,,test_accuracy,17,0.34
sgd 16,basic,16,seed3,,test_accuracy,18,0.3667
sgd 16,basic,16,seed3,,test_accuracy,19,0.3475
sgd 16,basic,16,seed3,,test_accuracy,20,0.3816
sgd 16,basic,16,seed3,,test_accuracy,21,0.3833
sgd 16,basic,16,seed3,,test_accuracy,22,0.3864
sgd 16,basic,16,seed3,,test_accuracy,23,0.4059
sgd 16,basic,16,seed3,,test_accuracy,24,0.4153
sgd 16,basic,16,seed3,,test_accuracy,25,0.4008
sgd 16,basic,16,seed3,,test_accuracy,26,0.4426
sgd 16,basic,16,seed3,,test_accuracy,27,0.4432
sgd 16,basic,16,seed3,,test_accuracy,28,0.4482
sgd 16,basic,16,seed3,,test_accuracy,29,0.4647
sgd 16,basic,16,seed3,,test_accuracy,30,0.4799
sgd 16,basic,16,seed3,,test_accuracy,31,0.4778
sgd 16,basic,16,seed3,,test_accuracy,32,0.4969
sgd 16,basic,16,seed3,,test_accuracy,33,0.5061
sgd 16,basic,16,seed3,,test_accuracy,34,0.5236
sgd 16,basic,16,seed3,,test_accuracy,35,0.5302
sgd 16,basic,16,seed3,,test_accuracy,36,0.542
sgd 16,basic,16,seed3,,test_accuracy,37,0.5552
sgd 16,basic,16,seed3,,test_accuracy,38,0.5546
sgd 16,basic,16,seed3,,test_accuracy,39,0.5635
sgd 256,basic,256,seed1,,test_accuracy,0,0.372
sgd 256,basic,256,seed1,,test_accuracy,1,0.4646
sgd 256,basic,256,seed1,,test_accuracy,2,0.4933
sgd 256,basic,256,seed1,,test_accuracy,3,0.5107
sgd 256,basic,256,seed1,,test_accuracy,4,0.54
sgd 256,basic,256,seed1,,test_accuracy,5,0.54
sgd 256,basic,256,seed1,,test_accuracy,6,0.5511
sgd 256,basic,256,seed1,,test_accuracy,7,0.5488
sgd 256,basic,256,seed1,,test_accuracy,8,0.5556
sgd 256,basic,256,seed1,,test_accuracy,9,0.5641
sgd 256,basic,256,seed1,,test_accuracy,10,0.5608
sgd 256,basic,256,seed1,,test_accuracy,11,0.5699
sgd 256,basic,256,seed1,,test_accuracy,12,0.5643
sgd 256,basic,256,seed1,,test_accuracy,13,0.5722
sgd 256,basic,256,seed1,,test_accuracy,14,0.5737
sgd 256,basic,256,seed1,,test_accuracy,15,0.5574
sgd 256,basic,256,seed1,,test_accuracy,16,0.5656
sgd 256,basic,256,seed1,,test_accuracy,17,0.5833
sgd 256,basic,256,seed1,,test_accuracy,18,0.5817
sgd 256,basic,256,seed1,,test_accuracy,19,0.5821
sgd 256,basic,256,seed1,,test_accuracy,20,0.5876
sgd 256,basic,256,seed1,,test_accuracy,21,0.5894
sgd 256,basic,256,seed1,,test_accuracy,22,0.5968
sgd 256,basic,256,seed1,,test_accuracy,23,0.6001
sgd 256,basic,256,seed1,,test_accuracy,24,0.6036
sgd 256,basic,256,seed1,,test_accuracy,25,0.6055
sgd 256,basic,256,seed1,,test_accuracy,26,0.6104
sgd 256,basic,256,seed1,,test_accuracy,27,0.609
sgd 256,basic,256,seed1,,test_accuracy,28,0.6101
sgd 256,basic,256,seed1,,test_accuracy,29,0.6087
sgd 256,basic,256,seed1,,test_accuracy,30,0.6193
sgd 256,basic,256,seed1,,test_accuracy,31,0.6186
sgd 256,basic,256,seed1,,test_accuracy,32,0.6178
sgd 256,basic,256,seed1,,test_accuracy,33,0.6187
sgd 256,basic,256,seed1,,test_accuracy,34,0.6206
sgd 256,basic,256,seed1,,test_accuracy,35,0.6208
sgd 256,basic,256,seed1,,test_accuracy,36,0.6215
sgd 256,basic,256,seed1,,test_accuracy,37,0.6201
sgd 256,basic,256,seed1,,test_accuracy,38,0.6183
sgd 256,basic,256,seed1,,test_accuracy,39,0.6229
sgd 256,basic,256,seed2,,test_accuracy,0,0.374
sgd 256,basic,256,seed2,,test_accuracy,1,0.468
sgd 256,basic,256,seed2,,test_accuracy,2,0.4936
sgd 256,basic,256,seed2,,test_accuracy,3,0.5125
sgd 256,basic,256,seed2,,test_accuracy,4,0.5343
sgd 256,basic,256,seed2,,test_accuracy,5,0.5418
sgd 256,basic,256,seed2,,test_accuracy,6,0.5506
sgd 256,basic,256,seed2,,test_accuracy,7,0.555
sgd 256,basic,256,seed2,,test_accuracy,8,0.5533
sgd 256,basic,256,seed2,,test_accuracy,9,0.5588
sgd 256,basic,256,seed2,,test_accuracy,10,0.5683
sgd 256,basic,256,seed2,,test_accuracy,11,0.5656
sgd 256,basic,256,seed2,,test_accuracy,12,0.5657
sgd 256,basic,256,seed2,,test_accuracy,13,0.5759
sgd 256,basic,256,seed2,,test_accuracy,14,0.5755
sgd 256,basic,256,seed2,,test_accuracy,15,0.5779
sgd 256,basic,256,seed2,,test_accuracy,16,0.5843
sgd 256,basic,256,seed2,,test_accuracy,17,0.5831
sgd 256,basic,256,seed2,,test_accuracy,18,0.5909
sgd 256,basic,256,seed2,,test_accuracy,19,0.5881
sgd 256,basic,256,seed2,,test_accuracy,20,0.5963
sgd 256,basic,256,seed2,,test_accuracy,21,0.5971
sgd 256,basic,256,seed2,,test_accuracy,22,0.5974
sgd 256,basic,256,seed2,,test_accuracy,23,0.6033
sgd 256,basic,256,seed2,,test_accuracy,24,0.6069
sgd 256,basic,256,seed2,,test_accuracy,25,0.61
sgd 256,basic,256,seed2,,test_accuracy,26,0.6121
sgd 256,basic,256,seed2,,test_accuracy,27,0.6137
sgd 256,basic,256,seed2,,test_accuracy,28,0.6126
sgd 256,basic,256,seed2,,test_accuracy,29,0.6164
sgd 256,basic,256,seed2,,test_accuracy,30,0.622
sgd 256,basic,256,seed2,,test_accuracy,31,0.6245
sgd 256,basic,256,seed2,,test_accuracy,32,0.626
sgd 256,basic,256,seed2,,test_accuracy,33,0.6259
sgd 256,basic,256,seed2,,test_accuracy,34,0.6246
sgd 256,basic,256,seed2,,test_accuracy,35,0.6267
sgd 256,basic,256,seed2,,test_accuracy,36,0.6257
sgd 256,basic,256,seed2,,test_accuracy,37,0.6257
sgd 256,basic,256,seed2,,test_accuracy,38,0.6262
sgd 256,basic,256,seed2,,test_accuracy,39,0.6272
sgd 256,basic,256,seed3,,test_accuracy,0,0.3714
sgd 256,basic,256,seed3,,test_accuracy,1,0.4469
sgd 256,basic,256,seed3,,test_accuracy,2,0.4942
sgd 256,basic,256,seed3,,test_accuracy,3,0.5189
sgd 256,basic,256,seed3,,test_accuracy,4,0.5486
sgd 256,basic,256,seed3,,test_accuracy,5,0.547
sgd 256,basic,256,seed3,,test_accuracy,6,0.5455
sgd 256,basic,256,seed3,,test_accuracy,7,0.5558
sgd 256,basic,256,seed3,,test_accuracy,8,0.5557
sgd 256,basic,256,seed3,,test_accuracy,9,0.5577
sgd 256,basic,256,seed3,,test_accuracy,10,0.5681
sgd 256,basic,256,seed3,,test_accuracy,11,0.5715
sgd 256,basic,256,seed3,,test_accuracy,12,0.5729
sgd 256,basic,256,seed3,,test_accuracy,13,0.5769
sgd 256,basic,256,seed3,,test_accuracy,14,0.576
sgd 256,basic,256,seed3,,test_accuracy,15,0.578
sgd 256,basic,256,seed3,,test_accuracy,16,0.5809
sgd 256,basic,256,seed3,,test_accuracy,17,0.5861
sgd 256,basic,256,seed3,,test_accuracy,18,0.5868
sgd 256,basic,256,seed3,,test_accuracy,19,0.5859
sgd 256,basic,256,seed3,,test_accuracy,20,0.601
sgd 256,basic,256,seed3,,test_accuracy,21,0.6037
sgd 256,basic,256,seed3,,test_accuracy,22,0.5997
sgd 256,basic,256,seed3,,test_accuracy,23,0.6039
sgd 256,basic,256,seed3,,test_accuracy,24,0.6007
sgd 256,basic,256,seed3,,test_accuracy,25,0.6056
sgd 256,basic,256,seed3,,test_accuracy,26,0.6142
sgd 256,basic,256,seed3,,test_accuracy,27,0.6181
sgd 256,basic,256,seed3,,test_accuracy,28,0.619
sgd 256,basic,256,seed3,,test_accuracy,29,0.6172
sgd 256,basic,256,seed3,,test_accuracy,30,0.6214
sgd 256,basic,256,seed3,,test_accuracy,31,0.6252
sgd 256,basic,256,seed3,,test_accuracy,32,0.6231
sgd 256,basic,256,seed3,,test_accuracy,33,0.6252
sgd 256,basic,256,seed3,,test_accuracy,34,0.6227
sgd 256,basic,256,seed3,,test_accuracy,35,0.6243
sgd 256,basic,256,seed3,,test_accuracy,36,0.6247
sgd 256,basic,256,seed3,,test_accuracy,37,0.6245
sgd 256,basic,256,seed3,,test_accuracy,38,0.6238
sgd 256,basic,256,seed3,,test_accuracy,39,0.6255
sgd 64,basic,64,seed1,,test_accuracy,0,0.3943
sgd 64,basic,64,seed1,,test_accuracy,1,0.4479
sgd 64,basic,64,seed1,,test_accuracy,2,0.4386
sgd 64,basic,64,seed1,,test_accuracy,3,0.4471
sgd 64,basic,64,seed1,,test_accuracy,4,0.4793
sgd 64,basic,64,seed1,,test_accuracy,5,0.4732
sgd 64,basic,64,seed1,,test_accuracy,6,0.465
sgd 64,basic,64,seed1,,test_accuracy,7,0.4664
sgd 64,basic,64,seed1,,test_accuracy,8,0.478
sgd 64,basic,64,seed1,,test_accuracy,9,0.4745
sgd 64,basic,64,seed1,,test_accuracy,10,0.4872
sgd 64,basic,64,seed1,,test_accuracy,11,0.4914
sgd 64,basic,64,seed1,,test_accuracy,12,0.4992
sgd 64,basic,64,seed1,,test_accuracy,13,0.4922
sgd 64,basic,64,seed1,,test_accuracy,14,0.4963
sgd 64,basic,64,seed1,,test_accuracy,15,0.5046
sgd 64,basic,64,seed1,,test_accuracy,16,0.5189
sgd 64,basic,64,seed1,,test_accuracy,17,0.5169
sgd 64,basic,64,seed1,,test_accuracy,18,0.5242
sgd 64,basic,64,seed1,,test_accuracy,19,0.5321
sgd 64,basic,64,seed1,,test_accuracy,20,0.5393
sgd 64,basic,64,seed1,,test_accuracy,21,0.538
sgd 64,basic,64,seed1,,test_accuracy,22,0.5291
sgd 64,basic,64,seed1,,test_accuracy,23,0.5581
sgd 64,basic,64,seed1,,test_accuracy,24,0.564
sgd 64,basic,64,seed1,,test_accuracy,25,0.5599
sgd 64,basic,64,seed1,,test_accuracy,26,0.5736
sgd 64,basic,64,seed1,,test_accuracy,27,0.5781
sgd 64,basic,64,seed1,,test_accuracy,28,0.5922
sgd 64,basic,64,seed1,,test_accuracy,29,0.5928
sgd 64,basic,64,seed1,,test_accuracy,30,0.6032
sgd 64,basic,64,seed1,,test_accuracy,31,0.6013
sgd 64,basic,64,seed1,,test_accuracy,32,0.6094
sgd 64,basic,64,seed1,,test_accuracy,33,0.6169
sgd 64,basic,64,seed1,,test_accuracy,34,0.6214
sgd 64,basic,64,seed1,,test_accuracy,35,0.622
sgd 64,basic,64,seed1,,test_accuracy,36,0.6271
sgd 64,basic,64,seed1,,test_accuracy,37,0.6293
sgd 64,basic,64,seed1,,test_accuracy,38,0.6287
sgd 64,basic,64,seed1,,test_accuracy,39,0.6236
sgd 64,basic,64,seed2,,test_accuracy,0,0.355
sgd 64,basic,64,seed2,,test_accuracy,1,0.4178
sgd 64,basic,64,seed2,,test_accuracy,2,0.4599
sgd 64,basic,64,seed2,,test_accuracy,3,0.4624
sgd 64,basic,64,seed2,,test_accuracy,4,0.4657
sgd 64,basic,64,seed2,,test_accuracy,5,0.4807
sgd 64,basic,64,seed2,,test_accuracy,6,0.4542
sgd 64,basic,64,seed2,,test_accuracy,7,0.4577
sgd 64,basic,64,seed2,,test_accuracy,8,0.4706
sgd 64,basic,64,seed2,,test_accuracy,9,0.4617
sgd 64,basic,64,seed2,,test_accuracy,10,0.4684
sgd 64,basic,64,seed2,,test_accuracy,11,0.4774
sgd 64,basic,64,seed2,,test_accuracy,12,0.4827
sgd 64,basic,64,seed2,,test_accuracy,13,0.4681
sgd 64,basic,64,seed2,,test_accuracy,14,0.4836
sgd 64,basic,64,seed2,,test_accuracy,15,0.4855
sgd 64,basic,64,seed2,,test_accuracy,16,0.4912
sgd 64,basic,64,seed2,,test_accuracy,17,0.4957
sgd 64,basic,64,seed2,,test_accuracy,18,0.5068
sgd 64,basic,64,seed2,,test_accuracy,19,0.5083
sgd 64,basic,64,seed2,,test_accuracy,20,0.5165
sgd 64,basic,64,seed2,,test_accuracy,21,0.5406
sgd 64,basic,64,seed2,,test_accuracy,22,0.5405
sgd 64,basic,64,seed2,,test_accuracy,23,0.5436
sgd 64,basic,64,seed2,,test_accuracy,24,0.5471
sgd 64,basic,64,seed2,,test_accuracy,25,0.5599
sgd 64,basic,64,seed2,,test_accuracy,26,0.5685
sgd 64,basic,64,seed2,,test_accuracy,27,0.5608
sgd 64,basic,64,seed2,,test_accuracy,28,0.5772
sgd 64,basic,64,seed2,,test_accuracy,29,0.5789
sgd 64,basic,64,seed2,,test_accuracy,30,0.5991
sgd 64,basic,64,seed2,,test_accuracy,31,0.5941
sgd 64,basic,64,seed2,,test_accuracy,32,0.6048
sgd 64,basic,64,seed2,,test_accuracy,33,0.6135
sgd 64,basic,64,seed2,,test_accuracy,34,0.6144
sgd 64,basic,64,seed2,,test_accuracy,35,0.62
sgd 64,basic,64,seed2,,test_accuracy,36,0.6233
sgd 64,basic,64,seed2,,test_accuracy,37,0.6247
sgd 64,basic,64,seed2,,test_accuracy,38,0.6314
sgd 64,basic,64,seed2,,test_accuracy,39,0.6288
sgd 64,basic,64,seed3,,test_accuracy,0,0.4017
sgd 64,basic,64,seed3,,test_accuracy,1,0.4153
sgd 64,basic,64,seed3,,test_accuracy,2,0.4536
sgd 64,basic,64,seed3,,test_accuracy,3,0.4358
sgd 64,basic,64,seed3,,test_accuracy,4,0.4715
sgd 64,basic,64,seed3,,test_accuracy,5,0.4349
sgd 64,basic,64,seed3,,test_accuracy,6,0.4432
sgd 64,basic,64,seed3,,test_accuracy,7,0.4438
sgd 64,basic,64,seed3,,test_accuracy,8,0.4783
sgd 64,basic,64,seed3,,test_accuracy,9,0.4647
sgd 64,basic,64,seed3,,test_accuracy,10,0.5032
sgd 64,basic,64,seed3,,test_accuracy,11,0.4922
sgd 64,basic,64,seed3,,test_accuracy,12,0.4856
sgd 64,basic,64,seed3,,test_accuracy,13,0.4912
sgd 64,basic,64,seed3,,test_accuracy,14,0.4946
sgd 64,basic,64,seed3,,test_accuracy,15,0.5048
sgd 64,basic,64,seed3,,test_accuracy,16,0.502
sgd 64,basic,64,seed3,,test_accuracy,17,0.5023
sgd 64,basic,64,seed3,,test_accuracy,18,0.5122
sgd 64,basic,64,seed3,,test_accuracy,19,0.5185
sgd 64,basic,64,seed3,,test_accuracy,20,0.5289
sgd 64,basic,64,seed3,,test_accuracy,21,0.5363
sgd 64,basic,64,seed3,,test_accuracy,22,0.5297
sgd 64,basic,64,seed3,,test_accuracy,23,0.5494
sgd 64,basic,64,seed3,,test_accuracy,24,0.5479
sgd 64,basic,64,seed3,,test_accuracy,25,0.5576
sgd 64,basic,64,seed3,,test_accuracy,26,0.5703
sgd 64,basic,64,seed3,,test_accuracy,27,0.5792
sgd 64,basic,64,seed3,,test_accuracy,28,0.5819
sgd 64,basic,64,seed3,,test_accuracy,29,0.5953
sgd 64,basic,64,seed3,,test_accuracy,30,0.6003
sgd 64,basic,64,seed3,,test_accuracy,31,0.6054
sgd 64,basic,64,seed3,,test_accuracy,32,0.6121
sgd 64,basic,64,seed3,,test_accuracy,33,0.6113
sgd 64,basic,64,seed3,,test_accuracy,34,0.6206
sgd 64,basic,64,seed3,,test_accuracy,35,0.6235
sgd 64,basic,64,seed3,,test_accuracy,36,0.6344
sgd 64,basic,64,seed3,,test_accuracy,37,0.6357
sgd 64,basic,64,seed3,,test_accuracy,38,0.6306
sgd 64,basic,64,seed3,,test_accuracy,39,0.6306
sgd_seesaw 16,seesaw,16,seed1,,test_accuracy,0,0.0984
sgd_seesaw 16,seesaw,16,seed1,,test_accuracy,1,0.1269
sgd_seesaw 16,seesaw,16,seed1,,test_accuracy,2,0.1782
sgd_seesaw 16,seesaw,16,seed1,,test_accuracy,3,0.2008
sgd_seesaw 16,seesaw,16,seed1,,test_accuracy,4,0.2195
sgd_seesaw 16,seesaw,16,seed1,,test_accuracy,5,0.2449
sgd_seesaw 16,seesaw,16,seed1,,test_accuracy,6,0.2419
sgd_seesaw 16,seesaw,16,seed1,,test_accuracy,7,0.2498
sgd_seesaw 16,seesaw,16,seed1,,test_accuracy,8,0.263
sgd_seesaw 16,seesaw,16,seed1,,test_accuracy,9,0.2554
sgd_seesaw 16,seesaw,16,seed1,,test_accuracy,10,0.2835
sgd_seesaw 16,seesaw,16,seed1,,test_accuracy,11,0.2659
sgd_seesaw 16,seesaw,16,seed1,,test_accuracy,12,0.2703
sgd_seesaw 16,seesaw,16,seed1,,test_accuracy,13,0.2837
sgd_seesaw 16,seesaw,16,seed1,,test_accuracy,14,0.2517
sgd_seesaw 16,seesaw,16,seed1,,test_accuracy,15,0.2803
sgd_seesaw 16,seesaw,16,seed1,,test_accuracy,16,0.278
sgd_seesaw 16,seesaw,16,seed1,,test_accuracy,17,0.2907
sgd_seesaw 16,seesaw,16,seed1,,test_accuracy,18,0.305
sgd_seesaw 16,seesaw,16,seed1,,test_accuracy,19,0.2784
sgd_seesaw 16,seesaw,16,seed1,,test_accuracy,20,0.2781
sgd_seesaw 16,seesaw,16,seed1,,test_accuracy,21,0.2943
sgd_seesaw 16,seesaw,16,seed1,,test_accuracy,22,0.292
sgd_seesaw 16,seesaw,16,seed1,,test_accuracy,23,0.2718
sgd_seesaw 16,seesaw,16,seed1,,test_accuracy,24,0.3012
sgd_seesaw 16,seesaw,16,seed1,,test_accuracy,25,0.432
sgd_seesaw 16,seesaw,16,seed1,,test_accuracy,26,0.4445
sgd_seesaw 16,seesaw,16,seed1,,test_accuracy,27,0.4524
sgd_seesaw 16,seesaw,16,seed1,,test_accuracy,28,0.4587
sgd_seesaw 16,seesaw,16,seed1,,test_accuracy,29,0.4557
sgd_seesaw 16,seesaw,16,seed1,,test_accuracy,30,0.4507
sgd_seesaw 16,seesaw,16,seed1,,test_accuracy,31,0.4589
sgd_seesaw 16,seesaw,16,seed1,,test_accuracy,32,0.4583
sgd_seesaw 16,seesaw,16,seed1,,test_accuracy,33,0.513
sgd_seesaw 16,seesaw,16,seed1,,test_accuracy,34,0.5152
sgd_seesaw 16,seesaw,16,seed1,,test_accuracy,35,0.5221
sgd_seesaw 16,seesaw,16,seed1,,test_accuracy,36,0.5234
sgd_seesaw 16,seesaw,16,seed1,,test_accuracy,37,0.5286
sgd_seesaw 16,seesaw,16,seed1,,test_accuracy,38,0.5283
sgd_seesaw 16,seesaw,16,seed1,,test_accuracy,39,0.5318
sgd_seesaw 16,seesaw,16,seed2,,test_accuracy,0,0.1129
sgd_seesaw 16,seesaw,16,seed2,,test_accuracy,1,0.1396
sgd_seesaw 16,seesaw,16,seed2,,test_accuracy,2,0.1811
sgd_seesaw 16,seesaw,16,seed2,,test_accuracy,3,0.2089
sgd_seesaw 16,seesaw,16,seed2,,test_accuracy,4,0.2087
sgd_seesaw 16,seesaw,16,seed2,,test_accuracy,5,0.2301
sgd_seesaw 16,seesaw,16,seed2,,test_accuracy,6,0.2259
sgd_seesaw 16,seesaw,16,seed2,,test_accuracy,7,0.2523
sgd_seesaw 16,seesaw,16,seed2,,test_accuracy,8,0.255
sgd_seesaw 16,seesaw,16,seed2,,test_accuracy,9,0.2849
sgd_seesaw 16,seesaw,16,seed2,,test_accuracy,10,0.2764
sgd_seesaw 16,seesaw,16,seed2,,test_accuracy,11,0.2668
sgd_seesaw 16,seesaw,16,seed2,,test_accuracy,12,0.2946
sgd_seesaw 16,seesaw,16,seed2,,test_accuracy,13,0.2953
sgd_seesaw 16,seesaw,16,seed2,,test_accuracy,14,0.2864
sgd_seesaw 16,seesaw,16,seed2,,test_accuracy,15,0.2835
sgd_seesaw 16,seesaw,16,seed2,,test_accuracy,16,0.2922
sgd_seesaw 16,seesaw,16,seed2,,test_accuracy,17,0.3007
sgd_seesaw 16,seesaw,16,seed2,,test_accuracy,18,0.2966
sgd_seesaw 16,seesaw,16,seed2,,test_accuracy,19,0.2981
sgd_seesaw 16,seesaw,16,seed2,,test_accuracy,20,0.296
sgd_seesaw 16,seesaw,16,seed2,,test_accuracy,21,0.3054
sgd_seesaw 16,seesaw,16,seed2,,test_accuracy,22,0.2962
sgd_seesaw 16,seesaw,16,seed2,,test_accuracy,23,0.297
sgd_seesaw 16,seesaw,16,seed2,,test_accuracy,24,0.3027
sgd_seesaw 16,seesaw,16,seed2,,test_accuracy,25,0.4287
sgd_seesaw 16,seesaw,16,seed2,,test_accuracy,26,0.445
sgd_seesaw 16,seesaw,16,seed2,,test_accuracy,27,0.4505
sgd_seesaw 16,seesaw,16,seed2,,test_accuracy,28,0.4564
sgd_seesaw 16,seesaw,16,seed2,,test_accuracy,29,0.4615
sgd_seesaw 16,seesaw,16,seed2,,test_accuracy,30,0.4648
sgd_seesaw 16,seesaw,16,seed2,,test_accuracy,31,0.4526
sgd_seesaw 16,seesaw,16,seed2,,test_accuracy,32,0.4603
sgd_seesaw 16,seesaw,16,seed2,,test_accuracy,33,0.5218
sgd_seesaw 16,seesaw,16,seed2,,test_accuracy,34,0.5249
sgd_seesaw 16,seesaw,16,seed2,,test_accuracy,35,0.5327
sgd_seesaw 16,seesaw,16,seed2,,test_accuracy,36,0.5352
sgd_seesaw 16,seesaw,16,seed2,,test_accuracy,37,0.5389
sgd_seesaw 16,seesaw,16,seed2,,test_accuracy,38,0.5391
sgd_seesaw 16,seesaw,16,seed2,,test_accuracy,39,0.5384
sgd_seesaw 16,seesaw,16,seed3,,test_accuracy,0,0.0698
sgd_seesaw 16,seesaw,16,seed3,,test_accuracy,1,0.1194
sgd_seesaw 16,seesaw,16,seed3,,test_accuracy,2,0.1765
sgd_seesaw 16,seesaw,16,seed3,,test_accuracy,3,0.1857
sgd_seesaw 16,seesaw,16,seed3,,test_accuracy,4,0.2419
sgd_seesaw 16,seesaw,16,seed3,,test_accuracy,5,0.2319
sgd_seesaw 16,seesaw,16,seed3,,test_accuracy,6,0.2519
sgd_seesaw 16,seesaw,16,seed3,,test_accuracy,7,0.2349
sgd_seesaw 16,seesaw,16,seed3,,test_accuracy,8,0.2698
sgd_seesaw 16,seesaw,16,seed3,,test_accuracy,9,0.2831
sgd_seesaw 16,seesaw,16,seed3,,test_accuracy,10,0.2698
sgd_seesaw 16,seesaw,16,seed3,,test_accuracy,11,0.267
sgd_seesaw 16,seesaw,16,seed3,,test_accuracy,12,0.2713
sgd_seesaw 16,seesaw,16,seed3,,test_accuracy,13,0.2744
sgd_seesaw 16,seesaw,16,seed3,,test_accuracy,14,0.2455
sgd_seesaw 16,seesaw,16,seed3,,test_accuracy,15,0.2897
sgd_seesaw 16,seesaw,16,seed3,,test_accuracy,16,0.2804
sgd_seesaw 16,seesaw,16,seed3,,test_accuracy,17,0.2772
sgd_seesaw 16,seesaw,16,seed3,,test_accuracy,18,0.286
sgd_seesaw 16,seesaw,16,seed3,,test_accuracy,19,0.2936
sgd_seesaw 16,seesaw,16,seed3,,test_accuracy,20,0.2919
sgd_seesaw 16,seesaw,16,seed3,,test_accuracy,21,0.3095
sgd_seesaw 16,seesaw,16,seed3,,test_accuracy,22,0.2885
sgd_seesaw 16,seesaw,16,seed3,,test_accuracy,23,0.2972
sgd_seesaw 16,seesaw,16,seed3,,test_accuracy,24,0.3009
sgd_seesaw 16,seesaw,16,seed3,,test_accuracy,25,0.4269
sgd_seesaw 16,seesaw,16,seed3,,test_accuracy,26,0.4513
sgd_seesaw 16,seesaw,16,seed3,,test_accuracy,27,0.4415
sgd_seesaw 16,seesaw,16,seed3,,test_accuracy,28,0.4557
sgd_seesaw 16,seesaw,16,seed3,,test_accuracy,29,0.4631
sgd_seesaw 16,seesaw,16,seed3,,test_accuracy,30,0.4645
sgd_seesaw 16,seesaw,16,seed3,,test_accuracy,31,0.4702
sgd_seesaw 16,seesaw,16,seed3,,test_accuracy,32,0.4681
sgd_seesaw 16,seesaw,16,seed3,,test_accuracy,33,0.5179
sgd_seesaw 16,seesaw,16,seed3,,test_accuracy,34,0.5231
sgd_seesaw 16,seesaw,16,seed3,,test_accuracy,35,0.532
sgd_seesaw 16,seesaw,16,seed3,,test_accuracy,36,0.5319
sgd_seesaw 16,seesaw,16,seed3,,test_accuracy,37,0.5353
sgd_seesaw 16,seesaw,16,seed3,,test_accuracy,38,0.5346
sgd_seesaw 16,seesaw,16,seed3,,test_accuracy,39,0.5373
sgd_seesaw 256,seesaw,256,seed1,,test_accuracy,0,0.3776
sgd_seesaw 256,seesaw,256,seed1,,test_accuracy,1,0.4643
sgd_seesaw 256,seesaw,256,seed1,,test_accuracy,2,0.4981
sgd_seesaw 256,seesaw,256,seed1,,test_accuracy,3,0.5165
sgd_seesaw 256,seesaw,256,seed1,,test_accuracy,4,0.5249
sgd_seesaw 256,seesaw,256,seed1,,test_accuracy,5,0.5323
sgd_seesaw 256,seesaw,256,seed1,,test_accuracy,6,0.5438
sgd_seesaw 256,seesaw,256,seed1,,test_accuracy,7,0.5313
sgd_seesaw 256,seesaw,256,seed1,,test_accuracy,8,0.5562
sgd_seesaw 256,seesaw,256,seed1,,test_accuracy,9,0.5383
sgd_seesaw 256,seesaw,256,seed1,,test_accuracy,10,0.5517
sgd_seesaw 256,seesaw,256,seed1,,test_accuracy,11,0.5586
sgd_seesaw 256,seesaw,256,seed1,,test_accuracy,12,0.5489
sgd_seesaw 256,seesaw,256,seed1,,test_accuracy,13,0.5611
sgd_seesaw 256,seesaw,256,seed1,,test_accuracy,14,0.552
sgd_seesaw 256,seesaw,256,seed1,,test_accuracy,15,0.5664
sgd_seesaw 256,seesaw,256,seed1,,test_accuracy,16,0.5643
sgd_seesaw 256,seesaw,256,seed1,,test_accuracy,17,0.5514
sgd_seesaw 256,seesaw,256,seed1,,test_accuracy,18,0.5479
sgd_seesaw 256,seesaw,256,seed1,,test_accuracy,19,0.5424
sgd_seesaw 256,seesaw,256,seed1,,test_accuracy,20,0.5476
sgd_seesaw 256,seesaw,256,seed1,,test_accuracy,21,0.5474
sgd_seesaw 256,seesaw,256,seed1,,test_accuracy,22,0.5273
sgd_seesaw 256,seesaw,256,seed1,,test_accuracy,23,0.5456
sgd_seesaw 256,seesaw,256,seed1,,test_accuracy,24,0.5331
sgd_seesaw 256,seesaw,256,seed1,,test_accuracy,25,0.6123
sgd_seesaw 256,seesaw,256,seed1,,test_accuracy,26,0.6214
sgd_seesaw 256,seesaw,256,seed1,,test_accuracy,27,0.6227
sgd_seesaw 256,seesaw,256,seed1,,test_accuracy,28,0.6236
sgd_seesaw 256,seesaw,256,seed1,,test_accuracy,29,0.6219
sgd_seesaw 256,seesaw,256,seed1,,test_accuracy,30,0.6233
sgd_seesaw 256,seesaw,256,seed1,,test_accuracy,31,0.6246
sgd_seesaw 256,seesaw,256,seed1,,test_accuracy,32,0.6255
sgd_seesaw 256,seesaw,256,seed1,,test_accuracy,33,0.6267
sgd_seesaw 256,seesaw,256,seed1,,test_accuracy,34,0.6265
sgd_seesaw 256,seesaw,256,seed1,,test_accuracy,35,0.6285
sgd_seesaw 256,seesaw,256,seed1,,test_accuracy,36,0.6275
sgd_seesaw 256,seesaw,256,seed1,,test_accuracy,37,0.6273
sgd_seesaw 256,seesaw,256,seed1,,test_accuracy,38,0.6271
sgd_seesaw 256,seesaw,256,seed1,,test_accuracy,39,0.6272
sgd_seesaw 256,seesaw,256,seed2,,test_accuracy,0,0.3743
sgd_seesaw 256,seesaw,256,seed2,,test_accuracy,1,0.4682
sgd_seesaw 256,seesaw,256,seed2,,test_accuracy,2,0.4911
sgd_seesaw 256,seesaw,256,seed2,,test_accuracy,3,0.5182
sgd_seesaw 256,seesaw,256,seed2,,test_accuracy,4,0.5228
sgd_seesaw 256,seesaw,256,seed2,,test_accuracy,5,0.5388
sgd_seesaw 256,seesaw,256,seed2,,test_accuracy,6,0.5443
sgd_seesaw 256,seesaw,256,seed2,,test_accuracy,7,0.5521
sgd_seesaw 256,seesaw,256,seed2,,test_accuracy,8,0.5621
sgd_seesaw 256,seesaw,256,seed2,,test_accuracy,9,0.5481
sgd_seesaw 256,seesaw,256,seed2,,test_accuracy,10,0.5558
sgd_seesaw 256,seesaw,256,seed2,,test_accuracy,11,0.5543
sgd_seesaw 256,seesaw,256,seed2,,test_accuracy,12,0.5661
sgd_seesaw 256,seesaw,256,seed2,,test_accuracy,13,0.5681
sgd_seesaw 256,seesaw,256,seed2,,test_accuracy,14,0.5476
sgd_seesaw 256,seesaw,256,seed2,,test_accuracy,15,0.5531
sgd_seesaw 256,seesaw,256,seed2,,test_accuracy,16,0.5406
sgd_seesaw 256,seesaw,256,seed2,,test_accuracy,17,0.5515
sgd_seesaw 256,seesaw,256,seed2,,test_accuracy,18,0.5453
sgd_seesaw 256,seesaw,256,seed2,,test_accuracy,19,0.5541
sgd_seesaw 256,seesaw,256,seed2,,test_accuracy,20,0.541
sgd_seesaw 256,seesaw,256,seed2,,test_accuracy,21,0.5552
sgd_seesaw 256,seesaw,256,seed2,,test_accuracy,22,0.5393
sgd_seesaw 256,seesaw,256,seed2,,test_accuracy,23,0.5413
sgd_seesaw 256,seesaw,256,seed2,,test_accuracy,24,0.5394
sgd_seesaw 256,seesaw,256,seed2,,test_accuracy,25,0.6131
sgd_seesaw 256,seesaw,256,seed2,,test_accuracy,26,0.6163
sgd_seesaw 256,seesaw,256,seed2,,test_accuracy,27,0.6239
sgd_seesaw 256,seesaw,256,seed2,,test_accuracy,28,0.6262
sgd_seesaw 256,seesaw,256,seed2,,test_accuracy,29,0.6252
sgd_seesaw 256,seesaw,256,seed2,,test_accuracy,30,0.6277
sgd_seesaw 256,seesaw,256,seed2,,test_accuracy,31,0.627
sgd_seesaw 256,seesaw,256,seed2,,test_accuracy,32,0.6282
sgd_seesaw 256,seesaw,256,seed2,,test_accuracy,33,0.6306
sgd_seesaw 256,seesaw,256,seed2,,test_accuracy,34,0.6314
sgd_seesaw 256,seesaw,256,seed2,,test_accuracy,35,0.6322
sgd_seesaw 256,seesaw,256,seed2,,test_accuracy,36,0.632
sgd_seesaw 256,seesaw,256,seed2,,test_accuracy,37,0.6324
sgd_seesaw 256,seesaw,256,seed2,,test_accuracy,38,0.6321
sgd_seesaw 256,seesaw,256,seed2,,test_accuracy,39,0.6324
sgd_seesaw 256,seesaw,256,seed3,,test_accuracy,0,0.3761
sgd_seesaw 256,seesaw,256,seed3,,test_accuracy,1,0.4568
sgd_seesaw 256,seesaw,256,seed3,,test_accuracy,2,0.5045
sgd_seesaw 256,seesaw,256,seed3,,test_accuracy,3,0.5167
sgd_seesaw 256,seesaw,256,seed3,,test_accuracy,4,0.5367
sgd_seesaw 256,seesaw,256,seed3,,test_accuracy,5,0.5445
sgd_seesaw 256,seesaw,256,seed3,,test_accuracy,6,0.5443
sgd_seesaw 256,seesaw,256,seed3,,test_accuracy,7,0.5547
sgd_seesaw 256,seesaw,256,seed3,,test_accuracy,8,0.5504
sgd_seesaw 256,seesaw,256,seed3,,test_accuracy,9,0.5585
sgd_seesaw 256,seesaw,256,seed3,,test_accuracy,10,0.563
sgd_seesaw 256,seesaw,256,seed3,,test_accuracy,11,0.5484
sgd_seesaw 256,seesaw,256,seed3,,test_accuracy,12,0.5504
sgd_seesaw 256,seesaw,256,seed3,,test_accuracy,13,0.5603
sgd_seesaw 256,seesaw,256,seed3,,test_accuracy,14,0.5623
sgd_seesaw 256,seesaw,256,seed3,,test_accuracy,15,0.5544
sgd_seesaw 256,seesaw,256,seed3,,test_accuracy,16,0.5467
sgd_seesaw 256,seesaw,256,seed3,,test_accuracy,17,0.5568
sgd_seesaw 256,seesaw,256,seed3,,test_accuracy,18,0.554
sgd_seesaw 256,seesaw,256,seed3,,test_accuracy,19,0.5567
sgd_seesaw 256,seesaw,256,seed3,,test_accuracy,20,0.5281
sgd_seesaw 256,seesaw,256,seed3,,test_accuracy,21,0.5659
sgd_seesaw 256,seesaw,256,seed3,,test_accuracy,22,0.5488
sgd_seesaw 256,seesaw,256,seed3,,test_accuracy,23,0.5346
sgd_seesaw 256,seesaw,256,seed3,,test_accuracy,24,0.5282
sgd_seesaw 256,seesaw,256,seed3,,test_accuracy,25,0.6201
sgd_seesaw 256,seesaw,256,seed3,,test_accuracy,26,0.6256
sgd_seesaw 256,seesaw,256,seed3,,test_accuracy,27,0.6304
sgd_seesaw 256,seesaw,256,seed3,,test_accuracy,28,0.63
sgd_seesaw 256,seesaw,256,seed3,,test_accuracy,29,0.6288
sgd_seesaw 256,seesaw,256,seed3,,test_accuracy,30,0.6319
sgd_seesaw 256,seesaw,256,seed3,,test_accuracy,31,0.633
sgd_seesaw 256,seesaw,256,seed3,,test_accuracy,32,0.6307
sgd_seesaw 256,seesaw,256,seed3,,test_accuracy,33,0.633
sgd_seesaw 256,seesaw,256,seed3,,test_accuracy,34,0.6338
sgd_seesaw 256,seesaw,256,seed3,,test_accuracy,35,0.6353
sgd_seesaw 256,seesaw,256,seed3,,test_accuracy,36,0.6344
sgd_seesaw 256,seesaw,256,seed3,,test_accuracy,37,0.6347
sgd_seesaw 256,seesaw,256,seed3,,test_accuracy,38,0.6356
sgd_seesaw 256,seesaw,256,seed3,,test_accuracy,39,0.6359
sgd_seesaw 64,seesaw,64,seed1,,test_accuracy,0,0.3943
sgd_seesaw 64,seesaw,64,seed1,,test_accuracy,1,0.4074
sgd_seesaw 64,seesaw,64,seed1,,test_accuracy,2,0.465
sgd_seesaw 64,seesaw,64,seed1,,test_accuracy,3,0.4478
sgd_seesaw 64,seesaw,64,seed1,,test_accuracy,4,0.4441
sgd_seesaw 64,seesaw,64,seed1,,test_accuracy,5,0.4259
sgd_seesaw 64,seesaw,64,seed1,,test_accuracy,6,0.4606
sgd_seesaw 64,seesaw,64,seed1,,test_accuracy,7,0.4305
sgd_seesaw 64,seesaw,64,seed1,,test_accuracy,8,0.4539
sgd_seesaw 64,seesaw,64,seed1,,test_accuracy,9,0.4612
sgd_seesaw 64,seesaw,64,seed1,,test_accuracy,10,0.4613
sgd_seesaw 64,seesaw,64,seed1,,test_accuracy,11,0.4255
sgd_seesaw 64,seesaw,64,seed1,,test_accuracy,12,0.4583
sgd_seesaw 64,seesaw,64,seed1,,test_accuracy,13,0.4485
sgd_seesaw 64,seesaw,64,seed1,,test_accuracy,14,0.4761
sgd_seesaw 64,seesaw,64,seed1,,test_accuracy,15,0.4707
sgd_seesaw 64,seesaw,64,seed1,,test_accuracy,16,0.4578
sgd_seesaw 64,seesaw,64,seed1,,test_accuracy,17,0.4577
sgd_seesaw 64,seesaw,64,seed1,,test_accuracy,18,0.4827
sgd_seesaw 64,seesaw,64,seed1,,test_accuracy,19,0.4664
sgd_seesaw 64,seesaw,64,seed1,,test_accuracy,20,0.4694
sgd_seesaw 64,seesaw,64,seed1,,test_accuracy,21,0.487
sgd_seesaw 64,seesaw,64,seed1,,test_accuracy,22,0.4673
sgd_seesaw 64,seesaw,64,seed1,,test_accuracy,23,0.4766
sgd_seesaw 64,seesaw,64,seed1,,test_accuracy,24,0.4821
sgd_seesaw 64,seesaw,64,seed1,,test_accuracy,25,0.5919
sgd_seesaw 64,seesaw,64,seed1,,test_accuracy,26,0.5972
sgd_seesaw 64,seesaw,64,seed1,,test_accuracy,27,0.6034
sgd_seesaw 64,seesaw,64,seed1,,test_accuracy,28,0.606
sgd_seesaw 64,seesaw,64,seed1,,test_accuracy,29,0.6112
sgd_seesaw 64,seesaw,64,seed1,,test_accuracy,30,0.6057
sgd_seesaw 64,seesaw,64,seed1,,test_accuracy,31,0.6028
sgd_seesaw 64,seesaw,64,seed1,,test_accuracy,32,0.6072
sgd_seesaw 64,seesaw,64,seed1,,test_accuracy,33,0.6202
sgd_seesaw 64,seesaw,64,seed1,,test_accuracy,34,0.6213
sgd_seesaw 64,seesaw,64,seed1,,test_accuracy,35,0.6231
sgd_seesaw 64,seesaw,64,seed1,,test_accuracy,36,0.6241
sgd_seesaw 64,seesaw,64,seed1,,test_accuracy,37,0.6252
sgd_seesaw 64,seesaw,64,seed1,,test_accuracy,38,0.6255
sgd_seesaw 64,seesaw,64,seed1,,test_accuracy,39,0.6247
sgd_seesaw 64,seesaw,64,seed2,,test_accuracy,0,0.355
sgd_seesaw 64,seesaw,64,seed2,,test_accuracy,1,0.4189
sgd_seesaw 64,seesaw,64,seed2,,test_accuracy,2,0.4394
sgd_seesaw 64,seesaw,64,seed2,,test_accuracy,3,0.4475
sgd_seesaw 64,seesaw,64,seed2,,test_accuracy,4,0.4389
sgd_seesaw 64,seesaw,64,seed2,,test_accuracy,5,0.4528
sgd_seesaw 64,seesaw,64,seed2,,test_accuracy,6,0.4385
sgd_seesaw 64,seesaw,64,seed2,,test_accuracy,7,0.4313
sgd_seesaw 64,seesaw,64,seed2,,test_accuracy,8,0.4667
sgd_seesaw 64,seesaw,64,seed2,,test_accuracy,9,0.4657
sgd_seesaw 64,seesaw,64,seed2,,test_accuracy,10,0.4557
sgd_seesaw 64,seesaw,64,seed2,,test_accuracy,11,0.4511
sgd_seesaw 64,seesaw,64,seed2,,test_accuracy,12,0.4696
sgd_seesaw 64,seesaw,64,seed2,,test_accuracy,13,0.4738
sgd_seesaw 64,seesaw,64,seed2,,test_accuracy,14,0.4626
sgd_seesaw 64,seesaw,64,seed2,,test_accuracy,15,0.449
sgd_seesaw 64,seesaw,64,seed2,,test_accuracy,16,0.4729
sgd_seesaw 64,seesaw,64,seed2,,test_accuracy,17,0.4617
sgd_seesaw 64,seesaw,64,seed2,,test_accuracy,18,0.4632
sgd_seesaw 64,seesaw,64,seed2,,test_accuracy,19,0.4419
sgd_seesaw 64,seesaw,64,seed2,,test_accuracy,20,0.4627
sgd_seesaw 64,seesaw,64,seed2,,test_accuracy,21,0.463
sgd_seesaw 64,seesaw,64,seed2,,test_accuracy,22,0.4754
sgd_seesaw 64,seesaw,64,seed2,,test_accuracy,23,0.4824
sgd_seesaw 64,seesaw,64,seed2,,test_accuracy,24,0.4655
sgd_seesaw 64,seesaw,64,seed2,,test_accuracy,25,0.5784
sgd_seesaw 64,seesaw,64,seed2,,test_accuracy,26,0.5941
sgd_seesaw 64,seesaw,64,seed2,,test_accuracy,27,0.5976
sgd_seesaw 64,seesaw,64,seed2,,test_accuracy,28,0.6056
sgd_seesaw 64,seesaw,64,seed2,,test_accuracy,29,0.6062
sgd_seesaw 64,seesaw,64,seed2,,test_accuracy,30,0.6025
sgd_seesaw 64,seesaw,64,seed2,,test_accuracy,31,0.5999
sgd_seesaw 64,seesaw,64,seed2,,test_accuracy,32,0.6086
sgd_seesaw 64,seesaw,64,seed2,,test_accuracy,33,0.6183
sgd_seesaw 64,seesaw,64,seed2,,test_accuracy,34,0.6185
sgd_seesaw 64,seesaw,64,seed2,,test_accuracy,35,0.6191
sgd_seesaw 64,seesaw,64,seed2,,test_accuracy,36,0.6169
sgd_seesaw 64,seesaw,64,seed2,,test_accuracy,37,0.6177
sgd_seesaw 64,seesaw,64,seed2,,test_accuracy,38,0.6185
sgd_seesaw 64,seesaw,64,seed2,,test_accuracy,39,0.6195
sgd_seesaw 64,seesaw,64,seed3,,test_accuracy,0,0.4017
sgd_seesaw 64,seesaw,64,seed3,,test_accuracy,1,0.4254
sgd_seesaw 64,seesaw,64,seed3,,test_accuracy,2,0.4195
sgd_seesaw 64,seesaw,64,seed3,,test_accuracy,3,0.4446
sgd_seesaw 64,seesaw,64,seed3,,test_accuracy,4,0.4545
sgd_seesaw 64,seesaw,64,seed3,,test_accuracy,5,0.4489
sgd_seesaw 64,seesaw,64,seed3,,test_accuracy,6,0.4461
sgd_seesaw 64,seesaw,64,seed3,,test_accuracy,7,0.465
sgd_seesaw 64,seesaw,64,seed3,,test_accuracy,8,0.4391
sgd_seesaw 64,seesaw,64,seed3,,test_accuracy,9,0.4587
sgd_seesaw 64,seesaw,64,seed3,,test_accuracy,10,0.4676
sgd_seesaw 64,seesaw,64,seed3,,test_accuracy,11,0.4799
sgd_seesaw 64,seesaw,64,seed3,,test_accuracy,12,0.4359
sgd_seesaw 64,seesaw,64,seed3,,test_accuracy,13,0.4449
sgd_seesaw 64,seesaw,64,seed3,,test_accuracy,14,0.4747
sgd_seesaw 64,seesaw,64,seed3,,test_accuracy,15,0.4689
sgd_seesaw 64,seesaw,64,seed3,,test_accuracy,16,0.4552
sgd_seesaw 64,seesaw,64,seed3,,test_accuracy,17,0.4778
sgd_seesaw 64,seesaw,64,seed3,,test_accuracy,18,0.4721
sgd_seesaw 64,seesaw,64,seed3,,test_accuracy,19,0.4584
sgd_seesaw 64,seesaw,64,seed3,,test_accuracy,20,0.4532
sgd_seesaw 64,seesaw,64,seed3,,test_accuracy,21,0.4748
sgd_seesaw 64,seesaw,64,seed3,,test_accuracy,22,0.4704
sgd_seesaw 64,seesaw,64,seed3,,test_accuracy,23,0.4639
sgd_seesaw 64,seesaw,64,seed3,,test_accuracy,24,0.4841
sgd_seesaw 64,seesaw,64,seed3,,test_accuracy,25,0.5826
sgd_seesaw 64,seesaw,64,seed3,,test_accuracy,26,0.5951
sgd_seesaw 64,seesaw,64,seed3,,test_accuracy,27,0.6018
sgd_seesaw 64,seesaw,64,seed3,,test_accuracy,28,0.5997
sgd_seesaw 64,seesaw,64,seed3,,test_accuracy,29,0.6008
sgd_seesaw 64,seesaw,64,seed3,,test_accuracy,30,0.6089
sgd_seesaw 64,seesaw,64,seed3,,test_accuracy,31,0.6036
sgd_seesaw 64,seesaw,64,seed3,,test_accuracy,32,0.6053
sgd_seesaw 64,seesaw,64,seed3,,test_accuracy,33,0.6199
sgd_seesaw 64,seesaw,64,seed3,,test_accuracy,34,0.622
sgd_seesaw 64,seesaw,64,seed3,,test_accuracy,35,0.6244
sgd_seesaw 64,seesaw,64,seed3,,test_accuracy,36,0.6233
sgd_seesaw 64,seesaw,64,seed3,,test_accuracy,37,0.6245
sgd_seesaw 64,seesaw,64,seed3,,test_accuracy,38,0.6246
sgd_seesaw 64,seesaw,64,seed3,,test_accuracy,39,0.6263
sgboba 1024 abm16,aboba,1024,seed1,16,test_loss,0,3.9922133445739747
sgboba 1024 abm16,aboba,1024,seed1,16,test_loss,1,2.8534937143325805
sgboba 1024 abm16,aboba,1024,seed1,16,test_loss,2,2.1116063356399537
sgboba 1024 abm16,aboba,1024,seed1,16,test_loss,3,1.886311900615692
sgboba 1024 abm16,aboba,1024,seed1,16,test_loss,4,1.7548023581504821
sgboba 1024 abm16,aboba,1024,seed1,16,test_loss,5,1.6881814122200012
sgboba 1024 abm16,aboba,1024,seed1,16,test_loss,6,1.6690490126609803
sgboba 1024 abm16,aboba,1024,seed1,16,test_loss,7,1.6370936036109924
sgboba 1024 abm16,aboba,1024,seed1,16,test_loss,8,1.6400384902954102
sgboba 1024 abm16,aboba,1024,seed1,16,test_loss,9,1.635271418094635
sgboba 1024 abm16,aboba,1024,seed1,16,test_loss,10,1.6406867742538451
sgboba 1024 abm16,aboba,1024,seed1,16,test_loss,11,1.6046900868415832
sgboba 1024 abm16,aboba,1024,seed1,16,test_loss,12,1.6355771899223328
sgboba 1024 abm16,aboba,1024,seed1,16,test_loss,13,1.6447071075439452
sgboba 1024 abm16,aboba,1024,seed1,16,test_loss,14,1.628488266468048
sgboba 1024 abm16,aboba,1024,seed1,16,test_loss,15,1.6341227531433105
sgboba 1024 abm16,aboba,1024,seed1,16,test_loss,16,1.6288002252578735
sgboba 1024 abm16,aboba,1024,seed1,16,test_loss,17,1.6147348284721375
sgboba 1024 abm16,aboba,1024,seed1,16,test_loss,18,1.638889455795288
sgboba 1024 abm16,aboba,1024,seed1,16,test_loss,19,1.6247962355613708
sgboba 1024 abm16,aboba,1024,seed1,16,test_loss,20,1.6322002410888672
sgboba 1024 abm16,aboba,1024,seed1,16,test_loss,21,1.6170695304870606
sgboba 1024 abm16,aboba,1024,seed1,16,test_loss,22,1.6220146298408509
sgboba 1024 abm16,aboba,1024,seed1,16,test_loss,23,1.6216200351715089
sgboba 1024 abm16,aboba,1024,seed1,16,test_loss,24,1.6249186396598816
sgboba 1024 abm16,aboba,1024,seed1,16,test_loss,25,1.624441635608673
sgboba 1024 abm16,aboba,1024,seed1,16,test_loss,26,1.6141926646232605
sgboba 1024 abm16,aboba,1024,seed1,16,test_loss,27,1.6118253946304322
sgboba 1024 abm16,aboba,1024,seed1,16,test_loss,28,1.6137232661247254
sgboba 1024 abm16,aboba,1024,seed1,16,test_loss,29,1.6124120354652405
sgboba 1024 abm16,aboba,1024,seed1,16,test_loss,30,1.6135111093521117
sgboba 1024 abm16,aboba,1024,seed1,16,test_loss,31,1.61336350440979
sgboba 1024 abm16,aboba,1024,seed1,16,test_loss,32,1.614171826839447
sgboba 1024 abm16,aboba,1024,seed1,16,test_loss,33,1.6144442915916444
sgboba 1024 abm16,aboba,1024,seed1,16,test_loss,34,1.6148993015289306
sgboba 1024 abm16,aboba,1024,seed1,16,test_loss,35,1.6147631406784058
sgboba 1024 abm16,aboba,1024,seed1,16,test_loss,36,1.6145943999290466
sgboba 1024 abm16,aboba,1024,seed1,16,test_loss,37,1.6144316792488098
sgboba 1024 abm16,aboba,1024,seed1,16,test_loss,38,1.6148159742355346
sgboba 1024 abm16,aboba,1024,seed1,16,test_loss,39,1.6146392226219177
sgboba 1024 abm16,aboba,1024,seed2,16,test_loss,0,3.9167460203170776
sgboba 1024 abm16,aboba,1024,seed2,16,test_loss,1,2.8401559829711913
sgboba 1024 abm16,aboba,1024,seed2,16,test_loss,2,2.093030095100403
sgboba 1024 abm16,aboba,1024,seed2,16,test_loss,3,1.8908015966415406
sgboba 1024 abm16,aboba,1024,seed2,16,test_loss,4,1.7590820431709289
sgboba 1024 abm16,aboba,1024,seed2,16,test_loss,5,1.6887827396392823
sgboba 1024 abm16,aboba,1024,seed2,16,test_loss,6,1.6334001421928406
sgboba 1024 abm16,aboba,1024,seed2,16,test_loss,7,1.6203247547149657
sgboba 1024 abm16,aboba,1024,seed2,16,test_loss,8,1.592131495475769
sgboba 1024 abm16,aboba,1024,seed2,16,test_loss,9,1.6089602708816528
sgboba 1024 abm16,aboba,1024,seed2,16,test_loss,10,1.5989487648010254
sgboba 1024 abm16,aboba,1024,seed2,16,test_loss,11,1.5942760229110717
sgboba 1024 abm16,aboba,1024,seed2,16,test_loss,12,1.6338447213172913
sgboba 1024 abm16,aboba,1024,seed2,16,test_loss,13,1.6244324684143066
sgboba 1024 abm16,aboba,1024,seed2,16,test_loss,14,1.6197331547737122
sgboba 1024 abm16,aboba,1024,seed2,16,test_loss,15,1.649250864982605
sgboba 1024 abm16,aboba,1024,seed2,16,test_loss,16,1.6370626449584962
sgboba 1024 abm16,aboba,1024,seed2,16,test_loss,17,1.6506946563720704
sgboba 1024 abm16,aboba,1024,seed2,16,test_loss,18,1.631657636165619
sgboba 1024 abm16,aboba,1024,seed2,16,test_loss,19,1.6363260388374328
sgboba 1024 abm16,aboba,1024,seed2,16,test_loss,20,1.6102861881256103
sgboba 1024 abm16,aboba,1024,seed2,16,test_loss,21,1.6204655289649963
sgboba 1024 abm16,aboba,1024,seed2,16,test_loss,22,1.621695101261139
sgboba 1024 abm16,aboba,1024,seed2,16,test_loss,23,1.619684135913849
sgboba 1024 abm16,aboba,1024,seed2,16,test_loss,24,1.6159775257110596
sgboba 1024 abm16,aboba,1024,seed2,16,test_loss,25,1.6101502418518066
sgboba 1024 abm16,aboba,1024,seed2,16,test_loss,26,1.6022154688835144
sgboba 1024 abm16,aboba,1024,seed2,16,test_loss,27,1.6026892423629762
sgboba 1024 abm16,aboba,1024,seed2,16,test_loss,28,1.6008861541748047
sgboba 1024 abm16,aboba,1024,seed2,16,test_loss,29,1.598168957233429
sgboba 1024 abm16,aboba,1024,seed2,16,test_loss,30,1.60008202791214
sgboba 1024 abm16,aboba,1024,seed2,16,test_loss,31,1.6000313997268676
sgboba 1024 abm16,aboba,1024,seed2,16,test_loss,32,1.5994050621986389
sgboba 1024 abm16,aboba,1024,seed2,16,test_loss,33,1.599640429019928
sgboba 1024 abm16,aboba,1024,seed2,16,test_loss,34,1.600141179561615
sgboba 1024 abm16,aboba,1024,seed2,16,test_loss,35,1.6005714893341065
sgboba 1024 abm16,aboba,1024,seed2,16,test_loss,36,1.6005143404006958
sgboba 1024 abm16,aboba,1024,seed2,16,test_loss,37,1.600919771194458
sgboba 1024 abm16,aboba,1024,seed2,16,test_loss,38,1.6011649370193481
sgboba 1024 abm16,aboba,1024,seed2,16,test_loss,39,1.6009799242019653
sgboba 1024 abm16,aboba,1024,seed3,16,test_loss,0,3.9351768493652344
sgboba 1024 abm16,aboba,1024,seed3,16,test_loss,1,2.839951252937317
sgboba 1024 abm16,aboba,1024,seed3,16,test_loss,2,2.0892233848571777
sgboba 1024 abm16,aboba,1024,seed3,16,test_loss,3,1.8600346088409423
sgboba 1024 abm16,aboba,1024,seed3,16,test_loss,4,1.7624586820602417
sgboba 1024 abm16,aboba,1024,seed3,16,test_loss,5,1.7320873379707336
sgboba 1024 abm16,aboba,1024,seed3,16,test_loss,6,1.673447811603546
sgboba 1024 abm16,aboba,1024,seed3,16,test_loss,7,1.6350760221481324
sgboba 1024 abm16,aboba,1024,seed3,16,test_loss,8,1.6382673859596253
sgboba 1024 abm16,aboba,1024,seed3,16,test_loss,9,1.6248138308525086
sgboba 1024 abm16,aboba,1024,seed3,16,test_loss,10,1.631843364238739
sgboba 1024 abm16,aboba,1024,seed3,16,test_loss,11,1.6103908896446228
sgboba 1024 abm16,aboba,1024,seed3,16,test_loss,12,1.624221956729889
sgboba 1024 abm16,aboba,1024,seed3,16,test_loss,13,1.633816134929657
sgboba 1024 abm16,aboba,1024,seed3,16,test_loss,14,1.6861693859100342
sgboba 1024 abm16,aboba,1024,seed3,16,test_loss,15,1.6450421452522277
sgboba 1024 abm16,aboba,1024,seed3,16,test_loss,16,1.6321626663208009
sgboba 1024 abm16,aboba,1024,seed3,16,test_loss,17,1.6434101462364197
sgboba 1024 abm16,aboba,1024,seed3,16,test_loss,18,1.6192960381507873
sgboba 1024 abm16,aboba,1024,seed3,16,test_loss,19,1.6027793049812318
sgboba 1024 abm16,aboba,1024,seed3,16,test_loss,20,1.6268057107925415
sgboba 1024 abm16,aboba,1024,seed3,16,test_loss,21,1.6146675944328308
sgboba 1024 abm16,aboba,1024,seed3,16,test_loss,22,1.6068548798561095
sgboba 1024 abm16,aboba,1024,seed3,16,test_loss,23,1.610087502002716
sgboba 1024 abm16,aboba,1024,seed3,16,test_loss,24,1.6123515844345093
sgboba 1024 abm16,aboba,1024,seed3,16,test_loss,25,1.6040571451187133
sgboba 1024 abm16,aboba,1024,seed3,16,test_loss,26,1.6005336046218872
sgboba 1024 abm16,aboba,1024,seed3,16,test_loss,27,1.5922289609909057
sgboba 1024 abm16,aboba,1024,seed3,16,test_loss,28,1.5907967329025268
sgboba 1024 abm16,aboba,1024,seed3,16,test_loss,29,1.5926788449287415
sgboba 1024 abm16,aboba,1024,seed3,16,test_loss,30,1.5943009853363037
sgboba 1024 abm16,aboba,1024,seed3,16,test_loss,31,1.5930827260017395
sgboba 1024 abm16,aboba,1024,seed3,16,test_loss,32,1.5924581170082093
sgboba 1024 abm16,aboba,1024,seed3,16,test_loss,33,1.5914416074752809
sgboba 1024 abm16,aboba,1024,seed3,16,test_loss,34,1.5916630744934082
sgboba 1024 abm16,aboba,1024,seed3,16,test_loss,35,1.591323685646057
sgboba 1024 abm16,aboba,1024,seed3,16,test_loss,36,1.5916379809379577
sgboba 1024 abm16,aboba,1024,seed3,16,test_loss,37,1.5920601844787599
sgboba 1024 abm16,aboba,1024,seed3,16,test_loss,38,1.5924367666244508
sgboba 1024 abm16,aboba,1024,seed3,16,test_loss,39,1.5921814084053039
sgboba 1024 abm2,aboba,1024,seed1,2,test_loss,0,3.988676381111145
sgboba 1024 abm2,aboba,1024,seed1,2,test_loss,1,2.8552075624465942
sgboba 1024 abm2,aboba,1024,seed1,2,test_loss,2,5.578636550903321
sgboba 1024 abm2,aboba,1024,seed1,2,test_loss,3,3.275082302093506
sgboba 1024 abm2,aboba,1024,seed1,2,test_loss,4,2.774337720870972
sgboba 1024 abm2,aboba,1024,seed1,2,test_loss,5,2.4973341703414915
sgboba 1024 abm2,aboba,1024,seed1,2,test_loss,6,2.4103668689727784
sgboba 1024 abm2,aboba,1024,seed1,2,test_loss,7,2.3336204051971436
sgboba 1024 abm2,aboba,1024,seed1,2,test_loss,8,2.265074610710144
sgboba 1024 abm2,aboba,1024,seed1,2,test_loss,9,2.1859955549240113
sgboba 1024 abm2,aboba,1024,seed1,2,test_loss,10,2.1469600915908815
sgboba 1024 abm2,aboba,1024,seed1,2,test_loss,11,2.0953240394592285
sgboba 1024 abm2,aboba,1024,seed1,2,test_loss,12,2.114117240905762
sgboba 1024 abm2,aboba,1024,seed1,2,test_loss,13,2.077240061759949
sgboba 1024 abm2,aboba,1024,seed1,2,test_loss,14,2.0274487257003786
sgboba 1024 abm2,aboba,1024,seed1,2,test_loss,15,1.98814457654953
sgboba 1024 abm2,aboba,1024,seed1,2,test_loss,16,1.9338741302490234
sgboba 1024 abm2,aboba,1024,seed1,2,test_loss,17,1.944829261302948
sgboba 1024 abm2,aboba,1024,seed1,2,test_loss,18,1.8573105216026307
sgboba 1024 abm2,aboba,1024,seed1,2,test_loss,19,1.809870970249176
sgboba 1024 abm2,aboba,1024,seed1,2,test_loss,20,1.842956042289734
sgboba 1024 abm2,aboba,1024,seed1,2,test_loss,21,1.7692729353904724
sgboba 1024 abm2,aboba,1024,seed1,2,test_loss,22,1.7764272212982177
sgboba 1024 abm2,aboba,1024,seed1,2,test_loss,23,1.7028380155563354
sgboba 1024 abm2,aboba,1024,seed1,2,test_loss,24,1.7227691888809205
sgboba 1024 abm2,aboba,1024,seed1,2,test_loss,25,1.677951729297638
sgboba 1024 abm2,aboba,1024,seed1,2,test_loss,26,1.673091745376587
sgboba 1024 abm2,aboba,1024,seed1,2,test_loss,27,1.6770183086395263
sgboba 1024 abm2,aboba,1024,seed1,2,test_loss,28,1.6436510920524596
sgboba 1024 abm2,aboba,1024,seed1,2,test_loss,29,1.6252787113189697
sgboba 1024 abm2,aboba,1024,seed1,2,test_loss,30,1.5998263716697694
sgboba 1024 abm2,aboba,1024,seed1,2,test_loss,31,1.6016345858573913
sgboba 1024 abm2,aboba,1024,seed1,2,test_loss,32,1.5990829348564148
sgboba 1024 abm2,aboba,1024,seed1,2,test_loss,33,1.59547518491745
sgboba 1024 abm2,aboba,1024,seed1,2,test_loss,34,1.5881555318832397
sgboba 1024 abm2,aboba,1024,seed1,2,test_loss,35,1.5857616186141967
sgboba 1024 abm2,aboba,1024,seed1,2,test_loss,36,1.5827112674713135
sgboba 1024 abm2,aboba,1024,seed1,2,test_loss,37,1.5840465903282166
sgboba 1024 abm2,aboba,1024,seed1,2,test_loss,38,1.5836464166641235
sgboba 1024 abm2,aboba,1024,seed1,2,test_loss,39,1.584294283390045
sgboba 1024 abm2,aboba,1024,seed2,2,test_loss,0,3.9217209577560426
sgboba 1024 abm2,aboba,1024,seed2,2,test_loss,1,2.867999267578125
sgboba 1024 abm2,aboba,1024,seed2,2,test_loss,2,2.7595033645629883
sgboba 1024 abm2,aboba,1024,seed2,2,test_loss,3,2.6396100997924803
sgboba 1024 abm2,aboba,1024,seed2,2,test_loss,4,2.330849361419678
sgboba 1024 abm2,aboba,1024,seed2,2,test_loss,5,2.1797107219696046
sgboba 1024 abm2,aboba,1024,seed2,2,test_loss,6,2.106755089759827
sgboba 1024 abm2,aboba,1024,seed2,2,test_loss,7,2.253270483016968
sgboba 1024 abm2,aboba,1024,seed2,2,test_loss,8,2.112164759635925
sgboba 1024 abm2,aboba,1024,seed2,2,test_loss,9,2.0061305284500124
sgboba 1024 abm2,aboba,1024,seed2,2,test_loss,10,2.017611575126648
sgboba 1024 abm2,aboba,1024,seed2,2,test_loss,11,1.977750563621521
sgboba 1024 abm2,aboba,1024,seed2,2,test_loss,12,2.00264436006546
sgboba 1024 abm2,aboba,1024,seed2,2,test_loss,13,1.997521960735321
sgboba 1024 abm2,aboba,1024,seed2,2,test_loss,14,2.0038833022117615
sgboba 1024 abm2,aboba,1024,seed2,2,test_loss,15,1.905216097831726
sgboba 1024 abm2,aboba,1024,seed2,2,test_loss,16,1.8725150227546692
sgboba 1024 abm2,aboba,1024,seed2,2,test_loss,17,1.8683632373809815
sgboba 1024 abm2,aboba,1024,seed2,2,test_loss,18,1.8119128227233887
sgboba 1024 abm2,aboba,1024,seed2,2,test_loss,19,1.8563387393951416
sgboba 1024 abm2,aboba,1024,seed2,2,test_loss,20,1.726274025440216
sgboba 1024 abm2,aboba,1024,seed2,2,test_loss,21,1.7126893758773805
sgboba 1024 abm2,aboba,1024,seed2,2,test_loss,22,1.6826317667961121
sgboba 1024 abm2,aboba,1024,seed2,2,test_loss,23,1.6390376687049866
sgboba 1024 abm2,aboba,1024,seed2,2,test_loss,24,1.6482116103172302
sgboba 1024 abm2,aboba,1024,seed2,2,test_loss,25,1.6209633111953736
sgboba 1024 abm2,aboba,1024,seed2,2,test_loss,26,1.6170055985450744
sgboba 1024 abm2,aboba,1024,seed2,2,test_loss,27,1.6164519548416139
sgboba 1024 abm2,aboba,1024,seed2,2,test_loss,28,1.5758641481399536
sgboba 1024 abm2,aboba,1024,seed2,2,test_loss,29,1.5339245796203613
sgboba 1024 abm2,aboba,1024,seed2,2,test_loss,30,1.5360043406486512
sgboba 1024 abm2,aboba,1024,seed2,2,test_loss,31,1.5308287382125854
sgboba 1024 abm2,aboba,1024,seed2,2,test_loss,32,1.5281432390213012
sgboba 1024 abm2,aboba,1024,seed2,2,test_loss,33,1.5160065174102784
sgboba 1024 abm2,aboba,1024,seed2,2,test_loss,34,1.5137999057769775
sgboba 1024 abm2,aboba,1024,seed2,2,test_loss,35,1.512617790699005
sgboba 1024 abm2,aboba,1024,seed2,2,test_loss,36,1.5124014019966125
sgboba 1024 abm2,aboba,1024,seed2,2,test_loss,37,1.5128695845603943
sgboba 1024 abm2,aboba,1024,seed2,2,test_loss,38,1.5126774311065674
sgboba 1024 abm2,aboba,1024,seed2,2,test_loss,39,1.51231449842453
sgboba 1024 abm2,aboba,1024,seed3,2,test_loss,0,3.929928183555603
sgboba 1024 abm2,aboba,1024,seed3,2,test_loss,1,2.832688331604004
sgboba 1024 abm2,aboba,1024,seed3,2,test_loss,2,3.709540343284607
sgboba 1024 abm2,aboba,1024,seed3,2,test_loss,3,3.0101895332336426
sgboba 1024 abm2,aboba,1024,seed3,2,test_loss,4,3.521180200576782
sgboba 1024 abm2,aboba,1024,seed3,2,test_loss,5,2.828361964225769
sgboba 1024 abm2,aboba,1024,seed3,2,test_loss,6,2.642419672012329
sgboba 1024 abm2,aboba,1024,seed3,2,test_loss,7,2.5777782678604124
sgboba 1024 abm2,aboba,1024,seed3,2,test_loss,8,2.358461046218872
sgboba 1024 abm2,aboba,1024,seed3,2,test_loss,9,2.3336312770843506
sgboba 1024 abm2,aboba,1024,seed3,2,test_loss,10,2.296268844604492
sgboba 1024 abm2,aboba,1024,seed3,2,test_loss,11,2.3483506441116333
sgboba 1024 abm2,aboba,1024,seed3,2,test_loss,12,2.2556734561920164
sgboba 1024 abm2,aboba,1024,seed3,2,test_loss,13,2.2423359394073485
sgboba 1024 abm2,aboba,1024,seed3,2,test_loss,14,2.077843356132507
sgboba 1024 abm2,aboba,1024,seed3,2,test_loss,15,2.065010094642639
sgboba 1024 abm2,aboba,1024,seed3,2,test_loss,16,2.052485942840576
sgboba 1024 abm2,aboba,1024,seed3,2,test_loss,17,2.0160542130470276
sgboba 1024 abm2,aboba,1024,seed3,2,test_loss,18,1.9575427293777465
sgboba 1024 abm2,aboba,1024,seed3,2,test_loss,19,1.9295536041259767
sgboba 1024 abm2,aboba,1024,seed3,2,test_loss,20,1.894772434234619
sgboba 1024 abm2,aboba,1024,seed3,2,test_loss,21,1.9021246194839478
sgboba 1024 abm2,aboba,1024,seed3,2,test_loss,22,1.8379800081253053
sgboba 1024 abm2,aboba,1024,seed3,2,test_loss,23,1.8460850358009337
sgboba 1024 abm2,aboba,1024,seed3,2,test_loss,24,1.832564640045166
sgboba 1024 abm2,aboba,1024,seed3,2,test_loss,25,1.7873963594436646
sgboba 1024 abm2,aboba,1024,seed3,2,test_loss,26,1.7417024374008179
sgboba 1024 abm2,aboba,1024,seed3,2,test_loss,27,1.7317447185516357
sgboba 1024 abm2,aboba,1024,seed3,2,test_loss,28,1.7257351994514465
sgboba 1024 abm2,aboba,1024,seed3,2,test_loss,29,1.6902378678321839
sgboba 1024 abm2,aboba,1024,seed3,2,test_loss,30,1.6626288294792175
sgboba 1024 abm2,aboba,1024,seed3,2,test_loss,31,1.6471258759498597
sgboba 1024 abm2,aboba,1024,seed3,2,test_loss,32,1.6417808532714844
sgboba 1024 abm2,aboba,1024,seed3,2,test_loss,33,1.6351153254508972
sgboba 1024 abm2,aboba,1024,seed3,2,test_loss,34,1.630409550666809
sgboba 1024 abm2,aboba,1024,seed3,2,test_loss,35,1.6264047622680664
sgboba 1024 abm2,aboba,1024,seed3,2,test_loss,36,1.6262326002120973
sgboba 1024 abm2,aboba,1024,seed3,2,test_loss,37,1.6267488718032836
sgboba 1024 abm2,aboba,1024,seed3,2,test_loss,38,1.6272313356399537
sgboba 1024 abm2,aboba,1024,seed3,2,test_loss,39,1.6271517395973205
sgboba 1024 abm4,aboba,1024,seed1,4,test_loss,0,3.991239905357361
sgboba 1024 abm4,aboba,1024,seed1,4,test_loss,1,2.8436172723770143
sgboba 1024 abm4,aboba,1024,seed1,4,test_loss,2,2.2440165519714355
sgboba 1024 abm4,aboba,1024,seed1,4,test_loss,3,2.0997095823287966
sgboba 1024 abm4,aboba,1024,seed1,4,test_loss,4,2.018778896331787
sgboba 1024 abm4,aboba,1024,seed1,4,test_loss,5,1.9385392904281615
sgboba 1024 abm4,aboba,1024,seed1,4,test_loss,6,1.9930989027023316
sgboba 1024 abm4,aboba,1024,seed1,4,test_loss,7,1.8630181193351745
sgboba 1024 abm4,aboba,1024,seed1,4,test_loss,8,1.8104840636253356
sgboba 1024 abm4,aboba,1024,seed1,4,test_loss,9,1.7689154863357544
sgboba 1024 abm4,aboba,1024,seed1,4,test_loss,10,1.8061046719551086
sgboba 1024 abm4,aboba,1024,seed1,4,test_loss,11,1.7351022124290467
sgboba 1024 abm4,aboba,1024,seed1,4,test_loss,12,1.7419746041297912
sgboba 1024 abm4,aboba,1024,seed1,4,test_loss,13,1.7281252980232238
sgboba 1024 abm4,aboba,1024,seed1,4,test_loss,14,1.6963221073150634
sgboba 1024 abm4,aboba,1024,seed1,4,test_loss,15,1.7635244011878968
sgboba 1024 abm4,aboba,1024,seed1,4,test_loss,16,1.6468698620796203
sgboba 1024 abm4,aboba,1024,seed1,4,test_loss,17,1.6542392373085022
sgboba 1024 abm4,aboba,1024,seed1,4,test_loss,18,1.6694864511489869
sgboba 1024 abm4,aboba,1024,seed1,4,test_loss,19,1.6612051129341125
sgboba 1024 abm4,aboba,1024,seed1,4,test_loss,20,1.704994809627533
sgboba 1024 abm4,aboba,1024,seed1,4,test_loss,21,1.6786229848861693
sgboba 1024 abm4,aboba,1024,seed1,4,test_loss,22,1.6068971037864686
sgboba 1024 abm4,aboba,1024,seed1,4,test_loss,23,1.5819272518157959
sgboba 1024 abm4,aboba,1024,seed1,4,test_loss,24,1.5393767833709717
sgboba 1024 abm4,aboba,1024,seed1,4,test_loss,25,1.5289969444274902
sgboba 1024 abm4,aboba,1024,seed1,4,test_loss,26,1.5138820290565491
sgboba 1024 abm4,aboba,1024,seed1,4,test_loss,27,1.519024133682251
sgboba 1024 abm4,aboba,1024,seed1,4,test_loss,28,1.5138310313224792
sgboba 1024 abm4,aboba,1024,seed1,4,test_loss,29,1.5102113008499145
sgboba 1024 abm4,aboba,1024,seed1,4,test_loss,30,1.5106360077857972
sgboba 1024 abm4,aboba,1024,seed1,4,test_loss,31,1.5039037227630616
sgboba 1024 abm4,aboba,1024,seed1,4,test_loss,32,1.5005319595336915
sgboba 1024 abm4,aboba,1024,seed1,4,test_loss,33,1.4944140315055847
sgboba 1024 abm4,aboba,1024,seed1,4,test_loss,34,1.493200695514679
sgboba 1024 abm4,aboba,1024,seed1,4,test_loss,35,1.4921733736991882
sgboba 1024 abm4,aboba,1024,seed1,4,test_loss,36,1.4925840139389037
sgboba 1024 abm4,aboba,1024,seed1,4,test_loss,37,1.4924076080322266
sgboba 1024 abm4,aboba,1024,seed1,4,test_loss,38,1.4923537373542786
sgboba 1024 abm4,aboba,1024,seed1,4,test_loss,39,1.4922962427139281
sgboba 1024 abm4,aboba,1024,seed2,4,test_loss,0,3.9216314554214478
sgboba 1024 abm4,aboba,1024,seed2,4,test_loss,1,2.851786398887634
sgboba 1024 abm4,aboba,1024,seed2,4,test_loss,2,2.2855254888534544
sgboba 1024 abm4,aboba,1024,seed2,4,test_loss,3,2.3560992240905763
sgboba 1024 abm4,aboba,1024,seed2,4,test_loss,4,2.078536069393158
sgboba 1024 abm4,aboba,1024,seed2,4,test_loss,5,1.9368409276008607
sgboba 1024 abm4,aboba,1024,seed2,4,test_loss,6,1.9077353596687316
sgboba 1024 abm4,aboba,1024,seed2,4,test_loss,7,1.9308981776237488
sgboba 1024 abm4,aboba,1024,seed2,4,test_loss,8,1.7945295691490173
sgboba 1024 abm4,aboba,1024,seed2,4,test_loss,9,1.776124358177185
sgboba 1024 abm4,aboba,1024,seed2,4,test_loss,10,1.805873191356659
sgboba 1024 abm4,aboba,1024,seed2,4,test_loss,11,1.8166254997253417
sgboba 1024 abm4,aboba,1024,seed2,4,test_loss,12,1.8290250062942506
sgboba 1024 abm4,aboba,1024,seed2,4,test_loss,13,1.7631166577339172
sgboba 1024 abm4,aboba,1024,seed2,4,test_loss,14,1.7207431554794312
sgboba 1024 abm4,aboba,1024,seed2,4,test_loss,15,1.703607714176178
sgboba 1024 abm4,aboba,1024,seed2,4,test_loss,16,1.6943182110786439
sgboba 1024 abm4,aboba,1024,seed2,4,test_loss,17,1.7148862838745118
sgboba 1024 abm4,aboba,1024,seed2,4,test_loss,18,1.6813665270805358
sgboba 1024 abm4,aboba,1024,seed2,4,test_loss,19,1.7019307136535644
sgboba 1024 abm4,aboba,1024,seed2,4,test_loss,20,1.6460264205932618
sgboba 1024 abm4,aboba,1024,seed2,4,test_loss,21,1.6183042526245117
sgboba 1024 abm4,aboba,1024,seed2,4,test_loss,22,1.6286237239837646
sgboba 1024 abm4,aboba,1024,seed2,4,test_loss,23,1.6305275082588195
sgboba 1024 abm4,aboba,1024,seed2,4,test_loss,24,1.5916568517684937
sgboba 1024 abm4,aboba,1024,seed2,4,test_loss,25,1.5690248012542725
sgboba 1024 abm4,aboba,1024,seed2,4,test_loss,26,1.5412819981575012
sgboba 1024 abm4,aboba,1024,seed2,4,test_loss,27,1.528309440612793
sgboba 1024 abm4,aboba,1024,seed2,4,test_loss,28,1.5176798224449157
sgboba 1024 abm4,aboba,1024,seed2,4,test_loss,29,1.5054547190666199
sgboba 1024 abm4,aboba,1024,seed2,4,test_loss,30,1.4976265549659729
sgboba 1024 abm4,aboba,1024,seed2,4,test_loss,31,1.485092043876648
sgboba 1024 abm4,aboba,1024,seed2,4,test_loss,32,1.4867424011230468
sgboba 1024 abm4,aboba,1024,seed2,4,test_loss,33,1.4824873208999634
sgboba 1024 abm4,aboba,1024,seed2,4,test_loss,34,1.4832490682601929
sgboba 1024 abm4,aboba,1024,seed2,4,test_loss,35,1.4838525652885437
sgboba 1024 abm4,aboba,1024,seed2,4,test_loss,36,1.4835026741027832
sgboba 1024 abm4,aboba,1024,seed2,4,test_loss,37,1.483496117591858
sgboba 1024 abm4,aboba,1024,seed2,4,test_loss,38,1.483112919330597
sgboba 1024 abm4,aboba,1024,seed2,4,test_loss,39,1.4829099655151368
sgboba 1024 abm4,aboba,1024,seed3,4,test_loss,0,3.9291260719299315
sgboba 1024 abm4,aboba,1024,seed3,4,test_loss,1,2.8234434604644774
sgboba 1024 abm4,aboba,1024,seed3,4,test_loss,2,2.246663045883179
sgboba 1024 abm4,aboba,1024,seed3,4,test_loss,3,2.0607330918312075
sgboba 1024 abm4,aboba,1024,seed3,4,test_loss,4,1.9756100296974182
sgboba 1024 abm4,aboba,1024,seed3,4,test_loss,5,1.943845307826996
sgboba 1024 abm4,aboba,1024,seed3,4,test_loss,6,1.8802033185958862
sgboba 1024 abm4,aboba,1024,seed3,4,test_loss,7,1.863860547542572
sgboba 1024 abm4,aboba,1024,seed3,4,test_loss,8,1.8368529558181763
sgboba 1024 abm4,aboba,1024,seed3,4,test_loss,9,1.8127376198768617
sgboba 1024 abm4,aboba,1024,seed3,4,test_loss,10,1.8007810592651368
sgboba 1024 abm4,aboba,1024,seed3,4,test_loss,11,1.8161153435707091
sgboba 1024 abm4,aboba,1024,seed3,4,test_loss,12,1.8179596781730651
sgboba 1024 abm4,aboba,1024,seed3,4,test_loss,13,1.7595033407211305
sgboba 1024 abm4,aboba,1024,seed3,4,test_loss,14,1.732248067855835
sgboba 1024 abm4,aboba,1024,seed3,4,test_loss,15,1.7516504883766175
sgboba 1024 abm4,aboba,1024,seed3,4,test_loss,16,1.7691054940223694
sgboba 1024 abm4,aboba,1024,seed3,4,test_loss,17,1.6801389098167419
sgboba 1024 abm4,aboba,1024,seed3,4,test_loss,18,1.6851110696792602
sgboba 1024 abm4,aboba,1024,seed3,4,test_loss,19,1.6685614585876465
sgboba 1024 abm4,aboba,1024,seed3,4,test_loss,20,1.6787659525871277
sgboba 1024 abm4,aboba,1024,seed3,4,test_loss,21,1.6487804293632506
sgboba 1024 abm4,aboba,1024,seed3,4,test_loss,22,1.6277969241142274
sgboba 1024 abm4,aboba,1024,seed3,4,test_loss,23,1.6204920291900635
sgboba 1024 abm4,aboba,1024,seed3,4,test_loss,24,1.5818172693252563
sgboba 1024 abm4,aboba,1024,seed3,4,test_loss,25,1.5917223930358886
sgboba 1024 abm4,aboba,1024,seed3,4,test_loss,26,1.5467565774917602
sgboba 1024 abm4,aboba,1024,seed3,4,test_loss,27,1.5477105140686036
sgboba 1024 abm4,aboba,1024,seed3,4,test_loss,28,1.5147420048713685
sgboba 1024 abm4,aboba,1024,seed3,4,test_loss,29,1.5086743354797363
sgboba 1024 abm4,aboba,1024,seed3,4,test_loss,30,1.5012621402740478
sgboba 1024 abm4,aboba,1024,seed3,4,test_loss,31,1.4956766843795777
sgboba 1024 abm4,aboba,1024,seed3,4,test_loss,32,1.4952064990997314
sgboba 1024 abm4,aboba,1024,seed3,4,test_loss,33,1.4925023555755614
sgboba 1024 abm4,aboba,1024,seed3,4,test_loss,34,1.4899681329727172
sgboba 1024 abm4,aboba,1024,seed3,4,test_loss,35,1.4889301300048827
sgboba 1024 abm4,aboba,1024,seed3,4,test_loss,36,1.4884675979614257
sgboba 1024 abm4,aboba,1024,seed3,4,test_loss,37,1.4883716821670532
sgboba 1024 abm4,aboba,1024,seed3,4,test_loss,38,1.4884984850883485
sgboba 1024 abm4,aboba,1024,seed3,4,test_loss,39,1.4883892059326171
sgboba 1024 abm8,aboba,1024,seed1,8,test_loss,0,4.002671527862549
sgboba 1024 abm8,aboba,1024,seed1,8,test_loss,1,2.853775477409363
sgboba 1024 abm8,aboba,1024,seed1,8,test_loss,2,2.1460290431976317
sgboba 1024 abm8,aboba,1024,seed1,8,test_loss,3,1.9029192686080934
sgboba 1024 abm8,aboba,1024,seed1,8,test_loss,4,1.82325918674469
sgboba 1024 abm8,aboba,1024,seed1,8,test_loss,5,1.7204516053199768
sgboba 1024 abm8,aboba,1024,seed1,8,test_loss,6,1.7075692057609557
sgboba 1024 abm8,aboba,1024,seed1,8,test_loss,7,1.737469780445099
sgboba 1024 abm8,aboba,1024,seed1,8,test_loss,8,1.6473374366760254
sgboba 1024 abm8,aboba,1024,seed1,8,test_loss,9,1.6665638446807862
sgboba 1024 abm8,aboba,1024,seed1,8,test_loss,10,1.6604365944862365
sgboba 1024 abm8,aboba,1024,seed1,8,test_loss,11,1.7124381065368652
sgboba 1024 abm8,aboba,1024,seed1,8,test_loss,12,1.674111020565033
sgboba 1024 abm8,aboba,1024,seed1,8,test_loss,13,1.69231675863266
sgboba 1024 abm8,aboba,1024,seed1,8,test_loss,14,1.6996854901313783
sgboba 1024 abm8,aboba,1024,seed1,8,test_loss,15,1.6554646492004395
sgboba 1024 abm8,aboba,1024,seed1,8,test_loss,16,1.6460222840309142
sgboba 1024 abm8,aboba,1024,seed1,8,test_loss,17,1.6381402730941772
sgboba 1024 abm8,aboba,1024,seed1,8,test_loss,18,1.6222888469696044
sgboba 1024 abm8,aboba,1024,seed1,8,test_loss,19,1.6139888525009156
sgboba 1024 abm8,aboba,1024,seed1,8,test_loss,20,1.6367618680000304
sgboba 1024 abm8,aboba,1024,seed1,8,test_loss,21,1.5877297878265382
sgboba 1024 abm8,aboba,1024,seed1,8,test_loss,22,1.5879938006401062
sgboba 1024 abm8,aboba,1024,seed1,8,test_loss,23,1.5918943166732789
sgboba 1024 abm8,aboba,1024,seed1,8,test_loss,24,1.5712578535079955
sgboba 1024 abm8,aboba,1024,seed1,8,test_loss,25,1.562187623977661
sgboba 1024 abm8,aboba,1024,seed1,8,test_loss,26,1.5505907893180848
sgboba 1024 abm8,aboba,1024,seed1,8,test_loss,27,1.5520747423171997
sgboba 1024 abm8,aboba,1024,seed1,8,test_loss,28,1.5450560808181764
sgboba 1024 abm8,aboba,1024,seed1,8,test_loss,29,1.5420591950416564
sgboba 1024 abm8,aboba,1024,seed1,8,test_loss,30,1.5388174772262573
sgboba 1024 abm8,aboba,1024,seed1,8,test_loss,31,1.5350618720054627
sgboba 1024 abm8,aboba,1024,seed1,8,test_loss,32,1.5338022589683533
sgboba 1024 abm8,aboba,1024,seed1,8,test_loss,33,1.5344067692756653
sgboba 1024 abm8,aboba,1024,seed1,8,test_loss,34,1.5346234798431397
sgboba 1024 abm8,aboba,1024,seed1,8,test_loss,35,1.5343782901763916
sgboba 1024 abm8,aboba,1024,seed1,8,test_loss,36,1.5347404956817627
sgboba 1024 abm8,aboba,1024,seed1,8,test_loss,37,1.5345988988876342
sgboba 1024 abm8,aboba,1024,seed1,8,test_loss,38,1.5348309516906737
sgboba 1024 abm8,aboba,1024,seed1,8,test_loss,39,1.5348660588264464
sgboba 1024 abm8,aboba,1024,seed2,8,test_loss,0,3.93738911151886
sgboba 1024 abm8,aboba,1024,seed2,8,test_loss,1,2.853976845741272
sgboba 1024 abm8,aboba,1024,seed2,8,test_loss,2,2.0980647087097166
sgboba 1024 abm8,aboba,1024,seed2,8,test_loss,3,1.8769376397132873
sgboba 1024 abm8,aboba,1024,seed2,8,test_loss,4,1.7809791922569276
sgboba 1024 abm8,aboba,1024,seed2,8,test_loss,5,1.7934193015098572
sgboba 1024 abm8,aboba,1024,seed2,8,test_loss,6,1.7048068284988402
sgboba 1024 abm8,aboba,1024,seed2,8,test_loss,7,1.703508484363556
sgboba 1024 abm8,aboba,1024,seed2,8,test_loss,8,1.6903905630111695
sgboba 1024 abm8,aboba,1024,seed2,8,test_loss,9,1.7674786567687988
sgboba 1024 abm8,aboba,1024,seed2,8,test_loss,10,1.668661320209503
sgboba 1024 abm8,aboba,1024,seed2,8,test_loss,11,1.7138810992240905
sgboba 1024 abm8,aboba,1024,seed2,8,test_loss,12,1.6771857857704162
sgboba 1024 abm8,aboba,1024,seed2,8,test_loss,13,1.6671416878700256
sgboba 1024 abm8,aboba,1024,seed2,8,test_loss,14,1.6772424101829528
sgboba 1024 abm8,aboba,1024,seed2,8,test_loss,15,1.620840322971344
sgboba 1024 abm8,aboba,1024,seed2,8,test_loss,16,1.6410547733306884
sgboba 1024 abm8,aboba,1024,seed2,8,test_loss,17,1.6473882675170899
sgboba 1024 abm8,aboba,1024,seed2,8,test_loss,18,1.6068039178848266
sgboba 1024 abm8,aboba,1024,seed2,8,test_loss,19,1.62433819770813
sgboba 1024 abm8,aboba,1024,seed2,8,test_loss,20,1.5896865010261536
sgboba 1024 abm8,aboba,1024,seed2,8,test_loss,21,1.5976977705955506
sgboba 1024 abm8,aboba,1024,seed2,8,test_loss,22,1.575664484500885
sgboba 1024 abm8,aboba,1024,seed2,8,test_loss,23,1.5748877763748168
sgboba 1024 abm8,aboba,1024,seed2,8,test_loss,24,1.5678608059883117
sgboba 1024 abm8,aboba,1024,seed2,8,test_loss,25,1.5529792308807373
sgboba 1024 abm8,aboba,1024,seed2,8,test_loss,26,1.549966776371002
sgboba 1024 abm8,aboba,1024,seed2,8,test_loss,27,1.5453677654266358
sgboba 1024 abm8,aboba,1024,seed2,8,test_loss,28,1.534811532497406
sgboba 1024 abm8,aboba,1024,seed2,8,test_loss,29,1.5320452928543091
sgboba 1024 abm8,aboba,1024,seed2,8,test_loss,30,1.5254286885261537
sgboba 1024 abm8,aboba,1024,seed2,8,test_loss,31,1.5261282324790955
sgboba 1024 abm8,aboba,1024,seed2,8,test_loss,32,1.524216365814209
sgboba 1024 abm8,aboba,1024,seed2,8,test_loss,33,1.5249496936798095
sgboba 1024 abm8,aboba,1024,seed2,8,test_loss,34,1.5259490489959717
sgboba 1024 abm8,aboba,1024,seed2,8,test_loss,35,1.5261394262313843
sgboba 1024 abm8,aboba,1024,seed2,8,test_loss,36,1.5263981103897095
sgboba 1024 abm8,aboba,1024,seed2,8,test_loss,37,1.5266074180603026
sgboba 1024 abm8,aboba,1024,seed2,8,test_loss,38,1.5268720746040345
sgboba 1024 abm8,aboba,1024,seed2,8,test_loss,39,1.5267531156539917
sgboba 1024 abm8,aboba,1024,seed3,8,test_loss,0,3.9291794538497924
sgboba 1024 abm8,aboba,1024,seed3,8,test_loss,1,2.854460096359253
sgboba 1024 abm8,aboba,1024,seed3,8,test_loss,2,2.1106217384338377
sgboba 1024 abm8,aboba,1024,seed3,8,test_loss,3,1.8916645884513854
sgboba 1024 abm8,aboba,1024,seed3,8,test_loss,4,1.8232723832130433
sgboba 1024 abm8,aboba,1024,seed3,8,test_loss,5,1.7838469624519349
sgboba 1024 abm8,aboba,1024,seed3,8,test_loss,6,1.7386314630508424
sgboba 1024 abm8,aboba,1024,seed3,8,test_loss,7,1.6971812486648559
sgboba 1024 abm8,aboba,1024,seed3,8,test_loss,8,1.670908260345459
sgboba 1024 abm8,aboba,1024,seed3,8,test_loss,9,1.6638413786888122
sgboba 1024 abm8,aboba,1024,seed3,8,test_loss,10,1.688184916973114
sgboba 1024 abm8,aboba,1024,seed3,8,test_loss,11,1.7107513308525086
sgboba 1024 abm8,aboba,1024,seed3,8,test_loss,12,1.648252010345459
sgboba 1024 abm8,aboba,1024,seed3,8,test_loss,13,1.7101874589920043
sgboba 1024 abm8,aboba,1024,seed3,8,test_loss,14,1.722081434726715
sgboba 1024 abm8,aboba,1024,seed3,8,test_loss,15,1.704080069065094
sgboba 1024 abm8,aboba,1024,seed3,8,test_loss,16,1.6766453623771667
sgboba 1024 abm8,aboba,1024,seed3,8,test_loss,17,1.6821161031723022
sgboba 1024 abm8,aboba,1024,seed3,8,test_loss,18,1.6517674922943115
sgboba 1024 abm8,aboba,1024,seed3,8,test_loss,19,1.6409204244613647
sgboba 1024 abm8,aboba,1024,seed3,8,test_loss,20,1.6363725662231445
sgboba 1024 abm8,aboba,1024,seed3,8,test_loss,21,1.6164034128189086
sgboba 1024 abm8,aboba,1024,seed3,8,test_loss,22,1.5824717044830323
sgboba 1024 abm8,aboba,1024,seed3,8,test_loss,23,1.5741848349571228
sgboba 1024 abm8,aboba,1024,seed3,8,test_loss,24,1.5505925059318542
sgboba 1024 abm8,aboba,1024,seed3,8,test_loss,25,1.5452373027801514
sgboba 1024 abm8,aboba,1024,seed3,8,test_loss,26,1.5370134830474853
sgboba 1024 abm8,aboba,1024,seed3,8,test_loss,27,1.538666796684265
sgboba 1024 abm8,aboba,1024,seed3,8,test_loss,28,1.5297269821166992
sgboba 1024 abm8,aboba,1024,seed3,8,test_loss,29,1.5273476123809815
sgboba 1024 abm8,aboba,1024,seed3,8,test_loss,30,1.5232269525527955
sgboba 1024 abm8,aboba,1024,seed3,8,test_loss,31,1.5228352427482605
sgboba 1024 abm8,aboba,1024,seed3,8,test_loss,32,1.524168848991394
sgboba 1024 abm8,aboba,1024,seed3,8,test_loss,33,1.523126471042633
sgboba 1024 abm8,aboba,1024,seed3,8,test_loss,34,1.5239997267723084
sgboba 1024 abm8,aboba,1024,seed3,8,test_loss,35,1.5231252789497376
sgboba 1024 abm8,aboba,1024,seed3,8,test_loss,36,1.5233065366744996
sgboba 1024 abm8,aboba,1024,seed3,8,test_loss,37,1.5232176065444947
sgboba 1024 abm8,aboba,1024,seed3,8,test_loss,38,1.523332417011261
sgboba 1024 abm8,aboba,1024,seed3,8,test_loss,39,1.5234779000282288
sgboba 16 abm16,aboba,16,seed1,16,test_loss,0,3.79975092086792
sgboba 16 abm16,aboba,16,seed1,16,test_loss,1,3.568227696609497
sgboba 16 abm16,aboba,16,seed1,16,test_loss,2,3.051598020553589
sgboba 16 abm16,aboba,16,seed1,16,test_loss,3,2.8786310663223267
sgboba 16 abm16,aboba,16,seed1,16,test_loss,4,2.762629383087158
sgboba 16 abm16,aboba,16,seed1,16,test_loss,5,2.6504568128585815
sgboba 16 abm16,aboba,16,seed1,16,test_loss,6,2.605984909057617
sgboba 16 abm16,aboba,16,seed1,16,test_loss,7,2.5519017457962034
sgboba 16 abm16,aboba,16,seed1,16,test_loss,8,2.5311105209350586
sgboba 16 abm16,aboba,16,seed1,16,test_loss,9,2.486460326766968
sgboba 16 abm16,aboba,16,seed1,16,test_loss,10,2.3826668956756594
sgboba 16 abm16,aboba,16,seed1,16,test_loss,11,2.3768034994125364
sgboba 16 abm16,aboba,16,seed1,16,test_loss,12,2.3342122718811034
sgboba 16 abm16,aboba,16,seed1,16,test_loss,13,2.3492177644729613
sgboba 16 abm16,aboba,16,seed1,16,test_loss,14,2.2672109113693235
sgboba 16 abm16,aboba,16,seed1,16,test_loss,15,2.236774546813965
sgboba 16 abm16,aboba,16,seed1,16,test_loss,16,2.194116240692139
sgboba 16 abm16,aboba,16,seed1,16,test_loss,17,2.2251923517227175
sgboba 16 abm16,aboba,16,seed1,16,test_loss,18,2.1321448775291443
sgboba 16 abm16,aboba,16,seed1,16,test_loss,19,2.2062718240737915
sgboba 16 abm16,aboba,16,seed1,16,test_loss,20,2.0738205142974855
sgboba 16 abm16,aboba,16,seed1,16,test_loss,21,2.067003667449951
sgboba 16 abm16,aboba,16,seed1,16,test_loss,22,2.0414688109397887
sgboba 16 abm16,aboba,16,seed1,16,test_loss,23,2.0451487382888796
sgboba 16 abm16,aboba,16,seed1,16,test_loss,24,1.994624985218048
sgboba 16 abm16,aboba,16,seed1,16,test_loss,25,1.9762498538970947
sgboba 16 abm16,aboba,16,seed1,16,test_loss,26,1.9568070132255555
sgboba 16 abm16,aboba,16,seed1,16,test_loss,27,1.9349623733520507
sgboba 16 abm16,aboba,16,seed1,16,test_loss,28,1.9303168145179748
sgboba 16 abm16,aboba,16,seed1,16,test_loss,29,1.9261733620643615
sgboba 16 abm16,aboba,16,seed1,16,test_loss,30,1.909438711643219
sgboba 16 abm16,aboba,16,seed1,16,test_loss,31,1.9090244236946106
sgboba 16 abm16,aboba,16,seed1,16,test_loss,32,1.9033403332710266
sgboba 16 abm16,aboba,16,seed1,16,test_loss,33,1.901716508769989
sgboba 16 abm16,aboba,16,seed1,16,test_loss,34,1.9005658550262452
sgboba 16 abm16,aboba,16,seed1,16,test_loss,35,1.901997525691986
sgboba 16 abm16,aboba,16,seed1,16,test_loss,36,1.9023412843704224
sgboba 16 abm16,aboba,16,seed1,16,test_loss,37,1.9019569986343383
sgboba 16 abm16,aboba,16,seed1,16,test_loss,38,1.9012685998916625
sgboba 16 abm16,aboba,16,seed1,16,test_loss,39,1.900874342727661
sgboba 16 abm16,aboba,16,seed2,16,test_loss,0,5.665055905532837
sgboba 16 abm16,aboba,16,seed2,16,test_loss,1,3.5471494392395018
sgboba 16 abm16,aboba,16,seed2,16,test_loss,2,3.0790715366363526
sgboba 16 abm16,aboba,16,seed2,16,test_loss,3,2.878185325241089
sgboba 16 abm16,aboba,16,seed2,16,test_loss,4,2.7475730819702147
sgboba 16 abm16,aboba,16,seed2,16,test_loss,5,2.6476329759597776
sgboba 16 abm16,aboba,16,seed2,16,test_loss,6,2.584309383010864
sgboba 16 abm16,aboba,16,seed2,16,test_loss,7,2.469165175437927
sgboba 16 abm16,aboba,16,seed2,16,test_loss,8,2.3931365749359133
sgboba 16 abm16,aboba,16,seed2,16,test_loss,9,2.33324156665802
sgboba 16 abm16,aboba,16,seed2,16,test_loss,10,2.262721892166138
sgboba 16 abm16,aboba,16,seed2,16,test_loss,11,2.2765725147247315
sgboba 16 abm16,aboba,16,seed2,16,test_loss,12,2.1771289978027344
sgboba 16 abm16,aboba,16,seed2,16,test_loss,13,2.1688746644973755
sgboba 16 abm16,aboba,16,seed2,16,test_loss,14,2.090006276893616
sgboba 16 abm16,aboba,16,seed2,16,test_loss,15,2.07232331867218
sgboba 16 abm16,aboba,16,seed2,16,test_loss,16,2.0328051614761353
sgboba 16 abm16,aboba,16,seed2,16,test_loss,17,2.0356269821166992
sgboba 16 abm16,aboba,16,seed2,16,test_loss,18,2.0125929852485656
sgboba 16 abm16,aboba,16,seed2,16,test_loss,19,1.9498871850013733
sgboba 16 abm16,aboba,16,seed2,16,test_loss,20,1.9534128178596497
sgboba 16 abm16,aboba,16,seed2,16,test_loss,21,1.926486543560028
sgboba 16 abm16,aboba,16,seed2,16,test_loss,22,1.881983139038086
sgboba 16 abm16,aboba,16,seed2,16,test_loss,23,1.8638820920944215
sgboba 16 abm16,aboba,16,seed2,16,test_loss,24,1.8389413269996644
sgboba 16 abm16,aboba,16,seed2,16,test_loss,25,1.8386140784263612
sgboba 16 abm16,aboba,16,seed2,16,test_loss,26,1.8171442653656005
sgboba 16 abm16,aboba,16,seed2,16,test_loss,27,1.790311116027832
sgboba 16 abm16,aboba,16,seed2,16,test_loss,28,1.778619088459015
sgboba 16 abm16,aboba,16,seed2,16,test_loss,29,1.7633832527160644
sgboba 16 abm16,aboba,16,seed2,16,test_loss,30,1.761076982021332
sgboba 16 abm16,aboba,16,seed2,16,test_loss,31,1.7590627241134644
sgboba 16 abm16,aboba,16,seed2,16,test_loss,32,1.7579934803962707
sgboba 16 abm16,aboba,16,seed2,16,test_loss,33,1.7550164875030518
sgboba 16 abm16,aboba,16,seed2,16,test_loss,34,1.7539539199829102
sgboba 16 abm16,aboba,16,seed2,16,test_loss,35,1.7542108341217042
sgboba 16 abm16,aboba,16,seed2,16,test_loss,36,1.7540653530120849
sgboba 16 abm16,aboba,16,seed2,16,test_loss,37,1.7530632583618164
sgboba 16 abm16,aboba,16,seed2,16,test_loss,38,1.7535734691619873
sgboba 16 abm16,aboba,16,seed2,16,test_loss,39,1.7534231181144715
sgboba 16 abm16,aboba,16,seed3,16,test_loss,0,4.181587163925171
sgboba 16 abm16,aboba,16,seed3,16,test_loss,1,3.4106278060913087
sgboba 16 abm16,aboba,16,seed3,16,test_loss,2,2.8855403131484985
sgboba 16 abm16,aboba,16,seed3,16,test_loss,3,2.7170729637145996
sgboba 16 abm16,aboba,16,seed3,16,test_loss,4,2.6789757066726683
sgboba 16 abm16,aboba,16,seed3,16,test_loss,5,2.456057553863525
sgboba 16 abm16,aboba,16,seed3,16,test_loss,6,2.3983786617279055
sgboba 16 abm16,aboba,16,seed3,16,test_loss,7,2.323199719238281
sgboba 16 abm16,aboba,16,seed3,16,test_loss,8,2.276834533882141
sgboba 16 abm16,aboba,16,seed3,16,test_loss,9,2.2338483476638795
sgboba 16 abm16,aboba,16,seed3,16,test_loss,10,2.1481117458343504
sgboba 16 abm16,aboba,16,seed3,16,test_loss,11,2.1540838123321535
sgboba 16 abm16,aboba,16,seed3,16,test_loss,12,2.112122003364563
sgboba 16 abm16,aboba,16,seed3,16,test_loss,13,2.1072504272460937
sgboba 16 abm16,aboba,16,seed3,16,test_loss,14,2.0912889877319336
sgboba 16 abm16,aboba,16,seed3,16,test_loss,15,2.0234953245162965
sgboba 16 abm16,aboba,16,seed3,16,test_loss,16,2.012578374862671
sgboba 16 abm16,aboba,16,seed3,16,test_loss,17,1.950102076816559
sgboba 16 abm16,aboba,16,seed3,16,test_loss,18,1.9285434797286987
sgboba 16 abm16,aboba,16,seed3,16,test_loss,19,1.9250151656150818
sgboba 16 abm16,aboba,16,seed3,16,test_loss,20,1.9007661855697633
sgboba 16 abm16,aboba,16,seed3,16,test_loss,21,1.8897629368782043
sgboba 16 abm16,aboba,16,seed3,16,test_loss,22,1.882430746936798
sgboba 16 abm16,aboba,16,seed3,16,test_loss,23,1.850172717666626
sgboba 16 abm16,aboba,16,seed3,16,test_loss,24,1.8148624631881713
sgboba 16 abm16,aboba,16,seed3,16,test_loss,25,1.7986773907661437
sgboba 16 abm16,aboba,16,seed3,16,test_loss,26,1.7770239379882813
sgboba 16 abm16,aboba,16,seed3,16,test_loss,27,1.775840653324127
sgboba 16 abm16,aboba,16,seed3,16,test_loss,28,1.7572697266578674
sgboba 16 abm16,aboba,16,seed3,16,test_loss,29,1.7429344655036927
sgboba 16 abm16,aboba,16,seed3,16,test_loss,30,1.742218616771698
sgboba 16 abm16,aboba,16,seed3,16,test_loss,31,1.739646381855011
sgboba 16 abm16,aboba,16,seed3,16,test_loss,32,1.7347572492599488
sgboba 16 abm16,aboba,16,seed3,16,test_loss,33,1.7346411647796631
sgboba 16 abm16,aboba,16,seed3,16,test_loss,34,1.7324403878211976
sgboba 16 abm16,aboba,16,seed3,16,test_loss,35,1.73142864112854
sgboba 16 abm16,aboba,16,seed3,16,test_loss,36,1.7310239813804627
sgboba 16 abm16,aboba,16,seed3,16,test_loss,37,1.7312029741287231
sgboba 16 abm16,aboba,16,seed3,16,test_loss,38,1.7313108637809753
sgboba 16 abm16,aboba,16,seed3,16,test_loss,39,1.7316061588287353
sgboba 16 abm2,aboba,16,seed1,2,test_loss,0,3.9482991733551027
sgboba 16 abm2,aboba,16,seed1,2,test_loss,1,3.6611967975616455
sgboba 16 abm2,aboba,16,seed1,2,test_loss,2,3.1990166416168213
sgboba 16 abm2,aboba,16,seed1,2,test_loss,3,2.9686077186584474
sgboba 16 abm2,aboba,16,seed1,2,test_loss,4,2.7560263750076293
sgboba 16 abm2,aboba,16,seed1,2,test_loss,5,2.6596451263427734
sgboba 16 abm2,aboba,16,seed1,2,test_loss,6,2.541792493057251
sgboba 16 abm2,aboba,16,seed1,2,test_loss,7,2.6594215703964235
sgboba 16 abm2,aboba,16,seed1,2,test_loss,8,2.4660707647323608
sgboba 16 abm2,aboba,16,seed1,2,test_loss,9,2.415510536003113
sgboba 16 abm2,aboba,16,seed1,2,test_loss,10,2.4303199378967286
sgboba 16 abm2,aboba,16,seed1,2,test_loss,11,2.3385667497634888
sgboba 16 abm2,aboba,16,seed1,2,test_loss,12,2.263826547050476
sgboba 16 abm2,aboba,16,seed1,2,test_loss,13,2.1917494201660155
sgboba 16 abm2,aboba,16,seed1,2,test_loss,14,2.1431347953796385
sgboba 16 abm2,aboba,16,seed1,2,test_loss,15,2.0994980436325075
sgboba 16 abm2,aboba,16,seed1,2,test_loss,16,2.1187559894561767
sgboba 16 abm2,aboba,16,seed1,2,test_loss,17,2.043786295509338
sgboba 16 abm2,aboba,16,seed1,2,test_loss,18,2.0418109243392943
sgboba 16 abm2,aboba,16,seed1,2,test_loss,19,1.9233476011276245
sgboba 16 abm2,aboba,16,seed1,2,test_loss,20,1.9333962190628051
sgboba 16 abm2,aboba,16,seed1,2,test_loss,21,1.8963768692016603
sgboba 16 abm2,aboba,16,seed1,2,test_loss,22,1.8107378911018372
sgboba 16 abm2,aboba,16,seed1,2,test_loss,23,1.833138414478302
sgboba 16 abm2,aboba,16,seed1,2,test_loss,24,1.809056232070923
sgboba 16 abm2,aboba,16,seed1,2,test_loss,25,1.78377184009552
sgboba 16 abm2,aboba,16,seed1,2,test_loss,26,1.7654126523971558
sgboba 16 abm2,aboba,16,seed1,2,test_loss,27,1.768236083984375
sgboba 16 abm2,aboba,16,seed1,2,test_loss,28,1.7339486415863037
sgboba 16 abm2,aboba,16,seed1,2,test_loss,29,1.7004662469863892
sgboba 16 abm2,aboba,16,seed1,2,test_loss,30,1.7105284301757813
sgboba 16 abm2,aboba,16,seed1,2,test_loss,31,1.6888432906150819
sgboba 16 abm2,aboba,16,seed1,2,test_loss,32,1.6901737811088562
sgboba 16 abm2,aboba,16,seed1,2,test_loss,33,1.6785838795185088
sgboba 16 abm2,aboba,16,seed1,2,test_loss,34,1.6747718642234801
sgboba 16 abm2,aboba,16,seed1,2,test_loss,35,1.6680667539596559
sgboba 16 abm2,aboba,16,seed1,2,test_loss,36,1.6662505106925964
sgboba 16 abm2,aboba,16,seed1,2,test_loss,37,1.663981625366211
sgboba 16 abm2,aboba,16,seed1,2,test_loss,38,1.6637164726257325
sgboba 16 abm2,aboba,16,seed1,2,test_loss,39,1.6636886825084687
sgboba 16 abm2,aboba,16,seed2,2,test_loss,0,4.254816904449463
sgboba 16 abm2,aboba,16,seed2,2,test_loss,1,3.8323364562988282
sgboba 16 abm2,aboba,16,seed2,2,test_loss,2,3.6325699058532717
sgboba 16 abm2,aboba,16,seed2,2,test_loss,3,3.2978033267974856
sgboba 16 abm2,aboba,16,seed2,2,test_loss,4,2.986309886932373
sgboba 16 abm2,aboba,16,seed2,2,test_loss,5,2.8683152313232423
sgboba 16 abm2,aboba,16,seed2,2,test_loss,6,2.7297273807525633
sgboba 16 abm2,aboba,16,seed2,2,test_loss,7,2.668000134086609
sgboba 16 abm2,aboba,16,seed2,2,test_loss,8,2.6473056791305543
sgboba 16 abm2,aboba,16,seed2,2,test_loss,9,2.504465639305115
sgboba 16 abm2,aboba,16,seed2,2,test_loss,10,2.442590009307861
sgboba 16 abm2,aboba,16,seed2,2,test_loss,11,2.3859059267044067
sgboba 16 abm2,aboba,16,seed2,2,test_loss,12,2.3974272819519045
sgboba 16 abm2,aboba,16,seed2,2,test_loss,13,2.359312851715088
sgboba 16 abm2,aboba,16,seed2,2,test_loss,14,2.302355965042114
sgboba 16 abm2,aboba,16,seed2,2,test_loss,15,2.230482836151123
sgboba 16 abm2,aboba,16,seed2,2,test_loss,16,2.1869051054000854
sgboba 16 abm2,aboba,16,seed2,2,test_loss,17,2.17848514919281
sgboba 16 abm2,aboba,16,seed2,2,test_loss,18,2.1401676752090455
sgboba 16 abm2,aboba,16,seed2,2,test_loss,19,2.0741397310256957
sgboba 16 abm2,aboba,16,seed2,2,test_loss,20,2.0418218727111817
sgboba 16 abm2,aboba,16,seed2,2,test_loss,21,2.1095896003723142
sgboba 16 abm2,aboba,16,seed2,2,test_loss,22,1.9882565326690673
sgboba 16 abm2,aboba,16,seed2,2,test_loss,23,1.9460746670722961
sgboba 16 abm2,aboba,16,seed2,2,test_loss,24,1.9489474460601806
sgboba 16 abm2,aboba,16,seed2,2,test_loss,25,1.89717289686203
sgboba 16 abm2,aboba,16,seed2,2,test_loss,26,1.8981775390625
sgboba 16 abm2,aboba,16,seed2,2,test_loss,27,1.9840364831924437
sgboba 16 abm2,aboba,16,seed2,2,test_loss,28,1.834076808166504
sgboba 16 abm2,aboba,16,seed2,2,test_loss,29,1.8318244948387146
sgboba 16 abm2,aboba,16,seed2,2,test_loss,30,1.7993895195007323
sgboba 16 abm2,aboba,16,seed2,2,test_loss,31,1.7936454561233521
sgboba 16 abm2,aboba,16,seed2,2,test_loss,32,1.7784849376678467
sgboba 16 abm2,aboba,16,seed2,2,test_loss,33,1.776568908405304
sgboba 16 abm2,aboba,16,seed2,2,test_loss,34,1.7634816707611083
sgboba 16 abm2,aboba,16,seed2,2,test_loss,35,1.7616193570137024
sgboba 16 abm2,aboba,16,seed2,2,test_loss,36,1.7562191773414613
sgboba 16 abm2,aboba,16,seed2,2,test_loss,37,1.756774221801758
sgboba 16 abm2,aboba,16,seed2,2,test_loss,38,1.7541122101783753
sgboba 16 abm2,aboba,16,seed2,2,test_loss,39,1.7546471111297608
sgboba 16 abm2,aboba,16,seed3,2,test_loss,0,4.673965135955811
sgboba 16 abm2,aboba,16,seed3,2,test_loss,1,3.721558702850342
sgboba 16 abm2,aboba,16,seed3,2,test_loss,2,3.3115693565368653
sgboba 16 abm2,aboba,16,seed3,2,test_loss,3,2.9857292137145994
sgboba 16 abm2,aboba,16,seed3,2,test_loss,4,2.7712029644012453
sgboba 16 abm2,aboba,16,seed3,2,test_loss,5,2.691826272201538
sgboba 16 abm2,aboba,16,seed3,2,test_loss,6,2.5641371143341063
sgboba 16 abm2,aboba,16,seed3,2,test_loss,7,2.4704064609527587
sgboba 16 abm2,aboba,16,seed3,2,test_loss,8,2.512379224395752
sgboba 16 abm2,aboba,16,seed3,2,test_loss,9,2.402269175720215
sgboba 16 abm2,aboba,16,seed3,2,test_loss,10,2.3665063705444336
sgboba 16 abm2,aboba,16,seed3,2,test_loss,11,2.3471808139801027
sgboba 16 abm2,aboba,16,seed3,2,test_loss,12,2.285916777229309
sgboba 16 abm2,aboba,16,seed3,2,test_loss,13,2.213372274589539
sgboba 16 abm2,aboba,16,seed3,2,test_loss,14,2.0637411767959595
sgboba 16 abm2,aboba,16,seed3,2,test_loss,15,2.091427540779114
sgboba 16 abm2,aboba,16,seed3,2,test_loss,16,2.0610081897735597
sgboba 16 abm2,aboba,16,seed3,2,test_loss,17,2.130959253311157
sgboba 16 abm2,aboba,16,seed3,2,test_loss,18,2.018517625236511
sgboba 16 abm2,aboba,16,seed3,2,test_loss,19,1.962119306755066
sgboba 16 abm2,aboba,16,seed3,2,test_loss,20,1.968456132888794
sgboba 16 abm2,aboba,16,seed3,2,test_loss,21,1.915039743900299
sgboba 16 abm2,aboba,16,seed3,2,test_loss,22,1.9396293928146362
sgboba 16 abm2,aboba,16,seed3,2,test_loss,23,1.8734773840904235
sgboba 16 abm2,aboba,16,seed3,2,test_loss,24,1.8018392391204834
sgboba 16 abm2,aboba,16,seed3,2,test_loss,25,1.8324797583580017
sgboba 16 abm2,aboba,16,seed3,2,test_loss,26,1.796626763343811
sgboba 16 abm2,aboba,16,seed3,2,test_loss,27,1.7537749773979188
sgboba 16 abm2,aboba,16,seed3,2,test_loss,28,1.7322064507484436
sgboba 16 abm2,aboba,16,seed3,2,test_loss,29,1.7239374771118163
sgboba 16 abm2,aboba,16,seed3,2,test_loss,30,1.6987268007278442
sgboba 16 abm2,aboba,16,seed3,2,test_loss,31,1.6781194172859193
sgboba 16 abm2,aboba,16,seed3,2,test_loss,32,1.673587716293335
sgboba 16 abm2,aboba,16,seed3,2,test_loss,33,1.6576161534309388
sgboba 16 abm2,aboba,16,seed3,2,test_loss,34,1.6534472908973694
sgboba 16 abm2,aboba,16,seed3,2,test_loss,35,1.6530490665912627
sgboba 16 abm2,aboba,16,seed3,2,test_loss,36,1.6511733205795287
sgboba 16 abm2,aboba,16,seed3,2,test_loss,37,1.6523891856193542
sgboba 16 abm2,aboba,16,seed3,2,test_loss,38,1.6530652400016785
sgboba 16 abm2,aboba,16,seed3,2,test_loss,39,1.653152921819687
sgboba 16 abm4,aboba,16,seed1,4,test_loss,0,3.902669959640503
sgboba 16 abm4,aboba,16,seed1,4,test_loss,1,3.7096775772094728
sgboba 16 abm4,aboba,16,seed1,4,test_loss,2,2.8578800771713255
sgboba 16 abm4,aboba,16,seed1,4,test_loss,3,2.7014046049118043
sgboba 16 abm4,aboba,16,seed1,4,test_loss,4,2.558825373458862
sgboba 16 abm4,aboba,16,seed1,4,test_loss,5,2.4184031675338744
sgboba 16 abm4,aboba,16,seed1,4,test_loss,6,2.3487727169036865
sgboba 16 abm4,aboba,16,seed1,4,test_loss,7,2.3057821128845215
sgboba 16 abm4,aboba,16,seed1,4,test_loss,8,2.1815570161819458
sgboba 16 abm4,aboba,16,seed1,4,test_loss,9,2.164573976135254
sgboba 16 abm4,aboba,16,seed1,4,test_loss,10,2.081717726135254
sgboba 16 abm4,aboba,16,seed1,4,test_loss,11,2.1668235561370848
sgboba 16 abm4,aboba,16,seed1,4,test_loss,12,2.0272984407424928
sgboba 16 abm4,aboba,16,seed1,4,test_loss,13,1.9899119738578797
sgboba 16 abm4,aboba,16,seed1,4,test_loss,14,1.9614186960220337
sgboba 16 abm4,aboba,16,seed1,4,test_loss,15,2.000579408740997
sgboba 16 abm4,aboba,16,seed1,4,test_loss,16,1.9635010828971864
sgboba 16 abm4,aboba,16,seed1,4,test_loss,17,1.9155447375297547
sgboba 16 abm4,aboba,16,seed1,4,test_loss,18,1.8474239584922791
sgboba 16 abm4,aboba,16,seed1,4,test_loss,19,1.8080384854316711
sgboba 16 abm4,aboba,16,seed1,4,test_loss,20,1.8322501319885254
sgboba 16 abm4,aboba,16,seed1,4,test_loss,21,1.835597001171112
sgboba 16 abm4,aboba,16,seed1,4,test_loss,22,1.7596961946487426
sgboba 16 abm4,aboba,16,seed1,4,test_loss,23,1.7861786209106445
sgboba 16 abm4,aboba,16,seed1,4,test_loss,24,1.8063075249671936
sgboba 16 abm4,aboba,16,seed1,4,test_loss,25,1.7242985586166382
sgboba 16 abm4,aboba,16,seed1,4,test_loss,26,1.6807861731529237
sgboba 16 abm4,aboba,16,seed1,4,test_loss,27,1.694114021205902
sgboba 16 abm4,aboba,16,seed1,4,test_loss,28,1.673016445159912
sgboba 16 abm4,aboba,16,seed1,4,test_loss,29,1.6799405963897704
sgboba 16 abm4,aboba,16,seed1,4,test_loss,30,1.6601028875350952
sgboba 16 abm4,aboba,16,seed1,4,test_loss,31,1.6549571523666382
sgboba 16 abm4,aboba,16,seed1,4,test_loss,32,1.6546849864006044
sgboba 16 abm4,aboba,16,seed1,4,test_loss,33,1.641454742527008
sgboba 16 abm4,aboba,16,seed1,4,test_loss,34,1.6383975902557373
sgboba 16 abm4,aboba,16,seed1,4,test_loss,35,1.6367683697700501
sgboba 16 abm4,aboba,16,seed1,4,test_loss,36,1.6367526321411132
sgboba 16 abm4,aboba,16,seed1,4,test_loss,37,1.6369514526367188
sgboba 16 abm4,aboba,16,seed1,4,test_loss,38,1.6369707737922667
sgboba 16 abm4,aboba,16,seed1,4,test_loss,39,1.6368746690750122
sgboba 16 abm4,aboba,16,seed2,4,test_loss,0,3.791505739593506
sgboba 16 abm4,aboba,16,seed2,4,test_loss,1,3.4128390010833742
sgboba 16 abm4,aboba,16,seed2,4,test_loss,2,2.900244945907593
sgboba 16 abm4,aboba,16,seed2,4,test_loss,3,2.810463575744629
sgboba 16 abm4,aboba,16,seed2,4,test_loss,4,2.4878515508651735
sgboba 16 abm4,aboba,16,seed2,4,test_loss,5,2.4561544464111327
sgboba 16 abm4,aboba,16,seed2,4,test_loss,6,2.4028504583358763
sgboba 16 abm4,aboba,16,seed2,4,test_loss,7,2.237518620491028
sgboba 16 abm4,aboba,16,seed2,4,test_loss,8,2.220050627708435
sgboba 16 abm4,aboba,16,seed2,4,test_loss,9,2.136887914085388
sgboba 16 abm4,aboba,16,seed2,4,test_loss,10,2.071610968399048
sgboba 16 abm4,aboba,16,seed2,4,test_loss,11,2.0696653846740722
sgboba 16 abm4,aboba,16,seed2,4,test_loss,12,1.987221732711792
sgboba 16 abm4,aboba,16,seed2,4,test_loss,13,2.0110978132247923
sgboba 16 abm4,aboba,16,seed2,4,test_loss,14,1.9259216054916382
sgboba 16 abm4,aboba,16,seed2,4,test_loss,15,1.935670506286621
sgboba 16 abm4,aboba,16,seed2,4,test_loss,16,1.9331222319602965
sgboba 16 abm4,aboba,16,seed2,4,test_loss,17,1.8956572741508484
sgboba 16 abm4,aboba,16,seed2,4,test_loss,18,1.8987149547576905
sgboba 16 abm4,aboba,16,seed2,4,test_loss,19,1.8825973680496215
sgboba 16 abm4,aboba,16,seed2,4,test_loss,20,1.8603690056800841
sgboba 16 abm4,aboba,16,seed2,4,test_loss,21,1.859264523792267
sgboba 16 abm4,aboba,16,seed2,4,test_loss,22,1.8172219958305358
sgboba 16 abm4,aboba,16,seed2,4,test_loss,23,1.7606079980373384
sgboba 16 abm4,aboba,16,seed2,4,test_loss,24,1.787223450756073
sgboba 16 abm4,aboba,16,seed2,4,test_loss,25,1.7785151376724244
sgboba 16 abm4,aboba,16,seed2,4,test_loss,26,1.729688894557953
sgboba 16 abm4,aboba,16,seed2,4,test_loss,27,1.6802821814537048
sgboba 16 abm4,aboba,16,seed2,4,test_loss,28,1.6727546953201293
sgboba 16 abm4,aboba,16,seed2,4,test_loss,29,1.6549392539024352
sgboba 16 abm4,aboba,16,seed2,4,test_loss,30,1.638509075641632
sgboba 16 abm4,aboba,16,seed2,4,test_loss,31,1.6292617746829987
sgboba 16 abm4,aboba,16,seed2,4,test_loss,32,1.6154892370223999
sgboba 16 abm4,aboba,16,seed2,4,test_loss,33,1.6102596984386444
sgboba 16 abm4,aboba,16,seed2,4,test_loss,34,1.6056693939685822
sgboba 16 abm4,aboba,16,seed2,4,test_loss,35,1.606469961977005
sgboba 16 abm4,aboba,16,seed2,4,test_loss,36,1.6087362348556518
sgboba 16 abm4,aboba,16,seed2,4,test_loss,37,1.6080542471885682
sgboba 16 abm4,aboba,16,seed2,4,test_loss,38,1.6085101336479186
sgboba 16 abm4,aboba,16,seed2,4,test_loss,39,1.609026360654831
sgboba 16 abm4,aboba,16,seed3,4,test_loss,0,4.031928821945191
sgboba 16 abm4,aboba,16,seed3,4,test_loss,1,3.5988317012786863
sgboba 16 abm4,aboba,16,seed3,4,test_loss,2,3.053933903503418
sgboba 16 abm4,aboba,16,seed3,4,test_loss,3,2.744497912597656
sgboba 16 abm4,aboba,16,seed3,4,test_loss,4,2.6979699634552
sgboba 16 abm4,aboba,16,seed3,4,test_loss,5,2.5760686960220336
sgboba 16 abm4,aboba,16,seed3,4,test_loss,6,2.428882745742798
sgboba 16 abm4,aboba,16,seed3,4,test_loss,7,2.3295188976287844
sgboba 16 abm4,aboba,16,seed3,4,test_loss,8,2.2688169359207153
sgboba 16 abm4,aboba,16,seed3,4,test_loss,9,2.20957531414032
sgboba 16 abm4,aboba,16,seed3,4,test_loss,10,2.1859816007614135
sgboba 16 abm4,aboba,16,seed3,4,test_loss,11,2.1455846424102782
sgboba 16 abm4,aboba,16,seed3,4,test_loss,12,2.0535951274871826
sgboba 16 abm4,aboba,16,seed3,4,test_loss,13,2.0310700668334962
sgboba 16 abm4,aboba,16,seed3,4,test_loss,14,2.037222302055359
sgboba 16 abm4,aboba,16,seed3,4,test_loss,15,2.041013813972473
sgboba 16 abm4,aboba,16,seed3,4,test_loss,16,1.9870087960243226
sgboba 16 abm4,aboba,16,seed3,4,test_loss,17,1.9362097401618958
sgboba 16 abm4,aboba,16,seed3,4,test_loss,18,1.8847722336769104
sgboba 16 abm4,aboba,16,seed3,4,test_loss,19,1.9135985142707825
sgboba 16 abm4,aboba,16,seed3,4,test_loss,20,1.8842504923820496
sgboba 16 abm4,aboba,16,seed3,4,test_loss,21,1.8305959618568421
sgboba 16 abm4,aboba,16,seed3,4,test_loss,22,1.8025159152030945
sgboba 16 abm4,aboba,16,seed3,4,test_loss,23,1.7709706295013428
sgboba 16 abm4,aboba,16,seed3,4,test_loss,24,1.7598910655975342
sgboba 16 abm4,aboba,16,seed3,4,test_loss,25,1.7440887906074525
sgboba 16 abm4,aboba,16,seed3,4,test_loss,26,1.7282284469604492
sgboba 16 abm4,aboba,16,seed3,4,test_loss,27,1.685699076271057
sgboba 16 abm4,aboba,16,seed3,4,test_loss,28,1.6771661997795104
sgboba 16 abm4,aboba,16,seed3,4,test_loss,29,1.6840186785697937
sgboba 16 abm4,aboba,16,seed3,4,test_loss,30,1.6539473433494567
sgboba 16 abm4,aboba,16,seed3,4,test_loss,31,1.6393056761264801
sgboba 16 abm4,aboba,16,seed3,4,test_loss,32,1.63219185962677
sgboba 16 abm4,aboba,16,seed3,4,test_loss,33,1.6305209568023682
sgboba 16 abm4,aboba,16,seed3,4,test_loss,34,1.6308082508087158
sgboba 16 abm4,aboba,16,seed3,4,test_loss,35,1.6317819282054902
sgboba 16 abm4,aboba,16,seed3,4,test_loss,36,1.6310290766716002
sgboba 16 abm4,aboba,16,seed3,4,test_loss,37,1.6319082788467407
sgboba 16 abm4,aboba,16,seed3,4,test_loss,38,1.6329573100090027
sgboba 16 abm4,aboba,16,seed3,4,test_loss,39,1.6330812584400176
sgboba 16 abm8,aboba,16,seed1,8,test_loss,0,4.0547307682037355
sgboba 16 abm8,aboba,16,seed1,8,test_loss,1,4.712754581451416
sgboba 16 abm8,aboba,16,seed1,8,test_loss,2,3.1789462089538576
sgboba 16 abm8,aboba,16,seed1,8,test_loss,3,2.9980971216201784
sgboba 16 abm8,aboba,16,seed1,8,test_loss,4,2.8026000236511233
sgboba 16 abm8,aboba,16,seed1,8,test_loss,5,2.767763666152954
sgboba 16 abm8,aboba,16,seed1,8,test_loss,6,2.590931867980957
sgboba 16 abm8,aboba,16,seed1,8,test_loss,7,2.529426626586914
sgboba 16 abm8,aboba,16,seed1,8,test_loss,8,2.482224257469177
sgboba 16 abm8,aboba,16,seed1,8,test_loss,9,2.39960233669281
sgboba 16 abm8,aboba,16,seed1,8,test_loss,10,2.3288620735168455
sgboba 16 abm8,aboba,16,seed1,8,test_loss,11,2.2389498823165894
sgboba 16 abm8,aboba,16,seed1,8,test_loss,12,2.2751701580047605
sgboba 16 abm8,aboba,16,seed1,8,test_loss,13,2.219623628425598
sgboba 16 abm8,aboba,16,seed1,8,test_loss,14,2.1708738874435425
sgboba 16 abm8,aboba,16,seed1,8,test_loss,15,2.1102202598571775
sgboba 16 abm8,aboba,16,seed1,8,test_loss,16,2.1226462566375734
sgboba 16 abm8,aboba,16,seed1,8,test_loss,17,2.0793139018058775
sgboba 16 abm8,aboba,16,seed1,8,test_loss,18,2.0777239002227783
sgboba 16 abm8,aboba,16,seed1,8,test_loss,19,1.993986176109314
sgboba 16 abm8,aboba,16,seed1,8,test_loss,20,1.996826806640625
sgboba 16 abm8,aboba,16,seed1,8,test_loss,21,1.9560336456298828
sgboba 16 abm8,aboba,16,seed1,8,test_loss,22,1.9875638157844544
sgboba 16 abm8,aboba,16,seed1,8,test_loss,23,1.9031557776451111
sgboba 16 abm8,aboba,16,seed1,8,test_loss,24,1.9046035565376283
sgboba 16 abm8,aboba,16,seed1,8,test_loss,25,1.9001256813049316
sgboba 16 abm8,aboba,16,seed1,8,test_loss,26,1.8569614394187928
sgboba 16 abm8,aboba,16,seed1,8,test_loss,27,1.8541627296447754
sgboba 16 abm8,aboba,16,seed1,8,test_loss,28,1.8261464856147767
sgboba 16 abm8,aboba,16,seed1,8,test_loss,29,1.8275758442878722
sgboba 16 abm8,aboba,16,seed1,8,test_loss,30,1.8181982616424561
sgboba 16 abm8,aboba,16,seed1,8,test_loss,31,1.795565409564972
sgboba 16 abm8,aboba,16,seed1,8,test_loss,32,1.7961077960014342
sgboba 16 abm8,aboba,16,seed1,8,test_loss,33,1.7876679934501647
sgboba 16 abm8,aboba,16,seed1,8,test_loss,34,1.7866181381225585
sgboba 16 abm8,aboba,16,seed1,8,test_loss,35,1.7856745329856873
sgboba 16 abm8,aboba,16,seed1,8,test_loss,36,1.78691183052063
sgboba 16 abm8,aboba,16,seed1,8,test_loss,37,1.7874027514457702
sgboba 16 abm8,aboba,16,seed1,8,test_loss,38,1.7876272801399231
sgboba 16 abm8,aboba,16,seed1,8,test_loss,39,1.7877740578651429
sgboba 16 abm8,aboba,16,seed2,8,test_loss,0,3.93794306640625
sgboba 16 abm8,aboba,16,seed2,8,test_loss,1,3.501596153640747
sgboba 16 abm8,aboba,16,seed2,8,test_loss,2,2.915032297897339
sgboba 16 abm8,aboba,16,seed2,8,test_loss,3,2.756391121864319
sgboba 16 abm8,aboba,16,seed2,8,test_loss,4,2.5614364379882812
sgboba 16 abm8,aboba,16,seed2,8,test_loss,5,2.452099126625061
sgboba 16 abm8,aboba,16,seed2,8,test_loss,6,2.3385995910644533
sgboba 16 abm8,aboba,16,seed2,8,test_loss,7,2.2332703039169313
sgboba 16 abm8,aboba,16,seed2,8,test_loss,8,2.235528347396851
sgboba 16 abm8,aboba,16,seed2,8,test_loss,9,2.205434644126892
sgboba 16 abm8,aboba,16,seed2,8,test_loss,10,2.1374301943778993
sgboba 16 abm8,aboba,16,seed2,8,test_loss,11,2.0926913465499877
sgboba 16 abm8,aboba,16,seed2,8,test_loss,12,2.1170799615859983
sgboba 16 abm8,aboba,16,seed2,8,test_loss,13,2.071262783718109
sgboba 16 abm8,aboba,16,seed2,8,test_loss,14,2.0102214171409605
sgboba 16 abm8,aboba,16,seed2,8,test_loss,15,1.960811445426941
sgboba 16 abm8,aboba,16,seed2,8,test_loss,16,1.9620120932579042
sgboba 16 abm8,aboba,16,seed2,8,test_loss,17,1.9065137134552002
sgboba 16 abm8,aboba,16,seed2,8,test_loss,18,1.8876195717811584
sgboba 16 abm8,aboba,16,seed2,8,test_loss,19,1.8193032494544983
sgboba 16 abm8,aboba,16,seed2,8,test_loss,20,1.8375311777114869
sgboba 16 abm8,aboba,16,seed2,8,test_loss,21,1.766571321105957
sgboba 16 abm8,aboba,16,seed2,8,test_loss,22,1.802409539604187
sgboba 16 abm8,aboba,16,seed2,8,test_loss,23,1.7819744936466217
sgboba 16 abm8,aboba,16,seed2,8,test_loss,24,1.767561231136322
sgboba 16 abm8,aboba,16,seed2,8,test_loss,25,1.717624870109558
sgboba 16 abm8,aboba,16,seed2,8,test_loss,26,1.7097953335285188
sgboba 16 abm8,aboba,16,seed2,8,test_loss,27,1.6950065955638884
sgboba 16 abm8,aboba,16,seed2,8,test_loss,28,1.6889645111083984
sgboba 16 abm8,aboba,16,seed2,8,test_loss,29,1.6820383600234985
sgboba 16 abm8,aboba,16,seed2,8,test_loss,30,1.6699123307704926
sgboba 16 abm8,aboba,16,seed2,8,test_loss,31,1.6532684596538543
sgboba 16 abm8,aboba,16,seed2,8,test_loss,32,1.6551744227409362
sgboba 16 abm8,aboba,16,seed2,8,test_loss,33,1.6540542560577391
sgboba 16 abm8,aboba,16,seed2,8,test_loss,34,1.6529012293338776
sgboba 16 abm8,aboba,16,seed2,8,test_loss,35,1.6544070266723634
sgboba 16 abm8,aboba,16,seed2,8,test_loss,36,1.6547867973804473
sgboba 16 abm8,aboba,16,seed2,8,test_loss,37,1.6556611482143402
sgboba 16 abm8,aboba,16,seed2,8,test_loss,38,1.6560332549095154
sgboba 16 abm8,aboba,16,seed2,8,test_loss,39,1.6563817110538483
sgboba 16 abm8,aboba,16,seed3,8,test_loss,0,3.948489393234253
sgboba 16 abm8,aboba,16,seed3,8,test_loss,1,3.665269845199585
sgboba 16 abm8,aboba,16,seed3,8,test_loss,2,3.1096522842407226
sgboba 16 abm8,aboba,16,seed3,8,test_loss,3,2.8305950012207033
sgboba 16 abm8,aboba,16,seed3,8,test_loss,4,2.630837796211243
sgboba 16 abm8,aboba,16,seed3,8,test_loss,5,2.5455307693481446
sgboba 16 abm8,aboba,16,seed3,8,test_loss,6,2.531399522781372
sgboba 16 abm8,aboba,16,seed3,8,test_loss,7,2.404323458862305
sgboba 16 abm8,aboba,16,seed3,8,test_loss,8,2.2365279287338256
sgboba 16 abm8,aboba,16,seed3,8,test_loss,9,2.255113892555237
sgboba 16 abm8,aboba,16,seed3,8,test_loss,10,2.102374670982361
sgboba 16 abm8,aboba,16,seed3,8,test_loss,11,2.085622972679138
sgboba 16 abm8,aboba,16,seed3,8,test_loss,12,2.0263589336395262
sgboba 16 abm8,aboba,16,seed3,8,test_loss,13,2.0357911949157717
sgboba 16 abm8,aboba,16,seed3,8,test_loss,14,2.022759725666046
sgboba 16 abm8,aboba,16,seed3,8,test_loss,15,1.958717920780182
sgboba 16 abm8,aboba,16,seed3,8,test_loss,16,1.9794915244102478
sgboba 16 abm8,aboba,16,seed3,8,test_loss,17,1.9102142545700074
sgboba 16 abm8,aboba,16,seed3,8,test_loss,18,1.8780789612770081
sgboba 16 abm8,aboba,16,seed3,8,test_loss,19,1.8465981652259826
sgboba 16 abm8,aboba,16,seed3,8,test_loss,20,1.838172851753235
sgboba 16 abm8,aboba,16,seed3,8,test_loss,21,1.8316547527313232
sgboba 16 abm8,aboba,16,seed3,8,test_loss,22,1.7768593585968018
sgboba 16 abm8,aboba,16,seed3,8,test_loss,23,1.7454288659095765
sgboba 16 abm8,aboba,16,seed3,8,test_loss,24,1.7090534949302674
sgboba 16 abm8,aboba,16,seed3,8,test_loss,25,1.6918707712650298
sgboba 16 abm8,aboba,16,seed3,8,test_loss,26,1.700243406009674
sgboba 16 abm8,aboba,16,seed3,8,test_loss,27,1.6642206230163574
sgboba 16 abm8,aboba,16,seed3,8,test_loss,28,1.6354681295871734
sgboba 16 abm8,aboba,16,seed3,8,test_loss,29,1.624779795742035
sgboba 16 abm8,aboba,16,seed3,8,test_loss,30,1.6231534905433656
sgboba 16 abm8,aboba,16,seed3,8,test_loss,31,1.6247724824905396
sgboba 16 abm8,aboba,16,seed3,8,test_loss,32,1.6171660079956054
sgboba 16 abm8,aboba,16,seed3,8,test_loss,33,1.6146495347976684
sgboba 16 abm8,aboba,16,seed3,8,test_loss,34,1.612790307044983
sgboba 16 abm8,aboba,16,seed3,8,test_loss,35,1.6115799550056458
sgboba 16 abm8,aboba,16,seed3,8,test_loss,36,1.6111836194992066
sgboba 16 abm8,aboba,16,seed3,8,test_loss,37,1.6114136827468872
sgboba 16 abm8,aboba,16,seed3,8,test_loss,38,1.611385981464386
sgboba 16 abm8,aboba,16,seed3,8,test_loss,39,1.6111880932807923
sgboba 256 abm16,aboba,256,seed1,16,test_loss,0,2.394141083955765
sgboba 256 abm16,aboba,256,seed1,16,test_loss,1,1.977451691031456
sgboba 256 abm16,aboba,256,seed1,16,test_loss,2,1.8558712035417557
sgboba 256 abm16,aboba,256,seed1,16,test_loss,3,1.7282697439193726
sgboba 256 abm16,aboba,256,seed1,16,test_loss,4,1.70085466504097
sgboba 256 abm16,aboba,256,seed1,16,test_loss,5,1.7115522265434264
sgboba 256 abm16,aboba,256,seed1,16,test_loss,6,1.5968797862529756
sgboba 256 abm16,aboba,256,seed1,16,test_loss,7,1.6244311928749084
sgboba 256 abm16,aboba,256,seed1,16,test_loss,8,1.6232418954372405
sgboba 256 abm16,aboba,256,seed1,16,test_loss,9,1.6335088700056075
sgboba 256 abm16,aboba,256,seed1,16,test_loss,10,1.6462171256542206
sgboba 256 abm16,aboba,256,seed1,16,test_loss,11,1.6742738485336304
sgboba 256 abm16,aboba,256,seed1,16,test_loss,12,1.6902522772550583
sgboba 256 abm16,aboba,256,seed1,16,test_loss,13,1.698820498585701
sgboba 256 abm16,aboba,256,seed1,16,test_loss,14,1.6673434108495713
sgboba 256 abm16,aboba,256,seed1,16,test_loss,15,1.6308737486600875
sgboba 256 abm16,aboba,256,seed1,16,test_loss,16,1.6457430481910706
sgboba 256 abm16,aboba,256,seed1,16,test_loss,17,1.6652777820825577
sgboba 256 abm16,aboba,256,seed1,16,test_loss,18,1.6676231563091277
sgboba 256 abm16,aboba,256,seed1,16,test_loss,19,1.6519992530345917
sgboba 256 abm16,aboba,256,seed1,16,test_loss,20,1.6554921716451645
sgboba 256 abm16,aboba,256,seed1,16,test_loss,21,1.6404220819473267
sgboba 256 abm16,aboba,256,seed1,16,test_loss,22,1.621714848279953
sgboba 256 abm16,aboba,256,seed1,16,test_loss,23,1.6377213299274445
sgboba 256 abm16,aboba,256,seed1,16,test_loss,24,1.6259383022785188
sgboba 256 abm16,aboba,256,seed1,16,test_loss,25,1.6305974274873734
sgboba 256 abm16,aboba,256,seed1,16,test_loss,26,1.6308316797018052
sgboba 256 abm16,aboba,256,seed1,16,test_loss,27,1.6254765778779983
sgboba 256 abm16,aboba,256,seed1,16,test_loss,28,1.6223896324634552
sgboba 256 abm16,aboba,256,seed1,16,test_loss,29,1.6165028125047685
sgboba 256 abm16,aboba,256,seed1,16,test_loss,30,1.6158224552869798
sgboba 256 abm16,aboba,256,seed1,16,test_loss,31,1.6178515255451202
sgboba 256 abm16,aboba,256,seed1,16,test_loss,32,1.6165506333112716
sgboba 256 abm16,aboba,256,seed1,16,test_loss,33,1.6161362141370774
sgboba 256 abm16,aboba,256,seed1,16,test_loss,34,1.6157812029123306
sgboba 256 abm16,aboba,256,seed1,16,test_loss,35,1.6159228265285492
sgboba 256 abm16,aboba,256,seed1,16,test_loss,36,1.6160265237092972
sgboba 256 abm16,aboba,256,seed1,16,test_loss,37,1.6161279171705245
sgboba 256 abm16,aboba,256,seed1,16,test_loss,38,1.6164026409387589
sgboba 256 abm16,aboba,256,seed1,16,test_loss,39,1.616480726003647
sgboba 256 abm16,aboba,256,seed2,16,test_loss,0,2.364812618494034
sgboba 256 abm16,aboba,256,seed2,16,test_loss,1,1.949852216243744
sgboba 256 abm16,aboba,256,seed2,16,test_loss,2,1.8409676432609559
sgboba 256 abm16,aboba,256,seed2,16,test_loss,3,1.7413795083761214
sgboba 256 abm16,aboba,256,seed2,16,test_loss,4,1.7120795786380767
sgboba 256 abm16,aboba,256,seed2,16,test_loss,5,1.6479441940784454
sgboba 256 abm16,aboba,256,seed2,16,test_loss,6,1.646586674451828
sgboba 256 abm16,aboba,256,seed2,16,test_loss,7,1.601088783144951
sgboba 256 abm16,aboba,256,seed2,16,test_loss,8,1.6051420450210572
sgboba 256 abm16,aboba,256,seed2,16,test_loss,9,1.6318617016077042
sgboba 256 abm16,aboba,256,seed2,16,test_loss,10,1.6230154991149903
sgboba 256 abm16,aboba,256,seed2,16,test_loss,11,1.6347112745046615
sgboba 256 abm16,aboba,256,seed2,16,test_loss,12,1.647325614094734
sgboba 256 abm16,aboba,256,seed2,16,test_loss,13,1.6132090121507645
sgboba 256 abm16,aboba,256,seed2,16,test_loss,14,1.6509907782077788
sgboba 256 abm16,aboba,256,seed2,16,test_loss,15,1.6357006311416626
sgboba 256 abm16,aboba,256,seed2,16,test_loss,16,1.6301888674497604
sgboba 256 abm16,aboba,256,seed2,16,test_loss,17,1.6382020354270934
sgboba 256 abm16,aboba,256,seed2,16,test_loss,18,1.6268800169229507
sgboba 256 abm16,aboba,256,seed2,16,test_loss,19,1.6265715837478638
sgboba 256 abm16,aboba,256,seed2,16,test_loss,20,1.6188077837228776
sgboba 256 abm16,aboba,256,seed2,16,test_loss,21,1.6233618080615997
sgboba 256 abm16,aboba,256,seed2,16,test_loss,22,1.6169144600629806
sgboba 256 abm16,aboba,256,seed2,16,test_loss,23,1.6141053229570388
sgboba 256 abm16,aboba,256,seed2,16,test_loss,24,1.6042934894561767
sgboba 256 abm16,aboba,256,seed2,16,test_loss,25,1.6088127195835114
sgboba 256 abm16,aboba,256,seed2,16,test_loss,26,1.5989757627248764
sgboba 256 abm16,aboba,256,seed2,16,test_loss,27,1.5993009120225907
sgboba 256 abm16,aboba,256,seed2,16,test_loss,28,1.597632396221161
sgboba 256 abm16,aboba,256,seed2,16,test_loss,29,1.5953969776630401
sgboba 256 abm16,aboba,256,seed2,16,test_loss,30,1.5956401616334914
sgboba 256 abm16,aboba,256,seed2,16,test_loss,31,1.5959456712007523
sgboba 256 abm16,aboba,256,seed2,16,test_loss,32,1.5958973348140717
sgboba 256 abm16,aboba,256,seed2,16,test_loss,33,1.5956942439079285
sgboba 256 abm16,aboba,256,seed2,16,test_loss,34,1.5960438817739486
sgboba 256 abm16,aboba,256,seed2,16,test_loss,35,1.5963695377111435
sgboba 256 abm16,aboba,256,seed2,16,test_loss,36,1.5962792962789536
sgboba 256 abm16,aboba,256,seed2,16,test_loss,37,1.5968723237514495
sgboba 256 abm16,aboba,256,seed2,16,test_loss,38,1.5968341171741485
sgboba 256 abm16,aboba,256,seed2,16,test_loss,39,1.5969208329916
sgboba 256 abm16,aboba,256,seed3,16,test_loss,0,2.385318398475647
sgboba 256 abm16,aboba,256,seed3,16,test_loss,1,2.0280119627714157
sgboba 256 abm16,aboba,256,seed3,16,test_loss,2,1.865633922815323
sgboba 256 abm16,aboba,256,seed3,16,test_loss,3,1.7490877628326416
sgboba 256 abm16,aboba,256,seed3,16,test_loss,4,1.7187876611948014
sgboba 256 abm16,aboba,256,seed3,16,test_loss,5,1.6784618109464646
sgboba 256 abm16,aboba,256,seed3,16,test_loss,6,1.6599394977092743
sgboba 256 abm16,aboba,256,seed3,16,test_loss,7,1.6498276561498642
sgboba 256 abm16,aboba,256,seed3,16,test_loss,8,1.6118470162153244
sgboba 256 abm16,aboba,256,seed3,16,test_loss,9,1.6279973804950714
sgboba 256 abm16,aboba,256,seed3,16,test_loss,10,1.653675016760826
sgboba 256 abm16,aboba,256,seed3,16,test_loss,11,1.6186693638563157
sgboba 256 abm16,aboba,256,seed3,16,test_loss,12,1.6371088296175003
sgboba 256 abm16,aboba,256,seed3,16,test_loss,13,1.6549495130777359
sgboba 256 abm16,aboba,256,seed3,16,test_loss,14,1.658963531255722
sgboba 256 abm16,aboba,256,seed3,16,test_loss,15,1.6310553193092345
sgboba 256 abm16,aboba,256,seed3,16,test_loss,16,1.6425982296466828
sgboba 256 abm16,aboba,256,seed3,16,test_loss,17,1.634687739610672
sgboba 256 abm16,aboba,256,seed3,16,test_loss,18,1.6200114071369172
sgboba 256 abm16,aboba,256,seed3,16,test_loss,19,1.626317983865738
sgboba 256 abm16,aboba,256,seed3,16,test_loss,20,1.6174342840909959
sgboba 256 abm16,aboba,256,seed3,16,test_loss,21,1.6137850642204286
sgboba 256 abm16,aboba,256,seed3,16,test_loss,22,1.5986060351133347
sgboba 256 abm16,aboba,256,seed3,16,test_loss,23,1.5912854313850402
sgboba 256 abm16,aboba,256,seed3,16,test_loss,24,1.5988446801900864
sgboba 256 abm16,aboba,256,seed3,16,test_loss,25,1.5981541126966476
sgboba 256 abm16,aboba,256,seed3,16,test_loss,26,1.595135471224785
sgboba 256 abm16,aboba,256,seed3,16,test_loss,27,1.5964925438165665
sgboba 256 abm16,aboba,256,seed3,16,test_loss,28,1.5945043683052063
sgboba 256 abm16,aboba,256,seed3,16,test_loss,29,1.5971249848604203
sgboba 256 abm16,aboba,256,seed3,16,test_loss,30,1.597449541091919
sgboba 256 abm16,aboba,256,seed3,16,test_loss,31,1.5976777762174605
sgboba 256 abm16,aboba,256,seed3,16,test_loss,32,1.5966494977474213
sgboba 256 abm16,aboba,256,seed3,16,test_loss,33,1.595912179350853
sgboba 256 abm16,aboba,256,seed3,16,test_loss,34,1.5957384616136552
sgboba 256 abm16,aboba,256,seed3,16,test_loss,35,1.5960237562656403
sgboba 256 abm16,aboba,256,seed3,16,test_loss,36,1.5957475274801254
sgboba 256 abm16,aboba,256,seed3,16,test_loss,37,1.5957118809223174
sgboba 256 abm16,aboba,256,seed3,16,test_loss,38,1.5958268821239472
sgboba 256 abm16,aboba,256,seed3,16,test_loss,39,1.5959804862737657
sgboba 256 abm2,aboba,256,seed1,2,test_loss,0,2.3858785688877107
sgboba 256 abm2,aboba,256,seed1,2,test_loss,1,1.9786026895046234
sgboba 256 abm2,aboba,256,seed1,2,test_loss,2,4.1828755855560305
sgboba 256 abm2,aboba,256,seed1,2,test_loss,3,2.708967959880829
sgboba 256 abm2,aboba,256,seed1,2,test_loss,4,2.559378868341446
sgboba 256 abm2,aboba,256,seed1,2,test_loss,5,2.307254284620285
sgboba 256 abm2,aboba,256,seed1,2,test_loss,6,2.234360080957413
sgboba 256 abm2,aboba,256,seed1,2,test_loss,7,2.1605825662612914
sgboba 256 abm2,aboba,256,seed1,2,test_loss,8,2.079441484808922
sgboba 256 abm2,aboba,256,seed1,2,test_loss,9,2.059806326031685
sgboba 256 abm2,aboba,256,seed1,2,test_loss,10,1.9861151456832886
sgboba 256 abm2,aboba,256,seed1,2,test_loss,11,1.9751383423805238
sgboba 256 abm2,aboba,256,seed1,2,test_loss,12,2.0522510409355164
sgboba 256 abm2,aboba,256,seed1,2,test_loss,13,1.9786468237638473
sgboba 256 abm2,aboba,256,seed1,2,test_loss,14,1.8774312287569046
sgboba 256 abm2,aboba,256,seed1,2,test_loss,15,1.9318566650152207
sgboba 256 abm2,aboba,256,seed1,2,test_loss,16,1.8768203556537628
sgboba 256 abm2,aboba,256,seed1,2,test_loss,17,1.8209609776735305
sgboba 256 abm2,aboba,256,seed1,2,test_loss,18,1.798870223760605
sgboba 256 abm2,aboba,256,seed1,2,test_loss,19,1.7429442286491394
sgboba 256 abm2,aboba,256,seed1,2,test_loss,20,1.7224983274936676
sgboba 256 abm2,aboba,256,seed1,2,test_loss,21,1.71097891330719
sgboba 256 abm2,aboba,256,seed1,2,test_loss,22,1.6936631143093108
sgboba 256 abm2,aboba,256,seed1,2,test_loss,23,1.6787542134523392
sgboba 256 abm2,aboba,256,seed1,2,test_loss,24,1.6502198725938797
sgboba 256 abm2,aboba,256,seed1,2,test_loss,25,1.6183766722679138
sgboba 256 abm2,aboba,256,seed1,2,test_loss,26,1.6124865889549256
sgboba 256 abm2,aboba,256,seed1,2,test_loss,27,1.594432333111763
sgboba 256 abm2,aboba,256,seed1,2,test_loss,28,1.5809670835733414
sgboba 256 abm2,aboba,256,seed1,2,test_loss,29,1.556617519259453
sgboba 256 abm2,aboba,256,seed1,2,test_loss,30,1.5553554505109788
sgboba 256 abm2,aboba,256,seed1,2,test_loss,31,1.5487151056528092
sgboba 256 abm2,aboba,256,seed1,2,test_loss,32,1.5512044310569764
sgboba 256 abm2,aboba,256,seed1,2,test_loss,33,1.5459868907928467
sgboba 256 abm2,aboba,256,seed1,2,test_loss,34,1.5368376970291138
sgboba 256 abm2,aboba,256,seed1,2,test_loss,35,1.5376130253076554
sgboba 256 abm2,aboba,256,seed1,2,test_loss,36,1.5390086203813553
sgboba 256 abm2,aboba,256,seed1,2,test_loss,37,1.539241799712181
sgboba 256 abm2,aboba,256,seed1,2,test_loss,38,1.5392149806022644
sgboba 256 abm2,aboba,256,seed1,2,test_loss,39,1.538900873064995
sgboba 256 abm2,aboba,256,seed2,2,test_loss,0,2.4002305567264557
sgboba 256 abm2,aboba,256,seed2,2,test_loss,1,1.9786193281412126
sgboba 256 abm2,aboba,256,seed2,2,test_loss,2,2.513388383388519
sgboba 256 abm2,aboba,256,seed2,2,test_loss,3,2.8567258477211
sgboba 256 abm2,aboba,256,seed2,2,test_loss,4,2.368657648563385
sgboba 256 abm2,aboba,256,seed2,2,test_loss,5,2.2914647459983826
sgboba 256 abm2,aboba,256,seed2,2,test_loss,6,2.1782110661268232
sgboba 256 abm2,aboba,256,seed2,2,test_loss,7,2.1316793292760847
sgboba 256 abm2,aboba,256,seed2,2,test_loss,8,2.0490670293569564
sgboba 256 abm2,aboba,256,seed2,2,test_loss,9,2.0115407526493074
sgboba 256 abm2,aboba,256,seed2,2,test_loss,10,2.0728915125131606
sgboba 256 abm2,aboba,256,seed2,2,test_loss,11,1.9454975605010987
sgboba 256 abm2,aboba,256,seed2,2,test_loss,12,2.029940202832222
sgboba 256 abm2,aboba,256,seed2,2,test_loss,13,1.898250162601471
sgboba 256 abm2,aboba,256,seed2,2,test_loss,14,1.896422192454338
sgboba 256 abm2,aboba,256,seed2,2,test_loss,15,1.8828298032283783
sgboba 256 abm2,aboba,256,seed2,2,test_loss,16,1.7733191281557084
sgboba 256 abm2,aboba,256,seed2,2,test_loss,17,1.7684941202402116
sgboba 256 abm2,aboba,256,seed2,2,test_loss,18,1.7632474303245544
sgboba 256 abm2,aboba,256,seed2,2,test_loss,19,1.7895249009132386
sgboba 256 abm2,aboba,256,seed2,2,test_loss,20,1.7327894032001496
sgboba 256 abm2,aboba,256,seed2,2,test_loss,21,1.7388982802629471
sgboba 256 abm2,aboba,256,seed2,2,test_loss,22,1.6748439371585846
sgboba 256 abm2,aboba,256,seed2,2,test_loss,23,1.6859480381011962
sgboba 256 abm2,aboba,256,seed2,2,test_loss,24,1.6570465743541718
sgboba 256 abm2,aboba,256,seed2,2,test_loss,25,1.6581187754869462
sgboba 256 abm2,aboba,256,seed2,2,test_loss,26,1.6428996682167054
sgboba 256 abm2,aboba,256,seed2,2,test_loss,27,1.6197498351335526
sgboba 256 abm2,aboba,256,seed2,2,test_loss,28,1.5676783710718154
sgboba 256 abm2,aboba,256,seed2,2,test_loss,29,1.5676639765501021
sgboba 256 abm2,aboba,256,seed2,2,test_loss,30,1.5787371963262558
sgboba 256 abm2,aboba,256,seed2,2,test_loss,31,1.5591737389564515
sgboba 256 abm2,aboba,256,seed2,2,test_loss,32,1.552342176437378
sgboba 256 abm2,aboba,256,seed2,2,test_loss,33,1.5461784839630126
sgboba 256 abm2,aboba,256,seed2,2,test_loss,34,1.5361305564641952
sgboba 256 abm2,aboba,256,seed2,2,test_loss,35,1.5363407641649247
sgboba 256 abm2,aboba,256,seed2,2,test_loss,36,1.537100949883461
sgboba 256 abm2,aboba,256,seed2,2,test_loss,37,1.5358468264341354
sgboba 256 abm2,aboba,256,seed2,2,test_loss,38,1.5365612983703614
sgboba 256 abm2,aboba,256,seed2,2,test_loss,39,1.5368207007646562
sgboba 256 abm2,aboba,256,seed3,2,test_loss,0,2.37803475856781
sgboba 256 abm2,aboba,256,seed3,2,test_loss,1,1.990919154882431
sgboba 256 abm2,aboba,256,seed3,2,test_loss,2,2.8088958740234373
sgboba 256 abm2,aboba,256,seed3,2,test_loss,3,3.0501454889774324
sgboba 256 abm2,aboba,256,seed3,2,test_loss,4,2.6244982302188875
sgboba 256 abm2,aboba,256,seed3,2,test_loss,5,2.58001549243927
sgboba 256 abm2,aboba,256,seed3,2,test_loss,6,2.3572107017040254
sgboba 256 abm2,aboba,256,seed3,2,test_loss,7,2.2617792546749116
sgboba 256 abm2,aboba,256,seed3,2,test_loss,8,2.1995676517486573
sgboba 256 abm2,aboba,256,seed3,2,test_loss,9,2.1768177092075347
sgboba 256 abm2,aboba,256,seed3,2,test_loss,10,2.09253391623497
sgboba 256 abm2,aboba,256,seed3,2,test_loss,11,2.038901287317276
sgboba 256 abm2,aboba,256,seed3,2,test_loss,12,2.0317394733428955
sgboba 256 abm2,aboba,256,seed3,2,test_loss,13,2.0699760168790817
sgboba 256 abm2,aboba,256,seed3,2,test_loss,14,1.9552320957183837
sgboba 256 abm2,aboba,256,seed3,2,test_loss,15,1.9100687503814697
sgboba 256 abm2,aboba,256,seed3,2,test_loss,16,1.9066618353128433
sgboba 256 abm2,aboba,256,seed3,2,test_loss,17,1.8685627460479737
sgboba 256 abm2,aboba,256,seed3,2,test_loss,18,1.856501078605652
sgboba 256 abm2,aboba,256,seed3,2,test_loss,19,1.8263908118009566
sgboba 256 abm2,aboba,256,seed3,2,test_loss,20,1.8326224654912948
sgboba 256 abm2,aboba,256,seed3,2,test_loss,21,1.8277785539627076
sgboba 256 abm2,aboba,256,seed3,2,test_loss,22,1.8250414937734605
sgboba 256 abm2,aboba,256,seed3,2,test_loss,23,1.7833632171154021
sgboba 256 abm2,aboba,256,seed3,2,test_loss,24,1.694182088971138
sgboba 256 abm2,aboba,256,seed3,2,test_loss,25,1.6754916459321976
sgboba 256 abm2,aboba,256,seed3,2,test_loss,26,1.6718809694051742
sgboba 256 abm2,aboba,256,seed3,2,test_loss,27,1.6677794635295868
sgboba 256 abm2,aboba,256,seed3,2,test_loss,28,1.642262527346611
sgboba 256 abm2,aboba,256,seed3,2,test_loss,29,1.6119113594293595
sgboba 256 abm2,aboba,256,seed3,2,test_loss,30,1.5874979436397552
sgboba 256 abm2,aboba,256,seed3,2,test_loss,31,1.5840335607528686
sgboba 256 abm2,aboba,256,seed3,2,test_loss,32,1.5663041830062867
sgboba 256 abm2,aboba,256,seed3,2,test_loss,33,1.5655809849500657
sgboba 256 abm2,aboba,256,seed3,2,test_loss,34,1.562029278278351
sgboba 256 abm2,aboba,256,seed3,2,test_loss,35,1.561059471964836
sgboba 256 abm2,aboba,256,seed3,2,test_loss,36,1.5614282071590424
sgboba 256 abm2,aboba,256,seed3,2,test_loss,37,1.5612342357635498
sgboba 256 abm2,aboba,256,seed3,2,test_loss,38,1.5609083652496338
sgboba 256 abm2,aboba,256,seed3,2,test_loss,39,1.5606528103351593
sgboba 256 abm4,aboba,256,seed1,4,test_loss,0,2.4179385125637056
sgboba 256 abm4,aboba,256,seed1,4,test_loss,1,1.9933594405651092
sgboba 256 abm4,aboba,256,seed1,4,test_loss,2,2.0825304865837095
sgboba 256 abm4,aboba,256,seed1,4,test_loss,3,1.9631213933229446
sgboba 256 abm4,aboba,256,seed1,4,test_loss,4,1.9756619453430175
sgboba 256 abm4,aboba,256,seed1,4,test_loss,5,1.8965993791818618
sgboba 256 abm4,aboba,256,seed1,4,test_loss,6,1.8533079832792283
sgboba 256 abm4,aboba,256,seed1,4,test_loss,7,1.8245328485965728
sgboba 256 abm4,aboba,256,seed1,4,test_loss,8,1.836331954598427
sgboba 256 abm4,aboba,256,seed1,4,test_loss,9,1.777034205198288
sgboba 256 abm4,aboba,256,seed1,4,test_loss,10,1.8429377853870392
sgboba 256 abm4,aboba,256,seed1,4,test_loss,11,1.8268981665372848
sgboba 256 abm4,aboba,256,seed1,4,test_loss,12,1.7612955421209335
sgboba 256 abm4,aboba,256,seed1,4,test_loss,13,1.7404280960559846
sgboba 256 abm4,aboba,256,seed1,4,test_loss,14,1.7508371502161026
sgboba 256 abm4,aboba,256,seed1,4,test_loss,15,1.7772070616483688
sgboba 256 abm4,aboba,256,seed1,4,test_loss,16,1.7084935545921325
sgboba 256 abm4,aboba,256,seed1,4,test_loss,17,1.7095848470926285
sgboba 256 abm4,aboba,256,seed1,4,test_loss,18,1.7440630108118058
sgboba 256 abm4,aboba,256,seed1,4,test_loss,19,1.6513622552156448
sgboba 256 abm4,aboba,256,seed1,4,test_loss,20,1.71647147834301
sgboba 256 abm4,aboba,256,seed1,4,test_loss,21,1.682348519563675
sgboba 256 abm4,aboba,256,seed1,4,test_loss,22,1.599739933013916
sgboba 256 abm4,aboba,256,seed1,4,test_loss,23,1.6234266579151153
sgboba 256 abm4,aboba,256,seed1,4,test_loss,24,1.5664072901010513
sgboba 256 abm4,aboba,256,seed1,4,test_loss,25,1.5729295551776885
sgboba 256 abm4,aboba,256,seed1,4,test_loss,26,1.5470905393362044
sgboba 256 abm4,aboba,256,seed1,4,test_loss,27,1.5407973229885101
sgboba 256 abm4,aboba,256,seed1,4,test_loss,28,1.5319491058588028
sgboba 256 abm4,aboba,256,seed1,4,test_loss,29,1.5364768534898758
sgboba 256 abm4,aboba,256,seed1,4,test_loss,30,1.5310262054204942
sgboba 256 abm4,aboba,256,seed1,4,test_loss,31,1.5272146075963975
sgboba 256 abm4,aboba,256,seed1,4,test_loss,32,1.5229014217853547
sgboba 256 abm4,aboba,256,seed1,4,test_loss,33,1.520787885785103
sgboba 256 abm4,aboba,256,seed1,4,test_loss,34,1.519392302632332
sgboba 256 abm4,aboba,256,seed1,4,test_loss,35,1.5168521285057068
sgboba 256 abm4,aboba,256,seed1,4,test_loss,36,1.516806986927986
sgboba 256 abm4,aboba,256,seed1,4,test_loss,37,1.5165738016366959
sgboba 256 abm4,aboba,256,seed1,4,test_loss,38,1.5163711696863174
sgboba 256 abm4,aboba,256,seed1,4,test_loss,39,1.516040524840355
sgboba 256 abm4,aboba,256,seed2,4,test_loss,0,2.37308669090271
sgboba 256 abm4,aboba,256,seed2,4,test_loss,1,1.9583633869886399
sgboba 256 abm4,aboba,256,seed2,4,test_loss,2,2.105791527032852
sgboba 256 abm4,aboba,256,seed2,4,test_loss,3,2.0919797748327253
sgboba 256 abm4,aboba,256,seed2,4,test_loss,4,1.9415339827537537
sgboba 256 abm4,aboba,256,seed2,4,test_loss,5,1.8891906291246414
sgboba 256 abm4,aboba,256,seed2,4,test_loss,6,1.8307669818401338
sgboba 256 abm4,aboba,256,seed2,4,test_loss,7,1.7914794981479645
sgboba 256 abm4,aboba,256,seed2,4,test_loss,8,1.7415261328220368
sgboba 256 abm4,aboba,256,seed2,4,test_loss,9,1.8418215364217758
sgboba 256 abm4,aboba,256,seed2,4,test_loss,10,1.827925905585289
sgboba 256 abm4,aboba,256,seed2,4,test_loss,11,1.7902448773384094
sgboba 256 abm4,aboba,256,seed2,4,test_loss,12,1.7345439434051513
sgboba 256 abm4,aboba,256,seed2,4,test_loss,13,1.7777914434671402
sgboba 256 abm4,aboba,256,seed2,4,test_loss,14,1.7422567695379256
sgboba 256 abm4,aboba,256,seed2,4,test_loss,15,1.675271850824356
sgboba 256 abm4,aboba,256,seed2,4,test_loss,16,1.7294657558202744
sgboba 256 abm4,aboba,256,seed2,4,test_loss,17,1.6897710055112838
sgboba 256 abm4,aboba,256,seed2,4,test_loss,18,1.7051397114992142
sgboba 256 abm4,aboba,256,seed2,4,test_loss,19,1.733968260884285
sgboba 256 abm4,aboba,256,seed2,4,test_loss,20,1.6915620774030686
sgboba 256 abm4,aboba,256,seed2,4,test_loss,21,1.7117402970790863
sgboba 256 abm4,aboba,256,seed2,4,test_loss,22,1.634098407626152
sgboba 256 abm4,aboba,256,seed2,4,test_loss,23,1.6487426787614823
sgboba 256 abm4,aboba,256,seed2,4,test_loss,24,1.6028230100870133
sgboba 256 abm4,aboba,256,seed2,4,test_loss,25,1.5750151693820953
sgboba 256 abm4,aboba,256,seed2,4,test_loss,26,1.5544897317886353
sgboba 256 abm4,aboba,256,seed2,4,test_loss,27,1.5315951853990555
sgboba 256 abm4,aboba,256,seed2,4,test_loss,28,1.524429866671562
sgboba 256 abm4,aboba,256,seed2,4,test_loss,29,1.5114799290895462
sgboba 256 abm4,aboba,256,seed2,4,test_loss,30,1.511924719810486
sgboba 256 abm4,aboba,256,seed2,4,test_loss,31,1.5109834134578706
sgboba 256 abm4,aboba,256,seed2,4,test_loss,32,1.5109462082386016
sgboba 256 abm4,aboba,256,seed2,4,test_loss,33,1.5071509242057801
sgboba 256 abm4,aboba,256,seed2,4,test_loss,34,1.5028037250041961
sgboba 256 abm4,aboba,256,seed2,4,test_loss,35,1.5040416687726974
sgboba 256 abm4,aboba,256,seed2,4,test_loss,36,1.501202616095543
sgboba 256 abm4,aboba,256,seed2,4,test_loss,37,1.5013428628444672
sgboba 256 abm4,aboba,256,seed2,4,test_loss,38,1.500973042845726
sgboba 256 abm4,aboba,256,seed2,4,test_loss,39,1.5010152339935303
sgboba 256 abm4,aboba,256,seed3,4,test_loss,0,2.430056858062744
sgboba 256 abm4,aboba,256,seed3,4,test_loss,1,2.007864585518837
sgboba 256 abm4,aboba,256,seed3,4,test_loss,2,2.0977293133735655
sgboba 256 abm4,aboba,256,seed3,4,test_loss,3,2.0459000915288925
sgboba 256 abm4,aboba,256,seed3,4,test_loss,4,2.072062370181084
sgboba 256 abm4,aboba,256,seed3,4,test_loss,5,1.8920254200696944
sgboba 256 abm4,aboba,256,seed3,4,test_loss,6,1.8219452440738677
sgboba 256 abm4,aboba,256,seed3,4,test_loss,7,1.8677627474069596
sgboba 256 abm4,aboba,256,seed3,4,test_loss,8,1.8607898503541946
sgboba 256 abm4,aboba,256,seed3,4,test_loss,9,1.8278643816709519
sgboba 256 abm4,aboba,256,seed3,4,test_loss,10,1.7902938425540924
sgboba 256 abm4,aboba,256,seed3,4,test_loss,11,1.8083063125610352
sgboba 256 abm4,aboba,256,seed3,4,test_loss,12,1.785102093219757
sgboba 256 abm4,aboba,256,seed3,4,test_loss,13,1.8087697207927704
sgboba 256 abm4,aboba,256,seed3,4,test_loss,14,1.7842156261205673
sgboba 256 abm4,aboba,256,seed3,4,test_loss,15,1.8296271085739135
sgboba 256 abm4,aboba,256,seed3,4,test_loss,16,1.7218373000621796
sgboba 256 abm4,aboba,256,seed3,4,test_loss,17,1.7272272020578385
sgboba 256 abm4,aboba,256,seed3,4,test_loss,18,1.6800732642412186
sgboba 256 abm4,aboba,256,seed3,4,test_loss,19,1.7381488531827927
sgboba 256 abm4,aboba,256,seed3,4,test_loss,20,1.7630718022584915
sgboba 256 abm4,aboba,256,seed3,4,test_loss,21,1.6650912851095199
sgboba 256 abm4,aboba,256,seed3,4,test_loss,22,1.6536060482263566
sgboba 256 abm4,aboba,256,seed3,4,test_loss,23,1.6073092192411422
sgboba 256 abm4,aboba,256,seed3,4,test_loss,24,1.5806872338056563
sgboba 256 abm4,aboba,256,seed3,4,test_loss,25,1.5860865324735642
sgboba 256 abm4,aboba,256,seed3,4,test_loss,26,1.5488313138484955
sgboba 256 abm4,aboba,256,seed3,4,test_loss,27,1.5334471195936203
sgboba 256 abm4,aboba,256,seed3,4,test_loss,28,1.5199041724205018
sgboba 256 abm4,aboba,256,seed3,4,test_loss,29,1.5077737420797348
sgboba 256 abm4,aboba,256,seed3,4,test_loss,30,1.504035547375679
sgboba 256 abm4,aboba,256,seed3,4,test_loss,31,1.4950619161128997
sgboba 256 abm4,aboba,256,seed3,4,test_loss,32,1.4942012846469879
sgboba 256 abm4,aboba,256,seed3,4,test_loss,33,1.4893575876951217
sgboba 256 abm4,aboba,256,seed3,4,test_loss,34,1.4879541128873826
sgboba 256 abm4,aboba,256,seed3,4,test_loss,35,1.4892368197441102
sgboba 256 abm4,aboba,256,seed3,4,test_loss,36,1.4891763865947723
sgboba 256 abm4,aboba,256,seed3,4,test_loss,37,1.4883060306310654
sgboba 256 abm4,aboba,256,seed3,4,test_loss,38,1.4885347843170167
sgboba 256 abm4,aboba,256,seed3,4,test_loss,39,1.4885587513446807
sgboba 256 abm8,aboba,256,seed1,8,test_loss,0,2.373391216993332
sgboba 256 abm8,aboba,256,seed1,8,test_loss,1,2.015276849269867
sgboba 256 abm8,aboba,256,seed1,8,test_loss,2,1.961350667476654
sgboba 256 abm8,aboba,256,seed1,8,test_loss,3,1.8149520337581635
sgboba 256 abm8,aboba,256,seed1,8,test_loss,4,1.7414600819349288
sgboba 256 abm8,aboba,256,seed1,8,test_loss,5,1.713096472620964
sgboba 256 abm8,aboba,256,seed1,8,test_loss,6,1.7074759155511856
sgboba 256 abm8,aboba,256,seed1,8,test_loss,7,1.6984196722507476
sgboba 256 abm8,aboba,256,seed1,8,test_loss,8,1.65300951898098
sgboba 256 abm8,aboba,256,seed1,8,test_loss,9,1.7070165902376175
sgboba 256 abm8,aboba,256,seed1,8,test_loss,10,1.6706652909517288
sgboba 256 abm8,aboba,256,seed1,8,test_loss,11,1.6649808794260026
sgboba 256 abm8,aboba,256,seed1,8,test_loss,12,1.6437668159604073
sgboba 256 abm8,aboba,256,seed1,8,test_loss,13,1.659240859746933
sgboba 256 abm8,aboba,256,seed1,8,test_loss,14,1.6209216922521592
sgboba 256 abm8,aboba,256,seed1,8,test_loss,15,1.6314697921276093
sgboba 256 abm8,aboba,256,seed1,8,test_loss,16,1.6127011716365813
sgboba 256 abm8,aboba,256,seed1,8,test_loss,17,1.6056142926216126
sgboba 256 abm8,aboba,256,seed1,8,test_loss,18,1.629516988992691
sgboba 256 abm8,aboba,256,seed1,8,test_loss,19,1.6106719970703125
sgboba 256 abm8,aboba,256,seed1,8,test_loss,20,1.6003572940826416
sgboba 256 abm8,aboba,256,seed1,8,test_loss,21,1.609903836250305
sgboba 256 abm8,aboba,256,seed1,8,test_loss,22,1.5851932734251022
sgboba 256 abm8,aboba,256,seed1,8,test_loss,23,1.576000100374222
sgboba 256 abm8,aboba,256,seed1,8,test_loss,24,1.591383582353592
sgboba 256 abm8,aboba,256,seed1,8,test_loss,25,1.5562044382095337
sgboba 256 abm8,aboba,256,seed1,8,test_loss,26,1.5478210389614104
sgboba 256 abm8,aboba,256,seed1,8,test_loss,27,1.5383503168821335
sgboba 256 abm8,aboba,256,seed1,8,test_loss,28,1.5324503481388092
sgboba 256 abm8,aboba,256,seed1,8,test_loss,29,1.5241214275360107
sgboba 256 abm8,aboba,256,seed1,8,test_loss,30,1.5250520288944245
sgboba 256 abm8,aboba,256,seed1,8,test_loss,31,1.5237281620502472
sgboba 256 abm8,aboba,256,seed1,8,test_loss,32,1.5194946616888045
sgboba 256 abm8,aboba,256,seed1,8,test_loss,33,1.521066153049469
sgboba 256 abm8,aboba,256,seed1,8,test_loss,34,1.521095472574234
sgboba 256 abm8,aboba,256,seed1,8,test_loss,35,1.5203788965940475
sgboba 256 abm8,aboba,256,seed1,8,test_loss,36,1.5208327233791352
sgboba 256 abm8,aboba,256,seed1,8,test_loss,37,1.520921030640602
sgboba 256 abm8,aboba,256,seed1,8,test_loss,38,1.520963642001152
sgboba 256 abm8,aboba,256,seed1,8,test_loss,39,1.520924586057663
sgboba 256 abm8,aboba,256,seed2,8,test_loss,0,2.36450052857399
sgboba 256 abm8,aboba,256,seed2,8,test_loss,1,1.9597450256347657
sgboba 256 abm8,aboba,256,seed2,8,test_loss,2,1.954561311006546
sgboba 256 abm8,aboba,256,seed2,8,test_loss,3,1.798028102517128
sgboba 256 abm8,aboba,256,seed2,8,test_loss,4,1.781955173611641
sgboba 256 abm8,aboba,256,seed2,8,test_loss,5,1.713221049308777
sgboba 256 abm8,aboba,256,seed2,8,test_loss,6,1.7556534320116044
sgboba 256 abm8,aboba,256,seed2,8,test_loss,7,1.7113317459821702
sgboba 256 abm8,aboba,256,seed2,8,test_loss,8,1.6775133550167083
sgboba 256 abm8,aboba,256,seed2,8,test_loss,9,1.6519218862056733
sgboba 256 abm8,aboba,256,seed2,8,test_loss,10,1.6823589086532593
sgboba 256 abm8,aboba,256,seed2,8,test_loss,11,1.6689400762319564
sgboba 256 abm8,aboba,256,seed2,8,test_loss,12,1.6478584349155425
sgboba 256 abm8,aboba,256,seed2,8,test_loss,13,1.7368320256471634
sgboba 256 abm8,aboba,256,seed2,8,test_loss,14,1.6735076606273651
sgboba 256 abm8,aboba,256,seed2,8,test_loss,15,1.6892453879117966
sgboba 256 abm8,aboba,256,seed2,8,test_loss,16,1.612253698706627
sgboba 256 abm8,aboba,256,seed2,8,test_loss,17,1.671258318424225
sgboba 256 abm8,aboba,256,seed2,8,test_loss,18,1.6283564805984496
sgboba 256 abm8,aboba,256,seed2,8,test_loss,19,1.6470089107751846
sgboba 256 abm8,aboba,256,seed2,8,test_loss,20,1.6244804352521895
sgboba 256 abm8,aboba,256,seed2,8,test_loss,21,1.5953509777784347
sgboba 256 abm8,aboba,256,seed2,8,test_loss,22,1.5886743366718292
sgboba 256 abm8,aboba,256,seed2,8,test_loss,23,1.589410987496376
sgboba 256 abm8,aboba,256,seed2,8,test_loss,24,1.5679239690303803
sgboba 256 abm8,aboba,256,seed2,8,test_loss,25,1.5474715322256087
sgboba 256 abm8,aboba,256,seed2,8,test_loss,26,1.5433392643928527
sgboba 256 abm8,aboba,256,seed2,8,test_loss,27,1.5278866022825242
sgboba 256 abm8,aboba,256,seed2,8,test_loss,28,1.5325413197278976
sgboba 256 abm8,aboba,256,seed2,8,test_loss,29,1.5280617892742157
sgboba 256 abm8,aboba,256,seed2,8,test_loss,30,1.52441925406456
sgboba 256 abm8,aboba,256,seed2,8,test_loss,31,1.5228494107723236
sgboba 256 abm8,aboba,256,seed2,8,test_loss,32,1.5213021278381347
sgboba 256 abm8,aboba,256,seed2,8,test_loss,33,1.5235190361738205
sgboba 256 abm8,aboba,256,seed2,8,test_loss,34,1.5228347420692443
sgboba 256 abm8,aboba,256,seed2,8,test_loss,35,1.5224973142147065
sgboba 256 abm8,aboba,256,seed2,8,test_loss,36,1.5223207741975784
sgboba 256 abm8,aboba,256,seed2,8,test_loss,37,1.5225433915853501
sgboba 256 abm8,aboba,256,seed2,8,test_loss,38,1.5225632280111312
sgboba 256 abm8,aboba,256,seed2,8,test_loss,39,1.5225560873746873
sgboba 256 abm8,aboba,256,seed3,8,test_loss,0,2.3807865023612975
sgboba 256 abm8,aboba,256,seed3,8,test_loss,1,2.0530299723148344
sgboba 256 abm8,aboba,256,seed3,8,test_loss,2,1.9530137300491333
sgboba 256 abm8,aboba,256,seed3,8,test_loss,3,1.8473486483097077
sgboba 256 abm8,aboba,256,seed3,8,test_loss,4,1.7828547745943069
sgboba 256 abm8,aboba,256,seed3,8,test_loss,5,1.7580914676189423
sgboba 256 abm8,aboba,256,seed3,8,test_loss,6,1.7198765307664872
sgboba 256 abm8,aboba,256,seed3,8,test_loss,7,1.7424804449081421
sgboba 256 abm8,aboba,256,seed3,8,test_loss,8,1.6938442289829254
sgboba 256 abm8,aboba,256,seed3,8,test_loss,9,1.6566346794366837
sgboba 256 abm8,aboba,256,seed3,8,test_loss,10,1.6902808666229248
sgboba 256 abm8,aboba,256,seed3,8,test_loss,11,1.65183382332325
sgboba 256 abm8,aboba,256,seed3,8,test_loss,12,1.6806467786431312
sgboba 256 abm8,aboba,256,seed3,8,test_loss,13,1.6773410469293595
sgboba 256 abm8,aboba,256,seed3,8,test_loss,14,1.6623683661222457
sgboba 256 abm8,aboba,256,seed3,8,test_loss,15,1.6791395366191864
sgboba 256 abm8,aboba,256,seed3,8,test_loss,16,1.7054777950048448
sgboba 256 abm8,aboba,256,seed3,8,test_loss,17,1.6545962154865266
sgboba 256 abm8,aboba,256,seed3,8,test_loss,18,1.6679124593734742
sgboba 256 abm8,aboba,256,seed3,8,test_loss,19,1.637821215391159
sgboba 256 abm8,aboba,256,seed3,8,test_loss,20,1.6283008903265
sgboba 256 abm8,aboba,256,seed3,8,test_loss,21,1.5768518537282943
sgboba 256 abm8,aboba,256,seed3,8,test_loss,22,1.57085981965065
sgboba 256 abm8,aboba,256,seed3,8,test_loss,23,1.5670300751924515
sgboba 256 abm8,aboba,256,seed3,8,test_loss,24,1.544255903363228
sgboba 256 abm8,aboba,256,seed3,8,test_loss,25,1.5272199898958205
sgboba 256 abm8,aboba,256,seed3,8,test_loss,26,1.5290773540735245
sgboba 256 abm8,aboba,256,seed3,8,test_loss,27,1.526095375418663
sgboba 256 abm8,aboba,256,seed3,8,test_loss,28,1.5199626356363296
sgboba 256 abm8,aboba,256,seed3,8,test_loss,29,1.5165119230747224
sgboba 256 abm8,aboba,256,seed3,8,test_loss,30,1.5143726080656053
sgboba 256 abm8,aboba,256,seed3,8,test_loss,31,1.510239413380623
sgboba 256 abm8,aboba,256,seed3,8,test_loss,32,1.5101777076721192
sgboba 256 abm8,aboba,256,seed3,8,test_loss,33,1.5088240116834641
sgboba 256 abm8,aboba,256,seed3,8,test_loss,34,1.5077468186616898
sgboba 256 abm8,aboba,256,seed3,8,test_loss,35,1.5079327255487442
sgboba 256 abm8,aboba,256,seed3,8,test_loss,36,1.5080959171056747
sgboba 256 abm8,aboba,256,seed3,8,test_loss,37,1.5079143971204758
sgboba 256 abm8,aboba,256,seed3,8,test_loss,38,1.5080935388803482
sgboba 256 abm8,aboba,256,seed3,8,test_loss,39,1.5081456065177918
sgboba 512 abm16,aboba,512,seed1,16,test_loss,0,2.976579999923706
sgboba 512 abm16,aboba,512,seed1,16,test_loss,1,2.234912431240082
sgboba 512 abm16,aboba,512,seed1,16,test_loss,2,2.0136587858200072
sgboba 512 abm16,aboba,512,seed1,16,test_loss,3,1.8157352268695832
sgboba 512 abm16,aboba,512,seed1,16,test_loss,4,1.7430284142494201
sgboba 512 abm16,aboba,512,seed1,16,test_loss,5,1.6757314205169678
sgboba 512 abm16,aboba,512,seed1,16,test_loss,6,1.700567013025284
sgboba 512 abm16,aboba,512,seed1,16,test_loss,7,1.656338906288147
sgboba 512 abm16,aboba,512,seed1,16,test_loss,8,1.6500383555889129
sgboba 512 abm16,aboba,512,seed1,16,test_loss,9,1.634738028049469
sgboba 512 abm16,aboba,512,seed1,16,test_loss,10,1.6305898308753968
sgboba 512 abm16,aboba,512,seed1,16,test_loss,11,1.6545609176158904
sgboba 512 abm16,aboba,512,seed1,16,test_loss,12,1.6423256695270538
sgboba 512 abm16,aboba,512,seed1,16,test_loss,13,1.6633919775485992
sgboba 512 abm16,aboba,512,seed1,16,test_loss,14,1.669012612104416
sgboba 512 abm16,aboba,512,seed1,16,test_loss,15,1.6519974708557128
sgboba 512 abm16,aboba,512,seed1,16,test_loss,16,1.664578515291214
sgboba 512 abm16,aboba,512,seed1,16,test_loss,17,1.6662048995494843
sgboba 512 abm16,aboba,512,seed1,16,test_loss,18,1.6590343534946441
sgboba 512 abm16,aboba,512,seed1,16,test_loss,19,1.6711042165756225
sgboba 512 abm16,aboba,512,seed1,16,test_loss,20,1.6619578659534455
sgboba 512 abm16,aboba,512,seed1,16,test_loss,21,1.6616941154003144
sgboba 512 abm16,aboba,512,seed1,16,test_loss,22,1.6479520499706268
sgboba 512 abm16,aboba,512,seed1,16,test_loss,23,1.650522345304489
sgboba 512 abm16,aboba,512,seed1,16,test_loss,24,1.6528315782546996
sgboba 512 abm16,aboba,512,seed1,16,test_loss,25,1.6452885091304779
sgboba 512 abm16,aboba,512,seed1,16,test_loss,26,1.6456272184848786
sgboba 512 abm16,aboba,512,seed1,16,test_loss,27,1.6455893397331238
sgboba 512 abm16,aboba,512,seed1,16,test_loss,28,1.6427294433116912
sgboba 512 abm16,aboba,512,seed1,16,test_loss,29,1.6429848670959473
sgboba 512 abm16,aboba,512,seed1,16,test_loss,30,1.6430385410785675
sgboba 512 abm16,aboba,512,seed1,16,test_loss,31,1.643651831150055
sgboba 512 abm16,aboba,512,seed1,16,test_loss,32,1.6428367853164674
sgboba 512 abm16,aboba,512,seed1,16,test_loss,33,1.643026739358902
sgboba 512 abm16,aboba,512,seed1,16,test_loss,34,1.6429980397224426
sgboba 512 abm16,aboba,512,seed1,16,test_loss,35,1.6432509303092957
sgboba 512 abm16,aboba,512,seed1,16,test_loss,36,1.643540871143341
sgboba 512 abm16,aboba,512,seed1,16,test_loss,37,1.6439273953437805
sgboba 512 abm16,aboba,512,seed1,16,test_loss,38,1.6441079318523406
sgboba 512 abm16,aboba,512,seed1,16,test_loss,39,1.6440451085567473
sgboba 512 abm16,aboba,512,seed2,16,test_loss,0,2.918943393230438
sgboba 512 abm16,aboba,512,seed2,16,test_loss,1,2.239049661159515
sgboba 512 abm16,aboba,512,seed2,16,test_loss,2,1.9925150871276855
sgboba 512 abm16,aboba,512,seed2,16,test_loss,3,1.8326591730117798
sgboba 512 abm16,aboba,512,seed2,16,test_loss,4,1.7468307435512542
sgboba 512 abm16,aboba,512,seed2,16,test_loss,5,1.6911024034023285
sgboba 512 abm16,aboba,512,seed2,16,test_loss,6,1.6460635900497436
sgboba 512 abm16,aboba,512,seed2,16,test_loss,7,1.6415352940559387
sgboba 512 abm16,aboba,512,seed2,16,test_loss,8,1.609362405538559
sgboba 512 abm16,aboba,512,seed2,16,test_loss,9,1.6481081247329712
sgboba 512 abm16,aboba,512,seed2,16,test_loss,10,1.6269839406013489
sgboba 512 abm16,aboba,512,seed2,16,test_loss,11,1.6332907319068908
sgboba 512 abm16,aboba,512,seed2,16,test_loss,12,1.6436120748519898
sgboba 512 abm16,aboba,512,seed2,16,test_loss,13,1.6440565943717957
sgboba 512 abm16,aboba,512,seed2,16,test_loss,14,1.6537005066871644
sgboba 512 abm16,aboba,512,seed2,16,test_loss,15,1.6619314312934876
sgboba 512 abm16,aboba,512,seed2,16,test_loss,16,1.6697945892810822
sgboba 512 abm16,aboba,512,seed2,16,test_loss,17,1.6419845640659332
sgboba 512 abm16,aboba,512,seed2,16,test_loss,18,1.6315106689929961
sgboba 512 abm16,aboba,512,seed2,16,test_loss,19,1.6137613296508788
sgboba 512 abm16,aboba,512,seed2,16,test_loss,20,1.6214326083660127
sgboba 512 abm16,aboba,512,seed2,16,test_loss,21,1.6137426018714904
sgboba 512 abm16,aboba,512,seed2,16,test_loss,22,1.6162584006786347
sgboba 512 abm16,aboba,512,seed2,16,test_loss,23,1.6181180715560912
sgboba 512 abm16,aboba,512,seed2,16,test_loss,24,1.6114871740341186
sgboba 512 abm16,aboba,512,seed2,16,test_loss,25,1.6145380914211274
sgboba 512 abm16,aboba,512,seed2,16,test_loss,26,1.6110886454582214
sgboba 512 abm16,aboba,512,seed2,16,test_loss,27,1.6033109605312348
sgboba 512 abm16,aboba,512,seed2,16,test_loss,28,1.6023924231529236
sgboba 512 abm16,aboba,512,seed2,16,test_loss,29,1.6030696213245392
sgboba 512 abm16,aboba,512,seed2,16,test_loss,30,1.6053092539310456
sgboba 512 abm16,aboba,512,seed2,16,test_loss,31,1.6038538932800293
sgboba 512 abm16,aboba,512,seed2,16,test_loss,32,1.6036913633346557
sgboba 512 abm16,aboba,512,seed2,16,test_loss,33,1.6034516453742982
sgboba 512 abm16,aboba,512,seed2,16,test_loss,34,1.6037842214107514
sgboba 512 abm16,aboba,512,seed2,16,test_loss,35,1.6044292628765107
sgboba 512 abm16,aboba,512,seed2,16,test_loss,36,1.604364949464798
sgboba 512 abm16,aboba,512,seed2,16,test_loss,37,1.6046287417411804
sgboba 512 abm16,aboba,512,seed2,16,test_loss,38,1.6046680510044098
sgboba 512 abm16,aboba,512,seed2,16,test_loss,39,1.6044963240623473
sgboba 512 abm16,aboba,512,seed3,16,test_loss,0,2.969492769241333
sgboba 512 abm16,aboba,512,seed3,16,test_loss,1,2.2417126417160036
sgboba 512 abm16,aboba,512,seed3,16,test_loss,2,1.9797973453998565
sgboba 512 abm16,aboba,512,seed3,16,test_loss,3,1.810749703645706
sgboba 512 abm16,aboba,512,seed3,16,test_loss,4,1.7494311451911926
sgboba 512 abm16,aboba,512,seed3,16,test_loss,5,1.708555907011032
sgboba 512 abm16,aboba,512,seed3,16,test_loss,6,1.6493565261363983
sgboba 512 abm16,aboba,512,seed3,16,test_loss,7,1.6359305739402772
sgboba 512 abm16,aboba,512,seed3,16,test_loss,8,1.6180098891258239
sgboba 512 abm16,aboba,512,seed3,16,test_loss,9,1.6406071126461028
sgboba 512 abm16,aboba,512,seed3,16,test_loss,10,1.6293570697307587
sgboba 512 abm16,aboba,512,seed3,16,test_loss,11,1.6402033627033235
sgboba 512 abm16,aboba,512,seed3,16,test_loss,12,1.618899416923523
sgboba 512 abm16,aboba,512,seed3,16,test_loss,13,1.6422250866889954
sgboba 512 abm16,aboba,512,seed3,16,test_loss,14,1.6385626018047332
sgboba 512 abm16,aboba,512,seed3,16,test_loss,15,1.648922085762024
sgboba 512 abm16,aboba,512,seed3,16,test_loss,16,1.6509202897548676
sgboba 512 abm16,aboba,512,seed3,16,test_loss,17,1.6522854804992675
sgboba 512 abm16,aboba,512,seed3,16,test_loss,18,1.6349425971508027
sgboba 512 abm16,aboba,512,seed3,16,test_loss,19,1.6619948625564576
sgboba 512 abm16,aboba,512,seed3,16,test_loss,20,1.6313651978969574
sgboba 512 abm16,aboba,512,seed3,16,test_loss,21,1.6296456694602965
sgboba 512 abm16,aboba,512,seed3,16,test_loss,22,1.6152262270450592
sgboba 512 abm16,aboba,512,seed3,16,test_loss,23,1.620752876996994
sgboba 512 abm16,aboba,512,seed3,16,test_loss,24,1.6145550847053527
sgboba 512 abm16,aboba,512,seed3,16,test_loss,25,1.6058239698410035
sgboba 512 abm16,aboba,512,seed3,16,test_loss,26,1.6056365549564362
sgboba 512 abm16,aboba,512,seed3,16,test_loss,27,1.6021732091903687
sgboba 512 abm16,aboba,512,seed3,16,test_loss,28,1.6073584496974944
sgboba 512 abm16,aboba,512,seed3,16,test_loss,29,1.6065564393997191
sgboba 512 abm16,aboba,512,seed3,16,test_loss,30,1.605175405740738
sgboba 512 abm16,aboba,512,seed3,16,test_loss,31,1.6049283742904663
sgboba 512 abm16,aboba,512,seed3,16,test_loss,32,1.6047799646854402
sgboba 512 abm16,aboba,512,seed3,16,test_loss,33,1.6046117961406707
sgboba 512 abm16,aboba,512,seed3,16,test_loss,34,1.6043215572834015
sgboba 512 abm16,aboba,512,seed3,16,test_loss,35,1.6039463222026824
sgboba 512 abm16,aboba,512,seed3,16,test_loss,36,1.6045756042003632
sgboba 512 abm16,aboba,512,seed3,16,test_loss,37,1.6048891425132752
sgboba 512 abm16,aboba,512,seed3,16,test_loss,38,1.6049487471580506
sgboba 512 abm16,aboba,512,seed3,16,test_loss,39,1.6049938380718232
sgboba 512 abm2,aboba,512,seed1,2,test_loss,0,2.9639418959617614
sgboba 512 abm2,aboba,512,seed1,2,test_loss,1,2.239067280292511
sgboba 512 abm2,aboba,512,seed1,2,test_loss,2,3.3632764339447023
sgboba 512 abm2,aboba,512,seed1,2,test_loss,3,2.81839200258255
sgboba 512 abm2,aboba,512,seed1,2,test_loss,4,2.4283652663230897
sgboba 512 abm2,aboba,512,seed1,2,test_loss,5,2.3560689330101012
sgboba 512 abm2,aboba,512,seed1,2,test_loss,6,2.296417474746704
sgboba 512 abm2,aboba,512,seed1,2,test_loss,7,2.1719619631767273
sgboba 512 abm2,aboba,512,seed1,2,test_loss,8,2.114126205444336
sgboba 512 abm2,aboba,512,seed1,2,test_loss,9,2.1028441548347474
sgboba 512 abm2,aboba,512,seed1,2,test_loss,10,2.0860716938972472
sgboba 512 abm2,aboba,512,seed1,2,test_loss,11,2.0633474946022035
sgboba 512 abm2,aboba,512,seed1,2,test_loss,12,2.000098150968552
sgboba 512 abm2,aboba,512,seed1,2,test_loss,13,1.9053881466388702
sgboba 512 abm2,aboba,512,seed1,2,test_loss,14,1.9700507044792175
sgboba 512 abm2,aboba,512,seed1,2,test_loss,15,1.82429119348526
sgboba 512 abm2,aboba,512,seed1,2,test_loss,16,1.8034033119678496
sgboba 512 abm2,aboba,512,seed1,2,test_loss,17,1.8411230266094207
sgboba 512 abm2,aboba,512,seed1,2,test_loss,18,1.767838591337204
sgboba 512 abm2,aboba,512,seed1,2,test_loss,19,1.7569240868091582
sgboba 512 abm2,aboba,512,seed1,2,test_loss,20,1.7293469190597535
sgboba 512 abm2,aboba,512,seed1,2,test_loss,21,1.6734866082668305
sgboba 512 abm2,aboba,512,seed1,2,test_loss,22,1.6569289922714234
sgboba 512 abm2,aboba,512,seed1,2,test_loss,23,1.6498783230781555
sgboba 512 abm2,aboba,512,seed1,2,test_loss,24,1.6307137191295624
sgboba 512 abm2,aboba,512,seed1,2,test_loss,25,1.6196197807788848
sgboba 512 abm2,aboba,512,seed1,2,test_loss,26,1.5969923675060271
sgboba 512 abm2,aboba,512,seed1,2,test_loss,27,1.5977284014225006
sgboba 512 abm2,aboba,512,seed1,2,test_loss,28,1.560078740119934
sgboba 512 abm2,aboba,512,seed1,2,test_loss,29,1.5343816220760345
sgboba 512 abm2,aboba,512,seed1,2,test_loss,30,1.5393338441848754
sgboba 512 abm2,aboba,512,seed1,2,test_loss,31,1.5429129600524902
sgboba 512 abm2,aboba,512,seed1,2,test_loss,32,1.532305657863617
sgboba 512 abm2,aboba,512,seed1,2,test_loss,33,1.5238931000232696
sgboba 512 abm2,aboba,512,seed1,2,test_loss,34,1.5212330758571624
sgboba 512 abm2,aboba,512,seed1,2,test_loss,35,1.517069125175476
sgboba 512 abm2,aboba,512,seed1,2,test_loss,36,1.5177752673625946
sgboba 512 abm2,aboba,512,seed1,2,test_loss,37,1.5194740295410156
sgboba 512 abm2,aboba,512,seed1,2,test_loss,38,1.519759225845337
sgboba 512 abm2,aboba,512,seed1,2,test_loss,39,1.519778883457184
sgboba 512 abm2,aboba,512,seed2,2,test_loss,0,2.943787145614624
sgboba 512 abm2,aboba,512,seed2,2,test_loss,1,2.238394892215729
sgboba 512 abm2,aboba,512,seed2,2,test_loss,2,3.462698018550873
sgboba 512 abm2,aboba,512,seed2,2,test_loss,3,3.1616788864135743
sgboba 512 abm2,aboba,512,seed2,2,test_loss,4,2.7742744088172913
sgboba 512 abm2,aboba,512,seed2,2,test_loss,5,2.438735103607178
sgboba 512 abm2,aboba,512,seed2,2,test_loss,6,2.3121411919593813
sgboba 512 abm2,aboba,512,seed2,2,test_loss,7,2.1605082750320435
sgboba 512 abm2,aboba,512,seed2,2,test_loss,8,2.228192317485809
sgboba 512 abm2,aboba,512,seed2,2,test_loss,9,2.118669384717941
sgboba 512 abm2,aboba,512,seed2,2,test_loss,10,2.0288874924182894
sgboba 512 abm2,aboba,512,seed2,2,test_loss,11,2.0257456243038177
sgboba 512 abm2,aboba,512,seed2,2,test_loss,12,2.0401625633239746
sgboba 512 abm2,aboba,512,seed2,2,test_loss,13,2.0259206891059875
sgboba 512 abm2,aboba,512,seed2,2,test_loss,14,1.9864339053630828
sgboba 512 abm2,aboba,512,seed2,2,test_loss,15,1.9326531887054443
sgboba 512 abm2,aboba,512,seed2,2,test_loss,16,1.8859323859214783
sgboba 512 abm2,aboba,512,seed2,2,test_loss,17,1.9146810829639436
sgboba 512 abm2,aboba,512,seed2,2,test_loss,18,1.8829977989196778
sgboba 512 abm2,aboba,512,seed2,2,test_loss,19,1.8024199187755585
sgboba 512 abm2,aboba,512,seed2,2,test_loss,20,1.8011811137199403
sgboba 512 abm2,aboba,512,seed2,2,test_loss,21,1.7828715682029723
sgboba 512 abm2,aboba,512,seed2,2,test_loss,22,1.7746055603027344
sgboba 512 abm2,aboba,512,seed2,2,test_loss,23,1.6936281025409698
sgboba 512 abm2,aboba,512,seed2,2,test_loss,24,1.6407686650753022
sgboba 512 abm2,aboba,512,seed2,2,test_loss,25,1.6283944964408874
sgboba 512 abm2,aboba,512,seed2,2,test_loss,26,1.684222024679184
sgboba 512 abm2,aboba,512,seed2,2,test_loss,27,1.6342572927474976
sgboba 512 abm2,aboba,512,seed2,2,test_loss,28,1.6049311816692353
sgboba 512 abm2,aboba,512,seed2,2,test_loss,29,1.581305480003357
sgboba 512 abm2,aboba,512,seed2,2,test_loss,30,1.5601682901382445
sgboba 512 abm2,aboba,512,seed2,2,test_loss,31,1.5616387188434602
sgboba 512 abm2,aboba,512,seed2,2,test_loss,32,1.5524688124656678
sgboba 512 abm2,aboba,512,seed2,2,test_loss,33,1.5430532336235045
sgboba 512 abm2,aboba,512,seed2,2,test_loss,34,1.5375823616981505
sgboba 512 abm2,aboba,512,seed2,2,test_loss,35,1.5360997140407562
sgboba 512 abm2,aboba,512,seed2,2,test_loss,36,1.5373203933238984
sgboba 512 abm2,aboba,512,seed2,2,test_loss,37,1.5371835827827454
sgboba 512 abm2,aboba,512,seed2,2,test_loss,38,1.5369190931320191
sgboba 512 abm2,aboba,512,seed2,2,test_loss,39,1.5370657205581666
sgboba 512 abm2,aboba,512,seed3,2,test_loss,0,2.9470046401023864
sgboba 512 abm2,aboba,512,seed3,2,test_loss,1,2.2807569026947023
sgboba 512 abm2,aboba,512,seed3,2,test_loss,2,3.161492955684662
sgboba 512 abm2,aboba,512,seed3,2,test_loss,3,2.7341235995292665
sgboba 512 abm2,aboba,512,seed3,2,test_loss,4,2.42712687253952
sgboba 512 abm2,aboba,512,seed3,2,test_loss,5,2.3923529505729677
sgboba 512 abm2,aboba,512,seed3,2,test_loss,6,2.3507583141326904
sgboba 512 abm2,aboba,512,seed3,2,test_loss,7,2.1405855655670165
sgboba 512 abm2,aboba,512,seed3,2,test_loss,8,2.1406241416931153
sgboba 512 abm2,aboba,512,seed3,2,test_loss,9,2.1197300016880036
sgboba 512 abm2,aboba,512,seed3,2,test_loss,10,2.031645119190216
sgboba 512 abm2,aboba,512,seed3,2,test_loss,11,1.9838879466056825
sgboba 512 abm2,aboba,512,seed3,2,test_loss,12,1.974465823173523
sgboba 512 abm2,aboba,512,seed3,2,test_loss,13,1.9241730868816376
sgboba 512 abm2,aboba,512,seed3,2,test_loss,14,1.8677429497241973
sgboba 512 abm2,aboba,512,seed3,2,test_loss,15,1.9136315882205963
sgboba 512 abm2,aboba,512,seed3,2,test_loss,16,1.886744624376297
sgboba 512 abm2,aboba,512,seed3,2,test_loss,17,1.874623841047287
sgboba 512 abm2,aboba,512,seed3,2,test_loss,18,1.8511313140392303
sgboba 512 abm2,aboba,512,seed3,2,test_loss,19,1.8029382526874542
sgboba 512 abm2,aboba,512,seed3,2,test_loss,20,1.829218339920044
sgboba 512 abm2,aboba,512,seed3,2,test_loss,21,1.762677836418152
sgboba 512 abm2,aboba,512,seed3,2,test_loss,22,1.7646717846393585
sgboba 512 abm2,aboba,512,seed3,2,test_loss,23,1.7300615012645721
sgboba 512 abm2,aboba,512,seed3,2,test_loss,24,1.705943340063095
sgboba 512 abm2,aboba,512,seed3,2,test_loss,25,1.6787425220012664
sgboba 512 abm2,aboba,512,seed3,2,test_loss,26,1.6708418488502503
sgboba 512 abm2,aboba,512,seed3,2,test_loss,27,1.6386557519435883
sgboba 512 abm2,aboba,512,seed3,2,test_loss,28,1.6266816198825835
sgboba 512 abm2,aboba,512,seed3,2,test_loss,29,1.600546556711197
sgboba 512 abm2,aboba,512,seed3,2,test_loss,30,1.569610345363617
sgboba 512 abm2,aboba,512,seed3,2,test_loss,31,1.5588326632976532
sgboba 512 abm2,aboba,512,seed3,2,test_loss,32,1.5489246368408203
sgboba 512 abm2,aboba,512,seed3,2,test_loss,33,1.5486372709274292
sgboba 512 abm2,aboba,512,seed3,2,test_loss,34,1.542716956138611
sgboba 512 abm2,aboba,512,seed3,2,test_loss,35,1.5417355835437774
sgboba 512 abm2,aboba,512,seed3,2,test_loss,36,1.5451204419136046
sgboba 512 abm2,aboba,512,seed3,2,test_loss,37,1.54380624294281
sgboba 512 abm2,aboba,512,seed3,2,test_loss,38,1.5447449505329132
sgboba 512 abm2,aboba,512,seed3,2,test_loss,39,1.544381308555603
sgboba 512 abm4,aboba,512,seed1,4,test_loss,0,2.9699111461639403
sgboba 512 abm4,aboba,512,seed1,4,test_loss,1,2.230922508239746
sgboba 512 abm4,aboba,512,seed1,4,test_loss,2,2.274738574028015
sgboba 512 abm4,aboba,512,seed1,4,test_loss,3,2.097962129116058
sgboba 512 abm4,aboba,512,seed1,4,test_loss,4,1.9552847266197204
sgboba 512 abm4,aboba,512,seed1,4,test_loss,5,1.950792396068573
sgboba 512 abm4,aboba,512,seed1,4,test_loss,6,1.8774670124053956
sgboba 512 abm4,aboba,512,seed1,4,test_loss,7,1.8379303812980652
sgboba 512 abm4,aboba,512,seed1,4,test_loss,8,1.8180374681949616
sgboba 512 abm4,aboba,512,seed1,4,test_loss,9,1.7576972246170044
sgboba 512 abm4,aboba,512,seed1,4,test_loss,10,1.7896295368671418
sgboba 512 abm4,aboba,512,seed1,4,test_loss,11,1.7975736677646637
sgboba 512 abm4,aboba,512,seed1,4,test_loss,12,1.7255207180976868
sgboba 512 abm4,aboba,512,seed1,4,test_loss,13,1.7593308329582213
sgboba 512 abm4,aboba,512,seed1,4,test_loss,14,1.7205440282821656
sgboba 512 abm4,aboba,512,seed1,4,test_loss,15,1.751945334672928
sgboba 512 abm4,aboba,512,seed1,4,test_loss,16,1.7085624635219574
sgboba 512 abm4,aboba,512,seed1,4,test_loss,17,1.6858114182949067
sgboba 512 abm4,aboba,512,seed1,4,test_loss,18,1.6525450944900513
sgboba 512 abm4,aboba,512,seed1,4,test_loss,19,1.6446874737739563
sgboba 512 abm4,aboba,512,seed1,4,test_loss,20,1.614287143945694
sgboba 512 abm4,aboba,512,seed1,4,test_loss,21,1.659798902273178
sgboba 512 abm4,aboba,512,seed1,4,test_loss,22,1.6180908977985382
sgboba 512 abm4,aboba,512,seed1,4,test_loss,23,1.5665654480457305
sgboba 512 abm4,aboba,512,seed1,4,test_loss,24,1.535696679353714
sgboba 512 abm4,aboba,512,seed1,4,test_loss,25,1.5455174505710603
sgboba 512 abm4,aboba,512,seed1,4,test_loss,26,1.5217356741428376
sgboba 512 abm4,aboba,512,seed1,4,test_loss,27,1.5202905297279359
sgboba 512 abm4,aboba,512,seed1,4,test_loss,28,1.5198947608470916
sgboba 512 abm4,aboba,512,seed1,4,test_loss,29,1.5105855345726014
sgboba 512 abm4,aboba,512,seed1,4,test_loss,30,1.5060346126556396
sgboba 512 abm4,aboba,512,seed1,4,test_loss,31,1.5022905826568604
sgboba 512 abm4,aboba,512,seed1,4,test_loss,32,1.4958111107349397
sgboba 512 abm4,aboba,512,seed1,4,test_loss,33,1.4925215244293213
sgboba 512 abm4,aboba,512,seed1,4,test_loss,34,1.4920312762260437
sgboba 512 abm4,aboba,512,seed1,4,test_loss,35,1.4906605303287506
sgboba 512 abm4,aboba,512,seed1,4,test_loss,36,1.4901834011077881
sgboba 512 abm4,aboba,512,seed1,4,test_loss,37,1.4898812413215636
sgboba 512 abm4,aboba,512,seed1,4,test_loss,38,1.4901358664035798
sgboba 512 abm4,aboba,512,seed1,4,test_loss,39,1.4900947213172913
sgboba 512 abm4,aboba,512,seed2,4,test_loss,0,2.9280774116516115
sgboba 512 abm4,aboba,512,seed2,4,test_loss,1,2.241403079032898
sgboba 512 abm4,aboba,512,seed2,4,test_loss,2,2.290892779827118
sgboba 512 abm4,aboba,512,seed2,4,test_loss,3,2.056168186664581
sgboba 512 abm4,aboba,512,seed2,4,test_loss,4,2.0505610764026643
sgboba 512 abm4,aboba,512,seed2,4,test_loss,5,1.9559551000595092
sgboba 512 abm4,aboba,512,seed2,4,test_loss,6,1.8779131948947907
sgboba 512 abm4,aboba,512,seed2,4,test_loss,7,1.859442812204361
sgboba 512 abm4,aboba,512,seed2,4,test_loss,8,1.8476121246814727
sgboba 512 abm4,aboba,512,seed2,4,test_loss,9,1.828305321931839
sgboba 512 abm4,aboba,512,seed2,4,test_loss,10,1.8696974992752076
sgboba 512 abm4,aboba,512,seed2,4,test_loss,11,1.7697395741939546
sgboba 512 abm4,aboba,512,seed2,4,test_loss,12,1.81215141415596
sgboba 512 abm4,aboba,512,seed2,4,test_loss,13,1.7888741433620452
sgboba 512 abm4,aboba,512,seed2,4,test_loss,14,1.858983612060547
sgboba 512 abm4,aboba,512,seed2,4,test_loss,15,1.7419035255908966
sgboba 512 abm4,aboba,512,seed2,4,test_loss,16,1.6647615313529969
sgboba 512 abm4,aboba,512,seed2,4,test_loss,17,1.68065003156662
sgboba 512 abm4,aboba,512,seed2,4,test_loss,18,1.686720848083496
sgboba 512 abm4,aboba,512,seed2,4,test_loss,19,1.7264280140399932
sgboba 512 abm4,aboba,512,seed2,4,test_loss,20,1.6522186338901519
sgboba 512 abm4,aboba,512,seed2,4,test_loss,21,1.6499201476573944
sgboba 512 abm4,aboba,512,seed2,4,test_loss,22,1.6069911301136017
sgboba 512 abm4,aboba,512,seed2,4,test_loss,23,1.6057123064994812
sgboba 512 abm4,aboba,512,seed2,4,test_loss,24,1.576547133922577
sgboba 512 abm4,aboba,512,seed2,4,test_loss,25,1.560750812292099
sgboba 512 abm4,aboba,512,seed2,4,test_loss,26,1.5686943531036377
sgboba 512 abm4,aboba,512,seed2,4,test_loss,27,1.5361567676067351
sgboba 512 abm4,aboba,512,seed2,4,test_loss,28,1.536491996049881
sgboba 512 abm4,aboba,512,seed2,4,test_loss,29,1.5243422865867615
sgboba 512 abm4,aboba,512,seed2,4,test_loss,30,1.5189900934696197
sgboba 512 abm4,aboba,512,seed2,4,test_loss,31,1.515908282995224
sgboba 512 abm4,aboba,512,seed2,4,test_loss,32,1.511439949274063
sgboba 512 abm4,aboba,512,seed2,4,test_loss,33,1.5088364124298095
sgboba 512 abm4,aboba,512,seed2,4,test_loss,34,1.506617534160614
sgboba 512 abm4,aboba,512,seed2,4,test_loss,35,1.5097387850284576
sgboba 512 abm4,aboba,512,seed2,4,test_loss,36,1.5092118859291077
sgboba 512 abm4,aboba,512,seed2,4,test_loss,37,1.5096199750900268
sgboba 512 abm4,aboba,512,seed2,4,test_loss,38,1.5094339370727539
sgboba 512 abm4,aboba,512,seed2,4,test_loss,39,1.509559267759323
sgboba 512 abm4,aboba,512,seed3,4,test_loss,0,2.960725927352905
sgboba 512 abm4,aboba,512,seed3,4,test_loss,1,2.2723089933395384
sgboba 512 abm4,aboba,512,seed3,4,test_loss,2,2.1852866053581237
sgboba 512 abm4,aboba,512,seed3,4,test_loss,3,2.017971456050873
sgboba 512 abm4,aboba,512,seed3,4,test_loss,4,1.955435872077942
sgboba 512 abm4,aboba,512,seed3,4,test_loss,5,1.9697353184223174
sgboba 512 abm4,aboba,512,seed3,4,test_loss,6,1.860683763027191
sgboba 512 abm4,aboba,512,seed3,4,test_loss,7,1.8548508763313294
sgboba 512 abm4,aboba,512,seed3,4,test_loss,8,1.9360418558120727
sgboba 512 abm4,aboba,512,seed3,4,test_loss,9,1.84304900765419
sgboba 512 abm4,aboba,512,seed3,4,test_loss,10,1.858538693189621
sgboba 512 abm4,aboba,512,seed3,4,test_loss,11,1.7565094172954558
sgboba 512 abm4,aboba,512,seed3,4,test_loss,12,1.721870058774948
sgboba 512 abm4,aboba,512,seed3,4,test_loss,13,1.7753978967666626
sgboba 512 abm4,aboba,512,seed3,4,test_loss,14,1.7892060041427613
sgboba 512 abm4,aboba,512,seed3,4,test_loss,15,1.7429163038730622
sgboba 512 abm4,aboba,512,seed3,4,test_loss,16,1.7205519318580627
sgboba 512 abm4,aboba,512,seed3,4,test_loss,17,1.7767154574394226
sgboba 512 abm4,aboba,512,seed3,4,test_loss,18,1.6865332305431366
sgboba 512 abm4,aboba,512,seed3,4,test_loss,19,1.7241366684436799
sgboba 512 abm4,aboba,512,seed3,4,test_loss,20,1.7109124958515167
sgboba 512 abm4,aboba,512,seed3,4,test_loss,21,1.6353790760040283
sgboba 512 abm4,aboba,512,seed3,4,test_loss,22,1.6280940473079681
sgboba 512 abm4,aboba,512,seed3,4,test_loss,23,1.6024602890014648
sgboba 512 abm4,aboba,512,seed3,4,test_loss,24,1.5833511114120484
sgboba 512 abm4,aboba,512,seed3,4,test_loss,25,1.5585104525089264
sgboba 512 abm4,aboba,512,seed3,4,test_loss,26,1.5488183319568634
sgboba 512 abm4,aboba,512,seed3,4,test_loss,27,1.5277129232883453
sgboba 512 abm4,aboba,512,seed3,4,test_loss,28,1.5065672159194947
sgboba 512 abm4,aboba,512,seed3,4,test_loss,29,1.4954094588756561
sgboba 512 abm4,aboba,512,seed3,4,test_loss,30,1.4888358235359191
sgboba 512 abm4,aboba,512,seed3,4,test_loss,31,1.4858717620372772
sgboba 512 abm4,aboba,512,seed3,4,test_loss,32,1.4846327662467957
sgboba 512 abm4,aboba,512,seed3,4,test_loss,33,1.482995295524597
sgboba 512 abm4,aboba,512,seed3,4,test_loss,34,1.4806655943393707
sgboba 512 abm4,aboba,512,seed3,4,test_loss,35,1.483743178844452
sgboba 512 abm4,aboba,512,seed3,4,test_loss,36,1.4842718601226808
sgboba 512 abm4,aboba,512,seed3,4,test_loss,37,1.484890741109848
sgboba 512 abm4,aboba,512,seed3,4,test_loss,38,1.4849014341831208
sgboba 512 abm4,aboba,512,seed3,4,test_loss,39,1.4846055567264558
sgboba 512 abm8,aboba,512,seed1,8,test_loss,0,2.950227880477905
sgboba 512 abm8,aboba,512,seed1,8,test_loss,1,2.2349363565444946
sgboba 512 abm8,aboba,512,seed1,8,test_loss,2,2.011713391542435
sgboba 512 abm8,aboba,512,seed1,8,test_loss,3,1.8335668742656708
sgboba 512 abm8,aboba,512,seed1,8,test_loss,4,1.7798360645771027
sgboba 512 abm8,aboba,512,seed1,8,test_loss,5,1.7536607801914215
sgboba 512 abm8,aboba,512,seed1,8,test_loss,6,1.719073748588562
sgboba 512 abm8,aboba,512,seed1,8,test_loss,7,1.672034388780594
sgboba 512 abm8,aboba,512,seed1,8,test_loss,8,1.6874375224113465
sgboba 512 abm8,aboba,512,seed1,8,test_loss,9,1.7046292126178741
sgboba 512 abm8,aboba,512,seed1,8,test_loss,10,1.7097373723983764
sgboba 512 abm8,aboba,512,seed1,8,test_loss,11,1.6997152626514436
sgboba 512 abm8,aboba,512,seed1,8,test_loss,12,1.699306982755661
sgboba 512 abm8,aboba,512,seed1,8,test_loss,13,1.6230666875839233
sgboba 512 abm8,aboba,512,seed1,8,test_loss,14,1.6530622839927673
sgboba 512 abm8,aboba,512,seed1,8,test_loss,15,1.6342626988887787
sgboba 512 abm8,aboba,512,seed1,8,test_loss,16,1.6362177848815918
sgboba 512 abm8,aboba,512,seed1,8,test_loss,17,1.6140087962150573
sgboba 512 abm8,aboba,512,seed1,8,test_loss,18,1.6114769876003265
sgboba 512 abm8,aboba,512,seed1,8,test_loss,19,1.6075494766235352
sgboba 512 abm8,aboba,512,seed1,8,test_loss,20,1.6094192802906035
sgboba 512 abm8,aboba,512,seed1,8,test_loss,21,1.6177129745483398
sgboba 512 abm8,aboba,512,seed1,8,test_loss,22,1.6131065487861633
sgboba 512 abm8,aboba,512,seed1,8,test_loss,23,1.5996955275535583
sgboba 512 abm8,aboba,512,seed1,8,test_loss,24,1.5846961736679077
sgboba 512 abm8,aboba,512,seed1,8,test_loss,25,1.5729241251945496
sgboba 512 abm8,aboba,512,seed1,8,test_loss,26,1.563767957687378
sgboba 512 abm8,aboba,512,seed1,8,test_loss,27,1.5579948127269745
sgboba 512 abm8,aboba,512,seed1,8,test_loss,28,1.550214982032776
sgboba 512 abm8,aboba,512,seed1,8,test_loss,29,1.5496067643165587
sgboba 512 abm8,aboba,512,seed1,8,test_loss,30,1.5484239041805268
sgboba 512 abm8,aboba,512,seed1,8,test_loss,31,1.5467139840126038
sgboba 512 abm8,aboba,512,seed1,8,test_loss,32,1.543466991186142
sgboba 512 abm8,aboba,512,seed1,8,test_loss,33,1.5432974100112915
sgboba 512 abm8,aboba,512,seed1,8,test_loss,34,1.542941266298294
sgboba 512 abm8,aboba,512,seed1,8,test_loss,35,1.5431049644947052
sgboba 512 abm8,aboba,512,seed1,8,test_loss,36,1.5430335223674774
sgboba 512 abm8,aboba,512,seed1,8,test_loss,37,1.5432228565216064
sgboba 512 abm8,aboba,512,seed1,8,test_loss,38,1.5433931708335877
sgboba 512 abm8,aboba,512,seed1,8,test_loss,39,1.5433193445205688
sgboba 512 abm8,aboba,512,seed2,8,test_loss,0,2.9270724058151245
sgboba 512 abm8,aboba,512,seed2,8,test_loss,1,2.238729703426361
sgboba 512 abm8,aboba,512,seed2,8,test_loss,2,2.0664833903312685
sgboba 512 abm8,aboba,512,seed2,8,test_loss,3,1.8730332911014558
sgboba 512 abm8,aboba,512,seed2,8,test_loss,4,1.7776189982891082
sgboba 512 abm8,aboba,512,seed2,8,test_loss,5,1.7381086468696594
sgboba 512 abm8,aboba,512,seed2,8,test_loss,6,1.7201387107372283
sgboba 512 abm8,aboba,512,seed2,8,test_loss,7,1.6893069267272949
sgboba 512 abm8,aboba,512,seed2,8,test_loss,8,1.7048823475837707
sgboba 512 abm8,aboba,512,seed2,8,test_loss,9,1.7042860329151153
sgboba 512 abm8,aboba,512,seed2,8,test_loss,10,1.720201599597931
sgboba 512 abm8,aboba,512,seed2,8,test_loss,11,1.738387221097946
sgboba 512 abm8,aboba,512,seed2,8,test_loss,12,1.6818312048912047
sgboba 512 abm8,aboba,512,seed2,8,test_loss,13,1.7306222677230836
sgboba 512 abm8,aboba,512,seed2,8,test_loss,14,1.6817191183567046
sgboba 512 abm8,aboba,512,seed2,8,test_loss,15,1.6734890937805176
sgboba 512 abm8,aboba,512,seed2,8,test_loss,16,1.6790996015071868
sgboba 512 abm8,aboba,512,seed2,8,test_loss,17,1.6436618208885192
sgboba 512 abm8,aboba,512,seed2,8,test_loss,18,1.6216594696044921
sgboba 512 abm8,aboba,512,seed2,8,test_loss,19,1.619681864976883
sgboba 512 abm8,aboba,512,seed2,8,test_loss,20,1.611007434129715
sgboba 512 abm8,aboba,512,seed2,8,test_loss,21,1.6081850409507752
sgboba 512 abm8,aboba,512,seed2,8,test_loss,22,1.595013839006424
sgboba 512 abm8,aboba,512,seed2,8,test_loss,23,1.5904349625110625
sgboba 512 abm8,aboba,512,seed2,8,test_loss,24,1.5710954129695893
sgboba 512 abm8,aboba,512,seed2,8,test_loss,25,1.557803863286972
sgboba 512 abm8,aboba,512,seed2,8,test_loss,26,1.5520715057849883
sgboba 512 abm8,aboba,512,seed2,8,test_loss,27,1.5419662058353425
sgboba 512 abm8,aboba,512,seed2,8,test_loss,28,1.5429405510425567
sgboba 512 abm8,aboba,512,seed2,8,test_loss,29,1.5406521677970886
sgboba 512 abm8,aboba,512,seed2,8,test_loss,30,1.540650224685669
sgboba 512 abm8,aboba,512,seed2,8,test_loss,31,1.5373754143714904
sgboba 512 abm8,aboba,512,seed2,8,test_loss,32,1.5352572202682495
sgboba 512 abm8,aboba,512,seed2,8,test_loss,33,1.536778724193573
sgboba 512 abm8,aboba,512,seed2,8,test_loss,34,1.5360256850719451
sgboba 512 abm8,aboba,512,seed2,8,test_loss,35,1.5360915303230285
sgboba 512 abm8,aboba,512,seed2,8,test_loss,36,1.536106038093567
sgboba 512 abm8,aboba,512,seed2,8,test_loss,37,1.5358289301395416
sgboba 512 abm8,aboba,512,seed2,8,test_loss,38,1.5356033146381378
sgboba 512 abm8,aboba,512,seed2,8,test_loss,39,1.5355722308158875
sgboba 512 abm8,aboba,512,seed3,8,test_loss,0,2.9519527554512024
sgboba 512 abm8,aboba,512,seed3,8,test_loss,1,2.296605813503265
sgboba 512 abm8,aboba,512,seed3,8,test_loss,2,2.0691982984542845
sgboba 512 abm8,aboba,512,seed3,8,test_loss,3,1.868168431520462
sgboba 512 abm8,aboba,512,seed3,8,test_loss,4,1.834030067920685
sgboba 512 abm8,aboba,512,seed3,8,test_loss,5,1.7917734801769256
sgboba 512 abm8,aboba,512,seed3,8,test_loss,6,1.7532331824302674
sgboba 512 abm8,aboba,512,seed3,8,test_loss,7,1.6875082731246949
sgboba 512 abm8,aboba,512,seed3,8,test_loss,8,1.708957463502884
sgboba 512 abm8,aboba,512,seed3,8,test_loss,9,1.6917350888252258
sgboba 512 abm8,aboba,512,seed3,8,test_loss,10,1.6980208337306977
sgboba 512 abm8,aboba,512,seed3,8,test_loss,11,1.6624655246734619
sgboba 512 abm8,aboba,512,seed3,8,test_loss,12,1.6909466505050659
sgboba 512 abm8,aboba,512,seed3,8,test_loss,13,1.7110091865062713
sgboba 512 abm8,aboba,512,seed3,8,test_loss,14,1.7375007748603821
sgboba 512 abm8,aboba,512,seed3,8,test_loss,15,1.6800268173217774
sgboba 512 abm8,aboba,512,seed3,8,test_loss,16,1.7032598614692689
sgboba 512 abm8,aboba,512,seed3,8,test_loss,17,1.6658781468868256
sgboba 512 abm8,aboba,512,seed3,8,test_loss,18,1.6369150936603547
sgboba 512 abm8,aboba,512,seed3,8,test_loss,19,1.6377413094043731
sgboba 512 abm8,aboba,512,seed3,8,test_loss,20,1.6297904551029205
sgboba 512 abm8,aboba,512,seed3,8,test_loss,21,1.6012336015701294
sgboba 512 abm8,aboba,512,seed3,8,test_loss,22,1.5947608411312104
sgboba 512 abm8,aboba,512,seed3,8,test_loss,23,1.5681548237800598
sgboba 512 abm8,aboba,512,seed3,8,test_loss,24,1.5607485711574554
sgboba 512 abm8,aboba,512,seed3,8,test_loss,25,1.5516145467758178
sgboba 512 abm8,aboba,512,seed3,8,test_loss,26,1.5454172372817994
sgboba 512 abm8,aboba,512,seed3,8,test_loss,27,1.5358270406723022
sgboba 512 abm8,aboba,512,seed3,8,test_loss,28,1.5346956253051758
sgboba 512 abm8,aboba,512,seed3,8,test_loss,29,1.5264936208724975
sgboba 512 abm8,aboba,512,seed3,8,test_loss,30,1.526073408126831
sgboba 512 abm8,aboba,512,seed3,8,test_loss,31,1.5226751625537873
sgboba 512 abm8,aboba,512,seed3,8,test_loss,32,1.5227956354618073
sgboba 512 abm8,aboba,512,seed3,8,test_loss,33,1.5213680624961854
sgboba 512 abm8,aboba,512,seed3,8,test_loss,34,1.5213125407695771
sgboba 512 abm8,aboba,512,seed3,8,test_loss,35,1.5203317642211913
sgboba 512 abm8,aboba,512,seed3,8,test_loss,36,1.5205333352088928
sgboba 512 abm8,aboba,512,seed3,8,test_loss,37,1.5210599303245544
sgboba 512 abm8,aboba,512,seed3,8,test_loss,38,1.5209061801433563
sgboba 512 abm8,aboba,512,seed3,8,test_loss,39,1.5211282908916473
sgboba 64 abm16,aboba,64,seed1,16,test_loss,0,2.274255744211233
sgboba 64 abm16,aboba,64,seed1,16,test_loss,1,2.067823035701825
sgboba 64 abm16,aboba,64,seed1,16,test_loss,2,1.6874363384429056
sgboba 64 abm16,aboba,64,seed1,16,test_loss,3,1.643578033538381
sgboba 64 abm16,aboba,64,seed1,16,test_loss,4,1.6151365535274433
sgboba 64 abm16,aboba,64,seed1,16,test_loss,5,1.554182786850413
sgboba 64 abm16,aboba,64,seed1,16,test_loss,6,1.539749779519002
sgboba 64 abm16,aboba,64,seed1,16,test_loss,7,1.5716416691518893
sgboba 64 abm16,aboba,64,seed1,16,test_loss,8,1.5654171545794056
sgboba 64 abm16,aboba,64,seed1,16,test_loss,9,1.5456042198618507
sgboba 64 abm16,aboba,64,seed1,16,test_loss,10,1.5570803561787696
sgboba 64 abm16,aboba,64,seed1,16,test_loss,11,1.5397022624683987
sgboba 64 abm16,aboba,64,seed1,16,test_loss,12,1.5759296227412618
sgboba 64 abm16,aboba,64,seed1,16,test_loss,13,1.5900878686054496
sgboba 64 abm16,aboba,64,seed1,16,test_loss,14,1.5823705074893442
sgboba 64 abm16,aboba,64,seed1,16,test_loss,15,1.6051974478800586
sgboba 64 abm16,aboba,64,seed1,16,test_loss,16,1.5968579615756964
sgboba 64 abm16,aboba,64,seed1,16,test_loss,17,1.5824879533166338
sgboba 64 abm16,aboba,64,seed1,16,test_loss,18,1.5801307198348318
sgboba 64 abm16,aboba,64,seed1,16,test_loss,19,1.5884445021106939
sgboba 64 abm16,aboba,64,seed1,16,test_loss,20,1.5862024342937835
sgboba 64 abm16,aboba,64,seed1,16,test_loss,21,1.596062164397756
sgboba 64 abm16,aboba,64,seed1,16,test_loss,22,1.5796942088254697
sgboba 64 abm16,aboba,64,seed1,16,test_loss,23,1.566432538305878
sgboba 64 abm16,aboba,64,seed1,16,test_loss,24,1.5697332153654402
sgboba 64 abm16,aboba,64,seed1,16,test_loss,25,1.5616402493161001
sgboba 64 abm16,aboba,64,seed1,16,test_loss,26,1.5680513370568585
sgboba 64 abm16,aboba,64,seed1,16,test_loss,27,1.5607527904449754
sgboba 64 abm16,aboba,64,seed1,16,test_loss,28,1.5557370144090834
sgboba 64 abm16,aboba,64,seed1,16,test_loss,29,1.5537999929136532
sgboba 64 abm16,aboba,64,seed1,16,test_loss,30,1.5561766191652626
sgboba 64 abm16,aboba,64,seed1,16,test_loss,31,1.5556775631418653
sgboba 64 abm16,aboba,64,seed1,16,test_loss,32,1.5555737341285512
sgboba 64 abm16,aboba,64,seed1,16,test_loss,33,1.5568502173302279
sgboba 64 abm16,aboba,64,seed1,16,test_loss,34,1.5568256795785989
sgboba 64 abm16,aboba,64,seed1,16,test_loss,35,1.5573609516878797
sgboba 64 abm16,aboba,64,seed1,16,test_loss,36,1.557463868408446
sgboba 64 abm16,aboba,64,seed1,16,test_loss,37,1.5576885710855959
sgboba 64 abm16,aboba,64,seed1,16,test_loss,38,1.557753215929505
sgboba 64 abm16,aboba,64,seed1,16,test_loss,39,1.5575504363722104
sgboba 64 abm16,aboba,64,seed2,16,test_loss,0,2.535809350621169
sgboba 64 abm16,aboba,64,seed2,16,test_loss,1,2.165467296436334
sgboba 64 abm16,aboba,64,seed2,16,test_loss,2,1.710287726608811
sgboba 64 abm16,aboba,64,seed2,16,test_loss,3,1.6689584437449267
sgboba 64 abm16,aboba,64,seed2,16,test_loss,4,1.6124741332546162
sgboba 64 abm16,aboba,64,seed2,16,test_loss,5,1.613626283445176
sgboba 64 abm16,aboba,64,seed2,16,test_loss,6,1.570661735382809
sgboba 64 abm16,aboba,64,seed2,16,test_loss,7,1.556401360566449
sgboba 64 abm16,aboba,64,seed2,16,test_loss,8,1.5484975242311028
sgboba 64 abm16,aboba,64,seed2,16,test_loss,9,1.5569954282918554
sgboba 64 abm16,aboba,64,seed2,16,test_loss,10,1.5910188316539595
sgboba 64 abm16,aboba,64,seed2,16,test_loss,11,1.568972991530303
sgboba 64 abm16,aboba,64,seed2,16,test_loss,12,1.548613260506065
sgboba 64 abm16,aboba,64,seed2,16,test_loss,13,1.551786165328542
sgboba 64 abm16,aboba,64,seed2,16,test_loss,14,1.5698042253779758
sgboba 64 abm16,aboba,64,seed2,16,test_loss,15,1.5784568957462433
sgboba 64 abm16,aboba,64,seed2,16,test_loss,16,1.5733434493374672
sgboba 64 abm16,aboba,64,seed2,16,test_loss,17,1.5972981399791255
sgboba 64 abm16,aboba,64,seed2,16,test_loss,18,1.5955108776214018
sgboba 64 abm16,aboba,64,seed2,16,test_loss,19,1.5792782337042937
sgboba 64 abm16,aboba,64,seed2,16,test_loss,20,1.576274205924599
sgboba 64 abm16,aboba,64,seed2,16,test_loss,21,1.5750993767361732
sgboba 64 abm16,aboba,64,seed2,16,test_loss,22,1.5837034298356172
sgboba 64 abm16,aboba,64,seed2,16,test_loss,23,1.567694374330484
sgboba 64 abm16,aboba,64,seed2,16,test_loss,24,1.561926148499653
sgboba 64 abm16,aboba,64,seed2,16,test_loss,25,1.5565012769334634
sgboba 64 abm16,aboba,64,seed2,16,test_loss,26,1.5567991490576678
sgboba 64 abm16,aboba,64,seed2,16,test_loss,27,1.552218063621764
sgboba 64 abm16,aboba,64,seed2,16,test_loss,28,1.5525913724474087
sgboba 64 abm16,aboba,64,seed2,16,test_loss,29,1.5557880431983122
sgboba 64 abm16,aboba,64,seed2,16,test_loss,30,1.5567067295882353
sgboba 64 abm16,aboba,64,seed2,16,test_loss,31,1.5552195773762503
sgboba 64 abm16,aboba,64,seed2,16,test_loss,32,1.5547681158515299
sgboba 64 abm16,aboba,64,seed2,16,test_loss,33,1.5548141769542816
sgboba 64 abm16,aboba,64,seed2,16,test_loss,34,1.5551630114294162
sgboba 64 abm16,aboba,64,seed2,16,test_loss,35,1.5554423123408274
sgboba 64 abm16,aboba,64,seed2,16,test_loss,36,1.5552148249498599
sgboba 64 abm16,aboba,64,seed2,16,test_loss,37,1.5554583364990866
sgboba 64 abm16,aboba,64,seed2,16,test_loss,38,1.5552285188322614
sgboba 64 abm16,aboba,64,seed2,16,test_loss,39,1.5554556151863876
sgboba 64 abm16,aboba,64,seed3,16,test_loss,0,2.2636632486513464
sgboba 64 abm16,aboba,64,seed3,16,test_loss,1,2.182545598145503
sgboba 64 abm16,aboba,64,seed3,16,test_loss,2,1.6725010682063497
sgboba 64 abm16,aboba,64,seed3,16,test_loss,3,1.6494720331422843
sgboba 64 abm16,aboba,64,seed3,16,test_loss,4,1.619631168948617
sgboba 64 abm16,aboba,64,seed3,16,test_loss,5,1.5653470401551313
sgboba 64 abm16,aboba,64,seed3,16,test_loss,6,1.5496478619848846
sgboba 64 abm16,aboba,64,seed3,16,test_loss,7,1.5674467029844878
sgboba 64 abm16,aboba,64,seed3,16,test_loss,8,1.5544455028643274
sgboba 64 abm16,aboba,64,seed3,16,test_loss,9,1.554230583701164
sgboba 64 abm16,aboba,64,seed3,16,test_loss,10,1.5293184435291656
sgboba 64 abm16,aboba,64,seed3,16,test_loss,11,1.579404504435837
sgboba 64 abm16,aboba,64,seed3,16,test_loss,12,1.5611919954324225
sgboba 64 abm16,aboba,64,seed3,16,test_loss,13,1.5314191670934105
sgboba 64 abm16,aboba,64,seed3,16,test_loss,14,1.5533158756365442
sgboba 64 abm16,aboba,64,seed3,16,test_loss,15,1.5705266583497357
sgboba 64 abm16,aboba,64,seed3,16,test_loss,16,1.5907449737475936
sgboba 64 abm16,aboba,64,seed3,16,test_loss,17,1.5813827469090747
sgboba 64 abm16,aboba,64,seed3,16,test_loss,18,1.5723955547733672
sgboba 64 abm16,aboba,64,seed3,16,test_loss,19,1.5604147497256091
sgboba 64 abm16,aboba,64,seed3,16,test_loss,20,1.5630646666903405
sgboba 64 abm16,aboba,64,seed3,16,test_loss,21,1.5478287464494158
sgboba 64 abm16,aboba,64,seed3,16,test_loss,22,1.5598722715286693
sgboba 64 abm16,aboba,64,seed3,16,test_loss,23,1.548469113696153
sgboba 64 abm16,aboba,64,seed3,16,test_loss,24,1.553229384741206
sgboba 64 abm16,aboba,64,seed3,16,test_loss,25,1.5496518816917566
sgboba 64 abm16,aboba,64,seed3,16,test_loss,26,1.5412786500469136
sgboba 64 abm16,aboba,64,seed3,16,test_loss,27,1.5405179186231772
sgboba 64 abm16,aboba,64,seed3,16,test_loss,28,1.534146630839937
sgboba 64 abm16,aboba,64,seed3,16,test_loss,29,1.5344760581186623
sgboba 64 abm16,aboba,64,seed3,16,test_loss,30,1.5351775174687623
sgboba 64 abm16,aboba,64,seed3,16,test_loss,31,1.5335549100948747
sgboba 64 abm16,aboba,64,seed3,16,test_loss,32,1.5335512343485644
sgboba 64 abm16,aboba,64,seed3,16,test_loss,33,1.5340202644372443
sgboba 64 abm16,aboba,64,seed3,16,test_loss,34,1.5346937414946829
sgboba 64 abm16,aboba,64,seed3,16,test_loss,35,1.5346656005094006
sgboba 64 abm16,aboba,64,seed3,16,test_loss,36,1.5354979797533364
sgboba 64 abm16,aboba,64,seed3,16,test_loss,37,1.5352833377327888
sgboba 64 abm16,aboba,64,seed3,16,test_loss,38,1.5350497437130874
sgboba 64 abm16,aboba,64,seed3,16,test_loss,39,1.5349969662678469
sgboba 64 abm2,aboba,64,seed1,2,test_loss,0,2.274255744211233
sgboba 64 abm2,aboba,64,seed1,2,test_loss,1,2.067823035701825
sgboba 64 abm2,aboba,64,seed1,2,test_loss,2,2.5388554053701413
sgboba 64 abm2,aboba,64,seed1,2,test_loss,3,2.213069790487836
sgboba 64 abm2,aboba,64,seed1,2,test_loss,4,2.2746038786165275
sgboba 64 abm2,aboba,64,seed1,2,test_loss,5,2.0933387514891897
sgboba 64 abm2,aboba,64,seed1,2,test_loss,6,2.0709605611813298
sgboba 64 abm2,aboba,64,seed1,2,test_loss,7,2.0306030633343255
sgboba 64 abm2,aboba,64,seed1,2,test_loss,8,1.9706467071156593
sgboba 64 abm2,aboba,64,seed1,2,test_loss,9,2.033856398740392
sgboba 64 abm2,aboba,64,seed1,2,test_loss,10,1.9757369452980673
sgboba 64 abm2,aboba,64,seed1,2,test_loss,11,1.9700313054831924
sgboba 64 abm2,aboba,64,seed1,2,test_loss,12,1.9920667918624393
sgboba 64 abm2,aboba,64,seed1,2,test_loss,13,1.9572238823410812
sgboba 64 abm2,aboba,64,seed1,2,test_loss,14,1.834461001833533
sgboba 64 abm2,aboba,64,seed1,2,test_loss,15,1.8656497783721633
sgboba 64 abm2,aboba,64,seed1,2,test_loss,16,1.8323323870920072
sgboba 64 abm2,aboba,64,seed1,2,test_loss,17,1.749476802576879
sgboba 64 abm2,aboba,64,seed1,2,test_loss,18,1.7297283152865757
sgboba 64 abm2,aboba,64,seed1,2,test_loss,19,1.738427524354048
sgboba 64 abm2,aboba,64,seed1,2,test_loss,20,1.7034293602985942
sgboba 64 abm2,aboba,64,seed1,2,test_loss,21,1.6658136222013242
sgboba 64 abm2,aboba,64,seed1,2,test_loss,22,1.680946943486572
sgboba 64 abm2,aboba,64,seed1,2,test_loss,23,1.6399993243490814
sgboba 64 abm2,aboba,64,seed1,2,test_loss,24,1.657421402111175
sgboba 64 abm2,aboba,64,seed1,2,test_loss,25,1.6459931871693605
sgboba 64 abm2,aboba,64,seed1,2,test_loss,26,1.6273347405111713
sgboba 64 abm2,aboba,64,seed1,2,test_loss,27,1.605226890296693
sgboba 64 abm2,aboba,64,seed1,2,test_loss,28,1.5687554657079612
sgboba 64 abm2,aboba,64,seed1,2,test_loss,29,1.5361680073343265
sgboba 64 abm2,aboba,64,seed1,2,test_loss,30,1.5385153046838798
sgboba 64 abm2,aboba,64,seed1,2,test_loss,31,1.5343839575530618
sgboba 64 abm2,aboba,64,seed1,2,test_loss,32,1.5265778876413965
sgboba 64 abm2,aboba,64,seed1,2,test_loss,33,1.524620523877964
sgboba 64 abm2,aboba,64,seed1,2,test_loss,34,1.5166854444582751
sgboba 64 abm2,aboba,64,seed1,2,test_loss,35,1.5182667765647742
sgboba 64 abm2,aboba,64,seed1,2,test_loss,36,1.5183543988094208
sgboba 64 abm2,aboba,64,seed1,2,test_loss,37,1.5184230432388888
sgboba 64 abm2,aboba,64,seed1,2,test_loss,38,1.5181029936310593
sgboba 64 abm2,aboba,64,seed1,2,test_loss,39,1.5182945508106498
sgboba 64 abm2,aboba,64,seed2,2,test_loss,0,2.535809350621169
sgboba 64 abm2,aboba,64,seed2,2,test_loss,1,2.165467296436334
sgboba 64 abm2,aboba,64,seed2,2,test_loss,2,2.498673270462425
sgboba 64 abm2,aboba,64,seed2,2,test_loss,3,2.3352169648856873
sgboba 64 abm2,aboba,64,seed2,2,test_loss,4,2.433827246829962
sgboba 64 abm2,aboba,64,seed2,2,test_loss,5,2.119089978515722
sgboba 64 abm2,aboba,64,seed2,2,test_loss,6,2.1808089944207745
sgboba 64 abm2,aboba,64,seed2,2,test_loss,7,2.145065489088654
sgboba 64 abm2,aboba,64,seed2,2,test_loss,8,2.0656174983188604
sgboba 64 abm2,aboba,64,seed2,2,test_loss,9,2.0881984211077356
sgboba 64 abm2,aboba,64,seed2,2,test_loss,10,2.0247691315450487
sgboba 64 abm2,aboba,64,seed2,2,test_loss,11,1.9317876973729224
sgboba 64 abm2,aboba,64,seed2,2,test_loss,12,1.9179622193050991
sgboba 64 abm2,aboba,64,seed2,2,test_loss,13,1.9520536645962174
sgboba 64 abm2,aboba,64,seed2,2,test_loss,14,2.023866517528607
sgboba 64 abm2,aboba,64,seed2,2,test_loss,15,1.814614472115875
sgboba 64 abm2,aboba,64,seed2,2,test_loss,16,1.80236422939665
sgboba 64 abm2,aboba,64,seed2,2,test_loss,17,1.9242313515608478
sgboba 64 abm2,aboba,64,seed2,2,test_loss,18,1.769691641163674
sgboba 64 abm2,aboba,64,seed2,2,test_loss,19,1.7385217429725988
sgboba 64 abm2,aboba,64,seed2,2,test_loss,20,1.7202122545546028
sgboba 64 abm2,aboba,64,seed2,2,test_loss,21,1.6816829921333654
sgboba 64 abm2,aboba,64,seed2,2,test_loss,22,1.6900376263697436
sgboba 64 abm2,aboba,64,seed2,2,test_loss,23,1.637807400363266
sgboba 64 abm2,aboba,64,seed2,2,test_loss,24,1.6227165528923084
sgboba 64 abm2,aboba,64,seed2,2,test_loss,25,1.6296254798864862
sgboba 64 abm2,aboba,64,seed2,2,test_loss,26,1.6017006544550514
sgboba 64 abm2,aboba,64,seed2,2,test_loss,27,1.5908792930044187
sgboba 64 abm2,aboba,64,seed2,2,test_loss,28,1.5618587026170865
sgboba 64 abm2,aboba,64,seed2,2,test_loss,29,1.5438169855980357
sgboba 64 abm2,aboba,64,seed2,2,test_loss,30,1.546945174788214
sgboba 64 abm2,aboba,64,seed2,2,test_loss,31,1.527890794596095
sgboba 64 abm2,aboba,64,seed2,2,test_loss,32,1.5292675760900898
sgboba 64 abm2,aboba,64,seed2,2,test_loss,33,1.5211404531624666
sgboba 64 abm2,aboba,64,seed2,2,test_loss,34,1.515150457430797
sgboba 64 abm2,aboba,64,seed2,2,test_loss,35,1.5126894644111584
sgboba 64 abm2,aboba,64,seed2,2,test_loss,36,1.510909287033567
sgboba 64 abm2,aboba,64,seed2,2,test_loss,37,1.5106923777586336
sgboba 64 abm2,aboba,64,seed2,2,test_loss,38,1.5100750611845855
sgboba 64 abm2,aboba,64,seed2,2,test_loss,39,1.5103646721809534
sgboba 64 abm2,aboba,64,seed3,2,test_loss,0,2.2636632486513464
sgboba 64 abm2,aboba,64,seed3,2,test_loss,1,2.182545598145503
sgboba 64 abm2,aboba,64,seed3,2,test_loss,2,2.8483219389702863
sgboba 64 abm2,aboba,64,seed3,2,test_loss,3,2.4269797095827235
sgboba 64 abm2,aboba,64,seed3,2,test_loss,4,2.1857005570344863
sgboba 64 abm2,aboba,64,seed3,2,test_loss,5,2.093580421368787
sgboba 64 abm2,aboba,64,seed3,2,test_loss,6,2.0504567699067913
sgboba 64 abm2,aboba,64,seed3,2,test_loss,7,2.082536300276495
sgboba 64 abm2,aboba,64,seed3,2,test_loss,8,2.0493641180597293
sgboba 64 abm2,aboba,64,seed3,2,test_loss,9,1.9640348018354672
sgboba 64 abm2,aboba,64,seed3,2,test_loss,10,1.9509061491413482
sgboba 64 abm2,aboba,64,seed3,2,test_loss,11,1.9895524151006323
sgboba 64 abm2,aboba,64,seed3,2,test_loss,12,1.993957402599845
sgboba 64 abm2,aboba,64,seed3,2,test_loss,13,1.89653414449874
sgboba 64 abm2,aboba,64,seed3,2,test_loss,14,1.874603365636935
sgboba 64 abm2,aboba,64,seed3,2,test_loss,15,1.8481947487326944
sgboba 64 abm2,aboba,64,seed3,2,test_loss,16,1.8570089059270871
sgboba 64 abm2,aboba,64,seed3,2,test_loss,17,1.7970282036787386
sgboba 64 abm2,aboba,64,seed3,2,test_loss,18,1.813818747830239
sgboba 64 abm2,aboba,64,seed3,2,test_loss,19,1.84192430821194
sgboba 64 abm2,aboba,64,seed3,2,test_loss,20,1.7939662591666932
sgboba 64 abm2,aboba,64,seed3,2,test_loss,21,1.764066791078847
sgboba 64 abm2,aboba,64,seed3,2,test_loss,22,1.7542687578565757
sgboba 64 abm2,aboba,64,seed3,2,test_loss,23,1.6980100422148492
sgboba 64 abm2,aboba,64,seed3,2,test_loss,24,1.6683306967376903
sgboba 64 abm2,aboba,64,seed3,2,test_loss,25,1.6441784808590154
sgboba 64 abm2,aboba,64,seed3,2,test_loss,26,1.6062800603307736
sgboba 64 abm2,aboba,64,seed3,2,test_loss,27,1.6089435026144525
sgboba 64 abm2,aboba,64,seed3,2,test_loss,28,1.5797953958723956
sgboba 64 abm2,aboba,64,seed3,2,test_loss,29,1.5476804379444973
sgboba 64 abm2,aboba,64,seed3,2,test_loss,30,1.5471740361231907
sgboba 64 abm2,aboba,64,seed3,2,test_loss,31,1.5345172650495154
sgboba 64 abm2,aboba,64,seed3,2,test_loss,32,1.5210551946026505
sgboba 64 abm2,aboba,64,seed3,2,test_loss,33,1.5195104620259279
sgboba 64 abm2,aboba,64,seed3,2,test_loss,34,1.5182847836215025
sgboba 64 abm2,aboba,64,seed3,2,test_loss,35,1.5178426849614284
sgboba 64 abm2,aboba,64,seed3,2,test_loss,36,1.5146842093984032
sgboba 64 abm2,aboba,64,seed3,2,test_loss,37,1.5143563595547038
sgboba 64 abm2,aboba,64,seed3,2,test_loss,38,1.5149443400133946
sgboba 64 abm2,aboba,64,seed3,2,test_loss,39,1.5147470342125862
sgboba 64 abm4,aboba,64,seed1,4,test_loss,0,2.274255744211233
sgboba 64 abm4,aboba,64,seed1,4,test_loss,1,2.067823035701825
sgboba 64 abm4,aboba,64,seed1,4,test_loss,2,2.0272930944041843
sgboba 64 abm4,aboba,64,seed1,4,test_loss,3,1.940935257893459
sgboba 64 abm4,aboba,64,seed1,4,test_loss,4,1.877089064592009
sgboba 64 abm4,aboba,64,seed1,4,test_loss,5,1.9004648711271346
sgboba 64 abm4,aboba,64,seed1,4,test_loss,6,1.938210374230792
sgboba 64 abm4,aboba,64,seed1,4,test_loss,7,1.8202555764252972
sgboba 64 abm4,aboba,64,seed1,4,test_loss,8,1.8757222921225676
sgboba 64 abm4,aboba,64,seed1,4,test_loss,9,1.743052203943775
sgboba 64 abm4,aboba,64,seed1,4,test_loss,10,1.8618056971556063
sgboba 64 abm4,aboba,64,seed1,4,test_loss,11,1.7494428317258313
sgboba 64 abm4,aboba,64,seed1,4,test_loss,12,1.7401801886831878
sgboba 64 abm4,aboba,64,seed1,4,test_loss,13,1.7099201960168826
sgboba 64 abm4,aboba,64,seed1,4,test_loss,14,1.7208887634763292
sgboba 64 abm4,aboba,64,seed1,4,test_loss,15,1.7895476886421253
sgboba 64 abm4,aboba,64,seed1,4,test_loss,16,1.7296932783855754
sgboba 64 abm4,aboba,64,seed1,4,test_loss,17,1.7080554347129384
sgboba 64 abm4,aboba,64,seed1,4,test_loss,18,1.6968996145163373
sgboba 64 abm4,aboba,64,seed1,4,test_loss,19,1.6799348038472948
sgboba 64 abm4,aboba,64,seed1,4,test_loss,20,1.6685475543805748
sgboba 64 abm4,aboba,64,seed1,4,test_loss,21,1.7164509023071095
sgboba 64 abm4,aboba,64,seed1,4,test_loss,22,1.6061280479856357
sgboba 64 abm4,aboba,64,seed1,4,test_loss,23,1.6113321993761003
sgboba 64 abm4,aboba,64,seed1,4,test_loss,24,1.5766855478286743
sgboba 64 abm4,aboba,64,seed1,4,test_loss,25,1.5524787743380115
sgboba 64 abm4,aboba,64,seed1,4,test_loss,26,1.5532585063557716
sgboba 64 abm4,aboba,64,seed1,4,test_loss,27,1.5470518731767204
sgboba 64 abm4,aboba,64,seed1,4,test_loss,28,1.529718654930212
sgboba 64 abm4,aboba,64,seed1,4,test_loss,29,1.5324477959590352
sgboba 64 abm4,aboba,64,seed1,4,test_loss,30,1.5183186849970727
sgboba 64 abm4,aboba,64,seed1,4,test_loss,31,1.510205139779741
sgboba 64 abm4,aboba,64,seed1,4,test_loss,32,1.507789821761429
sgboba 64 abm4,aboba,64,seed1,4,test_loss,33,1.5032118391838802
sgboba 64 abm4,aboba,64,seed1,4,test_loss,34,1.502919796545794
sgboba 64 abm4,aboba,64,seed1,4,test_loss,35,1.5012123356958864
sgboba 64 abm4,aboba,64,seed1,4,test_loss,36,1.5009102661898182
sgboba 64 abm4,aboba,64,seed1,4,test_loss,37,1.5006920463719946
sgboba 64 abm4,aboba,64,seed1,4,test_loss,38,1.5009488960739914
sgboba 64 abm4,aboba,64,seed1,4,test_loss,39,1.5008124583845686
sgboba 64 abm4,aboba,64,seed2,4,test_loss,0,2.535809350621169
sgboba 64 abm4,aboba,64,seed2,4,test_loss,1,2.165467296436334
sgboba 64 abm4,aboba,64,seed2,4,test_loss,2,2.235404900684478
sgboba 64 abm4,aboba,64,seed2,4,test_loss,3,2.127228471883543
sgboba 64 abm4,aboba,64,seed2,4,test_loss,4,2.0503963194075663
sgboba 64 abm4,aboba,64,seed2,4,test_loss,5,1.8542849888467485
sgboba 64 abm4,aboba,64,seed2,4,test_loss,6,1.9063779525696092
sgboba 64 abm4,aboba,64,seed2,4,test_loss,7,1.8400016719368613
sgboba 64 abm4,aboba,64,seed2,4,test_loss,8,1.8350005073911826
sgboba 64 abm4,aboba,64,seed2,4,test_loss,9,1.7984683893288775
sgboba 64 abm4,aboba,64,seed2,4,test_loss,10,1.7508361984969705
sgboba 64 abm4,aboba,64,seed2,4,test_loss,11,1.7993327971476658
sgboba 64 abm4,aboba,64,seed2,4,test_loss,12,1.7585275264302636
sgboba 64 abm4,aboba,64,seed2,4,test_loss,13,1.7378230299919275
sgboba 64 abm4,aboba,64,seed2,4,test_loss,14,1.7727617625218288
sgboba 64 abm4,aboba,64,seed2,4,test_loss,15,1.7648963897850862
sgboba 64 abm4,aboba,64,seed2,4,test_loss,16,1.6932742322326466
sgboba 64 abm4,aboba,64,seed2,4,test_loss,17,1.71512623121784
sgboba 64 abm4,aboba,64,seed2,4,test_loss,18,1.7376248623914778
sgboba 64 abm4,aboba,64,seed2,4,test_loss,19,1.7024141853782022
sgboba 64 abm4,aboba,64,seed2,4,test_loss,20,1.7065757163770638
sgboba 64 abm4,aboba,64,seed2,4,test_loss,21,1.6030997269472498
sgboba 64 abm4,aboba,64,seed2,4,test_loss,22,1.6942777352727902
sgboba 64 abm4,aboba,64,seed2,4,test_loss,23,1.6166634514073657
sgboba 64 abm4,aboba,64,seed2,4,test_loss,24,1.6120478924672315
sgboba 64 abm4,aboba,64,seed2,4,test_loss,25,1.5902738263652583
sgboba 64 abm4,aboba,64,seed2,4,test_loss,26,1.539818024939033
sgboba 64 abm4,aboba,64,seed2,4,test_loss,27,1.5400842192825999
sgboba 64 abm4,aboba,64,seed2,4,test_loss,28,1.5317187286486291
sgboba 64 abm4,aboba,64,seed2,4,test_loss,29,1.534923864398033
sgboba 64 abm4,aboba,64,seed2,4,test_loss,30,1.5192211129862792
sgboba 64 abm4,aboba,64,seed2,4,test_loss,31,1.516618415808222
sgboba 64 abm4,aboba,64,seed2,4,test_loss,32,1.5076858405094997
sgboba 64 abm4,aboba,64,seed2,4,test_loss,33,1.502829438941494
sgboba 64 abm4,aboba,64,seed2,4,test_loss,34,1.5006218358969232
sgboba 64 abm4,aboba,64,seed2,4,test_loss,35,1.5011516384258392
sgboba 64 abm4,aboba,64,seed2,4,test_loss,36,1.500111844888918
sgboba 64 abm4,aboba,64,seed2,4,test_loss,37,1.5000386834144592
sgboba 64 abm4,aboba,64,seed2,4,test_loss,38,1.500179411879011
sgboba 64 abm4,aboba,64,seed2,4,test_loss,39,1.5001510499389308
sgboba 64 abm4,aboba,64,seed3,4,test_loss,0,2.2636632486513464
sgboba 64 abm4,aboba,64,seed3,4,test_loss,1,2.182545598145503
sgboba 64 abm4,aboba,64,seed3,4,test_loss,2,2.041959509728061
sgboba 64 abm4,aboba,64,seed3,4,test_loss,3,1.9707321330999872
sgboba 64 abm4,aboba,64,seed3,4,test_loss,4,1.929725984858859
sgboba 64 abm4,aboba,64,seed3,4,test_loss,5,1.8791255677581593
sgboba 64 abm4,aboba,64,seed3,4,test_loss,6,1.8765650122029007
sgboba 64 abm4,aboba,64,seed3,4,test_loss,7,1.838901789325058
sgboba 64 abm4,aboba,64,seed3,4,test_loss,8,1.8269101760949298
sgboba 64 abm4,aboba,64,seed3,4,test_loss,9,1.9143077545105271
sgboba 64 abm4,aboba,64,seed3,4,test_loss,10,1.8624162765065575
sgboba 64 abm4,aboba,64,seed3,4,test_loss,11,1.7448970853902732
sgboba 64 abm4,aboba,64,seed3,4,test_loss,12,1.8244924044153492
sgboba 64 abm4,aboba,64,seed3,4,test_loss,13,1.8605493170440577
sgboba 64 abm4,aboba,64,seed3,4,test_loss,14,1.7445332988811906
sgboba 64 abm4,aboba,64,seed3,4,test_loss,15,1.7145904295004097
sgboba 64 abm4,aboba,64,seed3,4,test_loss,16,1.7320503186268412
sgboba 64 abm4,aboba,64,seed3,4,test_loss,17,1.6841962109705446
sgboba 64 abm4,aboba,64,seed3,4,test_loss,18,1.6878261345966605
sgboba 64 abm4,aboba,64,seed3,4,test_loss,19,1.678195529682621
sgboba 64 abm4,aboba,64,seed3,4,test_loss,20,1.7645863772957189
sgboba 64 abm4,aboba,64,seed3,4,test_loss,21,1.689261062889342
sgboba 64 abm4,aboba,64,seed3,4,test_loss,22,1.5911177746049918
sgboba 64 abm4,aboba,64,seed3,4,test_loss,23,1.5987849493694912
sgboba 64 abm4,aboba,64,seed3,4,test_loss,24,1.583733667993242
sgboba 64 abm4,aboba,64,seed3,4,test_loss,25,1.549086861549669
sgboba 64 abm4,aboba,64,seed3,4,test_loss,26,1.554695266067602
sgboba 64 abm4,aboba,64,seed3,4,test_loss,27,1.5481795049776697
sgboba 64 abm4,aboba,64,seed3,4,test_loss,28,1.5112864507991037
sgboba 64 abm4,aboba,64,seed3,4,test_loss,29,1.4936449353102665
sgboba 64 abm4,aboba,64,seed3,4,test_loss,30,1.498363789479444
sgboba 64 abm4,aboba,64,seed3,4,test_loss,31,1.4903273130678067
sgboba 64 abm4,aboba,64,seed3,4,test_loss,32,1.486443969854124
sgboba 64 abm4,aboba,64,seed3,4,test_loss,33,1.4872322025572418
sgboba 64 abm4,aboba,64,seed3,4,test_loss,34,1.4833184735030884
sgboba 64 abm4,aboba,64,seed3,4,test_loss,35,1.4837872868130921
sgboba 64 abm4,aboba,64,seed3,4,test_loss,36,1.4842097850362206
sgboba 64 abm4,aboba,64,seed3,4,test_loss,37,1.4840810541894025
sgboba 64 abm4,aboba,64,seed3,4,test_loss,38,1.483934532684885
sgboba 64 abm4,aboba,64,seed3,4,test_loss,39,1.4837042791828228
sgboba 64 abm8,aboba,64,seed1,8,test_loss,0,2.274255744211233
sgboba 64 abm8,aboba,64,seed1,8,test_loss,1,2.067823035701825
sgboba 64 abm8,aboba,64,seed1,8,test_loss,2,1.7778367024318429
sgboba 64 abm8,aboba,64,seed1,8,test_loss,3,1.7134663891640438
sgboba 64 abm8,aboba,64,seed1,8,test_loss,4,1.738603307183381
sgboba 64 abm8,aboba,64,seed1,8,test_loss,5,1.725998911128682
sgboba 64 abm8,aboba,64,seed1,8,test_loss,6,1.6908294661029888
sgboba 64 abm8,aboba,64,seed1,8,test_loss,7,1.6861212542102595
sgboba 64 abm8,aboba,64,seed1,8,test_loss,8,1.6934082887734576
sgboba 64 abm8,aboba,64,seed1,8,test_loss,9,1.643014307993992
sgboba 64 abm8,aboba,64,seed1,8,test_loss,10,1.6591066342250558
sgboba 64 abm8,aboba,64,seed1,8,test_loss,11,1.7159630796711915
sgboba 64 abm8,aboba,64,seed1,8,test_loss,12,1.6617307959088854
sgboba 64 abm8,aboba,64,seed1,8,test_loss,13,1.662368968793541
sgboba 64 abm8,aboba,64,seed1,8,test_loss,14,1.6650515081016881
sgboba 64 abm8,aboba,64,seed1,8,test_loss,15,1.6560658763168723
sgboba 64 abm8,aboba,64,seed1,8,test_loss,16,1.6546495507477195
sgboba 64 abm8,aboba,64,seed1,8,test_loss,17,1.6172963730089225
sgboba 64 abm8,aboba,64,seed1,8,test_loss,18,1.6172039356960612
sgboba 64 abm8,aboba,64,seed1,8,test_loss,19,1.6068344678089117
sgboba 64 abm8,aboba,64,seed1,8,test_loss,20,1.6229806417112898
sgboba 64 abm8,aboba,64,seed1,8,test_loss,21,1.6062311351678933
sgboba 64 abm8,aboba,64,seed1,8,test_loss,22,1.5864378024058736
sgboba 64 abm8,aboba,64,seed1,8,test_loss,23,1.5818709590632445
sgboba 64 abm8,aboba,64,seed1,8,test_loss,24,1.5558125790517041
sgboba 64 abm8,aboba,64,seed1,8,test_loss,25,1.5561062014027007
sgboba 64 abm8,aboba,64,seed1,8,test_loss,26,1.5335601105052195
sgboba 64 abm8,aboba,64,seed1,8,test_loss,27,1.5410818423435186
sgboba 64 abm8,aboba,64,seed1,8,test_loss,28,1.5284737629495608
sgboba 64 abm8,aboba,64,seed1,8,test_loss,29,1.5262433989032818
sgboba 64 abm8,aboba,64,seed1,8,test_loss,30,1.5291724736523475
sgboba 64 abm8,aboba,64,seed1,8,test_loss,31,1.5260086435421256
sgboba 64 abm8,aboba,64,seed1,8,test_loss,32,1.5238874543244672
sgboba 64 abm8,aboba,64,seed1,8,test_loss,33,1.5232800446498167
sgboba 64 abm8,aboba,64,seed1,8,test_loss,34,1.5241094425225714
sgboba 64 abm8,aboba,64,seed1,8,test_loss,35,1.5239742314739593
sgboba 64 abm8,aboba,64,seed1,8,test_loss,36,1.5237575868132767
sgboba 64 abm8,aboba,64,seed1,8,test_loss,37,1.523715966066737
sgboba 64 abm8,aboba,64,seed1,8,test_loss,38,1.5238113008486998
sgboba 64 abm8,aboba,64,seed1,8,test_loss,39,1.5237946548279684
sgboba 64 abm8,aboba,64,seed2,8,test_loss,0,2.535809350621169
sgboba 64 abm8,aboba,64,seed2,8,test_loss,1,2.165467296436334
sgboba 64 abm8,aboba,64,seed2,8,test_loss,2,1.8014138762358647
sgboba 64 abm8,aboba,64,seed2,8,test_loss,3,1.7567449208277806
sgboba 64 abm8,aboba,64,seed2,8,test_loss,4,1.744353981534387
sgboba 64 abm8,aboba,64,seed2,8,test_loss,5,1.7414959562811883
sgboba 64 abm8,aboba,64,seed2,8,test_loss,6,1.696701763541835
sgboba 64 abm8,aboba,64,seed2,8,test_loss,7,1.656162414581153
sgboba 64 abm8,aboba,64,seed2,8,test_loss,8,1.7455278597060282
sgboba 64 abm8,aboba,64,seed2,8,test_loss,9,1.7465605265016009
sgboba 64 abm8,aboba,64,seed2,8,test_loss,10,1.7083180770752535
sgboba 64 abm8,aboba,64,seed2,8,test_loss,11,1.7052018331114653
sgboba 64 abm8,aboba,64,seed2,8,test_loss,12,1.6699819519261645
sgboba 64 abm8,aboba,64,seed2,8,test_loss,13,1.7167557538694638
sgboba 64 abm8,aboba,64,seed2,8,test_loss,14,1.6795968477893028
sgboba 64 abm8,aboba,64,seed2,8,test_loss,15,1.638318102450887
sgboba 64 abm8,aboba,64,seed2,8,test_loss,16,1.6432158301590354
sgboba 64 abm8,aboba,64,seed2,8,test_loss,17,1.634555973824422
sgboba 64 abm8,aboba,64,seed2,8,test_loss,18,1.6346137850147904
sgboba 64 abm8,aboba,64,seed2,8,test_loss,19,1.6319350843216962
sgboba 64 abm8,aboba,64,seed2,8,test_loss,20,1.603097498796548
sgboba 64 abm8,aboba,64,seed2,8,test_loss,21,1.5983191519785838
sgboba 64 abm8,aboba,64,seed2,8,test_loss,22,1.5756588270709773
sgboba 64 abm8,aboba,64,seed2,8,test_loss,23,1.579094048518284
sgboba 64 abm8,aboba,64,seed2,8,test_loss,24,1.5511391664006908
sgboba 64 abm8,aboba,64,seed2,8,test_loss,25,1.536042023616232
sgboba 64 abm8,aboba,64,seed2,8,test_loss,26,1.5250419545325504
sgboba 64 abm8,aboba,64,seed2,8,test_loss,27,1.5232858035215147
sgboba 64 abm8,aboba,64,seed2,8,test_loss,28,1.5211606990000246
sgboba 64 abm8,aboba,64,seed2,8,test_loss,29,1.516072295273945
sgboba 64 abm8,aboba,64,seed2,8,test_loss,30,1.511395717882047
sgboba 64 abm8,aboba,64,seed2,8,test_loss,31,1.5079706501049601
sgboba 64 abm8,aboba,64,seed2,8,test_loss,32,1.505549442616238
sgboba 64 abm8,aboba,64,seed2,8,test_loss,33,1.5059016016638203
sgboba 64 abm8,aboba,64,seed2,8,test_loss,34,1.5050217737058165
sgboba 64 abm8,aboba,64,seed2,8,test_loss,35,1.5049542947939247
sgboba 64 abm8,aboba,64,seed2,8,test_loss,36,1.5047797200026785
sgboba 64 abm8,aboba,64,seed2,8,test_loss,37,1.5047922422931452
sgboba 64 abm8,aboba,64,seed2,8,test_loss,38,1.5048288623238826
sgboba 64 abm8,aboba,64,seed2,8,test_loss,39,1.5048869130717721
sgboba 64 abm8,aboba,64,seed3,8,test_loss,0,2.2636632486513464
sgboba 64 abm8,aboba,64,seed3,8,test_loss,1,2.182545598145503
sgboba 64 abm8,aboba,64,seed3,8,test_loss,2,1.7671451014318285
sgboba 64 abm8,aboba,64,seed3,8,test_loss,3,1.779675157206833
sgboba 64 abm8,aboba,64,seed3,8,test_loss,4,1.6814875921626
sgboba 64 abm8,aboba,64,seed3,8,test_loss,5,1.6729534761920857
sgboba 64 abm8,aboba,64,seed3,8,test_loss,6,1.6753070384833464
sgboba 64 abm8,aboba,64,seed3,8,test_loss,7,1.6747040414506462
sgboba 64 abm8,aboba,64,seed3,8,test_loss,8,1.6744201547780615
sgboba 64 abm8,aboba,64,seed3,8,test_loss,9,1.6887771969388246
sgboba 64 abm8,aboba,64,seed3,8,test_loss,10,1.635467116999778
sgboba 64 abm8,aboba,64,seed3,8,test_loss,11,1.681112059362375
sgboba 64 abm8,aboba,64,seed3,8,test_loss,12,1.6252799732669903
sgboba 64 abm8,aboba,64,seed3,8,test_loss,13,1.6602365970611572
sgboba 64 abm8,aboba,64,seed3,8,test_loss,14,1.6825616526755558
sgboba 64 abm8,aboba,64,seed3,8,test_loss,15,1.7101294052828648
sgboba 64 abm8,aboba,64,seed3,8,test_loss,16,1.6779609052998246
sgboba 64 abm8,aboba,64,seed3,8,test_loss,17,1.6676477725338783
sgboba 64 abm8,aboba,64,seed3,8,test_loss,18,1.666814548194788
sgboba 64 abm8,aboba,64,seed3,8,test_loss,19,1.6072159686665626
sgboba 64 abm8,aboba,64,seed3,8,test_loss,20,1.6077112479574363
sgboba 64 abm8,aboba,64,seed3,8,test_loss,21,1.5875881902731148
sgboba 64 abm8,aboba,64,seed3,8,test_loss,22,1.5793776895589888
sgboba 64 abm8,aboba,64,seed3,8,test_loss,23,1.5599710721119193
sgboba 64 abm8,aboba,64,seed3,8,test_loss,24,1.5341591493339295
sgboba 64 abm8,aboba,64,seed3,8,test_loss,25,1.5259674924194433
sgboba 64 abm8,aboba,64,seed3,8,test_loss,26,1.5144088860530003
sgboba 64 abm8,aboba,64,seed3,8,test_loss,27,1.513704051637346
sgboba 64 abm8,aboba,64,seed3,8,test_loss,28,1.505163532153816
sgboba 64 abm8,aboba,64,seed3,8,test_loss,29,1.503242069368909
sgboba 64 abm8,aboba,64,seed3,8,test_loss,30,1.5060360177307373
sgboba 64 abm8,aboba,64,seed3,8,test_loss,31,1.503569249894209
sgboba 64 abm8,aboba,64,seed3,8,test_loss,32,1.502242339264815
sgboba 64 abm8,aboba,64,seed3,8,test_loss,33,1.4999471735802425
sgboba 64 abm8,aboba,64,seed3,8,test_loss,34,1.4996006974748746
sgboba 64 abm8,aboba,64,seed3,8,test_loss,35,1.5003108959289113
sgboba 64 abm8,aboba,64,seed3,8,test_loss,36,1.5001401020463105
sgboba 64 abm8,aboba,64,seed3,8,test_loss,37,1.5001726446637682
sgboba 64 abm8,aboba,64,seed3,8,test_loss,38,1.5002081910516047
sgboba 64 abm8,aboba,64,seed3,8,test_loss,39,1.500363226908787
sgd 16,basic,16,seed1,,test_loss,0,4.076721653366089
sgd 16,basic,16,seed1,,test_loss,1,3.7605313472747803
sgd 16,basic,16,seed1,,test_loss,2,3.4720656776428225
sgd 16,basic,16,seed1,,test_loss,3,3.3062201755523684
sgd 16,basic,16,seed1,,test_loss,4,3.189274104309082
sgd 16,basic,16,seed1,,test_loss,5,3.168662404632568
sgd 16,basic,16,seed1,,test_loss,6,2.998403783226013
sgd 16,basic,16,seed1,,test_loss,7,3.016106479644775
sgd 16,basic,16,seed1,,test_loss,8,2.8645107400894165
sgd 16,basic,16,seed1,,test_loss,9,2.9134214765548707
sgd 16,basic,16,seed1,,test_loss,10,2.914649872970581
sgd 16,basic,16,seed1,,test_loss,11,2.8927324867248534
sgd 16,basic,16,seed1,,test_loss,12,2.8872700958251953
sgd 16,basic,16,seed1,,test_loss,13,2.675213145446777
sgd 16,basic,16,seed1,,test_loss,14,2.6575556318283082
sgd 16,basic,16,seed1,,test_loss,15,2.8287019512176514
sgd 16,basic,16,seed1,,test_loss,16,2.7298453826904296
sgd 16,basic,16,seed1,,test_loss,17,2.673407498931885
sgd 16,basic,16,seed1,,test_loss,18,2.5328561794281006
sgd 16,basic,16,seed1,,test_loss,19,2.5595500802993776
sgd 16,basic,16,seed1,,test_loss,20,2.4810407346725465
sgd 16,basic,16,seed1,,test_loss,21,2.448647685241699
sgd 16,basic,16,seed1,,test_loss,22,2.415541276741028
sgd 16,basic,16,seed1,,test_loss,23,2.3340864936828614
sgd 16,basic,16,seed1,,test_loss,24,2.326262003707886
sgd 16,basic,16,seed1,,test_loss,25,2.26666148853302
sgd 16,basic,16,seed1,,test_loss,26,2.265911629295349
sgd 16,basic,16,seed1,,test_loss,27,2.167150465774536
sgd 16,basic,16,seed1,,test_loss,28,2.0731123847961426
sgd 16,basic,16,seed1,,test_loss,29,2.0507633808135988
sgd 16,basic,16,seed1,,test_loss,30,2.0199003480911255
sgd 16,basic,16,seed1,,test_loss,31,1.9774594889640809
sgd 16,basic,16,seed1,,test_loss,32,1.9208722707748414
sgd 16,basic,16,seed1,,test_loss,33,1.8736597903251648
sgd 16,basic,16,seed1,,test_loss,34,1.835875532913208
sgd 16,basic,16,seed1,,test_loss,35,1.766671745300293
sgd 16,basic,16,seed1,,test_loss,36,1.7267219042778015
sgd 16,basic,16,seed1,,test_loss,37,1.7162385630607604
sgd 16,basic,16,seed1,,test_loss,38,1.6847996932029725
sgd 16,basic,16,seed1,,test_loss,39,1.6624350775718688
sgd 16,basic,16,seed2,,test_loss,0,3.920660971450806
sgd 16,basic,16,seed2,,test_loss,1,3.4731747528076173
sgd 16,basic,16,seed2,,test_loss,2,3.1987221450805663
sgd 16,basic,16,seed2,,test_loss,3,3.152743101119995
sgd 16,basic,16,seed2,,test_loss,4,2.9419871290206907
sgd 16,basic,16,seed2,,test_loss,5,2.9567398710250856
sgd 16,basic,16,seed2,,test_loss,6,2.9082198434829714
sgd 16,basic,16,seed2,,test_loss,7,2.842532755279541
sgd 16,basic,16,seed2,,test_loss,8,2.8152219148635864
sgd 16,basic,16,seed2,,test_loss,9,2.8568668508529664
sgd 16,basic,16,seed2,,test_loss,10,2.776222059059143
sgd 16,basic,16,seed2,,test_loss,11,2.7368096382141114
sgd 16,basic,16,seed2,,test_loss,12,2.7246044677734376
sgd 16,basic,16,seed2,,test_loss,13,2.6412493810653688
sgd 16,basic,16,seed2,,test_loss,14,2.616927192878723
sgd 16,basic,16,seed2,,test_loss,15,2.6622813438415527
sgd 16,basic,16,seed2,,test_loss,16,2.6100201545715334
sgd 16,basic,16,seed2,,test_loss,17,2.6075363271713257
sgd 16,basic,16,seed2,,test_loss,18,2.491075368118286
sgd 16,basic,16,seed2,,test_loss,19,2.4685362077713013
sgd 16,basic,16,seed2,,test_loss,20,2.477478572273254
sgd 16,basic,16,seed2,,test_loss,21,2.3663198663711547
sgd 16,basic,16,seed2,,test_loss,22,2.3952224910736084
sgd 16,basic,16,seed2,,test_loss,23,2.279340071296692
sgd 16,basic,16,seed2,,test_loss,24,2.2721605895996095
sgd 16,basic,16,seed2,,test_loss,25,2.2069658224105835
sgd 16,basic,16,seed2,,test_loss,26,2.173791791343689
sgd 16,basic,16,seed2,,test_loss,27,2.1879750593185423
sgd 16,basic,16,seed2,,test_loss,28,2.119613324546814
sgd 16,basic,16,seed2,,test_loss,29,2.054612870693207
sgd 16,basic,16,seed2,,test_loss,30,1.9991707349777221
sgd 16,basic,16,seed2,,test_loss,31,1.9781190135002136
sgd 16,basic,16,seed2,,test_loss,32,1.8908433835983276
sgd 16,basic,16,seed2,,test_loss,33,1.827311069393158
sgd 16,basic,16,seed2,,test_loss,34,1.7958351328849793
sgd 16,basic,16,seed2,,test_loss,35,1.7706268179893494
sgd 16,basic,16,seed2,,test_loss,36,1.7117985573768615
sgd 16,basic,16,seed2,,test_loss,37,1.6821409416198732
sgd 16,basic,16,seed2,,test_loss,38,1.6288321971893311
sgd 16,basic,16,seed2,,test_loss,39,1.6318907896995545
sgd 16,basic,16,seed3,,test_loss,0,3.9954194007873536
sgd 16,basic,16,seed3,,test_loss,1,3.6713821727752687
sgd 16,basic,16,seed3,,test_loss,2,3.31766485748291
sgd 16,basic,16,seed3,,test_loss,3,3.126818584442139
sgd 16,basic,16,seed3,,test_loss,4,3.058700335121155
sgd 16,basic,16,seed3,,test_loss,5,2.886487519073486
sgd 16,basic,16,seed3,,test_loss,6,2.8530909866333007
sgd 16,basic,16,seed3,,test_loss,7,2.8279000959396363
sgd 16,basic,16,seed3,,test_loss,8,2.80695862865448
sgd 16,basic,16,seed3,,test_loss,9,2.808070426750183
sgd 16,basic,16,seed3,,test_loss,10,2.833534549331665
sgd 16,basic,16,seed3,,test_loss,11,2.714606747817993
sgd 16,basic,16,seed3,,test_loss,12,2.6420526069641115
sgd 16,basic,16,seed3,,test_loss,13,2.661241325187683
sgd 16,basic,16,seed3,,test_loss,14,2.6534251039505006
sgd 16,basic,16,seed3,,test_loss,15,2.603961096763611
sgd 16,basic,16,seed3,,test_loss,16,2.5759758621215822
sgd 16,basic,16,seed3,,test_loss,17,2.54649068031311
sgd 16,basic,16,seed3,,test_loss,18,2.4545519956588744
sgd 16,basic,16,seed3,,test_loss,19,2.543011386680603
sgd 16,basic,16,seed3,,test_loss,20,2.369480729866028
sgd 16,basic,16,seed3,,test_loss,21,2.362617817687988
sgd 16,basic,16,seed3,,test_loss,22,2.33086047039032
sgd 16,basic,16,seed3,,test_loss,23,2.294790001106262
sgd 16,basic,16,seed3,,test_loss,24,2.240355814743042
sgd 16,basic,16,seed3,,test_loss,25,2.2727684766769407
sgd 16,basic,16,seed3,,test_loss,26,2.103653942298889
sgd 16,basic,16,seed3,,test_loss,27,2.1176694622039793
sgd 16,basic,16,seed3,,test_loss,28,2.07486692237854
sgd 16,basic,16,seed3,,test_loss,29,2.006489324760437
sgd 16,basic,16,seed3,,test_loss,30,1.956541936969757
sgd 16,basic,16,seed3,,test_loss,31,1.9373929532051086
sgd 16,basic,16,seed3,,test_loss,32,1.8920684628486633
sgd 16,basic,16,seed3,,test_loss,33,1.8382855724334717
sgd 16,basic,16,seed3,,test_loss,34,1.7514883839607238
sgd 16,basic,16,seed3,,test_loss,35,1.7487639377593993
sgd 16,basic,16,seed3,,test_loss,36,1.6850574529647828
sgd 16,basic,16,seed3,,test_loss,37,1.6547575127601624
sgd 16,basic,16,seed3,,test_loss,38,1.6307380763053894
sgd 16,basic,16,seed3,,test_loss,39,1.6178162698745728
sgd 256,basic,256,seed1,,test_loss,0,2.3977599799633027
sgd 256,basic,256,seed1,,test_loss,1,1.9839996635913848
sgd 256,basic,256,seed1,,test_loss,2,1.860382318496704
sgd 256,basic,256,seed1,,test_loss,3,1.785620501637459
sgd 256,basic,256,seed1,,test_loss,4,1.6871003568172456
sgd 256,basic,256,seed1,,test_loss,5,1.6766795873641969
sgd 256,basic,256,seed1,,test_loss,6,1.6557681530714035
sgd 256,basic,256,seed1,,test_loss,7,1.6615276724100112
sgd 256,basic,256,seed1,,test_loss,8,1.6598307698965074
sgd 256,basic,256,seed1,,test_loss,9,1.6430960714817047
sgd 256,basic,256,seed1,,test_loss,10,1.6434127926826476
sgd 256,basic,256,seed1,,test_loss,11,1.6358753085136413
sgd 256,basic,256,seed1,,test_loss,12,1.6648264348506927
sgd 256,basic,256,seed1,,test_loss,13,1.6300170719623566
sgd 256,basic,256,seed1,,test_loss,14,1.617878147959709
sgd 256,basic,256,seed1,,test_loss,15,1.6879046082496643
sgd 256,basic,256,seed1,,test_loss,16,1.697939294576645
sgd 256,basic,256,seed1,,test_loss,17,1.6144233822822571
sgd 256,basic,256,seed1,,test_loss,18,1.6332356661558152
sgd 256,basic,256,seed1,,test_loss,19,1.6228633791208267
sgd 256,basic,256,seed1,,test_loss,20,1.6170414924621581
sgd 256,basic,256,seed1,,test_loss,21,1.6128982603549957
sgd 256,basic,256,seed1,,test_loss,22,1.6103200793266297
sgd 256,basic,256,seed1,,test_loss,23,1.595747447013855
sgd 256,basic,256,seed1,,test_loss,24,1.6151058405637742
sgd 256,basic,256,seed1,,test_loss,25,1.5953574031591415
sgd 256,basic,256,seed1,,test_loss,26,1.571894720196724
sgd 256,basic,256,seed1,,test_loss,27,1.5739535346627236
sgd 256,basic,256,seed1,,test_loss,28,1.5773982644081115
sgd 256,basic,256,seed1,,test_loss,29,1.5711786955595017
sgd 256,basic,256,seed1,,test_loss,30,1.5560346484184264
sgd 256,basic,256,seed1,,test_loss,31,1.5520881533622741
sgd 256,basic,256,seed1,,test_loss,32,1.553996729850769
sgd 256,basic,256,seed1,,test_loss,33,1.5467507183551787
sgd 256,basic,256,seed1,,test_loss,34,1.5454991847276687
sgd 256,basic,256,seed1,,test_loss,35,1.5427026927471161
sgd 256,basic,256,seed1,,test_loss,36,1.5475610196590424
sgd 256,basic,256,seed1,,test_loss,37,1.5407712489366532
sgd 256,basic,256,seed1,,test_loss,38,1.5449417233467102
sgd 256,basic,256,seed1,,test_loss,39,1.545172816514969
sgd 256,basic,256,seed2,,test_loss,0,2.387886905670166
sgd 256,basic,256,seed2,,test_loss,1,1.9670510232448577
sgd 256,basic,256,seed2,,test_loss,2,1.8387084633111954
sgd 256,basic,256,seed2,,test_loss,3,1.779260328412056
sgd 256,basic,256,seed2,,test_loss,4,1.7005793035030365
sgd 256,basic,256,seed2,,test_loss,5,1.6800697416067123
sgd 256,basic,256,seed2,,test_loss,6,1.6520014375448226
sgd 256,basic,256,seed2,,test_loss,7,1.64195659160614
sgd 256,basic,256,seed2,,test_loss,8,1.6588617622852326
sgd 256,basic,256,seed2,,test_loss,9,1.6214889764785767
sgd 256,basic,256,seed2,,test_loss,10,1.6209049433469773
sgd 256,basic,256,seed2,,test_loss,11,1.647475478053093
sgd 256,basic,256,seed2,,test_loss,12,1.6357228666543961
sgd 256,basic,256,seed2,,test_loss,13,1.6035368233919143
sgd 256,basic,256,seed2,,test_loss,14,1.6322372645139693
sgd 256,basic,256,seed2,,test_loss,15,1.622295942902565
sgd 256,basic,256,seed2,,test_loss,16,1.6097300112247468
sgd 256,basic,256,seed2,,test_loss,17,1.6149864137172698
sgd 256,basic,256,seed2,,test_loss,18,1.5914051055908203
sgd 256,basic,256,seed2,,test_loss,19,1.6148295819759368
sgd 256,basic,256,seed2,,test_loss,20,1.5880725473165511
sgd 256,basic,256,seed2,,test_loss,21,1.5814037948846817
sgd 256,basic,256,seed2,,test_loss,22,1.5856414288282394
sgd 256,basic,256,seed2,,test_loss,23,1.5701040625572205
sgd 256,basic,256,seed2,,test_loss,24,1.5757577538490295
sgd 256,basic,256,seed2,,test_loss,25,1.561798369884491
sgd 256,basic,256,seed2,,test_loss,26,1.5636515706777572
sgd 256,basic,256,seed2,,test_loss,27,1.5619501739740371
sgd 256,basic,256,seed2,,test_loss,28,1.568090522289276
sgd 256,basic,256,seed2,,test_loss,29,1.5559157311916352
sgd 256,basic,256,seed2,,test_loss,30,1.5381211280822753
sgd 256,basic,256,seed2,,test_loss,31,1.5396003633737565
sgd 256,basic,256,seed2,,test_loss,32,1.52854063808918
sgd 256,basic,256,seed2,,test_loss,33,1.5299172967672348
sgd 256,basic,256,seed2,,test_loss,34,1.526261430978775
sgd 256,basic,256,seed2,,test_loss,35,1.5274117767810822
sgd 256,basic,256,seed2,,test_loss,36,1.5255275547504425
sgd 256,basic,256,seed2,,test_loss,37,1.524032336473465
sgd 256,basic,256,seed2,,test_loss,38,1.5167941719293594
sgd 256,basic,256,seed2,,test_loss,39,1.5210242837667465
sgd 256,basic,256,seed3,,test_loss,0,2.414397531747818
sgd 256,basic,256,seed3,,test_loss,1,2.0477917909622194
sgd 256,basic,256,seed3,,test_loss,2,1.8624060600996017
sgd 256,basic,256,seed3,,test_loss,3,1.7364376097917558
sgd 256,basic,256,seed3,,test_loss,4,1.6686529994010926
sgd 256,basic,256,seed3,,test_loss,5,1.644694298505783
sgd 256,basic,256,seed3,,test_loss,6,1.6798869639635086
sgd 256,basic,256,seed3,,test_loss,7,1.6498856782913207
sgd 256,basic,256,seed3,,test_loss,8,1.6372690796852112
sgd 256,basic,256,seed3,,test_loss,9,1.6334418684244156
sgd 256,basic,256,seed3,,test_loss,10,1.6178472071886063
sgd 256,basic,256,seed3,,test_loss,11,1.626973557472229
sgd 256,basic,256,seed3,,test_loss,12,1.62327401638031
sgd 256,basic,256,seed3,,test_loss,13,1.6054625272750855
sgd 256,basic,256,seed3,,test_loss,14,1.6264843463897705
sgd 256,basic,256,seed3,,test_loss,15,1.6306236684322357
sgd 256,basic,256,seed3,,test_loss,16,1.6162442445755005
sgd 256,basic,256,seed3,,test_loss,17,1.6005072325468064
sgd 256,basic,256,seed3,,test_loss,18,1.6122955888509751
sgd 256,basic,256,seed3,,test_loss,19,1.619043880701065
sgd 256,basic,256,seed3,,test_loss,20,1.5587162762880324
sgd 256,basic,256,seed3,,test_loss,21,1.5847685992717744
sgd 256,basic,256,seed3,,test_loss,22,1.603583776950836
sgd 256,basic,256,seed3,,test_loss,23,1.5769821286201477
sgd 256,basic,256,seed3,,test_loss,24,1.5892940133810043
sgd 256,basic,256,seed3,,test_loss,25,1.5647386282682418
sgd 256,basic,256,seed3,,test_loss,26,1.5440622419118881
sgd 256,basic,256,seed3,,test_loss,27,1.5418012470006943
sgd 256,basic,256,seed3,,test_loss,28,1.522129726409912
sgd 256,basic,256,seed3,,test_loss,29,1.5362776547670365
sgd 256,basic,256,seed3,,test_loss,30,1.5198551058769225
sgd 256,basic,256,seed3,,test_loss,31,1.5216730415821076
sgd 256,basic,256,seed3,,test_loss,32,1.5145279437303543
sgd 256,basic,256,seed3,,test_loss,33,1.5086924582719803
sgd 256,basic,256,seed3,,test_loss,34,1.5129809081554413
sgd 256,basic,256,seed3,,test_loss,35,1.5075499594211579
sgd 256,basic,256,seed3,,test_loss,36,1.5053846776485442
sgd 256,basic,256,seed3,,test_loss,37,1.505181869864464
sgd 256,basic,256,seed3,,test_loss,38,1.5069702684879303
sgd 256,basic,256,seed3,,test_loss,39,1.5016299068927765
sgd 64,basic,64,seed1,,test_loss,0,2.274255744211233
sgd 64,basic,64,seed1,,test_loss,1,2.067823035701825
sgd 64,basic,64,seed1,,test_loss,2,2.1209480952305397
sgd 64,basic,64,seed1,,test_loss,3,2.066849074545939
sgd 64,basic,64,seed1,,test_loss,4,1.9652819603112093
sgd 64,basic,64,seed1,,test_loss,5,2.002659948008835
sgd 64,basic,64,seed1,,test_loss,6,2.025124174014778
sgd 64,basic,64,seed1,,test_loss,7,2.0436589596377814
sgd 64,basic,64,seed1,,test_loss,8,1.9842741709605904
sgd 64,basic,64,seed1,,test_loss,9,1.9884144530934134
sgd 64,basic,64,seed1,,test_loss,10,1.9339457233999944
sgd 64,basic,64,seed1,,test_loss,11,1.9102446941813087
sgd 64,basic,64,seed1,,test_loss,12,1.899838807476554
sgd 64,basic,64,seed1,,test_loss,13,1.8998040310136832
sgd 64,basic,64,seed1,,test_loss,14,1.9214187898453634
sgd 64,basic,64,seed1,,test_loss,15,1.872528380649105
sgd 64,basic,64,seed1,,test_loss,16,1.7880763574770302
sgd 64,basic,64,seed1,,test_loss,17,1.829324863518879
sgd 64,basic,64,seed1,,test_loss,18,1.7729924704618514
sgd 64,basic,64,seed1,,test_loss,19,1.7740942778860687
sgd 64,basic,64,seed1,,test_loss,20,1.7231087464435844
sgd 64,basic,64,seed1,,test_loss,21,1.7233254765249362
sgd 64,basic,64,seed1,,test_loss,22,1.780558788852327
sgd 64,basic,64,seed1,,test_loss,23,1.6518024783225576
sgd 64,basic,64,seed1,,test_loss,24,1.6434620163243288
sgd 64,basic,64,seed1,,test_loss,25,1.6449868549966509
sgd 64,basic,64,seed1,,test_loss,26,1.6070923585041312
sgd 64,basic,64,seed1,,test_loss,27,1.5815784505977752
sgd 64,basic,64,seed1,,test_loss,28,1.5468887394400919
sgd 64,basic,64,seed1,,test_loss,29,1.5385778011030453
sgd 64,basic,64,seed1,,test_loss,30,1.502135754770534
sgd 64,basic,64,seed1,,test_loss,31,1.5032300660564641
sgd 64,basic,64,seed1,,test_loss,32,1.4795663421321068
sgd 64,basic,64,seed1,,test_loss,33,1.4715996054327412
sgd 64,basic,64,seed1,,test_loss,34,1.4491810730308483
sgd 64,basic,64,seed1,,test_loss,35,1.4609985981777216
sgd 64,basic,64,seed1,,test_loss,36,1.4514853563278345
sgd 64,basic,64,seed1,,test_loss,37,1.4523229883734587
sgd 64,basic,64,seed1,,test_loss,38,1.4553616631562543
sgd 64,basic,64,seed1,,test_loss,39,1.466744203856037
sgd 64,basic,64,seed2,,test_loss,0,2.535809350621169
sgd 64,basic,64,seed2,,test_loss,1,2.165467296436334
sgd 64,basic,64,seed2,,test_loss,2,2.0252920108236325
sgd 64,basic,64,seed2,,test_loss,3,2.003523898732131
sgd 64,basic,64,seed2,,test_loss,4,2.013634644496213
sgd 64,basic,64,seed2,,test_loss,5,1.9406089008234109
sgd 64,basic,64,seed2,,test_loss,6,2.0372955935775856
sgd 64,basic,64,seed2,,test_loss,7,2.0585766567546093
sgd 64,basic,64,seed2,,test_loss,8,1.9797005015573683
sgd 64,basic,64,seed2,,test_loss,9,2.0190722843643965
sgd 64,basic,64,seed2,,test_loss,10,2.030595954056758
sgd 64,basic,64,seed2,,test_loss,11,1.959919369904099
sgd 64,basic,64,seed2,,test_loss,12,1.9591349310176387
sgd 64,basic,64,seed2,,test_loss,13,2.028952960755415
sgd 64,basic,64,seed2,,test_loss,14,1.93219785781423
sgd 64,basic,64,seed2,,test_loss,15,1.9803642892533806
sgd 64,basic,64,seed2,,test_loss,16,1.956837529589416
sgd 64,basic,64,seed2,,test_loss,17,1.9087535378279958
sgd 64,basic,64,seed2,,test_loss,18,1.8857652024858316
sgd 64,basic,64,seed2,,test_loss,19,1.8432177646904235
sgd 64,basic,64,seed2,,test_loss,20,1.8118165336596739
sgd 64,basic,64,seed2,,test_loss,21,1.7214341406609601
sgd 64,basic,64,seed2,,test_loss,22,1.730999114407096
sgd 64,basic,64,seed2,,test_loss,23,1.7246629356578658
sgd 64,basic,64,seed2,,test_loss,24,1.6945874987134508
sgd 64,basic,64,seed2,,test_loss,25,1.6549050564978534
sgd 64,basic,64,seed2,,test_loss,26,1.6268467629791066
sgd 64,basic,64,seed2,,test_loss,27,1.6517176612926896
sgd 64,basic,64,seed2,,test_loss,28,1.5893423048553952
sgd 64,basic,64,seed2,,test_loss,29,1.5838437205666949
sgd 64,basic,64,seed2,,test_loss,30,1.5173659332238945
sgd 64,basic,64,seed2,,test_loss,31,1.5298590037473447
sgd 64,basic,64,seed2,,test_loss,32,1.5093065462294657
sgd 64,basic,64,seed2,,test_loss,33,1.4798513650894165
sgd 64,basic,64,seed2,,test_loss,34,1.4797625518908166
sgd 64,basic,64,seed2,,test_loss,35,1.468580417572313
sgd 64,basic,64,seed2,,test_loss,36,1.4516385865818924
sgd 64,basic,64,seed2,,test_loss,37,1.466116384715791
sgd 64,basic,64,seed2,,test_loss,38,1.4520048119459943
sgd 64,basic,64,seed2,,test_loss,39,1.4617476186175256
sgd 64,basic,64,seed3,,test_loss,0,2.2636632486513464
sgd 64,basic,64,seed3,,test_loss,1,2.182545598145503
sgd 64,basic,64,seed3,,test_loss,2,2.0701525963036116
sgd 64,basic,64,seed3,,test_loss,3,2.172521415030121
sgd 64,basic,64,seed3,,test_loss,4,1.9701361686560759
sgd 64,basic,64,seed3,,test_loss,5,2.1420657027299237
sgd 64,basic,64,seed3,,test_loss,6,2.1102227488900445
sgd 64,basic,64,seed3,,test_loss,7,2.127475591222192
sgd 64,basic,64,seed3,,test_loss,8,1.9493828176692793
sgd 64,basic,64,seed3,,test_loss,9,2.020779107026993
sgd 64,basic,64,seed3,,test_loss,10,1.8586513677220435
sgd 64,basic,64,seed3,,test_loss,11,1.9007007361976964
sgd 64,basic,64,seed3,,test_loss,12,1.93049203590223
sgd 64,basic,64,seed3,,test_loss,13,1.9114420292483774
sgd 64,basic,64,seed3,,test_loss,14,1.9067553562723147
sgd 64,basic,64,seed3,,test_loss,15,1.8731201940281377
sgd 64,basic,64,seed3,,test_loss,16,1.88075100616285
sgd 64,basic,64,seed3,,test_loss,17,1.882824618345613
sgd 64,basic,64,seed3,,test_loss,18,1.8220015726271708
sgd 64,basic,64,seed3,,test_loss,19,1.8108270054410218
sgd 64,basic,64,seed3,,test_loss,20,1.7720469122479676
sgd 64,basic,64,seed3,,test_loss,21,1.7439512591453115
sgd 64,basic,64,seed3,,test_loss,22,1.7700372448392734
sgd 64,basic,64,seed3,,test_loss,23,1.7059653754446917
sgd 64,basic,64,seed3,,test_loss,24,1.6998776197433472
sgd 64,basic,64,seed3,,test_loss,25,1.652871968639884
sgd 64,basic,64,seed3,,test_loss,26,1.6121314247702336
sgd 64,basic,64,seed3,,test_loss,27,1.5634974233663765
sgd 64,basic,64,seed3,,test_loss,28,1.5702030298056875
sgd 64,basic,64,seed3,,test_loss,29,1.5229171567661748
sgd 64,basic,64,seed3,,test_loss,30,1.5109565402292142
sgd 64,basic,64,seed3,,test_loss,31,1.4985315564331736
sgd 64,basic,64,seed3,,test_loss,32,1.4775830363012423
sgd 64,basic,64,seed3,,test_loss,33,1.4681838545829626
sgd 64,basic,64,seed3,,test_loss,34,1.4491022999878902
sgd 64,basic,64,seed3,,test_loss,35,1.4514255789434833
sgd 64,basic,64,seed3,,test_loss,36,1.4316224520373497
sgd 64,basic,64,seed3,,test_loss,37,1.4344941134665423
sgd 64,basic,64,seed3,,test_loss,38,1.4491078101905288
sgd 64,basic,64,seed3,,test_loss,39,1.4387652558885562
sgd_seesaw 16,seesaw,16,seed1,,test_loss,0,3.951476840209961
sgd_seesaw 16,seesaw,16,seed1,,test_loss,1,3.7246295135498046
sgd_seesaw 16,seesaw,16,seed1,,test_loss,2,3.3877531772613527
sgd_seesaw 16,seesaw,16,seed1,,test_loss,3,3.2480875003814695
sgd_seesaw 16,seesaw,16,seed1,,test_loss,4,3.122379196548462
sgd_seesaw 16,seesaw,16,seed1,,test_loss,5,2.9814418228149413
sgd_seesaw 16,seesaw,16,seed1,,test_loss,6,3.0421396701812746
sgd_seesaw 16,seesaw,16,seed1,,test_loss,7,2.981925619316101
sgd_seesaw 16,seesaw,16,seed1,,test_loss,8,2.90240786113739
sgd_seesaw 16,seesaw,16,seed1,,test_loss,9,2.920857919502258
sgd_seesaw 16,seesaw,16,seed1,,test_loss,10,2.8136656623840333
sgd_seesaw 16,seesaw,16,seed1,,test_loss,11,2.9270085441589355
sgd_seesaw 16,seesaw,16,seed1,,test_loss,12,2.879947871208191
sgd_seesaw 16,seesaw,16,seed1,,test_loss,13,2.799524194908142
sgd_seesaw 16,seesaw,16,seed1,,test_loss,14,2.978780023193359
sgd_seesaw 16,seesaw,16,seed1,,test_loss,15,2.813626018714905
sgd_seesaw 16,seesaw,16,seed1,,test_loss,16,2.8491090698242187
sgd_seesaw 16,seesaw,16,seed1,,test_loss,17,2.784571308135986
sgd_seesaw 16,seesaw,16,seed1,,test_loss,18,2.7084473569869996
sgd_seesaw 16,seesaw,16,seed1,,test_loss,19,2.869361802864075
sgd_seesaw 16,seesaw,16,seed1,,test_loss,20,2.8701674783706665
sgd_seesaw 16,seesaw,16,seed1,,test_loss,21,2.783341752243042
sgd_seesaw 16,seesaw,16,seed1,,test_loss,22,2.796579938697815
sgd_seesaw 16,seesaw,16,seed1,,test_loss,23,2.9729760412216186
sgd_seesaw 16,seesaw,16,seed1,,test_loss,24,2.742627999305725
sgd_seesaw 16,seesaw,16,seed1,,test_loss,25,2.1546710300445557
sgd_seesaw 16,seesaw,16,seed1,,test_loss,26,2.0951409715652467
sgd_seesaw 16,seesaw,16,seed1,,test_loss,27,2.0410558592796324
sgd_seesaw 16,seesaw,16,seed1,,test_loss,28,2.0296944524765013
sgd_seesaw 16,seesaw,16,seed1,,test_loss,29,2.051891520690918
sgd_seesaw 16,seesaw,16,seed1,,test_loss,30,2.056934951400757
sgd_seesaw 16,seesaw,16,seed1,,test_loss,31,2.0273671933174136
sgd_seesaw 16,seesaw,16,seed1,,test_loss,32,2.027990217590332
sgd_seesaw 16,seesaw,16,seed1,,test_loss,33,1.7939610753059387
sgd_seesaw 16,seesaw,16,seed1,,test_loss,34,1.778653505897522
sgd_seesaw 16,seesaw,16,seed1,,test_loss,35,1.7573123888969422
sgd_seesaw 16,seesaw,16,seed1,,test_loss,36,1.7521227831840516
sgd_seesaw 16,seesaw,16,seed1,,test_loss,37,1.7341149175643922
sgd_seesaw 16,seesaw,16,seed1,,test_loss,38,1.731561508655548
sgd_seesaw 16,seesaw,16,seed1,,test_loss,39,1.7291225580215455
sgd_seesaw 16,seesaw,16,seed2,,test_loss,0,3.9121098960876464
sgd_seesaw 16,seesaw,16,seed2,,test_loss,1,3.6387275455474852
sgd_seesaw 16,seesaw,16,seed2,,test_loss,2,3.3756083084106447
sgd_seesaw 16,seesaw,16,seed2,,test_loss,3,3.2264039070129393
sgd_seesaw 16,seesaw,16,seed2,,test_loss,4,3.2360851463317872
sgd_seesaw 16,seesaw,16,seed2,,test_loss,5,3.06576183052063
sgd_seesaw 16,seesaw,16,seed2,,test_loss,6,3.091197901725769
sgd_seesaw 16,seesaw,16,seed2,,test_loss,7,2.9718111482620237
sgd_seesaw 16,seesaw,16,seed2,,test_loss,8,2.974885778427124
sgd_seesaw 16,seesaw,16,seed2,,test_loss,9,2.840741048812866
sgd_seesaw 16,seesaw,16,seed2,,test_loss,10,2.8983045850753784
sgd_seesaw 16,seesaw,16,seed2,,test_loss,11,2.972471455383301
sgd_seesaw 16,seesaw,16,seed2,,test_loss,12,2.796458847618103
sgd_seesaw 16,seesaw,16,seed2,,test_loss,13,2.777637717628479
sgd_seesaw 16,seesaw,16,seed2,,test_loss,14,2.866405044555664
sgd_seesaw 16,seesaw,16,seed2,,test_loss,15,2.8452511219024657
sgd_seesaw 16,seesaw,16,seed2,,test_loss,16,2.798139845466614
sgd_seesaw 16,seesaw,16,seed2,,test_loss,17,2.7382010374069212
sgd_seesaw 16,seesaw,16,seed2,,test_loss,18,2.799087037277222
sgd_seesaw 16,seesaw,16,seed2,,test_loss,19,2.7794611316680906
sgd_seesaw 16,seesaw,16,seed2,,test_loss,20,2.7978542827606203
sgd_seesaw 16,seesaw,16,seed2,,test_loss,21,2.75642965927124
sgd_seesaw 16,seesaw,16,seed2,,test_loss,22,2.7596908933639526
sgd_seesaw 16,seesaw,16,seed2,,test_loss,23,2.806358547782898
sgd_seesaw 16,seesaw,16,seed2,,test_loss,24,2.74279407787323
sgd_seesaw 16,seesaw,16,seed2,,test_loss,25,2.146152999305725
sgd_seesaw 16,seesaw,16,seed2,,test_loss,26,2.0828983867645263
sgd_seesaw 16,seesaw,16,seed2,,test_loss,27,2.0425851766586303
sgd_seesaw 16,seesaw,16,seed2,,test_loss,28,2.0322465698242187
sgd_seesaw 16,seesaw,16,seed2,,test_loss,29,2.0055626949310303
sgd_seesaw 16,seesaw,16,seed2,,test_loss,30,2.0249732130050657
sgd_seesaw 16,seesaw,16,seed2,,test_loss,31,2.070666357803345
sgd_seesaw 16,seesaw,16,seed2,,test_loss,32,2.020369516944885
sgd_seesaw 16,seesaw,16,seed2,,test_loss,33,1.777567692565918
sgd_seesaw 16,seesaw,16,seed2,,test_loss,34,1.7507307913780212
sgd_seesaw 16,seesaw,16,seed2,,test_loss,35,1.7357477197647095
sgd_seesaw 16,seesaw,16,seed2,,test_loss,36,1.732063302230835
sgd_seesaw 16,seesaw,16,seed2,,test_loss,37,1.7136351749420167
sgd_seesaw 16,seesaw,16,seed2,,test_loss,38,1.7105021963119507
sgd_seesaw 16,seesaw,16,seed2,,test_loss,39,1.7072866633415222
sgd_seesaw 16,seesaw,16,seed3,,test_loss,0,4.552918878555298
sgd_seesaw 16,seesaw,16,seed3,,test_loss,1,3.730249713897705
sgd_seesaw 16,seesaw,16,seed3,,test_loss,2,3.3939744323730467
sgd_seesaw 16,seesaw,16,seed3,,test_loss,3,3.292860878753662
sgd_seesaw 16,seesaw,16,seed3,,test_loss,4,3.021101513671875
sgd_seesaw 16,seesaw,16,seed3,,test_loss,5,3.077520903587341
sgd_seesaw 16,seesaw,16,seed3,,test_loss,6,2.960129145812988
sgd_seesaw 16,seesaw,16,seed3,,test_loss,7,3.1241040504455566
sgd_seesaw 16,seesaw,16,seed3,,test_loss,8,2.8702793699264526
sgd_seesaw 16,seesaw,16,seed3,,test_loss,9,2.8620287105560305
sgd_seesaw 16,seesaw,16,seed3,,test_loss,10,2.912962053489685
sgd_seesaw 16,seesaw,16,seed3,,test_loss,11,2.9389175165176393
sgd_seesaw 16,seesaw,16,seed3,,test_loss,12,2.9031366340637206
sgd_seesaw 16,seesaw,16,seed3,,test_loss,13,2.841052268600464
sgd_seesaw 16,seesaw,16,seed3,,test_loss,14,3.042709941482544
sgd_seesaw 16,seesaw,16,seed3,,test_loss,15,2.768558651161194
sgd_seesaw 16,seesaw,16,seed3,,test_loss,16,2.843289579772949
sgd_seesaw 16,seesaw,16,seed3,,test_loss,17,2.84882629070282
sgd_seesaw 16,seesaw,16,seed3,,test_loss,18,2.829690146446228
sgd_seesaw 16,seesaw,16,seed3,,test_loss,19,2.826643621253967
sgd_seesaw 16,seesaw,16,seed3,,test_loss,20,2.7814838081359863
sgd_seesaw 16,seesaw,16,seed3,,test_loss,21,2.7486195184707642
sgd_seesaw 16,seesaw,16,seed3,,test_loss,22,2.808689492034912
sgd_seesaw 16,seesaw,16,seed3,,test_loss,23,2.7899090797424315
sgd_seesaw 16,seesaw,16,seed3,,test_loss,24,2.7334016696929933
sgd_seesaw 16,seesaw,16,seed3,,test_loss,25,2.1554221084594727
sgd_seesaw 16,seesaw,16,seed3,,test_loss,26,2.066762078094482
sgd_seesaw 16,seesaw,16,seed3,,test_loss,27,2.09559296131134
sgd_seesaw 16,seesaw,16,seed3,,test_loss,28,2.032675358390808
sgd_seesaw 16,seesaw,16,seed3,,test_loss,29,2.005618839645386
sgd_seesaw 16,seesaw,16,seed3,,test_loss,30,1.9894870072364808
sgd_seesaw 16,seesaw,16,seed3,,test_loss,31,1.9854391010284425
sgd_seesaw 16,seesaw,16,seed3,,test_loss,32,1.9852243633270263
sgd_seesaw 16,seesaw,16,seed3,,test_loss,33,1.777666160583496
sgd_seesaw 16,seesaw,16,seed3,,test_loss,34,1.7536303516387939
sgd_seesaw 16,seesaw,16,seed3,,test_loss,35,1.7375258014678956
sgd_seesaw 16,seesaw,16,seed3,,test_loss,36,1.7262873649597168
sgd_seesaw 16,seesaw,16,seed3,,test_loss,37,1.7127716996192932
sgd_seesaw 16,seesaw,16,seed3,,test_loss,38,1.7095250400543214
sgd_seesaw 16,seesaw,16,seed3,,test_loss,39,1.705202750492096
sgd_seesaw 256,seesaw,256,seed1,,test_loss,0,2.3789542078971864
sgd_seesaw 256,seesaw,256,seed1,,test_loss,1,1.979670712351799
sgd_seesaw 256,seesaw,256,seed1,,test_loss,2,1.8175377249717712
sgd_seesaw 256,seesaw,256,seed1,,test_loss,3,1.7571383833885192
sgd_seesaw 256,seesaw,256,seed1,,test_loss,4,1.754732009768486
sgd_seesaw 256,seesaw,256,seed1,,test_loss,5,1.7014098167419434
sgd_seesaw 256,seesaw,256,seed1,,test_loss,6,1.681956446170807
sgd_seesaw 256,seesaw,256,seed1,,test_loss,7,1.7610848069190979
sgd_seesaw 256,seesaw,256,seed1,,test_loss,8,1.647517204284668
sgd_seesaw 256,seesaw,256,seed1,,test_loss,9,1.7601755440235138
sgd_seesaw 256,seesaw,256,seed1,,test_loss,10,1.6807685583829879
sgd_seesaw 256,seesaw,256,seed1,,test_loss,11,1.6844881772994995
sgd_seesaw 256,seesaw,256,seed1,,test_loss,12,1.7361783385276794
sgd_seesaw 256,seesaw,256,seed1,,test_loss,13,1.679399174451828
sgd_seesaw 256,seesaw,256,seed1,,test_loss,14,1.746797177195549
sgd_seesaw 256,seesaw,256,seed1,,test_loss,15,1.6678762823343276
sgd_seesaw 256,seesaw,256,seed1,,test_loss,16,1.6809216856956481
sgd_seesaw 256,seesaw,256,seed1,,test_loss,17,1.721779492497444
sgd_seesaw 256,seesaw,256,seed1,,test_loss,18,1.758935782313347
sgd_seesaw 256,seesaw,256,seed1,,test_loss,19,1.775231373310089
sgd_seesaw 256,seesaw,256,seed1,,test_loss,20,1.7648488879203796
sgd_seesaw 256,seesaw,256,seed1,,test_loss,21,1.7583483546972274
sgd_seesaw 256,seesaw,256,seed1,,test_loss,22,1.8871478468179703
sgd_seesaw 256,seesaw,256,seed1,,test_loss,23,1.7670343726873399
sgd_seesaw 256,seesaw,256,seed1,,test_loss,24,1.8390698850154876
sgd_seesaw 256,seesaw,256,seed1,,test_loss,25,1.4566960871219634
sgd_seesaw 256,seesaw,256,seed1,,test_loss,26,1.4410491645336152
sgd_seesaw 256,seesaw,256,seed1,,test_loss,27,1.4374872088432311
sgd_seesaw 256,seesaw,256,seed1,,test_loss,28,1.44524946808815
sgd_seesaw 256,seesaw,256,seed1,,test_loss,29,1.4440711826086043
sgd_seesaw 256,seesaw,256,seed1,,test_loss,30,1.4488515406847
sgd_seesaw 256,seesaw,256,seed1,,test_loss,31,1.4470979750156403
sgd_seesaw 256,seesaw,256,seed1,,test_loss,32,1.4477740079164505
sgd_seesaw 256,seesaw,256,seed1,,test_loss,33,1.4445764809846877
sgd_seesaw 256,seesaw,256,seed1,,test_loss,34,1.4412299901247025
sgd_seesaw 256,seesaw,256,seed1,,test_loss,35,1.43723923265934
sgd_seesaw 256,seesaw,256,seed1,,test_loss,36,1.4386427402496338
sgd_seesaw 256,seesaw,256,seed1,,test_loss,37,1.438426324725151
sgd_seesaw 256,seesaw,256,seed1,,test_loss,38,1.4381695598363877
sgd_seesaw 256,seesaw,256,seed1,,test_loss,39,1.43808473944664
sgd_seesaw 256,seesaw,256,seed2,,test_loss,0,2.3735845625400542
sgd_seesaw 256,seesaw,256,seed2,,test_loss,1,1.9741995692253114
sgd_seesaw 256,seesaw,256,seed2,,test_loss,2,1.8787028014659881
sgd_seesaw 256,seesaw,256,seed2,,test_loss,3,1.7534190386533737
sgd_seesaw 256,seesaw,256,seed2,,test_loss,4,1.749434706568718
sgd_seesaw 256,seesaw,256,seed2,,test_loss,5,1.676702880859375
sgd_seesaw 256,seesaw,256,seed2,,test_loss,6,1.656453713774681
sgd_seesaw 256,seesaw,256,seed2,,test_loss,7,1.6404424250125884
sgd_seesaw 256,seesaw,256,seed2,,test_loss,8,1.6257715225219727
sgd_seesaw 256,seesaw,256,seed2,,test_loss,9,1.6900855094194411
sgd_seesaw 256,seesaw,256,seed2,,test_loss,10,1.6674443632364273
sgd_seesaw 256,seesaw,256,seed2,,test_loss,11,1.6854618579149245
sgd_seesaw 256,seesaw,256,seed2,,test_loss,12,1.6306360483169555
sgd_seesaw 256,seesaw,256,seed2,,test_loss,13,1.6433596044778824
sgd_seesaw 256,seesaw,256,seed2,,test_loss,14,1.7277167320251465
sgd_seesaw 256,seesaw,256,seed2,,test_loss,15,1.741714683175087
sgd_seesaw 256,seesaw,256,seed2,,test_loss,16,1.7708591043949127
sgd_seesaw 256,seesaw,256,seed2,,test_loss,17,1.7416032761335374
sgd_seesaw 256,seesaw,256,seed2,,test_loss,18,1.7768314182758331
sgd_seesaw 256,seesaw,256,seed2,,test_loss,19,1.7265221536159516
sgd_seesaw 256,seesaw,256,seed2,,test_loss,20,1.8205054372549057
sgd_seesaw 256,seesaw,256,seed2,,test_loss,21,1.715626248717308
sgd_seesaw 256,seesaw,256,seed2,,test_loss,22,1.808220386505127
sgd_seesaw 256,seesaw,256,seed2,,test_loss,23,1.8208245247602464
sgd_seesaw 256,seesaw,256,seed2,,test_loss,24,1.8014350622892379
sgd_seesaw 256,seesaw,256,seed2,,test_loss,25,1.4602930039167403
sgd_seesaw 256,seesaw,256,seed2,,test_loss,26,1.4417352735996247
sgd_seesaw 256,seesaw,256,seed2,,test_loss,27,1.442268255352974
sgd_seesaw 256,seesaw,256,seed2,,test_loss,28,1.4365567475557328
sgd_seesaw 256,seesaw,256,seed2,,test_loss,29,1.4399469256401063
sgd_seesaw 256,seesaw,256,seed2,,test_loss,30,1.4419679403305055
sgd_seesaw 256,seesaw,256,seed2,,test_loss,31,1.4516291499137879
sgd_seesaw 256,seesaw,256,seed2,,test_loss,32,1.4476636618375778
sgd_seesaw 256,seesaw,256,seed2,,test_loss,33,1.4382600426673888
sgd_seesaw 256,seesaw,256,seed2,,test_loss,34,1.4348266452550889
sgd_seesaw 256,seesaw,256,seed2,,test_loss,35,1.434574544429779
sgd_seesaw 256,seesaw,256,seed2,,test_loss,36,1.4340077668428421
sgd_seesaw 256,seesaw,256,seed2,,test_loss,37,1.4335194259881974
sgd_seesaw 256,seesaw,256,seed2,,test_loss,38,1.432862290740013
sgd_seesaw 256,seesaw,256,seed2,,test_loss,39,1.4330556303262711
sgd_seesaw 256,seesaw,256,seed3,,test_loss,0,2.40716552734375
sgd_seesaw 256,seesaw,256,seed3,,test_loss,1,2.018187564611435
sgd_seesaw 256,seesaw,256,seed3,,test_loss,2,1.8138366848230363
sgd_seesaw 256,seesaw,256,seed3,,test_loss,3,1.759424701333046
sgd_seesaw 256,seesaw,256,seed3,,test_loss,4,1.7069351822137833
sgd_seesaw 256,seesaw,256,seed3,,test_loss,5,1.6722176641225814
sgd_seesaw 256,seesaw,256,seed3,,test_loss,6,1.6806464970111847
sgd_seesaw 256,seesaw,256,seed3,,test_loss,7,1.6434264093637467
sgd_seesaw 256,seesaw,256,seed3,,test_loss,8,1.6810085743665695
sgd_seesaw 256,seesaw,256,seed3,,test_loss,9,1.6315882712602616
sgd_seesaw 256,seesaw,256,seed3,,test_loss,10,1.6332323372364044
sgd_seesaw 256,seesaw,256,seed3,,test_loss,11,1.715310174226761
sgd_seesaw 256,seesaw,256,seed3,,test_loss,12,1.7264519095420838
sgd_seesaw 256,seesaw,256,seed3,,test_loss,13,1.6572662442922592
sgd_seesaw 256,seesaw,256,seed3,,test_loss,14,1.6745209842920303
sgd_seesaw 256,seesaw,256,seed3,,test_loss,15,1.690552568435669
sgd_seesaw 256,seesaw,256,seed3,,test_loss,16,1.7491050571203233
sgd_seesaw 256,seesaw,256,seed3,,test_loss,17,1.7108587980270387
sgd_seesaw 256,seesaw,256,seed3,,test_loss,18,1.7221889734268188
sgd_seesaw 256,seesaw,256,seed3,,test_loss,19,1.7406044244766234
sgd_seesaw 256,seesaw,256,seed3,,test_loss,20,1.8446828126907349
sgd_seesaw 256,seesaw,256,seed3,,test_loss,21,1.6687181115150451
sgd_seesaw 256,seesaw,256,seed3,,test_loss,22,1.768366888165474
sgd_seesaw 256,seesaw,256,seed3,,test_loss,23,1.8496314883232117
sgd_seesaw 256,seesaw,256,seed3,,test_loss,24,1.8585882663726807
sgd_seesaw 256,seesaw,256,seed3,,test_loss,25,1.443878948688507
sgd_seesaw 256,seesaw,256,seed3,,test_loss,26,1.4308339774608612
sgd_seesaw 256,seesaw,256,seed3,,test_loss,27,1.4238807827234268
sgd_seesaw 256,seesaw,256,seed3,,test_loss,28,1.4165578871965407
sgd_seesaw 256,seesaw,256,seed3,,test_loss,29,1.4254676043987273
sgd_seesaw 256,seesaw,256,seed3,,test_loss,30,1.4245567321777344
sgd_seesaw 256,seesaw,256,seed3,,test_loss,31,1.426304543018341
sgd_seesaw 256,seesaw,256,seed3,,test_loss,32,1.4331280499696732
sgd_seesaw 256,seesaw,256,seed3,,test_loss,33,1.4201575636863708
sgd_seesaw 256,seesaw,256,seed3,,test_loss,34,1.4181366324424745
sgd_seesaw 256,seesaw,256,seed3,,test_loss,35,1.4164155066013335
sgd_seesaw 256,seesaw,256,seed3,,test_loss,36,1.414683285355568
sgd_seesaw 256,seesaw,256,seed3,,test_loss,37,1.414225161075592
sgd_seesaw 256,seesaw,256,seed3,,test_loss,38,1.4140340119600296
sgd_seesaw 256,seesaw,256,seed3,,test_loss,39,1.4142134457826614
sgd_seesaw 64,seesaw,64,seed1,,test_loss,0,2.274255744211233
sgd_seesaw 64,seesaw,64,seed1,,test_loss,1,2.213004192728905
sgd_seesaw 64,seesaw,64,seed1,,test_loss,2,2.010529202260789
sgd_seesaw 64,seesaw,64,seed1,,test_loss,3,2.044906178857111
sgd_seesaw 64,seesaw,64,seed1,,test_loss,4,2.0995065376257442
sgd_seesaw 64,seesaw,64,seed1,,test_loss,5,2.1704431445735275
sgd_seesaw 64,seesaw,64,seed1,,test_loss,6,2.02200207285061
sgd_seesaw 64,seesaw,64,seed1,,test_loss,7,2.1903785565856158
sgd_seesaw 64,seesaw,64,seed1,,test_loss,8,2.0508262625165807
sgd_seesaw 64,seesaw,64,seed1,,test_loss,9,2.0291630576370627
sgd_seesaw 64,seesaw,64,seed1,,test_loss,10,2.0600100877178704
sgd_seesaw 64,seesaw,64,seed1,,test_loss,11,2.189125553058211
sgd_seesaw 64,seesaw,64,seed1,,test_loss,12,2.0556662234531085
sgd_seesaw 64,seesaw,64,seed1,,test_loss,13,2.098060731675215
sgd_seesaw 64,seesaw,64,seed1,,test_loss,14,1.985379509105804
sgd_seesaw 64,seesaw,64,seed1,,test_loss,15,2.0543869498429026
sgd_seesaw 64,seesaw,64,seed1,,test_loss,16,2.1049476588607594
sgd_seesaw 64,seesaw,64,seed1,,test_loss,17,2.0953536808111104
sgd_seesaw 64,seesaw,64,seed1,,test_loss,18,1.9635620420905435
sgd_seesaw 64,seesaw,64,seed1,,test_loss,19,2.0448703834205677
sgd_seesaw 64,seesaw,64,seed1,,test_loss,20,2.0359575794001294
sgd_seesaw 64,seesaw,64,seed1,,test_loss,21,1.9537082037348656
sgd_seesaw 64,seesaw,64,seed1,,test_loss,22,2.0503838897510698
sgd_seesaw 64,seesaw,64,seed1,,test_loss,23,1.9646890543069049
sgd_seesaw 64,seesaw,64,seed1,,test_loss,24,1.9754340367712033
sgd_seesaw 64,seesaw,64,seed1,,test_loss,25,1.5144178814189448
sgd_seesaw 64,seesaw,64,seed1,,test_loss,26,1.4696889679143383
sgd_seesaw 64,seesaw,64,seed1,,test_loss,27,1.4489068559780243
sgd_seesaw 64,seesaw,64,seed1,,test_loss,28,1.449170628930353
sgd_seesaw 64,seesaw,64,seed1,,test_loss,29,1.4340685070699948
sgd_seesaw 64,seesaw,64,seed1,,test_loss,30,1.445589578455421
sgd_seesaw 64,seesaw,64,seed1,,test_loss,31,1.476506991750875
sgd_seesaw 64,seesaw,64,seed1,,test_loss,32,1.4625766903731474
sgd_seesaw 64,seesaw,64,seed1,,test_loss,33,1.3951457503494944
sgd_seesaw 64,seesaw,64,seed1,,test_loss,34,1.3938208712134392
sgd_seesaw 64,seesaw,64,seed1,,test_loss,35,1.3931306281666846
sgd_seesaw 64,seesaw,64,seed1,,test_loss,36,1.3940909523872813
sgd_seesaw 64,seesaw,64,seed1,,test_loss,37,1.39059715286182
sgd_seesaw 64,seesaw,64,seed1,,test_loss,38,1.3895919011656646
sgd_seesaw 64,seesaw,64,seed1,,test_loss,39,1.3916601086877713
sgd_seesaw 64,seesaw,64,seed2,,test_loss,0,2.535809350621169
sgd_seesaw 64,seesaw,64,seed2,,test_loss,1,2.1789264276528812
sgd_seesaw 64,seesaw,64,seed2,,test_loss,2,2.114092006804837
sgd_seesaw 64,seesaw,64,seed2,,test_loss,3,2.102865345159154
sgd_seesaw 64,seesaw,64,seed2,,test_loss,4,2.140307262444952
sgd_seesaw 64,seesaw,64,seed2,,test_loss,5,2.0234071669305207
sgd_seesaw 64,seesaw,64,seed2,,test_loss,6,2.1399438214150206
sgd_seesaw 64,seesaw,64,seed2,,test_loss,7,2.204874011361675
sgd_seesaw 64,seesaw,64,seed2,,test_loss,8,2.018479965295002
sgd_seesaw 64,seesaw,64,seed2,,test_loss,9,2.01633201055466
sgd_seesaw 64,seesaw,64,seed2,,test_loss,10,2.0419118313273046
sgd_seesaw 64,seesaw,64,seed2,,test_loss,11,2.113718938675656
sgd_seesaw 64,seesaw,64,seed2,,test_loss,12,2.0100814795038504
sgd_seesaw 64,seesaw,64,seed2,,test_loss,13,1.9843074166850678
sgd_seesaw 64,seesaw,64,seed2,,test_loss,14,2.048318634367293
sgd_seesaw 64,seesaw,64,seed2,,test_loss,15,2.092707854167671
sgd_seesaw 64,seesaw,64,seed2,,test_loss,16,1.993716157166062
sgd_seesaw 64,seesaw,64,seed2,,test_loss,17,2.0716499955790817
sgd_seesaw 64,seesaw,64,seed2,,test_loss,18,2.0513540939160975
sgd_seesaw 64,seesaw,64,seed2,,test_loss,19,2.159443285814516
sgd_seesaw 64,seesaw,64,seed2,,test_loss,20,2.0687964607955545
sgd_seesaw 64,seesaw,64,seed2,,test_loss,21,2.0862789214796322
sgd_seesaw 64,seesaw,64,seed2,,test_loss,22,1.9899136830287374
sgd_seesaw 64,seesaw,64,seed2,,test_loss,23,1.9642213210938082
sgd_seesaw 64,seesaw,64,seed2,,test_loss,24,2.0294718742370605
sgd_seesaw 64,seesaw,64,seed2,,test_loss,25,1.5364967409972172
sgd_seesaw 64,seesaw,64,seed2,,test_loss,26,1.4850773970792248
sgd_seesaw 64,seesaw,64,seed2,,test_loss,27,1.479626223160203
sgd_seesaw 64,seesaw,64,seed2,,test_loss,28,1.4549468721553778
sgd_seesaw 64,seesaw,64,seed2,,test_loss,29,1.457504830162996
sgd_seesaw 64,seesaw,64,seed2,,test_loss,30,1.4681517998124385
sgd_seesaw 64,seesaw,64,seed2,,test_loss,31,1.4726297122657679
sgd_seesaw 64,seesaw,64,seed2,,test_loss,32,1.464272513890722
sgd_seesaw 64,seesaw,64,seed2,,test_loss,33,1.3977808432214578
sgd_seesaw 64,seesaw,64,seed2,,test_loss,34,1.400563245745981
sgd_seesaw 64,seesaw,64,seed2,,test_loss,35,1.3980676174923112
sgd_seesaw 64,seesaw,64,seed2,,test_loss,36,1.4002984758395298
sgd_seesaw 64,seesaw,64,seed2,,test_loss,37,1.3982997813801856
sgd_seesaw 64,seesaw,64,seed2,,test_loss,38,1.3966785783221007
sgd_seesaw 64,seesaw,64,seed2,,test_loss,39,1.3971924242699982
sgd_seesaw 64,seesaw,64,seed3,,test_loss,0,2.2636632486513464
sgd_seesaw 64,seesaw,64,seed3,,test_loss,1,2.1968168118956743
sgd_seesaw 64,seesaw,64,seed3,,test_loss,2,2.2182405617586367
sgd_seesaw 64,seesaw,64,seed3,,test_loss,3,2.096762396727398
sgd_seesaw 64,seesaw,64,seed3,,test_loss,4,2.0509045739082774
sgd_seesaw 64,seesaw,64,seed3,,test_loss,5,2.097232895292294
sgd_seesaw 64,seesaw,64,seed3,,test_loss,6,2.0938733899669284
sgd_seesaw 64,seesaw,64,seed3,,test_loss,7,2.0415368573680803
sgd_seesaw 64,seesaw,64,seed3,,test_loss,8,2.143856336356728
sgd_seesaw 64,seesaw,64,seed3,,test_loss,9,2.0572214726429836
sgd_seesaw 64,seesaw,64,seed3,,test_loss,10,2.006343915204334
sgd_seesaw 64,seesaw,64,seed3,,test_loss,11,1.971853536405381
sgd_seesaw 64,seesaw,64,seed3,,test_loss,12,2.1430387390646963
sgd_seesaw 64,seesaw,64,seed3,,test_loss,13,2.116380519927687
sgd_seesaw 64,seesaw,64,seed3,,test_loss,14,1.9806613208381993
sgd_seesaw 64,seesaw,64,seed3,,test_loss,15,2.019865014750487
sgd_seesaw 64,seesaw,64,seed3,,test_loss,16,2.0831006173115627
sgd_seesaw 64,seesaw,64,seed3,,test_loss,17,1.979153805477604
sgd_seesaw 64,seesaw,64,seed3,,test_loss,18,1.9837358278833377
sgd_seesaw 64,seesaw,64,seed3,,test_loss,19,2.069656548226715
sgd_seesaw 64,seesaw,64,seed3,,test_loss,20,2.073376656337908
sgd_seesaw 64,seesaw,64,seed3,,test_loss,21,1.9884857911213187
sgd_seesaw 64,seesaw,64,seed3,,test_loss,22,2.0162538753193653
sgd_seesaw 64,seesaw,64,seed3,,test_loss,23,2.050372217111527
sgd_seesaw 64,seesaw,64,seed3,,test_loss,24,1.9515737355894345
sgd_seesaw 64,seesaw,64,seed3,,test_loss,25,1.5310668725116996
sgd_seesaw 64,seesaw,64,seed3,,test_loss,26,1.4864567404340028
sgd_seesaw 64,seesaw,64,seed3,,test_loss,27,1.4682003563376749
sgd_seesaw 64,seesaw,64,seed3,,test_loss,28,1.4606783712745472
sgd_seesaw 64,seesaw,64,seed3,,test_loss,29,1.460145816301844
sgd_seesaw 64,seesaw,64,seed3,,test_loss,30,1.4472817136983203
sgd_seesaw 64,seesaw,64,seed3,,test_loss,31,1.459880722935792
sgd_seesaw 64,seesaw,64,seed3,,test_loss,32,1.4616161486145798
sgd_seesaw 64,seesaw,64,seed3,,test_loss,33,1.3957075248857973
sgd_seesaw 64,seesaw,64,seed3,,test_loss,34,1.3907868034520727
sgd_seesaw 64,seesaw,64,seed3,,test_loss,35,1.396444359782395
sgd_seesaw 64,seesaw,64,seed3,,test_loss,36,1.3948749987183102
sgd_seesaw 64,seesaw,64,seed3,,test_loss,37,1.3934609757107534
sgd_seesaw 64,seesaw,64,seed3,,test_loss,38,1.3914246555346592
sgd_seesaw 64,seesaw,64,seed3,,test_loss,39,1.3921496716274577
sgboba 1024 abm16,aboba,1024,seed1,16,train_loss,0,4.402090626955032
sgboba 1024 abm16,aboba,1024,seed1,16,train_loss,1,3.3321936964988708
sgboba 1024 abm16,aboba,1024,seed1,16,train_loss,2,2.431767681257321
sgboba 1024 abm16,aboba,1024,seed1,16,train_loss,3,1.8951269861979363
sgboba 1024 abm16,aboba,1024,seed1,16,train_loss,4,1.6413834761906336
sgboba 1024 abm16,aboba,1024,seed1,16,train_loss,5,1.4673999788156196
sgboba 1024 abm16,aboba,1024,seed1,16,train_loss,6,1.328147772758726
sgboba 1024 abm16,aboba,1024,seed1,16,train_loss,7,1.2065308915466821
sgboba 1024 abm16,aboba,1024,seed1,16,train_loss,8,1.0967213089487193
sgboba 1024 abm16,aboba,1024,seed1,16,train_loss,9,0.9982741725779025
sgboba 1024 abm16,aboba,1024,seed1,16,train_loss,10,0.9040364932780173
sgboba 1024 abm16,aboba,1024,seed1,16,train_loss,11,0.8285279683768749
sgboba 1024 abm16,aboba,1024,seed1,16,train_loss,12,0.7448184716960659
sgboba 1024 abm16,aboba,1024,seed1,16,train_loss,13,0.667243207720193
sgboba 1024 abm16,aboba,1024,seed1,16,train_loss,14,0.5971474776785057
sgboba 1024 abm16,aboba,1024,seed1,16,train_loss,15,0.5393717255443334
sgboba 1024 abm16,aboba,1024,seed1,16,train_loss,16,0.48447598298390704
sgboba 1024 abm16,aboba,1024,seed1,16,train_loss,17,0.43757757130596375
sgboba 1024 abm16,aboba,1024,seed1,16,train_loss,18,0.3880312420866069
sgboba 1024 abm16,aboba,1024,seed1,16,train_loss,19,0.3385832286439836
sgboba 1024 abm16,aboba,1024,seed1,16,train_loss,20,0.3059972509986065
sgboba 1024 abm16,aboba,1024,seed1,16,train_loss,21,0.27335811654726666
sgboba 1024 abm16,aboba,1024,seed1,16,train_loss,22,0.24535327818658617
sgboba 1024 abm16,aboba,1024,seed1,16,train_loss,23,0.2217640009522438
sgboba 1024 abm16,aboba,1024,seed1,16,train_loss,24,0.20380025648552438
sgboba 1024 abm16,aboba,1024,seed1,16,train_loss,25,0.18887698827754884
sgboba 1024 abm16,aboba,1024,seed1,16,train_loss,26,0.17638420627305382
sgboba 1024 abm16,aboba,1024,seed1,16,train_loss,27,0.16931454486706676
sgboba 1024 abm16,aboba,1024,seed1,16,train_loss,28,0.15904402782519658
sgboba 1024 abm16,aboba,1024,seed1,16,train_loss,29,0.15471636145203202
sgboba 1024 abm16,aboba,1024,seed1,16,train_loss,30,0.15230084761329318
sgboba 1024 abm16,aboba,1024,seed1,16,train_loss,31,0.14679624375544095
sgboba 1024 abm16,aboba,1024,seed1,16,train_loss,32,0.14433169411495328
sgboba 1024 abm16,aboba,1024,seed1,16,train_loss,33,0.1433613237280112
sgboba 1024 abm16,aboba,1024,seed1,16,train_loss,34,0.14151544123888016
sgboba 1024 abm16,aboba,1024,seed1,16,train_loss,35,0.13840492566426596
sgboba 1024 abm16,aboba,1024,seed1,16,train_loss,36,0.14028378162119123
sgboba 1024 abm16,aboba,1024,seed1,16,train_loss,37,0.14034541116820443
sgboba 1024 abm16,aboba,1024,seed1,16,train_loss,38,0.13824019249942568
sgboba 1024 abm16,aboba,1024,seed1,16,train_loss,39,0.1395094013876385
sgboba 1024 abm16,aboba,1024,seed2,16,train_loss,0,4.359751898050308
sgboba 1024 abm16,aboba,1024,seed2,16,train_loss,1,3.2491430759429933
sgboba 1024 abm16,aboba,1024,seed2,16,train_loss,2,2.407324586409689
sgboba 1024 abm16,aboba,1024,seed2,16,train_loss,3,1.8863843121589758
sgboba 1024 abm16,aboba,1024,seed2,16,train_loss,4,1.630116408139887
sgboba 1024 abm16,aboba,1024,seed2,16,train_loss,5,1.4524973523347897
sgboba 1024 abm16,aboba,1024,seed2,16,train_loss,6,1.317413299560547
sgboba 1024 abm16,aboba,1024,seed2,16,train_loss,7,1.1950684437307262
sgboba 1024 abm16,aboba,1024,seed2,16,train_loss,8,1.0767590355660235
sgboba 1024 abm16,aboba,1024,seed2,16,train_loss,9,0.9878688265230054
sgboba 1024 abm16,aboba,1024,seed2,16,train_loss,10,0.8856619921061072
sgboba 1024 abm16,aboba,1024,seed2,16,train_loss,11,0.8108233360900092
sgboba 1024 abm16,aboba,1024,seed2,16,train_loss,12,0.7278558871020442
sgboba 1024 abm16,aboba,1024,seed2,16,train_loss,13,0.6660627627914603
sgboba 1024 abm16,aboba,1024,seed2,16,train_loss,14,0.593319078525865
sgboba 1024 abm16,aboba,1024,seed2,16,train_loss,15,0.5360268712043762
sgboba 1024 abm16,aboba,1024,seed2,16,train_loss,16,0.4759304857254028
sgboba 1024 abm16,aboba,1024,seed2,16,train_loss,17,0.4274475611746311
sgboba 1024 abm16,aboba,1024,seed2,16,train_loss,18,0.3819960592424168
sgboba 1024 abm16,aboba,1024,seed2,16,train_loss,19,0.343276748748926
sgboba 1024 abm16,aboba,1024,seed2,16,train_loss,20,0.3082934814194838
sgboba 1024 abm16,aboba,1024,seed2,16,train_loss,21,0.2697094357327411
sgboba 1024 abm16,aboba,1024,seed2,16,train_loss,22,0.24672172710580645
sgboba 1024 abm16,aboba,1024,seed2,16,train_loss,23,0.2263994774222374
sgboba 1024 abm16,aboba,1024,seed2,16,train_loss,24,0.2108194934933082
sgboba 1024 abm16,aboba,1024,seed2,16,train_loss,25,0.19471681401843116
sgboba 1024 abm16,aboba,1024,seed2,16,train_loss,26,0.18193428610500537
sgboba 1024 abm16,aboba,1024,seed2,16,train_loss,27,0.16937337728107676
sgboba 1024 abm16,aboba,1024,seed2,16,train_loss,28,0.16416187832752863
sgboba 1024 abm16,aboba,1024,seed2,16,train_loss,29,0.15307962378630272
sgboba 1024 abm16,aboba,1024,seed2,16,train_loss,30,0.1512921031402505
sgboba 1024 abm16,aboba,1024,seed2,16,train_loss,31,0.1470242307374352
sgboba 1024 abm16,aboba,1024,seed2,16,train_loss,32,0.1443266998976469
sgboba 1024 abm16,aboba,1024,seed2,16,train_loss,33,0.14108442801695603
sgboba 1024 abm16,aboba,1024,seed2,16,train_loss,34,0.14469530433416367
sgboba 1024 abm16,aboba,1024,seed2,16,train_loss,35,0.14183255367808872
sgboba 1024 abm16,aboba,1024,seed2,16,train_loss,36,0.14237719939814675
sgboba 1024 abm16,aboba,1024,seed2,16,train_loss,37,0.14297662178675333
sgboba 1024 abm16,aboba,1024,seed2,16,train_loss,38,0.14397714535395303
sgboba 1024 abm16,aboba,1024,seed2,16,train_loss,39,0.1430435213777754
sgboba 1024 abm16,aboba,1024,seed3,16,train_loss,0,4.3502090811729435
sgboba 1024 abm16,aboba,1024,seed3,16,train_loss,1,3.2298684656620025
sgboba 1024 abm16,aboba,1024,seed3,16,train_loss,2,2.3953587715743017
sgboba 1024 abm16,aboba,1024,seed3,16,train_loss,3,1.880546964896031
sgboba 1024 abm16,aboba,1024,seed3,16,train_loss,4,1.626989572820529
sgboba 1024 abm16,aboba,1024,seed3,16,train_loss,5,1.453473416486181
sgboba 1024 abm16,aboba,1024,seed3,16,train_loss,6,1.3136209058761597
sgboba 1024 abm16,aboba,1024,seed3,16,train_loss,7,1.1916770053510906
sgboba 1024 abm16,aboba,1024,seed3,16,train_loss,8,1.0839816363794463
sgboba 1024 abm16,aboba,1024,seed3,16,train_loss,9,0.9876112364373117
sgboba 1024 abm16,aboba,1024,seed3,16,train_loss,10,0.8981773711667203
sgboba 1024 abm16,aboba,1024,seed3,16,train_loss,11,0.8145435576637586
sgboba 1024 abm16,aboba,1024,seed3,16,train_loss,12,0.7353059072857318
sgboba 1024 abm16,aboba,1024,seed3,16,train_loss,13,0.664016112007878
sgboba 1024 abm16,aboba,1024,seed3,16,train_loss,14,0.6006261282656566
sgboba 1024 abm16,aboba,1024,seed3,16,train_loss,15,0.5369756127460094
sgboba 1024 abm16,aboba,1024,seed3,16,train_loss,16,0.48249214808146157
sgboba 1024 abm16,aboba,1024,seed3,16,train_loss,17,0.43357621630032855
sgboba 1024 abm16,aboba,1024,seed3,16,train_loss,18,0.39051516266430125
sgboba 1024 abm16,aboba,1024,seed3,16,train_loss,19,0.3398385518230498
sgboba 1024 abm16,aboba,1024,seed3,16,train_loss,20,0.3011836690492317
sgboba 1024 abm16,aboba,1024,seed3,16,train_loss,21,0.26952575983708366
sgboba 1024 abm16,aboba,1024,seed3,16,train_loss,22,0.25096010515150036
sgboba 1024 abm16,aboba,1024,seed3,16,train_loss,23,0.22451286200357942
sgboba 1024 abm16,aboba,1024,seed3,16,train_loss,24,0.20669929391664008
sgboba 1024 abm16,aboba,1024,seed3,16,train_loss,25,0.19376668085654578
sgboba 1024 abm16,aboba,1024,seed3,16,train_loss,26,0.18307839255583913
sgboba 1024 abm16,aboba,1024,seed3,16,train_loss,27,0.1677539339836906
sgboba 1024 abm16,aboba,1024,seed3,16,train_loss,28,0.16204785964181345
sgboba 1024 abm16,aboba,1024,seed3,16,train_loss,29,0.1556954985415494
sgboba 1024 abm16,aboba,1024,seed3,16,train_loss,30,0.1493831859982532
sgboba 1024 abm16,aboba,1024,seed3,16,train_loss,31,0.14768325090408324
sgboba 1024 abm16,aboba,1024,seed3,16,train_loss,32,0.14512608759105206
sgboba 1024 abm16,aboba,1024,seed3,16,train_loss,33,0.14474797936586234
sgboba 1024 abm16,aboba,1024,seed3,16,train_loss,34,0.1438114106655121
sgboba 1024 abm16,aboba,1024,seed3,16,train_loss,35,0.14324556125534904
sgboba 1024 abm16,aboba,1024,seed3,16,train_loss,36,0.14250443710221183
sgboba 1024 abm16,aboba,1024,seed3,16,train_loss,37,0.14430379701985252
sgboba 1024 abm16,aboba,1024,seed3,16,train_loss,38,0.14051120148764717
sgboba 1024 abm16,aboba,1024,seed3,16,train_loss,39,0.14151246183448368
sgboba 1024 abm2,aboba,1024,seed1,2,train_loss,0,4.401744222640991
sgboba 1024 abm2,aboba,1024,seed1,2,train_loss,1,3.333003568649292
sgboba 1024 abm2,aboba,1024,seed1,2,train_loss,2,3.473456560639736
sgboba 1024 abm2,aboba,1024,seed1,2,train_loss,3,3.3622365869241317
sgboba 1024 abm2,aboba,1024,seed1,2,train_loss,4,3.16101455208299
sgboba 1024 abm2,aboba,1024,seed1,2,train_loss,5,2.7946545657322885
sgboba 1024 abm2,aboba,1024,seed1,2,train_loss,6,2.5601578434177226
sgboba 1024 abm2,aboba,1024,seed1,2,train_loss,7,2.3725406265392355
sgboba 1024 abm2,aboba,1024,seed1,2,train_loss,8,2.248329366607245
sgboba 1024 abm2,aboba,1024,seed1,2,train_loss,9,2.149353030637962
sgboba 1024 abm2,aboba,1024,seed1,2,train_loss,10,2.0771550395588987
sgboba 1024 abm2,aboba,1024,seed1,2,train_loss,11,2.01985461290345
sgboba 1024 abm2,aboba,1024,seed1,2,train_loss,12,1.9473864301862454
sgboba 1024 abm2,aboba,1024,seed1,2,train_loss,13,1.8929042911627454
sgboba 1024 abm2,aboba,1024,seed1,2,train_loss,14,1.8235362960937176
sgboba 1024 abm2,aboba,1024,seed1,2,train_loss,15,1.7627224011043094
sgboba 1024 abm2,aboba,1024,seed1,2,train_loss,16,1.702553637566105
sgboba 1024 abm2,aboba,1024,seed1,2,train_loss,17,1.6330911975640516
sgboba 1024 abm2,aboba,1024,seed1,2,train_loss,18,1.564632214380033
sgboba 1024 abm2,aboba,1024,seed1,2,train_loss,19,1.4962090576359068
sgboba 1024 abm2,aboba,1024,seed1,2,train_loss,20,1.4214744601263052
sgboba 1024 abm2,aboba,1024,seed1,2,train_loss,21,1.3414958750917798
sgboba 1024 abm2,aboba,1024,seed1,2,train_loss,22,1.258377436809479
sgboba 1024 abm2,aboba,1024,seed1,2,train_loss,23,1.1853335069961288
sgboba 1024 abm2,aboba,1024,seed1,2,train_loss,24,1.0923240927650648
sgboba 1024 abm2,aboba,1024,seed1,2,train_loss,25,1.0172407023906709
sgboba 1024 abm2,aboba,1024,seed1,2,train_loss,26,0.9220638570555469
sgboba 1024 abm2,aboba,1024,seed1,2,train_loss,27,0.8424603325816301
sgboba 1024 abm2,aboba,1024,seed1,2,train_loss,28,0.7680102541882504
sgboba 1024 abm2,aboba,1024,seed1,2,train_loss,29,0.6952608599807277
sgboba 1024 abm2,aboba,1024,seed1,2,train_loss,30,0.6247949733816344
sgboba 1024 abm2,aboba,1024,seed1,2,train_loss,31,0.5664397180080414
sgboba 1024 abm2,aboba,1024,seed1,2,train_loss,32,0.5088484634955724
sgboba 1024 abm2,aboba,1024,seed1,2,train_loss,33,0.4678253641595011
sgboba 1024 abm2,aboba,1024,seed1,2,train_loss,34,0.4430543866596724
sgboba 1024 abm2,aboba,1024,seed1,2,train_loss,35,0.4172392653637245
sgboba 1024 abm2,aboba,1024,seed1,2,train_loss,36,0.40154644039769966
sgboba 1024 abm2,aboba,1024,seed1,2,train_loss,37,0.3916482482407544
sgboba 1024 abm2,aboba,1024,seed1,2,train_loss,38,0.38699704187887685
sgboba 1024 abm2,aboba,1024,seed1,2,train_loss,39,0.38051731288433077
sgboba 1024 abm2,aboba,1024,seed2,2,train_loss,0,4.359319019317627
sgboba 1024 abm2,aboba,1024,seed2,2,train_loss,1,3.252813678979874
sgboba 1024 abm2,aboba,1024,seed2,2,train_loss,2,3.194349430929077
sgboba 1024 abm2,aboba,1024,seed2,2,train_loss,3,2.8636351054122136
sgboba 1024 abm2,aboba,1024,seed2,2,train_loss,4,2.4824419429342988
sgboba 1024 abm2,aboba,1024,seed2,2,train_loss,5,2.287357025377212
sgboba 1024 abm2,aboba,1024,seed2,2,train_loss,6,2.139112679806565
sgboba 1024 abm2,aboba,1024,seed2,2,train_loss,7,2.049918074903671
sgboba 1024 abm2,aboba,1024,seed2,2,train_loss,8,1.9859357130050659
sgboba 1024 abm2,aboba,1024,seed2,2,train_loss,9,1.9181243951628808
sgboba 1024 abm2,aboba,1024,seed2,2,train_loss,10,1.8676785253927932
sgboba 1024 abm2,aboba,1024,seed2,2,train_loss,11,1.8203872440066156
sgboba 1024 abm2,aboba,1024,seed2,2,train_loss,12,1.7566659208033022
sgboba 1024 abm2,aboba,1024,seed2,2,train_loss,13,1.7043401299729177
sgboba 1024 abm2,aboba,1024,seed2,2,train_loss,14,1.6522287592995584
sgboba 1024 abm2,aboba,1024,seed2,2,train_loss,15,1.5886719939556528
sgboba 1024 abm2,aboba,1024,seed2,2,train_loss,16,1.5261776840235448
sgboba 1024 abm2,aboba,1024,seed2,2,train_loss,17,1.4743409575417985
sgboba 1024 abm2,aboba,1024,seed2,2,train_loss,18,1.405475824203306
sgboba 1024 abm2,aboba,1024,seed2,2,train_loss,19,1.3255688484225954
sgboba 1024 abm2,aboba,1024,seed2,2,train_loss,20,1.2546218451255007
sgboba 1024 abm2,aboba,1024,seed2,2,train_loss,21,1.1853580091803493
sgboba 1024 abm2,aboba,1024,seed2,2,train_loss,22,1.0964413974835323
sgboba 1024 abm2,aboba,1024,seed2,2,train_loss,23,1.0115233425653414
sgboba 1024 abm2,aboba,1024,seed2,2,train_loss,24,0.9251197281704154
sgboba 1024 abm2,aboba,1024,seed2,2,train_loss,25,0.8447102028732152
sgboba 1024 abm2,aboba,1024,seed2,2,train_loss,26,0.7525533385733341
sgboba 1024 abm2,aboba,1024,seed2,2,train_loss,27,0.6729739020128205
sgboba 1024 abm2,aboba,1024,seed2,2,train_loss,28,0.5911854190441469
sgboba 1024 abm2,aboba,1024,seed2,2,train_loss,29,0.5228344813865774
sgboba 1024 abm2,aboba,1024,seed2,2,train_loss,30,0.4574195690949758
sgboba 1024 abm2,aboba,1024,seed2,2,train_loss,31,0.4063569082103613
sgboba 1024 abm2,aboba,1024,seed2,2,train_loss,32,0.36541907798062573
sgboba 1024 abm2,aboba,1024,seed2,2,train_loss,33,0.33319984281316717
sgboba 1024 abm2,aboba,1024,seed2,2,train_loss,34,0.31020391770662403
sgboba 1024 abm2,aboba,1024,seed2,2,train_loss,35,0.28858970418091745
sgboba 1024 abm2,aboba,1024,seed2,2,train_loss,36,0.2737022516678791
sgboba 1024 abm2,aboba,1024,seed2,2,train_loss,37,0.26812658851083954
sgboba 1024 abm2,aboba,1024,seed2,2,train_loss,38,0.2643598312778132
sgboba 1024 abm2,aboba,1024,seed2,2,train_loss,39,0.26277727101530346
sgboba 1024 abm2,aboba,1024,seed3,2,train_loss,0,4.351136016845703
sgboba 1024 abm2,aboba,1024,seed3,2,train_loss,1,3.2287302136421205
sgboba 1024 abm2,aboba,1024,seed3,2,train_loss,2,3.741364532701371
sgboba 1024 abm2,aboba,1024,seed3,2,train_loss,3,3.42390728255575
sgboba 1024 abm2,aboba,1024,seed3,2,train_loss,4,3.4734058114886284
sgboba 1024 abm2,aboba,1024,seed3,2,train_loss,5,3.1823211844374493
sgboba 1024 abm2,aboba,1024,seed3,2,train_loss,6,2.8994437181904287
sgboba 1024 abm2,aboba,1024,seed3,2,train_loss,7,2.639434457141461
sgboba 1024 abm2,aboba,1024,seed3,2,train_loss,8,2.4806365042693854
sgboba 1024 abm2,aboba,1024,seed3,2,train_loss,9,2.368625752771381
sgboba 1024 abm2,aboba,1024,seed3,2,train_loss,10,2.2785886289031154
sgboba 1024 abm2,aboba,1024,seed3,2,train_loss,11,2.194295484793516
sgboba 1024 abm2,aboba,1024,seed3,2,train_loss,12,2.128786533275424
sgboba 1024 abm2,aboba,1024,seed3,2,train_loss,13,2.0608083773166577
sgboba 1024 abm2,aboba,1024,seed3,2,train_loss,14,1.989800874094606
sgboba 1024 abm2,aboba,1024,seed3,2,train_loss,15,1.9249165319077979
sgboba 1024 abm2,aboba,1024,seed3,2,train_loss,16,1.8547017520510385
sgboba 1024 abm2,aboba,1024,seed3,2,train_loss,17,1.7899579790234565
sgboba 1024 abm2,aboba,1024,seed3,2,train_loss,18,1.719826198183
sgboba 1024 abm2,aboba,1024,seed3,2,train_loss,19,1.6402194145297215
sgboba 1024 abm2,aboba,1024,seed3,2,train_loss,20,1.5733459037403728
sgboba 1024 abm2,aboba,1024,seed3,2,train_loss,21,1.4948135959185087
sgboba 1024 abm2,aboba,1024,seed3,2,train_loss,22,1.4220054411497272
sgboba 1024 abm2,aboba,1024,seed3,2,train_loss,23,1.343234516444959
sgboba 1024 abm2,aboba,1024,seed3,2,train_loss,24,1.2624747807535381
sgboba 1024 abm2,aboba,1024,seed3,2,train_loss,25,1.1777078841836
sgboba 1024 abm2,aboba,1024,seed3,2,train_loss,26,1.0950615897841518
sgboba 1024 abm2,aboba,1024,seed3,2,train_loss,27,1.0072070947333949
sgboba 1024 abm2,aboba,1024,seed3,2,train_loss,28,0.9356146260519713
sgboba 1024 abm2,aboba,1024,seed3,2,train_loss,29,0.8628565576505958
sgboba 1024 abm2,aboba,1024,seed3,2,train_loss,30,0.7816816858002837
sgboba 1024 abm2,aboba,1024,seed3,2,train_loss,31,0.7240557670593262
sgboba 1024 abm2,aboba,1024,seed3,2,train_loss,32,0.6730714774919007
sgboba 1024 abm2,aboba,1024,seed3,2,train_loss,33,0.6305299562014891
sgboba 1024 abm2,aboba,1024,seed3,2,train_loss,34,0.5913943493202941
sgboba 1024 abm2,aboba,1024,seed3,2,train_loss,35,0.5619461783918284
sgboba 1024 abm2,aboba,1024,seed3,2,train_loss,36,0.5431786781929909
sgboba 1024 abm2,aboba,1024,seed3,2,train_loss,37,0.5303153486715423
sgboba 1024 abm2,aboba,1024,seed3,2,train_loss,38,0.5254054146784323
sgboba 1024 abm2,aboba,1024,seed3,2,train_loss,39,0.5159343898296356
sgboba 1024 abm4,aboba,1024,seed1,4,train_loss,0,4.401004308462143
sgboba 1024 abm4,aboba,1024,seed1,4,train_loss,1,3.3241736590862274
sgboba 1024 abm4,aboba,1024,seed1,4,train_loss,2,2.699988737138542
sgboba 1024 abm4,aboba,1024,seed1,4,train_loss,3,2.192539401636779
sgboba 1024 abm4,aboba,1024,seed1,4,train_loss,4,1.9782219659890947
sgboba 1024 abm4,aboba,1024,seed1,4,train_loss,5,1.8196469016075134
sgboba 1024 abm4,aboba,1024,seed1,4,train_loss,6,1.6912409982702754
sgboba 1024 abm4,aboba,1024,seed1,4,train_loss,7,1.6083151671555962
sgboba 1024 abm4,aboba,1024,seed1,4,train_loss,8,1.5187301070057355
sgboba 1024 abm4,aboba,1024,seed1,4,train_loss,9,1.4604287580081394
sgboba 1024 abm4,aboba,1024,seed1,4,train_loss,10,1.3833173231645064
sgboba 1024 abm4,aboba,1024,seed1,4,train_loss,11,1.3186577025112833
sgboba 1024 abm4,aboba,1024,seed1,4,train_loss,12,1.2704914106218608
sgboba 1024 abm4,aboba,1024,seed1,4,train_loss,13,1.2056436112052515
sgboba 1024 abm4,aboba,1024,seed1,4,train_loss,14,1.1506775619782807
sgboba 1024 abm4,aboba,1024,seed1,4,train_loss,15,1.0914308933462677
sgboba 1024 abm4,aboba,1024,seed1,4,train_loss,16,1.0184464255167591
sgboba 1024 abm4,aboba,1024,seed1,4,train_loss,17,0.9699172852403026
sgboba 1024 abm4,aboba,1024,seed1,4,train_loss,18,0.8836068973412963
sgboba 1024 abm4,aboba,1024,seed1,4,train_loss,19,0.8043681419682953
sgboba 1024 abm4,aboba,1024,seed1,4,train_loss,20,0.7143704569219944
sgboba 1024 abm4,aboba,1024,seed1,4,train_loss,21,0.6513168645348955
sgboba 1024 abm4,aboba,1024,seed1,4,train_loss,22,0.5697036686965398
sgboba 1024 abm4,aboba,1024,seed1,4,train_loss,23,0.5026918454038585
sgboba 1024 abm4,aboba,1024,seed1,4,train_loss,24,0.42857663532098134
sgboba 1024 abm4,aboba,1024,seed1,4,train_loss,25,0.3660982042551041
sgboba 1024 abm4,aboba,1024,seed1,4,train_loss,26,0.31206862395629287
sgboba 1024 abm4,aboba,1024,seed1,4,train_loss,27,0.2621504398512429
sgboba 1024 abm4,aboba,1024,seed1,4,train_loss,28,0.22287734605017162
sgboba 1024 abm4,aboba,1024,seed1,4,train_loss,29,0.195106858367561
sgboba 1024 abm4,aboba,1024,seed1,4,train_loss,30,0.16929926477917812
sgboba 1024 abm4,aboba,1024,seed1,4,train_loss,31,0.15206023137754118
sgboba 1024 abm4,aboba,1024,seed1,4,train_loss,32,0.141772417259998
sgboba 1024 abm4,aboba,1024,seed1,4,train_loss,33,0.13314992919564247
sgboba 1024 abm4,aboba,1024,seed1,4,train_loss,34,0.12549543526114487
sgboba 1024 abm4,aboba,1024,seed1,4,train_loss,35,0.12512828456237912
sgboba 1024 abm4,aboba,1024,seed1,4,train_loss,36,0.12317662388086319
sgboba 1024 abm4,aboba,1024,seed1,4,train_loss,37,0.12113385068045722
sgboba 1024 abm4,aboba,1024,seed1,4,train_loss,38,0.12018792560467353
sgboba 1024 abm4,aboba,1024,seed1,4,train_loss,39,0.12008676677942276
sgboba 1024 abm4,aboba,1024,seed2,4,train_loss,0,4.3594200134277346
sgboba 1024 abm4,aboba,1024,seed2,4,train_loss,1,3.2509014308452606
sgboba 1024 abm4,aboba,1024,seed2,4,train_loss,2,2.7089209778888805
sgboba 1024 abm4,aboba,1024,seed2,4,train_loss,3,2.2691112696669484
sgboba 1024 abm4,aboba,1024,seed2,4,train_loss,4,2.031499244603552
sgboba 1024 abm4,aboba,1024,seed2,4,train_loss,5,1.8478318548295647
sgboba 1024 abm4,aboba,1024,seed2,4,train_loss,6,1.7256715552397237
sgboba 1024 abm4,aboba,1024,seed2,4,train_loss,7,1.621754506347226
sgboba 1024 abm4,aboba,1024,seed2,4,train_loss,8,1.5301305330470805
sgboba 1024 abm4,aboba,1024,seed2,4,train_loss,9,1.4672305410248894
sgboba 1024 abm4,aboba,1024,seed2,4,train_loss,10,1.395604475700494
sgboba 1024 abm4,aboba,1024,seed2,4,train_loss,11,1.339366356531779
sgboba 1024 abm4,aboba,1024,seed2,4,train_loss,12,1.2765915481836203
sgboba 1024 abm4,aboba,1024,seed2,4,train_loss,13,1.2314012824443348
sgboba 1024 abm4,aboba,1024,seed2,4,train_loss,14,1.1625819464816767
sgboba 1024 abm4,aboba,1024,seed2,4,train_loss,15,1.1029044286958103
sgboba 1024 abm4,aboba,1024,seed2,4,train_loss,16,1.0285601979348717
sgboba 1024 abm4,aboba,1024,seed2,4,train_loss,17,0.9613865223336727
sgboba 1024 abm4,aboba,1024,seed2,4,train_loss,18,0.8792226330581802
sgboba 1024 abm4,aboba,1024,seed2,4,train_loss,19,0.8132262831588961
sgboba 1024 abm4,aboba,1024,seed2,4,train_loss,20,0.74754770197461
sgboba 1024 abm4,aboba,1024,seed2,4,train_loss,21,0.6769985654341277
sgboba 1024 abm4,aboba,1024,seed2,4,train_loss,22,0.5991291197708675
sgboba 1024 abm4,aboba,1024,seed2,4,train_loss,23,0.5201068132379909
sgboba 1024 abm4,aboba,1024,seed2,4,train_loss,24,0.45202800651391345
sgboba 1024 abm4,aboba,1024,seed2,4,train_loss,25,0.3814933451189511
sgboba 1024 abm4,aboba,1024,seed2,4,train_loss,26,0.327602096547292
sgboba 1024 abm4,aboba,1024,seed2,4,train_loss,27,0.27874171707941137
sgboba 1024 abm4,aboba,1024,seed2,4,train_loss,28,0.2391618897135441
sgboba 1024 abm4,aboba,1024,seed2,4,train_loss,29,0.20788985955458816
sgboba 1024 abm4,aboba,1024,seed2,4,train_loss,30,0.18261263951843168
sgboba 1024 abm4,aboba,1024,seed2,4,train_loss,31,0.16007267389918717
sgboba 1024 abm4,aboba,1024,seed2,4,train_loss,32,0.14996800211568673
sgboba 1024 abm4,aboba,1024,seed2,4,train_loss,33,0.1447611241042614
sgboba 1024 abm4,aboba,1024,seed2,4,train_loss,34,0.13308295262296024
sgboba 1024 abm4,aboba,1024,seed2,4,train_loss,35,0.13106204383075237
sgboba 1024 abm4,aboba,1024,seed2,4,train_loss,36,0.13323316663503648
sgboba 1024 abm4,aboba,1024,seed2,4,train_loss,37,0.12785875962840187
sgboba 1024 abm4,aboba,1024,seed2,4,train_loss,38,0.12828243810396928
sgboba 1024 abm4,aboba,1024,seed2,4,train_loss,39,0.12719711909691492
sgboba 1024 abm4,aboba,1024,seed3,4,train_loss,0,4.35001517534256
sgboba 1024 abm4,aboba,1024,seed3,4,train_loss,1,3.2300003230571748
sgboba 1024 abm4,aboba,1024,seed3,4,train_loss,2,2.732745814001238
sgboba 1024 abm4,aboba,1024,seed3,4,train_loss,3,2.2045839047247124
sgboba 1024 abm4,aboba,1024,seed3,4,train_loss,4,1.9978224142911647
sgboba 1024 abm4,aboba,1024,seed3,4,train_loss,5,1.8039469311237335
sgboba 1024 abm4,aboba,1024,seed3,4,train_loss,6,1.6972646259252637
sgboba 1024 abm4,aboba,1024,seed3,4,train_loss,7,1.5999249984132182
sgboba 1024 abm4,aboba,1024,seed3,4,train_loss,8,1.5288851571146989
sgboba 1024 abm4,aboba,1024,seed3,4,train_loss,9,1.4616392513683865
sgboba 1024 abm4,aboba,1024,seed3,4,train_loss,10,1.392874345996163
sgboba 1024 abm4,aboba,1024,seed3,4,train_loss,11,1.333106632798146
sgboba 1024 abm4,aboba,1024,seed3,4,train_loss,12,1.2737316538890202
sgboba 1024 abm4,aboba,1024,seed3,4,train_loss,13,1.216050630703307
sgboba 1024 abm4,aboba,1024,seed3,4,train_loss,14,1.1453778331770617
sgboba 1024 abm4,aboba,1024,seed3,4,train_loss,15,1.0835271512219344
sgboba 1024 abm4,aboba,1024,seed3,4,train_loss,16,1.0299636149794105
sgboba 1024 abm4,aboba,1024,seed3,4,train_loss,17,0.9597909455603741
sgboba 1024 abm4,aboba,1024,seed3,4,train_loss,18,0.8757336984300828
sgboba 1024 abm4,aboba,1024,seed3,4,train_loss,19,0.8170551846942631
sgboba 1024 abm4,aboba,1024,seed3,4,train_loss,20,0.7384643506764168
sgboba 1024 abm4,aboba,1024,seed3,4,train_loss,21,0.6532124657044436
sgboba 1024 abm4,aboba,1024,seed3,4,train_loss,22,0.5750758906773158
sgboba 1024 abm4,aboba,1024,seed3,4,train_loss,23,0.505931035141272
sgboba 1024 abm4,aboba,1024,seed3,4,train_loss,24,0.44020805855592093
sgboba 1024 abm4,aboba,1024,seed3,4,train_loss,25,0.3804097590472201
sgboba 1024 abm4,aboba,1024,seed3,4,train_loss,26,0.3184181052067923
sgboba 1024 abm4,aboba,1024,seed3,4,train_loss,27,0.2763280849261531
sgboba 1024 abm4,aboba,1024,seed3,4,train_loss,28,0.2342064331457453
sgboba 1024 abm4,aboba,1024,seed3,4,train_loss,29,0.20096959157656596
sgboba 1024 abm4,aboba,1024,seed3,4,train_loss,30,0.17825104461775887
sgboba 1024 abm4,aboba,1024,seed3,4,train_loss,31,0.1611306178317943
sgboba 1024 abm4,aboba,1024,seed3,4,train_loss,32,0.1457975335419178
sgboba 1024 abm4,aboba,1024,seed3,4,train_loss,33,0.13703885703694588
sgboba 1024 abm4,aboba,1024,seed3,4,train_loss,34,0.1331601709854312
sgboba 1024 abm4,aboba,1024,seed3,4,train_loss,35,0.1272798420395702
sgboba 1024 abm4,aboba,1024,seed3,4,train_loss,36,0.12969652116298674
sgboba 1024 abm4,aboba,1024,seed3,4,train_loss,37,0.12732384146915543
sgboba 1024 abm4,aboba,1024,seed3,4,train_loss,38,0.12519041678080192
sgboba 1024 abm4,aboba,1024,seed3,4,train_loss,39,0.1244866434070799
sgboba 1024 abm8,aboba,1024,seed1,8,train_loss,0,4.404106628894806
sgboba 1024 abm8,aboba,1024,seed1,8,train_loss,1,3.3323245882987975
sgboba 1024 abm8,aboba,1024,seed1,8,train_loss,2,2.4875417694900976
sgboba 1024 abm8,aboba,1024,seed1,8,train_loss,3,1.9307192521981704
sgboba 1024 abm8,aboba,1024,seed1,8,train_loss,4,1.6878192230904392
sgboba 1024 abm8,aboba,1024,seed1,8,train_loss,5,1.5198116443003085
sgboba 1024 abm8,aboba,1024,seed1,8,train_loss,6,1.382770828258844
sgboba 1024 abm8,aboba,1024,seed1,8,train_loss,7,1.278913435127054
sgboba 1024 abm8,aboba,1024,seed1,8,train_loss,8,1.174540272213164
sgboba 1024 abm8,aboba,1024,seed1,8,train_loss,9,1.0899813037421835
sgboba 1024 abm8,aboba,1024,seed1,8,train_loss,10,1.010467538540376
sgboba 1024 abm8,aboba,1024,seed1,8,train_loss,11,0.9291029306454847
sgboba 1024 abm8,aboba,1024,seed1,8,train_loss,12,0.860972794748488
sgboba 1024 abm8,aboba,1024,seed1,8,train_loss,13,0.7806434094905853
sgboba 1024 abm8,aboba,1024,seed1,8,train_loss,14,0.7151746891046825
sgboba 1024 abm8,aboba,1024,seed1,8,train_loss,15,0.6595544616381327
sgboba 1024 abm8,aboba,1024,seed1,8,train_loss,16,0.5890178641263586
sgboba 1024 abm8,aboba,1024,seed1,8,train_loss,17,0.5237750163060109
sgboba 1024 abm8,aboba,1024,seed1,8,train_loss,18,0.462990325545111
sgboba 1024 abm8,aboba,1024,seed1,8,train_loss,19,0.3974326925399976
sgboba 1024 abm8,aboba,1024,seed1,8,train_loss,20,0.3514490079235386
sgboba 1024 abm8,aboba,1024,seed1,8,train_loss,21,0.2999205623681729
sgboba 1024 abm8,aboba,1024,seed1,8,train_loss,22,0.2561946556884415
sgboba 1024 abm8,aboba,1024,seed1,8,train_loss,23,0.21862137981730959
sgboba 1024 abm8,aboba,1024,seed1,8,train_loss,24,0.19391929150320764
sgboba 1024 abm8,aboba,1024,seed1,8,train_loss,25,0.1668737666347088
sgboba 1024 abm8,aboba,1024,seed1,8,train_loss,26,0.15092503412129127
sgboba 1024 abm8,aboba,1024,seed1,8,train_loss,27,0.1392126056281003
sgboba 1024 abm8,aboba,1024,seed1,8,train_loss,28,0.1221811921689017
sgboba 1024 abm8,aboba,1024,seed1,8,train_loss,29,0.11355586153156352
sgboba 1024 abm8,aboba,1024,seed1,8,train_loss,30,0.1086046794510406
sgboba 1024 abm8,aboba,1024,seed1,8,train_loss,31,0.10225941489140193
sgboba 1024 abm8,aboba,1024,seed1,8,train_loss,32,0.09737109889586766
sgboba 1024 abm8,aboba,1024,seed1,8,train_loss,33,0.09717055824067858
sgboba 1024 abm8,aboba,1024,seed1,8,train_loss,34,0.09415303848006508
sgboba 1024 abm8,aboba,1024,seed1,8,train_loss,35,0.09393018922385048
sgboba 1024 abm8,aboba,1024,seed1,8,train_loss,36,0.09434454701840878
sgboba 1024 abm8,aboba,1024,seed1,8,train_loss,37,0.09363050262133281
sgboba 1024 abm8,aboba,1024,seed1,8,train_loss,38,0.09295050882630879
sgboba 1024 abm8,aboba,1024,seed1,8,train_loss,39,0.09388472884893417
sgboba 1024 abm8,aboba,1024,seed2,8,train_loss,0,4.3621658146381375
sgboba 1024 abm8,aboba,1024,seed2,8,train_loss,1,3.2555035948753357
sgboba 1024 abm8,aboba,1024,seed2,8,train_loss,2,2.4696974988843574
sgboba 1024 abm8,aboba,1024,seed2,8,train_loss,3,1.9194521965519074
sgboba 1024 abm8,aboba,1024,seed2,8,train_loss,4,1.6883303135940708
sgboba 1024 abm8,aboba,1024,seed2,8,train_loss,5,1.5113037946549328
sgboba 1024 abm8,aboba,1024,seed2,8,train_loss,6,1.3800620052440107
sgboba 1024 abm8,aboba,1024,seed2,8,train_loss,7,1.2661811796824138
sgboba 1024 abm8,aboba,1024,seed2,8,train_loss,8,1.168906627382551
sgboba 1024 abm8,aboba,1024,seed2,8,train_loss,9,1.0868086128523855
sgboba 1024 abm8,aboba,1024,seed2,8,train_loss,10,1.0059132467034042
sgboba 1024 abm8,aboba,1024,seed2,8,train_loss,11,0.9282504899353631
sgboba 1024 abm8,aboba,1024,seed2,8,train_loss,12,0.8474428745416495
sgboba 1024 abm8,aboba,1024,seed2,8,train_loss,13,0.7748390547931194
sgboba 1024 abm8,aboba,1024,seed2,8,train_loss,14,0.7174153740889107
sgboba 1024 abm8,aboba,1024,seed2,8,train_loss,15,0.6525594683157073
sgboba 1024 abm8,aboba,1024,seed2,8,train_loss,16,0.58181312201667
sgboba 1024 abm8,aboba,1024,seed2,8,train_loss,17,0.513314469397523
sgboba 1024 abm8,aboba,1024,seed2,8,train_loss,18,0.46342802929878235
sgboba 1024 abm8,aboba,1024,seed2,8,train_loss,19,0.400938060006191
sgboba 1024 abm8,aboba,1024,seed2,8,train_loss,20,0.3417421346530318
sgboba 1024 abm8,aboba,1024,seed2,8,train_loss,21,0.30085388365246
sgboba 1024 abm8,aboba,1024,seed2,8,train_loss,22,0.25986076602522207
sgboba 1024 abm8,aboba,1024,seed2,8,train_loss,23,0.22611967809907682
sgboba 1024 abm8,aboba,1024,seed2,8,train_loss,24,0.19680543699685266
sgboba 1024 abm8,aboba,1024,seed2,8,train_loss,25,0.17652879014045378
sgboba 1024 abm8,aboba,1024,seed2,8,train_loss,26,0.15210445707952472
sgboba 1024 abm8,aboba,1024,seed2,8,train_loss,27,0.14018073237755083
sgboba 1024 abm8,aboba,1024,seed2,8,train_loss,28,0.1234491607495423
sgboba 1024 abm8,aboba,1024,seed2,8,train_loss,29,0.11734917408452844
sgboba 1024 abm8,aboba,1024,seed2,8,train_loss,30,0.10878460416975229
sgboba 1024 abm8,aboba,1024,seed2,8,train_loss,31,0.10237406423458686
sgboba 1024 abm8,aboba,1024,seed2,8,train_loss,32,0.10020923908009674
sgboba 1024 abm8,aboba,1024,seed2,8,train_loss,33,0.0983155369758606
sgboba 1024 abm8,aboba,1024,seed2,8,train_loss,34,0.10228824547745964
sgboba 1024 abm8,aboba,1024,seed2,8,train_loss,35,0.09604299440979958
sgboba 1024 abm8,aboba,1024,seed2,8,train_loss,36,0.09557814036424343
sgboba 1024 abm8,aboba,1024,seed2,8,train_loss,37,0.09565317961904737
sgboba 1024 abm8,aboba,1024,seed2,8,train_loss,38,0.09514111694362429
sgboba 1024 abm8,aboba,1024,seed2,8,train_loss,39,0.09452832407421535
sgboba 1024 abm8,aboba,1024,seed3,8,train_loss,0,4.351749438047409
sgboba 1024 abm8,aboba,1024,seed3,8,train_loss,1,3.234563463926315
sgboba 1024 abm8,aboba,1024,seed3,8,train_loss,2,2.460730887103725
sgboba 1024 abm8,aboba,1024,seed3,8,train_loss,3,1.9034376925037753
sgboba 1024 abm8,aboba,1024,seed3,8,train_loss,4,1.6767718800211449
sgboba 1024 abm8,aboba,1024,seed3,8,train_loss,5,1.511508681474983
sgboba 1024 abm8,aboba,1024,seed3,8,train_loss,6,1.3772482160678126
sgboba 1024 abm8,aboba,1024,seed3,8,train_loss,7,1.2655416351876088
sgboba 1024 abm8,aboba,1024,seed3,8,train_loss,8,1.164156878278369
sgboba 1024 abm8,aboba,1024,seed3,8,train_loss,9,1.0722845741851845
sgboba 1024 abm8,aboba,1024,seed3,8,train_loss,10,1.0015264720840251
sgboba 1024 abm8,aboba,1024,seed3,8,train_loss,11,0.9232748499648138
sgboba 1024 abm8,aboba,1024,seed3,8,train_loss,12,0.8527278804920129
sgboba 1024 abm8,aboba,1024,seed3,8,train_loss,13,0.7781657040119171
sgboba 1024 abm8,aboba,1024,seed3,8,train_loss,14,0.7163736545725873
sgboba 1024 abm8,aboba,1024,seed3,8,train_loss,15,0.6576472804364231
sgboba 1024 abm8,aboba,1024,seed3,8,train_loss,16,0.5928626097466824
sgboba 1024 abm8,aboba,1024,seed3,8,train_loss,17,0.5222017742120303
sgboba 1024 abm8,aboba,1024,seed3,8,train_loss,18,0.46312724678747114
sgboba 1024 abm8,aboba,1024,seed3,8,train_loss,19,0.39699045587808657
sgboba 1024 abm8,aboba,1024,seed3,8,train_loss,20,0.3468249112636119
sgboba 1024 abm8,aboba,1024,seed3,8,train_loss,21,0.29873985109420925
sgboba 1024 abm8,aboba,1024,seed3,8,train_loss,22,0.259902329773319
sgboba 1024 abm8,aboba,1024,seed3,8,train_loss,23,0.2224399406503845
sgboba 1024 abm8,aboba,1024,seed3,8,train_loss,24,0.19241655539063846
sgboba 1024 abm8,aboba,1024,seed3,8,train_loss,25,0.16669727050805394
sgboba 1024 abm8,aboba,1024,seed3,8,train_loss,26,0.14783988137625986
sgboba 1024 abm8,aboba,1024,seed3,8,train_loss,27,0.13282573121515187
sgboba 1024 abm8,aboba,1024,seed3,8,train_loss,28,0.1211338357652648
sgboba 1024 abm8,aboba,1024,seed3,8,train_loss,29,0.1129069379889048
sgboba 1024 abm8,aboba,1024,seed3,8,train_loss,30,0.10814701231277507
sgboba 1024 abm8,aboba,1024,seed3,8,train_loss,31,0.102114655650579
sgboba 1024 abm8,aboba,1024,seed3,8,train_loss,32,0.09608924479195566
sgboba 1024 abm8,aboba,1024,seed3,8,train_loss,33,0.09485851090263438
sgboba 1024 abm8,aboba,1024,seed3,8,train_loss,34,0.093135814226809
sgboba 1024 abm8,aboba,1024,seed3,8,train_loss,35,0.09219448312240489
sgboba 1024 abm8,aboba,1024,seed3,8,train_loss,36,0.09260748699307442
sgboba 1024 abm8,aboba,1024,seed3,8,train_loss,37,0.0936396246155103
sgboba 1024 abm8,aboba,1024,seed3,8,train_loss,38,0.09274325850937101
sgboba 1024 abm8,aboba,1024,seed3,8,train_loss,39,0.09234442313512166
sgboba 16 abm16,aboba,16,seed1,16,train_loss,0,4.271771830272675
sgboba 16 abm16,aboba,16,seed1,16,train_loss,1,3.8730116143226625
sgboba 16 abm16,aboba,16,seed1,16,train_loss,2,3.2575685767240303
sgboba 16 abm16,aboba,16,seed1,16,train_loss,3,3.0068958488482873
sgboba 16 abm16,aboba,16,seed1,16,train_loss,4,2.8265078810394786
sgboba 16 abm16,aboba,16,seed1,16,train_loss,5,2.6903726046847316
sgboba 16 abm16,aboba,16,seed1,16,train_loss,6,2.5902632790050286
sgboba 16 abm16,aboba,16,seed1,16,train_loss,7,2.509797576268514
sgboba 16 abm16,aboba,16,seed1,16,train_loss,8,2.4284158055211456
sgboba 16 abm16,aboba,16,seed1,16,train_loss,9,2.355052741605844
sgboba 16 abm16,aboba,16,seed1,16,train_loss,10,2.290081311017275
sgboba 16 abm16,aboba,16,seed1,16,train_loss,11,2.2405840312280962
sgboba 16 abm16,aboba,16,seed1,16,train_loss,12,2.168801759418688
sgboba 16 abm16,aboba,16,seed1,16,train_loss,13,2.117963860251687
sgboba 16 abm16,aboba,16,seed1,16,train_loss,14,2.0573517556460397
sgboba 16 abm16,aboba,16,seed1,16,train_loss,15,2.018635672681472
sgboba 16 abm16,aboba,16,seed1,16,train_loss,16,1.9659907462749076
sgboba 16 abm16,aboba,16,seed1,16,train_loss,17,1.9130180996397268
sgboba 16 abm16,aboba,16,seed1,16,train_loss,18,1.8588411103595386
sgboba 16 abm16,aboba,16,seed1,16,train_loss,19,1.8165324614161538
sgboba 16 abm16,aboba,16,seed1,16,train_loss,20,1.7701584987151318
sgboba 16 abm16,aboba,16,seed1,16,train_loss,21,1.730960852391011
sgboba 16 abm16,aboba,16,seed1,16,train_loss,22,1.6857420416439282
sgboba 16 abm16,aboba,16,seed1,16,train_loss,23,1.6443305784656155
sgboba 16 abm16,aboba,16,seed1,16,train_loss,24,1.6048093006528656
sgboba 16 abm16,aboba,16,seed1,16,train_loss,25,1.572840621838203
sgboba 16 abm16,aboba,16,seed1,16,train_loss,26,1.5472087030825408
sgboba 16 abm16,aboba,16,seed1,16,train_loss,27,1.5223047733306885
sgboba 16 abm16,aboba,16,seed1,16,train_loss,28,1.5019435816340976
sgboba 16 abm16,aboba,16,seed1,16,train_loss,29,1.4858478009700775
sgboba 16 abm16,aboba,16,seed1,16,train_loss,30,1.4601367712020874
sgboba 16 abm16,aboba,16,seed1,16,train_loss,31,1.4434315074573865
sgboba 16 abm16,aboba,16,seed1,16,train_loss,32,1.4403343862957425
sgboba 16 abm16,aboba,16,seed1,16,train_loss,33,1.4362761047151353
sgboba 16 abm16,aboba,16,seed1,16,train_loss,34,1.4305203358332317
sgboba 16 abm16,aboba,16,seed1,16,train_loss,35,1.4246854649649725
sgboba 16 abm16,aboba,16,seed1,16,train_loss,36,1.4277265204323664
sgboba 16 abm16,aboba,16,seed1,16,train_loss,37,1.4212595621744792
sgboba 16 abm16,aboba,16,seed1,16,train_loss,38,1.4158988793690999
sgboba 16 abm16,aboba,16,seed1,16,train_loss,39,1.4170833031336467
sgboba 16 abm16,aboba,16,seed2,16,train_loss,0,4.339849779415131
sgboba 16 abm16,aboba,16,seed2,16,train_loss,1,3.9065229420661924
sgboba 16 abm16,aboba,16,seed2,16,train_loss,2,3.2851221889919704
sgboba 16 abm16,aboba,16,seed2,16,train_loss,3,3.0085681190296096
sgboba 16 abm16,aboba,16,seed2,16,train_loss,4,2.8116001708448426
sgboba 16 abm16,aboba,16,seed2,16,train_loss,5,2.6571036304036775
sgboba 16 abm16,aboba,16,seed2,16,train_loss,6,2.5436276604147516
sgboba 16 abm16,aboba,16,seed2,16,train_loss,7,2.445155579792826
sgboba 16 abm16,aboba,16,seed2,16,train_loss,8,2.345702654878858
sgboba 16 abm16,aboba,16,seed2,16,train_loss,9,2.259756732342848
sgboba 16 abm16,aboba,16,seed2,16,train_loss,10,2.17662789271428
sgboba 16 abm16,aboba,16,seed2,16,train_loss,11,2.107368230819702
sgboba 16 abm16,aboba,16,seed2,16,train_loss,12,2.0486929299401457
sgboba 16 abm16,aboba,16,seed2,16,train_loss,13,1.9831930696964264
sgboba 16 abm16,aboba,16,seed2,16,train_loss,14,1.9147835655032464
sgboba 16 abm16,aboba,16,seed2,16,train_loss,15,1.850255788497205
sgboba 16 abm16,aboba,16,seed2,16,train_loss,16,1.8001038981418984
sgboba 16 abm16,aboba,16,seed2,16,train_loss,17,1.734231375633402
sgboba 16 abm16,aboba,16,seed2,16,train_loss,18,1.6826079513715662
sgboba 16 abm16,aboba,16,seed2,16,train_loss,19,1.6310886394145876
sgboba 16 abm16,aboba,16,seed2,16,train_loss,20,1.5902910739183427
sgboba 16 abm16,aboba,16,seed2,16,train_loss,21,1.5375669485813863
sgboba 16 abm16,aboba,16,seed2,16,train_loss,22,1.494349265799803
sgboba 16 abm16,aboba,16,seed2,16,train_loss,23,1.4504036288107596
sgboba 16 abm16,aboba,16,seed2,16,train_loss,24,1.4114070843006004
sgboba 16 abm16,aboba,16,seed2,16,train_loss,25,1.376880168914795
sgboba 16 abm16,aboba,16,seed2,16,train_loss,26,1.3372779721799104
sgboba 16 abm16,aboba,16,seed2,16,train_loss,27,1.303389554932004
sgboba 16 abm16,aboba,16,seed2,16,train_loss,28,1.2780154943466187
sgboba 16 abm16,aboba,16,seed2,16,train_loss,29,1.2589048072695732
sgboba 16 abm16,aboba,16,seed2,16,train_loss,30,1.2358996186937605
sgboba 16 abm16,aboba,16,seed2,16,train_loss,31,1.2279699047406514
sgboba 16 abm16,aboba,16,seed2,16,train_loss,32,1.2164678573608398
sgboba 16 abm16,aboba,16,seed2,16,train_loss,33,1.2049702670839098
sgboba 16 abm16,aboba,16,seed2,16,train_loss,34,1.199513037999471
sgboba 16 abm16,aboba,16,seed2,16,train_loss,35,1.1995892657174005
sgboba 16 abm16,aboba,16,seed2,16,train_loss,36,1.1963659922281902
sgboba 16 abm16,aboba,16,seed2,16,train_loss,37,1.1932836771011353
sgboba 16 abm16,aboba,16,seed2,16,train_loss,38,1.1958136955897014
sgboba 16 abm16,aboba,16,seed2,16,train_loss,39,1.1929265790515475
sgboba 16 abm16,aboba,16,seed3,16,train_loss,0,4.219577755928039
sgboba 16 abm16,aboba,16,seed3,16,train_loss,1,3.76328389673233
sgboba 16 abm16,aboba,16,seed3,16,train_loss,2,3.064071555253936
sgboba 16 abm16,aboba,16,seed3,16,train_loss,3,2.802263422558705
sgboba 16 abm16,aboba,16,seed3,16,train_loss,4,2.624499851465225
sgboba 16 abm16,aboba,16,seed3,16,train_loss,5,2.503638921951761
sgboba 16 abm16,aboba,16,seed3,16,train_loss,6,2.3975094641957964
sgboba 16 abm16,aboba,16,seed3,16,train_loss,7,2.3098241597414018
sgboba 16 abm16,aboba,16,seed3,16,train_loss,8,2.225871442159017
sgboba 16 abm16,aboba,16,seed3,16,train_loss,9,2.1576141170092993
sgboba 16 abm16,aboba,16,seed3,16,train_loss,10,2.087638059658791
sgboba 16 abm16,aboba,16,seed3,16,train_loss,11,2.022137677296996
sgboba 16 abm16,aboba,16,seed3,16,train_loss,12,1.957543432712555
sgboba 16 abm16,aboba,16,seed3,16,train_loss,13,1.9029692290192943
sgboba 16 abm16,aboba,16,seed3,16,train_loss,14,1.8470168943916048
sgboba 16 abm16,aboba,16,seed3,16,train_loss,15,1.7938988893120378
sgboba 16 abm16,aboba,16,seed3,16,train_loss,16,1.742226708169077
sgboba 16 abm16,aboba,16,seed3,16,train_loss,17,1.6831996465215877
sgboba 16 abm16,aboba,16,seed3,16,train_loss,18,1.6313740167211979
sgboba 16 abm16,aboba,16,seed3,16,train_loss,19,1.5904955836859616
sgboba 16 abm16,aboba,16,seed3,16,train_loss,20,1.5459287881851196
sgboba 16 abm16,aboba,16,seed3,16,train_loss,21,1.5029454714543111
sgboba 16 abm16,aboba,16,seed3,16,train_loss,22,1.4521840670529533
sgboba 16 abm16,aboba,16,seed3,16,train_loss,23,1.412437056050156
sgboba 16 abm16,aboba,16,seed3,16,train_loss,24,1.379793687661489
sgboba 16 abm16,aboba,16,seed3,16,train_loss,25,1.3467533985773723
sgboba 16 abm16,aboba,16,seed3,16,train_loss,26,1.3175953924655914
sgboba 16 abm16,aboba,16,seed3,16,train_loss,27,1.2876779220320962
sgboba 16 abm16,aboba,16,seed3,16,train_loss,28,1.2592915735746686
sgboba 16 abm16,aboba,16,seed3,16,train_loss,29,1.2525879775776583
sgboba 16 abm16,aboba,16,seed3,16,train_loss,30,1.2240483931132726
sgboba 16 abm16,aboba,16,seed3,16,train_loss,31,1.2126627067724864
sgboba 16 abm16,aboba,16,seed3,16,train_loss,32,1.1977163553237915
sgboba 16 abm16,aboba,16,seed3,16,train_loss,33,1.2014127439922757
sgboba 16 abm16,aboba,16,seed3,16,train_loss,34,1.1928252246644762
sgboba 16 abm16,aboba,16,seed3,16,train_loss,35,1.1931009822421603
sgboba 16 abm16,aboba,16,seed3,16,train_loss,36,1.1906405289967854
sgboba 16 abm16,aboba,16,seed3,16,train_loss,37,1.191602110862732
sgboba 16 abm16,aboba,16,seed3,16,train_loss,38,1.1836073398590088
sgboba 16 abm16,aboba,16,seed3,16,train_loss,39,1.1853952142927382
sgboba 16 abm2,aboba,16,seed1,2,train_loss,0,4.198651930427551
sgboba 16 abm2,aboba,16,seed1,2,train_loss,1,3.8832242288589476
sgboba 16 abm2,aboba,16,seed1,2,train_loss,2,3.438397956465015
sgboba 16 abm2,aboba,16,seed1,2,train_loss,3,3.1486890573527337
sgboba 16 abm2,aboba,16,seed1,2,train_loss,4,2.869600641961191
sgboba 16 abm2,aboba,16,seed1,2,train_loss,5,2.714007532119751
sgboba 16 abm2,aboba,16,seed1,2,train_loss,6,2.5901118501886593
sgboba 16 abm2,aboba,16,seed1,2,train_loss,7,2.497117397261829
sgboba 16 abm2,aboba,16,seed1,2,train_loss,8,2.4104447751305997
sgboba 16 abm2,aboba,16,seed1,2,train_loss,9,2.343009742352331
sgboba 16 abm2,aboba,16,seed1,2,train_loss,10,2.273611476165044
sgboba 16 abm2,aboba,16,seed1,2,train_loss,11,2.209758435921013
sgboba 16 abm2,aboba,16,seed1,2,train_loss,12,2.146088435619819
sgboba 16 abm2,aboba,16,seed1,2,train_loss,13,2.075238703902251
sgboba 16 abm2,aboba,16,seed1,2,train_loss,14,2.012745347745169
sgboba 16 abm2,aboba,16,seed1,2,train_loss,15,1.9553470685734726
sgboba 16 abm2,aboba,16,seed1,2,train_loss,16,1.882147493101922
sgboba 16 abm2,aboba,16,seed1,2,train_loss,17,1.8203374820180458
sgboba 16 abm2,aboba,16,seed1,2,train_loss,18,1.7553388625383377
sgboba 16 abm2,aboba,16,seed1,2,train_loss,19,1.6769584648596132
sgboba 16 abm2,aboba,16,seed1,2,train_loss,20,1.616425575371778
sgboba 16 abm2,aboba,16,seed1,2,train_loss,21,1.5477581822544062
sgboba 16 abm2,aboba,16,seed1,2,train_loss,22,1.471699248307691
sgboba 16 abm2,aboba,16,seed1,2,train_loss,23,1.3836010217666626
sgboba 16 abm2,aboba,16,seed1,2,train_loss,24,1.3096877058798617
sgboba 16 abm2,aboba,16,seed1,2,train_loss,25,1.2337852619132217
sgboba 16 abm2,aboba,16,seed1,2,train_loss,26,1.1569594527039293
sgboba 16 abm2,aboba,16,seed1,2,train_loss,27,1.0745928800932252
sgboba 16 abm2,aboba,16,seed1,2,train_loss,28,0.9974576320437437
sgboba 16 abm2,aboba,16,seed1,2,train_loss,29,0.9280887701496574
sgboba 16 abm2,aboba,16,seed1,2,train_loss,30,0.8594049878999697
sgboba 16 abm2,aboba,16,seed1,2,train_loss,31,0.7936997399097536
sgboba 16 abm2,aboba,16,seed1,2,train_loss,32,0.7444940578369867
sgboba 16 abm2,aboba,16,seed1,2,train_loss,33,0.7094350832231929
sgboba 16 abm2,aboba,16,seed1,2,train_loss,34,0.6720557139344412
sgboba 16 abm2,aboba,16,seed1,2,train_loss,35,0.6490164267814765
sgboba 16 abm2,aboba,16,seed1,2,train_loss,36,0.6350354552268982
sgboba 16 abm2,aboba,16,seed1,2,train_loss,37,0.6215442265783038
sgboba 16 abm2,aboba,16,seed1,2,train_loss,38,0.6138847889723601
sgboba 16 abm2,aboba,16,seed1,2,train_loss,39,0.6111318588256835
sgboba 16 abm2,aboba,16,seed2,2,train_loss,0,4.3447438660621645
sgboba 16 abm2,aboba,16,seed2,2,train_loss,1,4.017528200626374
sgboba 16 abm2,aboba,16,seed2,2,train_loss,2,3.7648546675682066
sgboba 16 abm2,aboba,16,seed2,2,train_loss,3,3.421792448906902
sgboba 16 abm2,aboba,16,seed2,2,train_loss,4,3.137948105022098
sgboba 16 abm2,aboba,16,seed2,2,train_loss,5,2.969988404764362
sgboba 16 abm2,aboba,16,seed2,2,train_loss,6,2.838469559515348
sgboba 16 abm2,aboba,16,seed2,2,train_loss,7,2.7311855808410352
sgboba 16 abm2,aboba,16,seed2,2,train_loss,8,2.635268656632646
sgboba 16 abm2,aboba,16,seed2,2,train_loss,9,2.5468457851566573
sgboba 16 abm2,aboba,16,seed2,2,train_loss,10,2.484252443928233
sgboba 16 abm2,aboba,16,seed2,2,train_loss,11,2.410196106991869
sgboba 16 abm2,aboba,16,seed2,2,train_loss,12,2.3441888332892096
sgboba 16 abm2,aboba,16,seed2,2,train_loss,13,2.27868655001795
sgboba 16 abm2,aboba,16,seed2,2,train_loss,14,2.2128598607630225
sgboba 16 abm2,aboba,16,seed2,2,train_loss,15,2.153572817313133
sgboba 16 abm2,aboba,16,seed2,2,train_loss,16,2.081027247823111
sgboba 16 abm2,aboba,16,seed2,2,train_loss,17,2.016825286997962
sgboba 16 abm2,aboba,16,seed2,2,train_loss,18,1.9598896004878803
sgboba 16 abm2,aboba,16,seed2,2,train_loss,19,1.8897711035212443
sgboba 16 abm2,aboba,16,seed2,2,train_loss,20,1.8250698582047509
sgboba 16 abm2,aboba,16,seed2,2,train_loss,21,1.7412583188679691
sgboba 16 abm2,aboba,16,seed2,2,train_loss,22,1.6771175841357084
sgboba 16 abm2,aboba,16,seed2,2,train_loss,23,1.607539897398515
sgboba 16 abm2,aboba,16,seed2,2,train_loss,24,1.5306035035340362
sgboba 16 abm2,aboba,16,seed2,2,train_loss,25,1.4541448760433358
sgboba 16 abm2,aboba,16,seed2,2,train_loss,26,1.3736213593988376
sgboba 16 abm2,aboba,16,seed2,2,train_loss,27,1.301767841813528
sgboba 16 abm2,aboba,16,seed2,2,train_loss,28,1.226818220615387
sgboba 16 abm2,aboba,16,seed2,2,train_loss,29,1.151440540446511
sgboba 16 abm2,aboba,16,seed2,2,train_loss,30,1.0914890596466342
sgboba 16 abm2,aboba,16,seed2,2,train_loss,31,1.0247469058557719
sgboba 16 abm2,aboba,16,seed2,2,train_loss,32,0.9658058186372122
sgboba 16 abm2,aboba,16,seed2,2,train_loss,33,0.931866935519285
sgboba 16 abm2,aboba,16,seed2,2,train_loss,34,0.8900275482258326
sgboba 16 abm2,aboba,16,seed2,2,train_loss,35,0.8704466077319363
sgboba 16 abm2,aboba,16,seed2,2,train_loss,36,0.8450027969148424
sgboba 16 abm2,aboba,16,seed2,2,train_loss,37,0.8301720040185111
sgboba 16 abm2,aboba,16,seed2,2,train_loss,38,0.8231608248673953
sgboba 16 abm2,aboba,16,seed2,2,train_loss,39,0.8141228497028351
sgboba 16 abm2,aboba,16,seed3,2,train_loss,0,4.562487908267975
sgboba 16 abm2,aboba,16,seed3,2,train_loss,1,3.9771671058654787
sgboba 16 abm2,aboba,16,seed3,2,train_loss,2,3.5958630954027178
sgboba 16 abm2,aboba,16,seed3,2,train_loss,3,3.160016882594039
sgboba 16 abm2,aboba,16,seed3,2,train_loss,4,2.8819729157213896
sgboba 16 abm2,aboba,16,seed3,2,train_loss,5,2.7195411563119296
sgboba 16 abm2,aboba,16,seed3,2,train_loss,6,2.5943011269926806
sgboba 16 abm2,aboba,16,seed3,2,train_loss,7,2.5043906069607047
sgboba 16 abm2,aboba,16,seed3,2,train_loss,8,2.4163613670971245
sgboba 16 abm2,aboba,16,seed3,2,train_loss,9,2.34184259930147
sgboba 16 abm2,aboba,16,seed3,2,train_loss,10,2.269963394880295
sgboba 16 abm2,aboba,16,seed3,2,train_loss,11,2.2018131585581346
sgboba 16 abm2,aboba,16,seed3,2,train_loss,12,2.133271474547747
sgboba 16 abm2,aboba,16,seed3,2,train_loss,13,2.065224947211563
sgboba 16 abm2,aboba,16,seed3,2,train_loss,14,1.992303636132476
sgboba 16 abm2,aboba,16,seed3,2,train_loss,15,1.9293635061808996
sgboba 16 abm2,aboba,16,seed3,2,train_loss,16,1.869008417367369
sgboba 16 abm2,aboba,16,seed3,2,train_loss,17,1.802895933684736
sgboba 16 abm2,aboba,16,seed3,2,train_loss,18,1.7341377728929122
sgboba 16 abm2,aboba,16,seed3,2,train_loss,19,1.658187288729871
sgboba 16 abm2,aboba,16,seed3,2,train_loss,20,1.594480798636115
sgboba 16 abm2,aboba,16,seed3,2,train_loss,21,1.505720434203425
sgboba 16 abm2,aboba,16,seed3,2,train_loss,22,1.4368358982502443
sgboba 16 abm2,aboba,16,seed3,2,train_loss,23,1.3651110062615797
sgboba 16 abm2,aboba,16,seed3,2,train_loss,24,1.286739973197306
sgboba 16 abm2,aboba,16,seed3,2,train_loss,25,1.2034198267119272
sgboba 16 abm2,aboba,16,seed3,2,train_loss,26,1.1308673090998902
sgboba 16 abm2,aboba,16,seed3,2,train_loss,27,1.0454021572482353
sgboba 16 abm2,aboba,16,seed3,2,train_loss,28,0.9672271827530992
sgboba 16 abm2,aboba,16,seed3,2,train_loss,29,0.8995981245684478
sgboba 16 abm2,aboba,16,seed3,2,train_loss,30,0.8333664784129237
sgboba 16 abm2,aboba,16,seed3,2,train_loss,31,0.7732307362941003
sgboba 16 abm2,aboba,16,seed3,2,train_loss,32,0.719473455312117
sgboba 16 abm2,aboba,16,seed3,2,train_loss,33,0.6828630579991287
sgboba 16 abm2,aboba,16,seed3,2,train_loss,34,0.644439600918391
sgboba 16 abm2,aboba,16,seed3,2,train_loss,35,0.61798983054646
sgboba 16 abm2,aboba,16,seed3,2,train_loss,36,0.6029356261517139
sgboba 16 abm2,aboba,16,seed3,2,train_loss,37,0.587468061182234
sgboba 16 abm2,aboba,16,seed3,2,train_loss,38,0.5797121127446493
sgboba 16 abm2,aboba,16,seed3,2,train_loss,39,0.5761487007141113
sgboba 16 abm4,aboba,16,seed1,4,train_loss,0,4.0775689965248105
sgboba 16 abm4,aboba,16,seed1,4,train_loss,1,3.7773322923660277
sgboba 16 abm4,aboba,16,seed1,4,train_loss,2,3.1365473943812248
sgboba 16 abm4,aboba,16,seed1,4,train_loss,3,2.850256957332499
sgboba 16 abm4,aboba,16,seed1,4,train_loss,4,2.6153567005889586
sgboba 16 abm4,aboba,16,seed1,4,train_loss,5,2.462944581804083
sgboba 16 abm4,aboba,16,seed1,4,train_loss,6,2.358462679770685
sgboba 16 abm4,aboba,16,seed1,4,train_loss,7,2.2485497764178684
sgboba 16 abm4,aboba,16,seed1,4,train_loss,8,2.169388025680895
sgboba 16 abm4,aboba,16,seed1,4,train_loss,9,2.0924718489541725
sgboba 16 abm4,aboba,16,seed1,4,train_loss,10,2.016976993346849
sgboba 16 abm4,aboba,16,seed1,4,train_loss,11,1.9552053679791532
sgboba 16 abm4,aboba,16,seed1,4,train_loss,12,1.8793396214323659
sgboba 16 abm4,aboba,16,seed1,4,train_loss,13,1.8156103787343365
sgboba 16 abm4,aboba,16,seed1,4,train_loss,14,1.7595571862781507
sgboba 16 abm4,aboba,16,seed1,4,train_loss,15,1.6935401667488945
sgboba 16 abm4,aboba,16,seed1,4,train_loss,16,1.6395233386123236
sgboba 16 abm4,aboba,16,seed1,4,train_loss,17,1.5712057094161327
sgboba 16 abm4,aboba,16,seed1,4,train_loss,18,1.5084529759907963
sgboba 16 abm4,aboba,16,seed1,4,train_loss,19,1.435842749269251
sgboba 16 abm4,aboba,16,seed1,4,train_loss,20,1.364157169052724
sgboba 16 abm4,aboba,16,seed1,4,train_loss,21,1.295982088871345
sgboba 16 abm4,aboba,16,seed1,4,train_loss,22,1.214158445596695
sgboba 16 abm4,aboba,16,seed1,4,train_loss,23,1.1508607954814516
sgboba 16 abm4,aboba,16,seed1,4,train_loss,24,1.0781351840054547
sgboba 16 abm4,aboba,16,seed1,4,train_loss,25,1.0041833364866612
sgboba 16 abm4,aboba,16,seed1,4,train_loss,26,0.9333117135933467
sgboba 16 abm4,aboba,16,seed1,4,train_loss,27,0.8667248405662238
sgboba 16 abm4,aboba,16,seed1,4,train_loss,28,0.8020755966072497
sgboba 16 abm4,aboba,16,seed1,4,train_loss,29,0.7437546599058458
sgboba 16 abm4,aboba,16,seed1,4,train_loss,30,0.689597378314381
sgboba 16 abm4,aboba,16,seed1,4,train_loss,31,0.6478387508235994
sgboba 16 abm4,aboba,16,seed1,4,train_loss,32,0.6131393886962027
sgboba 16 abm4,aboba,16,seed1,4,train_loss,33,0.5880372686819597
sgboba 16 abm4,aboba,16,seed1,4,train_loss,34,0.5658590396245321
sgboba 16 abm4,aboba,16,seed1,4,train_loss,35,0.5457446862544332
sgboba 16 abm4,aboba,16,seed1,4,train_loss,36,0.5365687053311955
sgboba 16 abm4,aboba,16,seed1,4,train_loss,37,0.528972527012229
sgboba 16 abm4,aboba,16,seed1,4,train_loss,38,0.5307947126301852
sgboba 16 abm4,aboba,16,seed1,4,train_loss,39,0.5314140386051602
sgboba 16 abm4,aboba,16,seed2,4,train_loss,0,4.123904620075225
sgboba 16 abm4,aboba,16,seed2,4,train_loss,1,3.7928016070365906
sgboba 16 abm4,aboba,16,seed2,4,train_loss,2,3.096425386575552
sgboba 16 abm4,aboba,16,seed2,4,train_loss,3,2.806244979432555
sgboba 16 abm4,aboba,16,seed2,4,train_loss,4,2.5842679198287843
sgboba 16 abm4,aboba,16,seed2,4,train_loss,5,2.4357642676379228
sgboba 16 abm4,aboba,16,seed2,4,train_loss,6,2.3269046168373926
sgboba 16 abm4,aboba,16,seed2,4,train_loss,7,2.236429423609407
sgboba 16 abm4,aboba,16,seed2,4,train_loss,8,2.154400154364915
sgboba 16 abm4,aboba,16,seed2,4,train_loss,9,2.076333939590875
sgboba 16 abm4,aboba,16,seed2,4,train_loss,10,2.00073160998749
sgboba 16 abm4,aboba,16,seed2,4,train_loss,11,1.9332650119020034
sgboba 16 abm4,aboba,16,seed2,4,train_loss,12,1.8698160102167927
sgboba 16 abm4,aboba,16,seed2,4,train_loss,13,1.8093748053243337
sgboba 16 abm4,aboba,16,seed2,4,train_loss,14,1.7415826493121207
sgboba 16 abm4,aboba,16,seed2,4,train_loss,15,1.6804803285215582
sgboba 16 abm4,aboba,16,seed2,4,train_loss,16,1.6147966182560003
sgboba 16 abm4,aboba,16,seed2,4,train_loss,17,1.5439097554637835
sgboba 16 abm4,aboba,16,seed2,4,train_loss,18,1.4959828266546356
sgboba 16 abm4,aboba,16,seed2,4,train_loss,19,1.4287221854325955
sgboba 16 abm4,aboba,16,seed2,4,train_loss,20,1.3510231442665785
sgboba 16 abm4,aboba,16,seed2,4,train_loss,21,1.2823512220666522
sgboba 16 abm4,aboba,16,seed2,4,train_loss,22,1.2072297949821522
sgboba 16 abm4,aboba,16,seed2,4,train_loss,23,1.1312908820093495
sgboba 16 abm4,aboba,16,seed2,4,train_loss,24,1.0643315209282769
sgboba 16 abm4,aboba,16,seed2,4,train_loss,25,0.9966637700553832
sgboba 16 abm4,aboba,16,seed2,4,train_loss,26,0.9213505656318327
sgboba 16 abm4,aboba,16,seed2,4,train_loss,27,0.8516497991833032
sgboba 16 abm4,aboba,16,seed2,4,train_loss,28,0.7961096122213032
sgboba 16 abm4,aboba,16,seed2,4,train_loss,29,0.7347607995256965
sgboba 16 abm4,aboba,16,seed2,4,train_loss,30,0.6811702696370406
sgboba 16 abm4,aboba,16,seed2,4,train_loss,31,0.6378663624486616
sgboba 16 abm4,aboba,16,seed2,4,train_loss,32,0.6029510371960126
sgboba 16 abm4,aboba,16,seed2,4,train_loss,33,0.5756977810101076
sgboba 16 abm4,aboba,16,seed2,4,train_loss,34,0.5551142676009072
sgboba 16 abm4,aboba,16,seed2,4,train_loss,35,0.5340668740017074
sgboba 16 abm4,aboba,16,seed2,4,train_loss,36,0.5289120227098465
sgboba 16 abm4,aboba,16,seed2,4,train_loss,37,0.5209723934531212
sgboba 16 abm4,aboba,16,seed2,4,train_loss,38,0.5179555490612984
sgboba 16 abm4,aboba,16,seed2,4,train_loss,39,0.5148164133230845
sgboba 16 abm4,aboba,16,seed3,4,train_loss,0,4.328205722236634
sgboba 16 abm4,aboba,16,seed3,4,train_loss,1,3.8580933842658998
sgboba 16 abm4,aboba,16,seed3,4,train_loss,2,3.261278951401266
sgboba 16 abm4,aboba,16,seed3,4,train_loss,3,2.873143144275831
sgboba 16 abm4,aboba,16,seed3,4,train_loss,4,2.634271730366725
sgboba 16 abm4,aboba,16,seed3,4,train_loss,5,2.47930015318142
sgboba 16 abm4,aboba,16,seed3,4,train_loss,6,2.3653682382314796
sgboba 16 abm4,aboba,16,seed3,4,train_loss,7,2.2567422680738494
sgboba 16 abm4,aboba,16,seed3,4,train_loss,8,2.168210696657642
sgboba 16 abm4,aboba,16,seed3,4,train_loss,9,2.0924765295452543
sgboba 16 abm4,aboba,16,seed3,4,train_loss,10,2.0249997941833553
sgboba 16 abm4,aboba,16,seed3,4,train_loss,11,1.9449559206099023
sgboba 16 abm4,aboba,16,seed3,4,train_loss,12,1.878287962436676
sgboba 16 abm4,aboba,16,seed3,4,train_loss,13,1.8065931245315174
sgboba 16 abm4,aboba,16,seed3,4,train_loss,14,1.744635122380358
sgboba 16 abm4,aboba,16,seed3,4,train_loss,15,1.691895575775449
sgboba 16 abm4,aboba,16,seed3,4,train_loss,16,1.6247870293232278
sgboba 16 abm4,aboba,16,seed3,4,train_loss,17,1.553853855178687
sgboba 16 abm4,aboba,16,seed3,4,train_loss,18,1.4746609039642105
sgboba 16 abm4,aboba,16,seed3,4,train_loss,19,1.4076445575744387
sgboba 16 abm4,aboba,16,seed3,4,train_loss,20,1.352138071247701
sgboba 16 abm4,aboba,16,seed3,4,train_loss,21,1.2920590018379619
sgboba 16 abm4,aboba,16,seed3,4,train_loss,22,1.2087776520449645
sgboba 16 abm4,aboba,16,seed3,4,train_loss,23,1.1267272493466227
sgboba 16 abm4,aboba,16,seed3,4,train_loss,24,1.0576545315630295
sgboba 16 abm4,aboba,16,seed3,4,train_loss,25,0.9833674560631475
sgboba 16 abm4,aboba,16,seed3,4,train_loss,26,0.913168271031
sgboba 16 abm4,aboba,16,seed3,4,train_loss,27,0.8493022114327811
sgboba 16 abm4,aboba,16,seed3,4,train_loss,28,0.7868912128301767
sgboba 16 abm4,aboba,16,seed3,4,train_loss,29,0.7296837975339192
sgboba 16 abm4,aboba,16,seed3,4,train_loss,30,0.673022489312669
sgboba 16 abm4,aboba,16,seed3,4,train_loss,31,0.6330308683456913
sgboba 16 abm4,aboba,16,seed3,4,train_loss,32,0.5887029384667019
sgboba 16 abm4,aboba,16,seed3,4,train_loss,33,0.5564698766578328
sgboba 16 abm4,aboba,16,seed3,4,train_loss,34,0.531788262228171
sgboba 16 abm4,aboba,16,seed3,4,train_loss,35,0.5170576819058122
sgboba 16 abm4,aboba,16,seed3,4,train_loss,36,0.5056926310062408
sgboba 16 abm4,aboba,16,seed3,4,train_loss,37,0.49729907885193825
sgboba 16 abm4,aboba,16,seed3,4,train_loss,38,0.4931628480553627
sgboba 16 abm4,aboba,16,seed3,4,train_loss,39,0.4935046235720317
sgboba 16 abm8,aboba,16,seed1,8,train_loss,0,4.278667581653595
sgboba 16 abm8,aboba,16,seed1,8,train_loss,1,3.935022793197632
sgboba 16 abm8,aboba,16,seed1,8,train_loss,2,3.374971918031281
sgboba 16 abm8,aboba,16,seed1,8,train_loss,3,3.1175328966287466
sgboba 16 abm8,aboba,16,seed1,8,train_loss,4,2.902140427518774
sgboba 16 abm8,aboba,16,seed1,8,train_loss,5,2.7460193987731096
sgboba 16 abm8,aboba,16,seed1,8,train_loss,6,2.611836187541485
sgboba 16 abm8,aboba,16,seed1,8,train_loss,7,2.50381327491917
sgboba 16 abm8,aboba,16,seed1,8,train_loss,8,2.4125871113368444
sgboba 16 abm8,aboba,16,seed1,8,train_loss,9,2.3210394855673986
sgboba 16 abm8,aboba,16,seed1,8,train_loss,10,2.2424816638231277
sgboba 16 abm8,aboba,16,seed1,8,train_loss,11,2.1748415028176655
sgboba 16 abm8,aboba,16,seed1,8,train_loss,12,2.099717504779498
sgboba 16 abm8,aboba,16,seed1,8,train_loss,13,2.026764364864515
sgboba 16 abm8,aboba,16,seed1,8,train_loss,14,1.9505139227424348
sgboba 16 abm8,aboba,16,seed1,8,train_loss,15,1.900839634515621
sgboba 16 abm8,aboba,16,seed1,8,train_loss,16,1.8269107631109294
sgboba 16 abm8,aboba,16,seed1,8,train_loss,17,1.7654502849386196
sgboba 16 abm8,aboba,16,seed1,8,train_loss,18,1.7078993777011304
sgboba 16 abm8,aboba,16,seed1,8,train_loss,19,1.6468300913157088
sgboba 16 abm8,aboba,16,seed1,8,train_loss,20,1.569742805817548
sgboba 16 abm8,aboba,16,seed1,8,train_loss,21,1.5266521972945974
sgboba 16 abm8,aboba,16,seed1,8,train_loss,22,1.4512344174189111
sgboba 16 abm8,aboba,16,seed1,8,train_loss,23,1.3894340080373428
sgboba 16 abm8,aboba,16,seed1,8,train_loss,24,1.3233447547942874
sgboba 16 abm8,aboba,16,seed1,8,train_loss,25,1.2635664672687137
sgboba 16 abm8,aboba,16,seed1,8,train_loss,26,1.2038941293392542
sgboba 16 abm8,aboba,16,seed1,8,train_loss,27,1.1488690003752708
sgboba 16 abm8,aboba,16,seed1,8,train_loss,28,1.0949078244822366
sgboba 16 abm8,aboba,16,seed1,8,train_loss,29,1.0466606471989606
sgboba 16 abm8,aboba,16,seed1,8,train_loss,30,1.0127510633319616
sgboba 16 abm8,aboba,16,seed1,8,train_loss,31,0.9803340125966955
sgboba 16 abm8,aboba,16,seed1,8,train_loss,32,0.9427211258722388
sgboba 16 abm8,aboba,16,seed1,8,train_loss,33,0.9207190212450529
sgboba 16 abm8,aboba,16,seed1,8,train_loss,34,0.9064562439918518
sgboba 16 abm8,aboba,16,seed1,8,train_loss,35,0.888571431239446
sgboba 16 abm8,aboba,16,seed1,8,train_loss,36,0.8920928637186686
sgboba 16 abm8,aboba,16,seed1,8,train_loss,37,0.8881803817219205
sgboba 16 abm8,aboba,16,seed1,8,train_loss,38,0.8800803356700473
sgboba 16 abm8,aboba,16,seed1,8,train_loss,39,0.8877238896158006
sgboba 16 abm8,aboba,16,seed2,8,train_loss,0,4.3251743341445925
sgboba 16 abm8,aboba,16,seed2,8,train_loss,1,3.8312964656829833
sgboba 16 abm8,aboba,16,seed2,8,train_loss,2,3.120635739317885
sgboba 16 abm8,aboba,16,seed2,8,train_loss,3,2.794980303271786
sgboba 16 abm8,aboba,16,seed2,8,train_loss,4,2.588728749874941
sgboba 16 abm8,aboba,16,seed2,8,train_loss,5,2.440938086010689
sgboba 16 abm8,aboba,16,seed2,8,train_loss,6,2.3246886111512968
sgboba 16 abm8,aboba,16,seed2,8,train_loss,7,2.209981894493103
sgboba 16 abm8,aboba,16,seed2,8,train_loss,8,2.127301004015166
sgboba 16 abm8,aboba,16,seed2,8,train_loss,9,2.0473234173205257
sgboba 16 abm8,aboba,16,seed2,8,train_loss,10,1.979204750236343
sgboba 16 abm8,aboba,16,seed2,8,train_loss,11,1.8991021550062932
sgboba 16 abm8,aboba,16,seed2,8,train_loss,12,1.820978338830173
sgboba 16 abm8,aboba,16,seed2,8,train_loss,13,1.7579249000549317
sgboba 16 abm8,aboba,16,seed2,8,train_loss,14,1.6981365025043487
sgboba 16 abm8,aboba,16,seed2,8,train_loss,15,1.6275284414706024
sgboba 16 abm8,aboba,16,seed2,8,train_loss,16,1.5681310312168018
sgboba 16 abm8,aboba,16,seed2,8,train_loss,17,1.5080319529487973
sgboba 16 abm8,aboba,16,seed2,8,train_loss,18,1.4360659877852637
sgboba 16 abm8,aboba,16,seed2,8,train_loss,19,1.3788635718195061
sgboba 16 abm8,aboba,16,seed2,8,train_loss,20,1.3097924179501004
sgboba 16 abm8,aboba,16,seed2,8,train_loss,21,1.227423220872879
sgboba 16 abm8,aboba,16,seed2,8,train_loss,22,1.1653396117536328
sgboba 16 abm8,aboba,16,seed2,8,train_loss,23,1.0968618376614296
sgboba 16 abm8,aboba,16,seed2,8,train_loss,24,1.0443188076588645
sgboba 16 abm8,aboba,16,seed2,8,train_loss,25,0.9850412216342863
sgboba 16 abm8,aboba,16,seed2,8,train_loss,26,0.9243506355719133
sgboba 16 abm8,aboba,16,seed2,8,train_loss,27,0.8715195822715759
sgboba 16 abm8,aboba,16,seed2,8,train_loss,28,0.821789871562611
sgboba 16 abm8,aboba,16,seed2,8,train_loss,29,0.7751665955934769
sgboba 16 abm8,aboba,16,seed2,8,train_loss,30,0.7378122473464293
sgboba 16 abm8,aboba,16,seed2,8,train_loss,31,0.7033398932424085
sgboba 16 abm8,aboba,16,seed2,8,train_loss,32,0.6764411057035128
sgboba 16 abm8,aboba,16,seed2,8,train_loss,33,0.652398744225502
sgboba 16 abm8,aboba,16,seed2,8,train_loss,34,0.6388747021555901
sgboba 16 abm8,aboba,16,seed2,8,train_loss,35,0.6336663564046224
sgboba 16 abm8,aboba,16,seed2,8,train_loss,36,0.6265832185745239
sgboba 16 abm8,aboba,16,seed2,8,train_loss,37,0.6252378424008688
sgboba 16 abm8,aboba,16,seed2,8,train_loss,38,0.6268498102823893
sgboba 16 abm8,aboba,16,seed2,8,train_loss,39,0.6240162054697672
sgboba 16 abm8,aboba,16,seed3,8,train_loss,0,4.41438776550293
sgboba 16 abm8,aboba,16,seed3,8,train_loss,1,3.9339808594703674
sgboba 16 abm8,aboba,16,seed3,8,train_loss,2,3.2997668913282485
sgboba 16 abm8,aboba,16,seed3,8,train_loss,3,2.956949245811689
sgboba 16 abm8,aboba,16,seed3,8,train_loss,4,2.7040044521463327
sgboba 16 abm8,aboba,16,seed3,8,train_loss,5,2.5218492657797675
sgboba 16 abm8,aboba,16,seed3,8,train_loss,6,2.388845639892771
sgboba 16 abm8,aboba,16,seed3,8,train_loss,7,2.2664241904304143
sgboba 16 abm8,aboba,16,seed3,8,train_loss,8,2.1710310878483114
sgboba 16 abm8,aboba,16,seed3,8,train_loss,9,2.0745649078617925
sgboba 16 abm8,aboba,16,seed3,8,train_loss,10,2.0026839615693732
sgboba 16 abm8,aboba,16,seed3,8,train_loss,11,1.92393781695255
sgboba 16 abm8,aboba,16,seed3,8,train_loss,12,1.8539251344544547
sgboba 16 abm8,aboba,16,seed3,8,train_loss,13,1.7786131951867081
sgboba 16 abm8,aboba,16,seed3,8,train_loss,14,1.7070174920253265
sgboba 16 abm8,aboba,16,seed3,8,train_loss,15,1.642815943312856
sgboba 16 abm8,aboba,16,seed3,8,train_loss,16,1.578183365524362
sgboba 16 abm8,aboba,16,seed3,8,train_loss,17,1.5207089288876607
sgboba 16 abm8,aboba,16,seed3,8,train_loss,18,1.4460552509384925
sgboba 16 abm8,aboba,16,seed3,8,train_loss,19,1.3895165742711817
sgboba 16 abm8,aboba,16,seed3,8,train_loss,20,1.3450972898439928
sgboba 16 abm8,aboba,16,seed3,8,train_loss,21,1.2803922062966882
sgboba 16 abm8,aboba,16,seed3,8,train_loss,22,1.2116219471027325
sgboba 16 abm8,aboba,16,seed3,8,train_loss,23,1.1602077618451185
sgboba 16 abm8,aboba,16,seed3,8,train_loss,24,1.0974368145971587
sgboba 16 abm8,aboba,16,seed3,8,train_loss,25,1.0345209407024696
sgboba 16 abm8,aboba,16,seed3,8,train_loss,26,0.9864745866168629
sgboba 16 abm8,aboba,16,seed3,8,train_loss,27,0.9411906468868255
sgboba 16 abm8,aboba,16,seed3,8,train_loss,28,0.89563772353259
sgboba 16 abm8,aboba,16,seed3,8,train_loss,29,0.8565009450301145
sgboba 16 abm8,aboba,16,seed3,8,train_loss,30,0.8189617202562445
sgboba 16 abm8,aboba,16,seed3,8,train_loss,31,0.7939701429728804
sgboba 16 abm8,aboba,16,seed3,8,train_loss,32,0.7699643646677335
sgboba 16 abm8,aboba,16,seed3,8,train_loss,33,0.7578165173530579
sgboba 16 abm8,aboba,16,seed3,8,train_loss,34,0.7432129979133606
sgboba 16 abm8,aboba,16,seed3,8,train_loss,35,0.7337141285339991
sgboba 16 abm8,aboba,16,seed3,8,train_loss,36,0.7341203093528748
sgboba 16 abm8,aboba,16,seed3,8,train_loss,37,0.7325061559677124
sgboba 16 abm8,aboba,16,seed3,8,train_loss,38,0.730317599243588
sgboba 16 abm8,aboba,16,seed3,8,train_loss,39,0.7286466161410013
sgboba 256 abm16,aboba,256,seed1,16,train_loss,0,3.3469016840503474
sgboba 256 abm16,aboba,256,seed1,16,train_loss,1,2.136264964273781
sgboba 256 abm16,aboba,256,seed1,16,train_loss,2,1.8083033420537646
sgboba 256 abm16,aboba,256,seed1,16,train_loss,3,1.5879155699635896
sgboba 256 abm16,aboba,256,seed1,16,train_loss,4,1.4214589389643275
sgboba 256 abm16,aboba,256,seed1,16,train_loss,5,1.2877407244273595
sgboba 256 abm16,aboba,256,seed1,16,train_loss,6,1.1760985510689872
sgboba 256 abm16,aboba,256,seed1,16,train_loss,7,1.0671924009787297
sgboba 256 abm16,aboba,256,seed1,16,train_loss,8,0.9675206194321314
sgboba 256 abm16,aboba,256,seed1,16,train_loss,9,0.8895585594825375
sgboba 256 abm16,aboba,256,seed1,16,train_loss,10,0.7995679688696958
sgboba 256 abm16,aboba,256,seed1,16,train_loss,11,0.7252679670110662
sgboba 256 abm16,aboba,256,seed1,16,train_loss,12,0.6568083683649699
sgboba 256 abm16,aboba,256,seed1,16,train_loss,13,0.5908519390017487
sgboba 256 abm16,aboba,256,seed1,16,train_loss,14,0.5198367016344536
sgboba 256 abm16,aboba,256,seed1,16,train_loss,15,0.4669793175581174
sgboba 256 abm16,aboba,256,seed1,16,train_loss,16,0.42078458229700727
sgboba 256 abm16,aboba,256,seed1,16,train_loss,17,0.37472671354320686
sgboba 256 abm16,aboba,256,seed1,16,train_loss,18,0.3309872764260022
sgboba 256 abm16,aboba,256,seed1,16,train_loss,19,0.2896484499797225
sgboba 256 abm16,aboba,256,seed1,16,train_loss,20,0.2597977272311195
sgboba 256 abm16,aboba,256,seed1,16,train_loss,21,0.23304156148642824
sgboba 256 abm16,aboba,256,seed1,16,train_loss,22,0.21083890315559176
sgboba 256 abm16,aboba,256,seed1,16,train_loss,23,0.18804891139268876
sgboba 256 abm16,aboba,256,seed1,16,train_loss,24,0.1789404721336162
sgboba 256 abm16,aboba,256,seed1,16,train_loss,25,0.15989826264835538
sgboba 256 abm16,aboba,256,seed1,16,train_loss,26,0.15010583916535744
sgboba 256 abm16,aboba,256,seed1,16,train_loss,27,0.14164143758160727
sgboba 256 abm16,aboba,256,seed1,16,train_loss,28,0.13393788712639962
sgboba 256 abm16,aboba,256,seed1,16,train_loss,29,0.13004835419080876
sgboba 256 abm16,aboba,256,seed1,16,train_loss,30,0.12464577672274216
sgboba 256 abm16,aboba,256,seed1,16,train_loss,31,0.12251341082155705
sgboba 256 abm16,aboba,256,seed1,16,train_loss,32,0.12294268082169925
sgboba 256 abm16,aboba,256,seed1,16,train_loss,33,0.12143666927631085
sgboba 256 abm16,aboba,256,seed1,16,train_loss,34,0.1185077540576458
sgboba 256 abm16,aboba,256,seed1,16,train_loss,35,0.12044112301535076
sgboba 256 abm16,aboba,256,seed1,16,train_loss,36,0.11939000255531734
sgboba 256 abm16,aboba,256,seed1,16,train_loss,37,0.11919944816165501
sgboba 256 abm16,aboba,256,seed1,16,train_loss,38,0.11694373024834527
sgboba 256 abm16,aboba,256,seed1,16,train_loss,39,0.11685019731521606
sgboba 256 abm16,aboba,256,seed2,16,train_loss,0,3.2634120913827496
sgboba 256 abm16,aboba,256,seed2,16,train_loss,1,2.131521856708891
sgboba 256 abm16,aboba,256,seed2,16,train_loss,2,1.7982224710782369
sgboba 256 abm16,aboba,256,seed2,16,train_loss,3,1.582837999706537
sgboba 256 abm16,aboba,256,seed2,16,train_loss,4,1.4132174226574432
sgboba 256 abm16,aboba,256,seed2,16,train_loss,5,1.2833116807937621
sgboba 256 abm16,aboba,256,seed2,16,train_loss,6,1.1677265793335538
sgboba 256 abm16,aboba,256,seed2,16,train_loss,7,1.0658800944817806
sgboba 256 abm16,aboba,256,seed2,16,train_loss,8,0.9655451421384458
sgboba 256 abm16,aboba,256,seed2,16,train_loss,9,0.8743856734442479
sgboba 256 abm16,aboba,256,seed2,16,train_loss,10,0.7965686351361901
sgboba 256 abm16,aboba,256,seed2,16,train_loss,11,0.7206814644184518
sgboba 256 abm16,aboba,256,seed2,16,train_loss,12,0.657721553908454
sgboba 256 abm16,aboba,256,seed2,16,train_loss,13,0.5875748430573663
sgboba 256 abm16,aboba,256,seed2,16,train_loss,14,0.53278705041583
sgboba 256 abm16,aboba,256,seed2,16,train_loss,15,0.47720649418158406
sgboba 256 abm16,aboba,256,seed2,16,train_loss,16,0.42037030339241027
sgboba 256 abm16,aboba,256,seed2,16,train_loss,17,0.36866141792754054
sgboba 256 abm16,aboba,256,seed2,16,train_loss,18,0.3358175732633647
sgboba 256 abm16,aboba,256,seed2,16,train_loss,19,0.2905144423712045
sgboba 256 abm16,aboba,256,seed2,16,train_loss,20,0.26408152575375604
sgboba 256 abm16,aboba,256,seed2,16,train_loss,21,0.23441474035120846
sgboba 256 abm16,aboba,256,seed2,16,train_loss,22,0.20948297460124177
sgboba 256 abm16,aboba,256,seed2,16,train_loss,23,0.19227619230747223
sgboba 256 abm16,aboba,256,seed2,16,train_loss,24,0.1755029264351596
sgboba 256 abm16,aboba,256,seed2,16,train_loss,25,0.17075009020261986
sgboba 256 abm16,aboba,256,seed2,16,train_loss,26,0.15330707007332853
sgboba 256 abm16,aboba,256,seed2,16,train_loss,27,0.1439213324870382
sgboba 256 abm16,aboba,256,seed2,16,train_loss,28,0.13706539282875677
sgboba 256 abm16,aboba,256,seed2,16,train_loss,29,0.13221899613186164
sgboba 256 abm16,aboba,256,seed2,16,train_loss,30,0.12599308853564056
sgboba 256 abm16,aboba,256,seed2,16,train_loss,31,0.12139193266630173
sgboba 256 abm16,aboba,256,seed2,16,train_loss,32,0.12508919309167302
sgboba 256 abm16,aboba,256,seed2,16,train_loss,33,0.12267980036827233
sgboba 256 abm16,aboba,256,seed2,16,train_loss,34,0.11953375935554504
sgboba 256 abm16,aboba,256,seed2,16,train_loss,35,0.11907475607262717
sgboba 256 abm16,aboba,256,seed2,16,train_loss,36,0.12035872787237167
sgboba 256 abm16,aboba,256,seed2,16,train_loss,37,0.1182637686530749
sgboba 256 abm16,aboba,256,seed2,16,train_loss,38,0.1205158390932613
sgboba 256 abm16,aboba,256,seed2,16,train_loss,39,0.12081932524840037
sgboba 256 abm16,aboba,256,seed3,16,train_loss,0,3.2763502840783185
sgboba 256 abm16,aboba,256,seed3,16,train_loss,1,2.126689105276849
sgboba 256 abm16,aboba,256,seed3,16,train_loss,2,1.801668225924174
sgboba 256 abm16,aboba,256,seed3,16,train_loss,3,1.5879282691109349
sgboba 256 abm16,aboba,256,seed3,16,train_loss,4,1.4123170800281293
sgboba 256 abm16,aboba,256,seed3,16,train_loss,5,1.2817605667644076
sgboba 256 abm16,aboba,256,seed3,16,train_loss,6,1.170270758015769
sgboba 256 abm16,aboba,256,seed3,16,train_loss,7,1.057457910817966
sgboba 256 abm16,aboba,256,seed3,16,train_loss,8,0.9665551936184918
sgboba 256 abm16,aboba,256,seed3,16,train_loss,9,0.8710751834424953
sgboba 256 abm16,aboba,256,seed3,16,train_loss,10,0.7985865172713694
sgboba 256 abm16,aboba,256,seed3,16,train_loss,11,0.7280914403022604
sgboba 256 abm16,aboba,256,seed3,16,train_loss,12,0.6500957462522718
sgboba 256 abm16,aboba,256,seed3,16,train_loss,13,0.5896597275900286
sgboba 256 abm16,aboba,256,seed3,16,train_loss,14,0.5215507604000045
sgboba 256 abm16,aboba,256,seed3,16,train_loss,15,0.47418790338914607
sgboba 256 abm16,aboba,256,seed3,16,train_loss,16,0.4157612041847126
sgboba 256 abm16,aboba,256,seed3,16,train_loss,17,0.3698098986513085
sgboba 256 abm16,aboba,256,seed3,16,train_loss,18,0.3344046232454917
sgboba 256 abm16,aboba,256,seed3,16,train_loss,19,0.2928134340327233
sgboba 256 abm16,aboba,256,seed3,16,train_loss,20,0.26011628376655893
sgboba 256 abm16,aboba,256,seed3,16,train_loss,21,0.23774482048394388
sgboba 256 abm16,aboba,256,seed3,16,train_loss,22,0.21258971177869374
sgboba 256 abm16,aboba,256,seed3,16,train_loss,23,0.19089896261692046
sgboba 256 abm16,aboba,256,seed3,16,train_loss,24,0.17813316894614178
sgboba 256 abm16,aboba,256,seed3,16,train_loss,25,0.1620024215607416
sgboba 256 abm16,aboba,256,seed3,16,train_loss,26,0.15596482425163954
sgboba 256 abm16,aboba,256,seed3,16,train_loss,27,0.14245099004577189
sgboba 256 abm16,aboba,256,seed3,16,train_loss,28,0.13607421036689513
sgboba 256 abm16,aboba,256,seed3,16,train_loss,29,0.13093450113579078
sgboba 256 abm16,aboba,256,seed3,16,train_loss,30,0.1264929768183957
sgboba 256 abm16,aboba,256,seed3,16,train_loss,31,0.12483486048877239
sgboba 256 abm16,aboba,256,seed3,16,train_loss,32,0.1228488590568304
sgboba 256 abm16,aboba,256,seed3,16,train_loss,33,0.12330040908776797
sgboba 256 abm16,aboba,256,seed3,16,train_loss,34,0.12023819014430046
sgboba 256 abm16,aboba,256,seed3,16,train_loss,35,0.12084403468502893
sgboba 256 abm16,aboba,256,seed3,16,train_loss,36,0.11920244163937038
sgboba 256 abm16,aboba,256,seed3,16,train_loss,37,0.1208034712407324
sgboba 256 abm16,aboba,256,seed3,16,train_loss,38,0.11884896374411053
sgboba 256 abm16,aboba,256,seed3,16,train_loss,39,0.11999283565415277
sgboba 256 abm2,aboba,256,seed1,2,train_loss,0,3.3303184463719653
sgboba 256 abm2,aboba,256,seed1,2,train_loss,1,2.1333572173574167
sgboba 256 abm2,aboba,256,seed1,2,train_loss,2,3.042811504586695
sgboba 256 abm2,aboba,256,seed1,2,train_loss,3,3.03566976565339
sgboba 256 abm2,aboba,256,seed1,2,train_loss,4,2.75053703269907
sgboba 256 abm2,aboba,256,seed1,2,train_loss,5,2.4420222723789706
sgboba 256 abm2,aboba,256,seed1,2,train_loss,6,2.2509644516662104
sgboba 256 abm2,aboba,256,seed1,2,train_loss,7,2.1116538297772918
sgboba 256 abm2,aboba,256,seed1,2,train_loss,8,2.0169585048212237
sgboba 256 abm2,aboba,256,seed1,2,train_loss,9,1.9515416871762554
sgboba 256 abm2,aboba,256,seed1,2,train_loss,10,1.8864551640742626
sgboba 256 abm2,aboba,256,seed1,2,train_loss,11,1.836338909496119
sgboba 256 abm2,aboba,256,seed1,2,train_loss,12,1.77852439145362
sgboba 256 abm2,aboba,256,seed1,2,train_loss,13,1.72818792902905
sgboba 256 abm2,aboba,256,seed1,2,train_loss,14,1.6654538060605404
sgboba 256 abm2,aboba,256,seed1,2,train_loss,15,1.61011882310218
sgboba 256 abm2,aboba,256,seed1,2,train_loss,16,1.548438827816256
sgboba 256 abm2,aboba,256,seed1,2,train_loss,17,1.4802961321764214
sgboba 256 abm2,aboba,256,seed1,2,train_loss,18,1.4068645592413695
sgboba 256 abm2,aboba,256,seed1,2,train_loss,19,1.338559335808164
sgboba 256 abm2,aboba,256,seed1,2,train_loss,20,1.2557618178305079
sgboba 256 abm2,aboba,256,seed1,2,train_loss,21,1.1955818805930227
sgboba 256 abm2,aboba,256,seed1,2,train_loss,22,1.0979028140536007
sgboba 256 abm2,aboba,256,seed1,2,train_loss,23,1.0208466702699661
sgboba 256 abm2,aboba,256,seed1,2,train_loss,24,0.9403869956197705
sgboba 256 abm2,aboba,256,seed1,2,train_loss,25,0.8580820234492421
sgboba 256 abm2,aboba,256,seed1,2,train_loss,26,0.7658550411846504
sgboba 256 abm2,aboba,256,seed1,2,train_loss,27,0.6842281982864974
sgboba 256 abm2,aboba,256,seed1,2,train_loss,28,0.6033822418195415
sgboba 256 abm2,aboba,256,seed1,2,train_loss,29,0.52677663091351
sgboba 256 abm2,aboba,256,seed1,2,train_loss,30,0.4692589560611136
sgboba 256 abm2,aboba,256,seed1,2,train_loss,31,0.41007478833198546
sgboba 256 abm2,aboba,256,seed1,2,train_loss,32,0.36241452928100315
sgboba 256 abm2,aboba,256,seed1,2,train_loss,33,0.33186464106782954
sgboba 256 abm2,aboba,256,seed1,2,train_loss,34,0.3082705316218463
sgboba 256 abm2,aboba,256,seed1,2,train_loss,35,0.2870853538474729
sgboba 256 abm2,aboba,256,seed1,2,train_loss,36,0.2768108783936014
sgboba 256 abm2,aboba,256,seed1,2,train_loss,37,0.2727207807270256
sgboba 256 abm2,aboba,256,seed1,2,train_loss,38,0.2632417418062687
sgboba 256 abm2,aboba,256,seed1,2,train_loss,39,0.2619822436854953
sgboba 256 abm2,aboba,256,seed2,2,train_loss,0,3.264824455710733
sgboba 256 abm2,aboba,256,seed2,2,train_loss,1,2.131467242909085
sgboba 256 abm2,aboba,256,seed2,2,train_loss,2,2.8867271164856336
sgboba 256 abm2,aboba,256,seed2,2,train_loss,3,2.658978252315521
sgboba 256 abm2,aboba,256,seed2,2,train_loss,4,2.48567376342794
sgboba 256 abm2,aboba,256,seed2,2,train_loss,5,2.2373835191999465
sgboba 256 abm2,aboba,256,seed2,2,train_loss,6,2.1205571710455176
sgboba 256 abm2,aboba,256,seed2,2,train_loss,7,2.019268853917004
sgboba 256 abm2,aboba,256,seed2,2,train_loss,8,1.9441064129868517
sgboba 256 abm2,aboba,256,seed2,2,train_loss,9,1.8876576834986956
sgboba 256 abm2,aboba,256,seed2,2,train_loss,10,1.8327635380516119
sgboba 256 abm2,aboba,256,seed2,2,train_loss,11,1.7778972058235183
sgboba 256 abm2,aboba,256,seed2,2,train_loss,12,1.7300088488362295
sgboba 256 abm2,aboba,256,seed2,2,train_loss,13,1.6688474565155422
sgboba 256 abm2,aboba,256,seed2,2,train_loss,14,1.6245100150001943
sgboba 256 abm2,aboba,256,seed2,2,train_loss,15,1.5668549557693867
sgboba 256 abm2,aboba,256,seed2,2,train_loss,16,1.499681755834739
sgboba 256 abm2,aboba,256,seed2,2,train_loss,17,1.4409592744941535
sgboba 256 abm2,aboba,256,seed2,2,train_loss,18,1.3700815071758714
sgboba 256 abm2,aboba,256,seed2,2,train_loss,19,1.2887581545783549
sgboba 256 abm2,aboba,256,seed2,2,train_loss,20,1.2120171186086295
sgboba 256 abm2,aboba,256,seed2,2,train_loss,21,1.130586524689919
sgboba 256 abm2,aboba,256,seed2,2,train_loss,22,1.0563547638578152
sgboba 256 abm2,aboba,256,seed2,2,train_loss,23,0.9671104855224735
sgboba 256 abm2,aboba,256,seed2,2,train_loss,24,0.8824365136886406
sgboba 256 abm2,aboba,256,seed2,2,train_loss,25,0.7953379398147111
sgboba 256 abm2,aboba,256,seed2,2,train_loss,26,0.7104070674059755
sgboba 256 abm2,aboba,256,seed2,2,train_loss,27,0.6218105354499369
sgboba 256 abm2,aboba,256,seed2,2,train_loss,28,0.559089823635583
sgboba 256 abm2,aboba,256,seed2,2,train_loss,29,0.4829905625672368
sgboba 256 abm2,aboba,256,seed2,2,train_loss,30,0.41956552448651646
sgboba 256 abm2,aboba,256,seed2,2,train_loss,31,0.37038736925883725
sgboba 256 abm2,aboba,256,seed2,2,train_loss,32,0.33007547818124294
sgboba 256 abm2,aboba,256,seed2,2,train_loss,33,0.2975995502973858
sgboba 256 abm2,aboba,256,seed2,2,train_loss,34,0.274452449228519
sgboba 256 abm2,aboba,256,seed2,2,train_loss,35,0.26018429535721976
sgboba 256 abm2,aboba,256,seed2,2,train_loss,36,0.24201946288347245
sgboba 256 abm2,aboba,256,seed2,2,train_loss,37,0.23620604606051193
sgboba 256 abm2,aboba,256,seed2,2,train_loss,38,0.2368675395846367
sgboba 256 abm2,aboba,256,seed2,2,train_loss,39,0.2338230162858963
sgboba 256 abm2,aboba,256,seed3,2,train_loss,0,3.2806722768552743
sgboba 256 abm2,aboba,256,seed3,2,train_loss,1,2.121810642776975
sgboba 256 abm2,aboba,256,seed3,2,train_loss,2,3.1360497000587264
sgboba 256 abm2,aboba,256,seed3,2,train_loss,3,3.4278258199345553
sgboba 256 abm2,aboba,256,seed3,2,train_loss,4,2.965270064856163
sgboba 256 abm2,aboba,256,seed3,2,train_loss,5,2.715406448748818
sgboba 256 abm2,aboba,256,seed3,2,train_loss,6,2.4376552291514546
sgboba 256 abm2,aboba,256,seed3,2,train_loss,7,2.264345052645656
sgboba 256 abm2,aboba,256,seed3,2,train_loss,8,2.137702360890265
sgboba 256 abm2,aboba,256,seed3,2,train_loss,9,2.0624290774615366
sgboba 256 abm2,aboba,256,seed3,2,train_loss,10,1.9818964240787265
sgboba 256 abm2,aboba,256,seed3,2,train_loss,11,1.9299359928678583
sgboba 256 abm2,aboba,256,seed3,2,train_loss,12,1.8599785659462214
sgboba 256 abm2,aboba,256,seed3,2,train_loss,13,1.822040539741516
sgboba 256 abm2,aboba,256,seed3,2,train_loss,14,1.7401938836614625
sgboba 256 abm2,aboba,256,seed3,2,train_loss,15,1.684863567352295
sgboba 256 abm2,aboba,256,seed3,2,train_loss,16,1.6209349466619296
sgboba 256 abm2,aboba,256,seed3,2,train_loss,17,1.5517488154549497
sgboba 256 abm2,aboba,256,seed3,2,train_loss,18,1.481941373926578
sgboba 256 abm2,aboba,256,seed3,2,train_loss,19,1.4093118915432379
sgboba 256 abm2,aboba,256,seed3,2,train_loss,20,1.3345235168933869
sgboba 256 abm2,aboba,256,seed3,2,train_loss,21,1.2660042837568042
sgboba 256 abm2,aboba,256,seed3,2,train_loss,22,1.1775266753762301
sgboba 256 abm2,aboba,256,seed3,2,train_loss,23,1.0959014798570799
sgboba 256 abm2,aboba,256,seed3,2,train_loss,24,1.0054307745926545
sgboba 256 abm2,aboba,256,seed3,2,train_loss,25,0.9209238648885795
sgboba 256 abm2,aboba,256,seed3,2,train_loss,26,0.8396232799018101
sgboba 256 abm2,aboba,256,seed3,2,train_loss,27,0.7565722908292498
sgboba 256 abm2,aboba,256,seed3,2,train_loss,28,0.6744769863942837
sgboba 256 abm2,aboba,256,seed3,2,train_loss,29,0.5993355539228234
sgboba 256 abm2,aboba,256,seed3,2,train_loss,30,0.5365863547844141
sgboba 256 abm2,aboba,256,seed3,2,train_loss,31,0.4745231762062758
sgboba 256 abm2,aboba,256,seed3,2,train_loss,32,0.4278335519812324
sgboba 256 abm2,aboba,256,seed3,2,train_loss,33,0.38646555206050043
sgboba 256 abm2,aboba,256,seed3,2,train_loss,34,0.3539517819881439
sgboba 256 abm2,aboba,256,seed3,2,train_loss,35,0.3347341057754332
sgboba 256 abm2,aboba,256,seed3,2,train_loss,36,0.32277614516871317
sgboba 256 abm2,aboba,256,seed3,2,train_loss,37,0.3160854014190468
sgboba 256 abm2,aboba,256,seed3,2,train_loss,38,0.3092666491866112
sgboba 256 abm2,aboba,256,seed3,2,train_loss,39,0.3049610952536265
sgboba 256 abm4,aboba,256,seed1,4,train_loss,0,3.341639084421146
sgboba 256 abm4,aboba,256,seed1,4,train_loss,1,2.143972743089032
sgboba 256 abm4,aboba,256,seed1,4,train_loss,2,2.3307042259587707
sgboba 256 abm4,aboba,256,seed1,4,train_loss,3,2.040769475729354
sgboba 256 abm4,aboba,256,seed1,4,train_loss,4,1.8730667094389597
sgboba 256 abm4,aboba,256,seed1,4,train_loss,5,1.7426845358216094
sgboba 256 abm4,aboba,256,seed1,4,train_loss,6,1.6326552797023053
sgboba 256 abm4,aboba,256,seed1,4,train_loss,7,1.5477953827381135
sgboba 256 abm4,aboba,256,seed1,4,train_loss,8,1.4760241782343066
sgboba 256 abm4,aboba,256,seed1,4,train_loss,9,1.4072617479634904
sgboba 256 abm4,aboba,256,seed1,4,train_loss,10,1.3521733930616668
sgboba 256 abm4,aboba,256,seed1,4,train_loss,11,1.2920641046800432
sgboba 256 abm4,aboba,256,seed1,4,train_loss,12,1.2306622640798557
sgboba 256 abm4,aboba,256,seed1,4,train_loss,13,1.1818952800934774
sgboba 256 abm4,aboba,256,seed1,4,train_loss,14,1.1173978108255302
sgboba 256 abm4,aboba,256,seed1,4,train_loss,15,1.06542631561272
sgboba 256 abm4,aboba,256,seed1,4,train_loss,16,0.9888500503955349
sgboba 256 abm4,aboba,256,seed1,4,train_loss,17,0.9293124844967309
sgboba 256 abm4,aboba,256,seed1,4,train_loss,18,0.8472185300604644
sgboba 256 abm4,aboba,256,seed1,4,train_loss,19,0.7696721615656367
sgboba 256 abm4,aboba,256,seed1,4,train_loss,20,0.6818702827394009
sgboba 256 abm4,aboba,256,seed1,4,train_loss,21,0.6209373317183332
sgboba 256 abm4,aboba,256,seed1,4,train_loss,22,0.547766170672008
sgboba 256 abm4,aboba,256,seed1,4,train_loss,23,0.4709324450946293
sgboba 256 abm4,aboba,256,seed1,4,train_loss,24,0.41135632442800624
sgboba 256 abm4,aboba,256,seed1,4,train_loss,25,0.34577588029473805
sgboba 256 abm4,aboba,256,seed1,4,train_loss,26,0.2903936981456354
sgboba 256 abm4,aboba,256,seed1,4,train_loss,27,0.2492134472162559
sgboba 256 abm4,aboba,256,seed1,4,train_loss,28,0.21202594879127684
sgboba 256 abm4,aboba,256,seed1,4,train_loss,29,0.18062459429105124
sgboba 256 abm4,aboba,256,seed1,4,train_loss,30,0.15900720180158157
sgboba 256 abm4,aboba,256,seed1,4,train_loss,31,0.14305677915542897
sgboba 256 abm4,aboba,256,seed1,4,train_loss,32,0.1322894669214233
sgboba 256 abm4,aboba,256,seed1,4,train_loss,33,0.12702038243412972
sgboba 256 abm4,aboba,256,seed1,4,train_loss,34,0.11842832805179968
sgboba 256 abm4,aboba,256,seed1,4,train_loss,35,0.1138646921608597
sgboba 256 abm4,aboba,256,seed1,4,train_loss,36,0.11401160627603531
sgboba 256 abm4,aboba,256,seed1,4,train_loss,37,0.1136855420966943
sgboba 256 abm4,aboba,256,seed1,4,train_loss,38,0.11512004297513229
sgboba 256 abm4,aboba,256,seed1,4,train_loss,39,0.11394157095087899
sgboba 256 abm4,aboba,256,seed2,4,train_loss,0,3.276956090501919
sgboba 256 abm4,aboba,256,seed2,4,train_loss,1,2.137059461538959
sgboba 256 abm4,aboba,256,seed2,4,train_loss,2,2.3453925098523056
sgboba 256 abm4,aboba,256,seed2,4,train_loss,3,2.0525894323573004
sgboba 256 abm4,aboba,256,seed2,4,train_loss,4,1.8755934086110857
sgboba 256 abm4,aboba,256,seed2,4,train_loss,5,1.7394455718399333
sgboba 256 abm4,aboba,256,seed2,4,train_loss,6,1.6382922602134304
sgboba 256 abm4,aboba,256,seed2,4,train_loss,7,1.5548958653211593
sgboba 256 abm4,aboba,256,seed2,4,train_loss,8,1.4886368209491148
sgboba 256 abm4,aboba,256,seed2,4,train_loss,9,1.4213471979504015
sgboba 256 abm4,aboba,256,seed2,4,train_loss,10,1.352137602820541
sgboba 256 abm4,aboba,256,seed2,4,train_loss,11,1.2939615944388565
sgboba 256 abm4,aboba,256,seed2,4,train_loss,12,1.2419016875823339
sgboba 256 abm4,aboba,256,seed2,4,train_loss,13,1.1797183698062697
sgboba 256 abm4,aboba,256,seed2,4,train_loss,14,1.1214967867830297
sgboba 256 abm4,aboba,256,seed2,4,train_loss,15,1.0543446198277089
sgboba 256 abm4,aboba,256,seed2,4,train_loss,16,0.9879299575282682
sgboba 256 abm4,aboba,256,seed2,4,train_loss,17,0.91769692402775
sgboba 256 abm4,aboba,256,seed2,4,train_loss,18,0.8453153531466212
sgboba 256 abm4,aboba,256,seed2,4,train_loss,19,0.7722144087343984
sgboba 256 abm4,aboba,256,seed2,4,train_loss,20,0.7120655235648156
sgboba 256 abm4,aboba,256,seed2,4,train_loss,21,0.6264716812314834
sgboba 256 abm4,aboba,256,seed2,4,train_loss,22,0.5487292952496897
sgboba 256 abm4,aboba,256,seed2,4,train_loss,23,0.4737099132886747
sgboba 256 abm4,aboba,256,seed2,4,train_loss,24,0.40756658327422646
sgboba 256 abm4,aboba,256,seed2,4,train_loss,25,0.34559513479471204
sgboba 256 abm4,aboba,256,seed2,4,train_loss,26,0.2965478872647509
sgboba 256 abm4,aboba,256,seed2,4,train_loss,27,0.25176484296973956
sgboba 256 abm4,aboba,256,seed2,4,train_loss,28,0.21150263037000383
sgboba 256 abm4,aboba,256,seed2,4,train_loss,29,0.18495576242183118
sgboba 256 abm4,aboba,256,seed2,4,train_loss,30,0.16140447099165744
sgboba 256 abm4,aboba,256,seed2,4,train_loss,31,0.1438349172886875
sgboba 256 abm4,aboba,256,seed2,4,train_loss,32,0.13744088531029028
sgboba 256 abm4,aboba,256,seed2,4,train_loss,33,0.12644224058763653
sgboba 256 abm4,aboba,256,seed2,4,train_loss,34,0.12204430179625023
sgboba 256 abm4,aboba,256,seed2,4,train_loss,35,0.11982269065849709
sgboba 256 abm4,aboba,256,seed2,4,train_loss,36,0.114334454536438
sgboba 256 abm4,aboba,256,seed2,4,train_loss,37,0.1143352157975498
sgboba 256 abm4,aboba,256,seed2,4,train_loss,38,0.11326652994522682
sgboba 256 abm4,aboba,256,seed2,4,train_loss,39,0.11494632562001546
sgboba 256 abm4,aboba,256,seed3,4,train_loss,0,3.281837247739172
sgboba 256 abm4,aboba,256,seed3,4,train_loss,1,2.1342357025024996
sgboba 256 abm4,aboba,256,seed3,4,train_loss,2,2.3392106754945057
sgboba 256 abm4,aboba,256,seed3,4,train_loss,3,2.033679223637095
sgboba 256 abm4,aboba,256,seed3,4,train_loss,4,1.8710758134170815
sgboba 256 abm4,aboba,256,seed3,4,train_loss,5,1.728889182055071
sgboba 256 abm4,aboba,256,seed3,4,train_loss,6,1.631718278480565
sgboba 256 abm4,aboba,256,seed3,4,train_loss,7,1.5401950454711915
sgboba 256 abm4,aboba,256,seed3,4,train_loss,8,1.4744481205940247
sgboba 256 abm4,aboba,256,seed3,4,train_loss,9,1.4079322433609096
sgboba 256 abm4,aboba,256,seed3,4,train_loss,10,1.3574512376929775
sgboba 256 abm4,aboba,256,seed3,4,train_loss,11,1.3000066491069309
sgboba 256 abm4,aboba,256,seed3,4,train_loss,12,1.2290281414985658
sgboba 256 abm4,aboba,256,seed3,4,train_loss,13,1.1786121534968919
sgboba 256 abm4,aboba,256,seed3,4,train_loss,14,1.1062134261078693
sgboba 256 abm4,aboba,256,seed3,4,train_loss,15,1.0522535598597764
sgboba 256 abm4,aboba,256,seed3,4,train_loss,16,0.9799150182835518
sgboba 256 abm4,aboba,256,seed3,4,train_loss,17,0.9152209940603224
sgboba 256 abm4,aboba,256,seed3,4,train_loss,18,0.8464452451361077
sgboba 256 abm4,aboba,256,seed3,4,train_loss,19,0.7646102868723419
sgboba 256 abm4,aboba,256,seed3,4,train_loss,20,0.7052987129986286
sgboba 256 abm4,aboba,256,seed3,4,train_loss,21,0.6253295983037641
sgboba 256 abm4,aboba,256,seed3,4,train_loss,22,0.5565490560098127
sgboba 256 abm4,aboba,256,seed3,4,train_loss,23,0.4800632482657403
sgboba 256 abm4,aboba,256,seed3,4,train_loss,24,0.4186723747927892
sgboba 256 abm4,aboba,256,seed3,4,train_loss,25,0.3528974879559853
sgboba 256 abm4,aboba,256,seed3,4,train_loss,26,0.30128559761215
sgboba 256 abm4,aboba,256,seed3,4,train_loss,27,0.24986899579907285
sgboba 256 abm4,aboba,256,seed3,4,train_loss,28,0.21743684325899396
sgboba 256 abm4,aboba,256,seed3,4,train_loss,29,0.18885771305330337
sgboba 256 abm4,aboba,256,seed3,4,train_loss,30,0.16548652937862932
sgboba 256 abm4,aboba,256,seed3,4,train_loss,31,0.14622377541283488
sgboba 256 abm4,aboba,256,seed3,4,train_loss,32,0.13534520163399275
sgboba 256 abm4,aboba,256,seed3,4,train_loss,33,0.12971649676561356
sgboba 256 abm4,aboba,256,seed3,4,train_loss,34,0.12208784189892978
sgboba 256 abm4,aboba,256,seed3,4,train_loss,35,0.11886155334385959
sgboba 256 abm4,aboba,256,seed3,4,train_loss,36,0.11720603078603745
sgboba 256 abm4,aboba,256,seed3,4,train_loss,37,0.11598708439204428
sgboba 256 abm4,aboba,256,seed3,4,train_loss,38,0.11411194331370868
sgboba 256 abm4,aboba,256,seed3,4,train_loss,39,0.11545355783568488
sgboba 256 abm8,aboba,256,seed1,8,train_loss,0,3.3259710232922983
sgboba 256 abm8,aboba,256,seed1,8,train_loss,1,2.1340224310091345
sgboba 256 abm8,aboba,256,seed1,8,train_loss,2,2.0052816187194473
sgboba 256 abm8,aboba,256,seed1,8,train_loss,3,1.7301350772167192
sgboba 256 abm8,aboba,256,seed1,8,train_loss,4,1.5549338961189443
sgboba 256 abm8,aboba,256,seed1,8,train_loss,5,1.4106067452973468
sgboba 256 abm8,aboba,256,seed1,8,train_loss,6,1.29456225514928
sgboba 256 abm8,aboba,256,seed1,8,train_loss,7,1.1958448375974382
sgboba 256 abm8,aboba,256,seed1,8,train_loss,8,1.1044232103882767
sgboba 256 abm8,aboba,256,seed1,8,train_loss,9,1.0269576341835494
sgboba 256 abm8,aboba,256,seed1,8,train_loss,10,0.9589501272725023
sgboba 256 abm8,aboba,256,seed1,8,train_loss,11,0.88734972851617
sgboba 256 abm8,aboba,256,seed1,8,train_loss,12,0.8093645590508055
sgboba 256 abm8,aboba,256,seed1,8,train_loss,13,0.7470603588991945
sgboba 256 abm8,aboba,256,seed1,8,train_loss,14,0.6713719489543062
sgboba 256 abm8,aboba,256,seed1,8,train_loss,15,0.6091320272535086
sgboba 256 abm8,aboba,256,seed1,8,train_loss,16,0.5438559536081161
sgboba 256 abm8,aboba,256,seed1,8,train_loss,17,0.4784007254447646
sgboba 256 abm8,aboba,256,seed1,8,train_loss,18,0.42173365330696105
sgboba 256 abm8,aboba,256,seed1,8,train_loss,19,0.35785367040552646
sgboba 256 abm8,aboba,256,seed1,8,train_loss,20,0.3150436904813562
sgboba 256 abm8,aboba,256,seed1,8,train_loss,21,0.2701101507459368
sgboba 256 abm8,aboba,256,seed1,8,train_loss,22,0.2325794416846651
sgboba 256 abm8,aboba,256,seed1,8,train_loss,23,0.19615167395576186
sgboba 256 abm8,aboba,256,seed1,8,train_loss,24,0.17372218606083892
sgboba 256 abm8,aboba,256,seed1,8,train_loss,25,0.1528636625484575
sgboba 256 abm8,aboba,256,seed1,8,train_loss,26,0.1341074096829924
sgboba 256 abm8,aboba,256,seed1,8,train_loss,27,0.12202994325267735
sgboba 256 abm8,aboba,256,seed1,8,train_loss,28,0.11068108955682335
sgboba 256 abm8,aboba,256,seed1,8,train_loss,29,0.10212928309755505
sgboba 256 abm8,aboba,256,seed1,8,train_loss,30,0.09705776413497717
sgboba 256 abm8,aboba,256,seed1,8,train_loss,31,0.0923978665843606
sgboba 256 abm8,aboba,256,seed1,8,train_loss,32,0.08742105983423465
sgboba 256 abm8,aboba,256,seed1,8,train_loss,33,0.08639894292822906
sgboba 256 abm8,aboba,256,seed1,8,train_loss,34,0.08523226597092369
sgboba 256 abm8,aboba,256,seed1,8,train_loss,35,0.08433724413899814
sgboba 256 abm8,aboba,256,seed1,8,train_loss,36,0.08522468518752319
sgboba 256 abm8,aboba,256,seed1,8,train_loss,37,0.08639270067214966
sgboba 256 abm8,aboba,256,seed1,8,train_loss,38,0.08404923147625393
sgboba 256 abm8,aboba,256,seed1,8,train_loss,39,0.08446068068345387
sgboba 256 abm8,aboba,256,seed2,8,train_loss,0,3.2726472623788627
sgboba 256 abm8,aboba,256,seed2,8,train_loss,1,2.1353495128595146
sgboba 256 abm8,aboba,256,seed2,8,train_loss,2,2.000403548624649
sgboba 256 abm8,aboba,256,seed2,8,train_loss,3,1.7230202267246861
sgboba 256 abm8,aboba,256,seed2,8,train_loss,4,1.5483192581879466
sgboba 256 abm8,aboba,256,seed2,8,train_loss,5,1.4107083222730372
sgboba 256 abm8,aboba,256,seed2,8,train_loss,6,1.2871552380648525
sgboba 256 abm8,aboba,256,seed2,8,train_loss,7,1.1958454811627963
sgboba 256 abm8,aboba,256,seed2,8,train_loss,8,1.1029282584422972
sgboba 256 abm8,aboba,256,seed2,8,train_loss,9,1.0226872683185892
sgboba 256 abm8,aboba,256,seed2,8,train_loss,10,0.9541309221846158
sgboba 256 abm8,aboba,256,seed2,8,train_loss,11,0.8741857644489833
sgboba 256 abm8,aboba,256,seed2,8,train_loss,12,0.798454136548642
sgboba 256 abm8,aboba,256,seed2,8,train_loss,13,0.7342470530420542
sgboba 256 abm8,aboba,256,seed2,8,train_loss,14,0.676598943377796
sgboba 256 abm8,aboba,256,seed2,8,train_loss,15,0.6153545034014516
sgboba 256 abm8,aboba,256,seed2,8,train_loss,16,0.5470278806930041
sgboba 256 abm8,aboba,256,seed2,8,train_loss,17,0.48593543231032277
sgboba 256 abm8,aboba,256,seed2,8,train_loss,18,0.4257241946554953
sgboba 256 abm8,aboba,256,seed2,8,train_loss,19,0.3684701033062854
sgboba 256 abm8,aboba,256,seed2,8,train_loss,20,0.3138649502584526
sgboba 256 abm8,aboba,256,seed2,8,train_loss,21,0.27789872884750366
sgboba 256 abm8,aboba,256,seed2,8,train_loss,22,0.23493438655016374
sgboba 256 abm8,aboba,256,seed2,8,train_loss,23,0.20488014849283362
sgboba 256 abm8,aboba,256,seed2,8,train_loss,24,0.17747298005749199
sgboba 256 abm8,aboba,256,seed2,8,train_loss,25,0.15404988704249262
sgboba 256 abm8,aboba,256,seed2,8,train_loss,26,0.13484742472024813
sgboba 256 abm8,aboba,256,seed2,8,train_loss,27,0.1233288493396631
sgboba 256 abm8,aboba,256,seed2,8,train_loss,28,0.11473063168426355
sgboba 256 abm8,aboba,256,seed2,8,train_loss,29,0.10335626284468849
sgboba 256 abm8,aboba,256,seed2,8,train_loss,30,0.0962448941266283
sgboba 256 abm8,aboba,256,seed2,8,train_loss,31,0.09211267568171025
sgboba 256 abm8,aboba,256,seed2,8,train_loss,32,0.08859913401743945
sgboba 256 abm8,aboba,256,seed2,8,train_loss,33,0.08843432872423104
sgboba 256 abm8,aboba,256,seed2,8,train_loss,34,0.08633330464363098
sgboba 256 abm8,aboba,256,seed2,8,train_loss,35,0.08706974983215332
sgboba 256 abm8,aboba,256,seed2,8,train_loss,36,0.08543074589509231
sgboba 256 abm8,aboba,256,seed2,8,train_loss,37,0.08480074753363927
sgboba 256 abm8,aboba,256,seed2,8,train_loss,38,0.0853970597187678
sgboba 256 abm8,aboba,256,seed2,8,train_loss,39,0.08579557637373607
sgboba 256 abm8,aboba,256,seed3,8,train_loss,0,3.278445956054007
sgboba 256 abm8,aboba,256,seed3,8,train_loss,1,2.1329207693695262
sgboba 256 abm8,aboba,256,seed3,8,train_loss,2,2.0019776553604074
sgboba 256 abm8,aboba,256,seed3,8,train_loss,3,1.7229122662629706
sgboba 256 abm8,aboba,256,seed3,8,train_loss,4,1.5464642836635274
sgboba 256 abm8,aboba,256,seed3,8,train_loss,5,1.4130493782220348
sgboba 256 abm8,aboba,256,seed3,8,train_loss,6,1.2946347632965485
sgboba 256 abm8,aboba,256,seed3,8,train_loss,7,1.2003373489951208
sgboba 256 abm8,aboba,256,seed3,8,train_loss,8,1.1115243452351267
sgboba 256 abm8,aboba,256,seed3,8,train_loss,9,1.0167342126369476
sgboba 256 abm8,aboba,256,seed3,8,train_loss,10,0.9503656969122265
sgboba 256 abm8,aboba,256,seed3,8,train_loss,11,0.8805701705387661
sgboba 256 abm8,aboba,256,seed3,8,train_loss,12,0.8128541058409
sgboba 256 abm8,aboba,256,seed3,8,train_loss,13,0.7402520607102592
sgboba 256 abm8,aboba,256,seed3,8,train_loss,14,0.6809130901176679
sgboba 256 abm8,aboba,256,seed3,8,train_loss,15,0.5969086585359441
sgboba 256 abm8,aboba,256,seed3,8,train_loss,16,0.5423535010675444
sgboba 256 abm8,aboba,256,seed3,8,train_loss,17,0.4893487032133204
sgboba 256 abm8,aboba,256,seed3,8,train_loss,18,0.42430202408534723
sgboba 256 abm8,aboba,256,seed3,8,train_loss,19,0.3691147894172345
sgboba 256 abm8,aboba,256,seed3,8,train_loss,20,0.32057033479213715
sgboba 256 abm8,aboba,256,seed3,8,train_loss,21,0.27235610955036604
sgboba 256 abm8,aboba,256,seed3,8,train_loss,22,0.22988606432471612
sgboba 256 abm8,aboba,256,seed3,8,train_loss,23,0.20245927460091087
sgboba 256 abm8,aboba,256,seed3,8,train_loss,24,0.17912287611600963
sgboba 256 abm8,aboba,256,seed3,8,train_loss,25,0.15442272002183938
sgboba 256 abm8,aboba,256,seed3,8,train_loss,26,0.1362789968985158
sgboba 256 abm8,aboba,256,seed3,8,train_loss,27,0.11962627664659962
sgboba 256 abm8,aboba,256,seed3,8,train_loss,28,0.1119513815889756
sgboba 256 abm8,aboba,256,seed3,8,train_loss,29,0.10486356871870328
sgboba 256 abm8,aboba,256,seed3,8,train_loss,30,0.09786922031122705
sgboba 256 abm8,aboba,256,seed3,8,train_loss,31,0.09388023912906647
sgboba 256 abm8,aboba,256,seed3,8,train_loss,32,0.08926301607579896
sgboba 256 abm8,aboba,256,seed3,8,train_loss,33,0.08599548973143101
sgboba 256 abm8,aboba,256,seed3,8,train_loss,34,0.08685067329894412
sgboba 256 abm8,aboba,256,seed3,8,train_loss,35,0.08661919744575725
sgboba 256 abm8,aboba,256,seed3,8,train_loss,36,0.0852405451811277
sgboba 256 abm8,aboba,256,seed3,8,train_loss,37,0.08606612847910987
sgboba 256 abm8,aboba,256,seed3,8,train_loss,38,0.08589839024676217
sgboba 256 abm8,aboba,256,seed3,8,train_loss,39,0.08599809805552165
sgboba 512 abm16,aboba,512,seed1,16,train_loss,0,3.8957832221743427
sgboba 512 abm16,aboba,512,seed1,16,train_loss,1,2.503874395467058
sgboba 512 abm16,aboba,512,seed1,16,train_loss,2,2.111463909407696
sgboba 512 abm16,aboba,512,seed1,16,train_loss,3,1.75786564581924
sgboba 512 abm16,aboba,512,seed1,16,train_loss,4,1.5450399122098937
sgboba 512 abm16,aboba,512,seed1,16,train_loss,5,1.385967219522757
sgboba 512 abm16,aboba,512,seed1,16,train_loss,6,1.2566612474317473
sgboba 512 abm16,aboba,512,seed1,16,train_loss,7,1.1403602284604106
sgboba 512 abm16,aboba,512,seed1,16,train_loss,8,1.0344425198194143
sgboba 512 abm16,aboba,512,seed1,16,train_loss,9,0.9373953035899572
sgboba 512 abm16,aboba,512,seed1,16,train_loss,10,0.8526435937031661
sgboba 512 abm16,aboba,512,seed1,16,train_loss,11,0.7777027599513531
sgboba 512 abm16,aboba,512,seed1,16,train_loss,12,0.7038347531150986
sgboba 512 abm16,aboba,512,seed1,16,train_loss,13,0.6306390358113695
sgboba 512 abm16,aboba,512,seed1,16,train_loss,14,0.5605811386941427
sgboba 512 abm16,aboba,512,seed1,16,train_loss,15,0.5032639228090455
sgboba 512 abm16,aboba,512,seed1,16,train_loss,16,0.44652912139892575
sgboba 512 abm16,aboba,512,seed1,16,train_loss,17,0.39818982490234905
sgboba 512 abm16,aboba,512,seed1,16,train_loss,18,0.35398426695781593
sgboba 512 abm16,aboba,512,seed1,16,train_loss,19,0.31616735687622655
sgboba 512 abm16,aboba,512,seed1,16,train_loss,20,0.28205696261319957
sgboba 512 abm16,aboba,512,seed1,16,train_loss,21,0.2537633414412367
sgboba 512 abm16,aboba,512,seed1,16,train_loss,22,0.223548522150075
sgboba 512 abm16,aboba,512,seed1,16,train_loss,23,0.2087964003576952
sgboba 512 abm16,aboba,512,seed1,16,train_loss,24,0.19057832107595776
sgboba 512 abm16,aboba,512,seed1,16,train_loss,25,0.17550811275493267
sgboba 512 abm16,aboba,512,seed1,16,train_loss,26,0.1646130425043595
sgboba 512 abm16,aboba,512,seed1,16,train_loss,27,0.1542949902159827
sgboba 512 abm16,aboba,512,seed1,16,train_loss,28,0.14837218484570902
sgboba 512 abm16,aboba,512,seed1,16,train_loss,29,0.14079617957274118
sgboba 512 abm16,aboba,512,seed1,16,train_loss,30,0.13660418177428452
sgboba 512 abm16,aboba,512,seed1,16,train_loss,31,0.13523600921034812
sgboba 512 abm16,aboba,512,seed1,16,train_loss,32,0.13185770018026233
sgboba 512 abm16,aboba,512,seed1,16,train_loss,33,0.13376093770448977
sgboba 512 abm16,aboba,512,seed1,16,train_loss,34,0.13229483142495155
sgboba 512 abm16,aboba,512,seed1,16,train_loss,35,0.13220922317769793
sgboba 512 abm16,aboba,512,seed1,16,train_loss,36,0.12904572818014357
sgboba 512 abm16,aboba,512,seed1,16,train_loss,37,0.13100292285283408
sgboba 512 abm16,aboba,512,seed1,16,train_loss,38,0.12879263112942377
sgboba 512 abm16,aboba,512,seed1,16,train_loss,39,0.1297577925854259
sgboba 512 abm16,aboba,512,seed2,16,train_loss,0,3.829247625568245
sgboba 512 abm16,aboba,512,seed2,16,train_loss,1,2.4970623179327083
sgboba 512 abm16,aboba,512,seed2,16,train_loss,2,2.107021954161989
sgboba 512 abm16,aboba,512,seed2,16,train_loss,3,1.7632110957441658
sgboba 512 abm16,aboba,512,seed2,16,train_loss,4,1.5601335102624267
sgboba 512 abm16,aboba,512,seed2,16,train_loss,5,1.3927728020867636
sgboba 512 abm16,aboba,512,seed2,16,train_loss,6,1.2603587571198378
sgboba 512 abm16,aboba,512,seed2,16,train_loss,7,1.141603243248216
sgboba 512 abm16,aboba,512,seed2,16,train_loss,8,1.039659633829787
sgboba 512 abm16,aboba,512,seed2,16,train_loss,9,0.9431822464579628
sgboba 512 abm16,aboba,512,seed2,16,train_loss,10,0.8576739883422851
sgboba 512 abm16,aboba,512,seed2,16,train_loss,11,0.7716315652194776
sgboba 512 abm16,aboba,512,seed2,16,train_loss,12,0.7054161429405212
sgboba 512 abm16,aboba,512,seed2,16,train_loss,13,0.6374814222598898
sgboba 512 abm16,aboba,512,seed2,16,train_loss,14,0.5734698739720554
sgboba 512 abm16,aboba,512,seed2,16,train_loss,15,0.5226375479486924
sgboba 512 abm16,aboba,512,seed2,16,train_loss,16,0.46558371387623454
sgboba 512 abm16,aboba,512,seed2,16,train_loss,17,0.4148145322228821
sgboba 512 abm16,aboba,512,seed2,16,train_loss,18,0.3701906524160329
sgboba 512 abm16,aboba,512,seed2,16,train_loss,19,0.3255451899021864
sgboba 512 abm16,aboba,512,seed2,16,train_loss,20,0.28536466472461575
sgboba 512 abm16,aboba,512,seed2,16,train_loss,21,0.2600184262826525
sgboba 512 abm16,aboba,512,seed2,16,train_loss,22,0.2318143938426618
sgboba 512 abm16,aboba,512,seed2,16,train_loss,23,0.21315350544218922
sgboba 512 abm16,aboba,512,seed2,16,train_loss,24,0.19675392139217127
sgboba 512 abm16,aboba,512,seed2,16,train_loss,25,0.18072268579687392
sgboba 512 abm16,aboba,512,seed2,16,train_loss,26,0.17510647040147048
sgboba 512 abm16,aboba,512,seed2,16,train_loss,27,0.1600534604752765
sgboba 512 abm16,aboba,512,seed2,16,train_loss,28,0.15148436157934128
sgboba 512 abm16,aboba,512,seed2,16,train_loss,29,0.14121203897175966
sgboba 512 abm16,aboba,512,seed2,16,train_loss,30,0.14161825738847256
sgboba 512 abm16,aboba,512,seed2,16,train_loss,31,0.1384061813354492
sgboba 512 abm16,aboba,512,seed2,16,train_loss,32,0.14198467749006607
sgboba 512 abm16,aboba,512,seed2,16,train_loss,33,0.13376031586757073
sgboba 512 abm16,aboba,512,seed2,16,train_loss,34,0.13383007645606995
sgboba 512 abm16,aboba,512,seed2,16,train_loss,35,0.1311440666516622
sgboba 512 abm16,aboba,512,seed2,16,train_loss,36,0.1335990611049864
sgboba 512 abm16,aboba,512,seed2,16,train_loss,37,0.1331612848573261
sgboba 512 abm16,aboba,512,seed2,16,train_loss,38,0.1342880990770128
sgboba 512 abm16,aboba,512,seed2,16,train_loss,39,0.13321849372651842
sgboba 512 abm16,aboba,512,seed3,16,train_loss,0,3.8561582052254977
sgboba 512 abm16,aboba,512,seed3,16,train_loss,1,2.4886525371406654
sgboba 512 abm16,aboba,512,seed3,16,train_loss,2,2.106835197217716
sgboba 512 abm16,aboba,512,seed3,16,train_loss,3,1.7647064422738963
sgboba 512 abm16,aboba,512,seed3,16,train_loss,4,1.553696641086662
sgboba 512 abm16,aboba,512,seed3,16,train_loss,5,1.3983305371724641
sgboba 512 abm16,aboba,512,seed3,16,train_loss,6,1.2611450480251778
sgboba 512 abm16,aboba,512,seed3,16,train_loss,7,1.1357937599050587
sgboba 512 abm16,aboba,512,seed3,16,train_loss,8,1.0411587840801961
sgboba 512 abm16,aboba,512,seed3,16,train_loss,9,0.9423789775596475
sgboba 512 abm16,aboba,512,seed3,16,train_loss,10,0.8655842365604816
sgboba 512 abm16,aboba,512,seed3,16,train_loss,11,0.7813526975611845
sgboba 512 abm16,aboba,512,seed3,16,train_loss,12,0.7161166189791082
sgboba 512 abm16,aboba,512,seed3,16,train_loss,13,0.6385511694283321
sgboba 512 abm16,aboba,512,seed3,16,train_loss,14,0.5707467474851263
sgboba 512 abm16,aboba,512,seed3,16,train_loss,15,0.5169438689569884
sgboba 512 abm16,aboba,512,seed3,16,train_loss,16,0.462724271217982
sgboba 512 abm16,aboba,512,seed3,16,train_loss,17,0.41024476121848735
sgboba 512 abm16,aboba,512,seed3,16,train_loss,18,0.3626102962914635
sgboba 512 abm16,aboba,512,seed3,16,train_loss,19,0.3186460672877729
sgboba 512 abm16,aboba,512,seed3,16,train_loss,20,0.2828427186754883
sgboba 512 abm16,aboba,512,seed3,16,train_loss,21,0.2585889833240673
sgboba 512 abm16,aboba,512,seed3,16,train_loss,22,0.23181392421137612
sgboba 512 abm16,aboba,512,seed3,16,train_loss,23,0.21191840022802352
sgboba 512 abm16,aboba,512,seed3,16,train_loss,24,0.19397246319314707
sgboba 512 abm16,aboba,512,seed3,16,train_loss,25,0.17990777570576894
sgboba 512 abm16,aboba,512,seed3,16,train_loss,26,0.1697653489999282
sgboba 512 abm16,aboba,512,seed3,16,train_loss,27,0.15919625759124756
sgboba 512 abm16,aboba,512,seed3,16,train_loss,28,0.15063328175775467
sgboba 512 abm16,aboba,512,seed3,16,train_loss,29,0.14297805781717654
sgboba 512 abm16,aboba,512,seed3,16,train_loss,30,0.1407706190062606
sgboba 512 abm16,aboba,512,seed3,16,train_loss,31,0.13878420367836952
sgboba 512 abm16,aboba,512,seed3,16,train_loss,32,0.13602441176772118
sgboba 512 abm16,aboba,512,seed3,16,train_loss,33,0.1333023768204909
sgboba 512 abm16,aboba,512,seed3,16,train_loss,34,0.1327454462647438
sgboba 512 abm16,aboba,512,seed3,16,train_loss,35,0.13116521719429228
sgboba 512 abm16,aboba,512,seed3,16,train_loss,36,0.134762870768706
sgboba 512 abm16,aboba,512,seed3,16,train_loss,37,0.13570008178551993
sgboba 512 abm16,aboba,512,seed3,16,train_loss,38,0.13225659396913317
sgboba 512 abm16,aboba,512,seed3,16,train_loss,39,0.1336547401216295
sgboba 512 abm2,aboba,512,seed1,2,train_loss,0,3.9002795309960088
sgboba 512 abm2,aboba,512,seed1,2,train_loss,1,2.5053807391396052
sgboba 512 abm2,aboba,512,seed1,2,train_loss,2,3.1593193031305313
sgboba 512 abm2,aboba,512,seed1,2,train_loss,3,3.044850260265233
sgboba 512 abm2,aboba,512,seed1,2,train_loss,4,2.7043752048326577
sgboba 512 abm2,aboba,512,seed1,2,train_loss,5,2.444773592832612
sgboba 512 abm2,aboba,512,seed1,2,train_loss,6,2.2395949251219336
sgboba 512 abm2,aboba,512,seed1,2,train_loss,7,2.1164512462520735
sgboba 512 abm2,aboba,512,seed1,2,train_loss,8,2.0203086566473782
sgboba 512 abm2,aboba,512,seed1,2,train_loss,9,1.9674675081243467
sgboba 512 abm2,aboba,512,seed1,2,train_loss,10,1.8871870875146841
sgboba 512 abm2,aboba,512,seed1,2,train_loss,11,1.8350081861019134
sgboba 512 abm2,aboba,512,seed1,2,train_loss,12,1.7909968292093001
sgboba 512 abm2,aboba,512,seed1,2,train_loss,13,1.737568022469758
sgboba 512 abm2,aboba,512,seed1,2,train_loss,14,1.6788162859558324
sgboba 512 abm2,aboba,512,seed1,2,train_loss,15,1.6155869983857678
sgboba 512 abm2,aboba,512,seed1,2,train_loss,16,1.546141636532706
sgboba 512 abm2,aboba,512,seed1,2,train_loss,17,1.4857660850813224
sgboba 512 abm2,aboba,512,seed1,2,train_loss,18,1.4170363931094898
sgboba 512 abm2,aboba,512,seed1,2,train_loss,19,1.3426873418166465
sgboba 512 abm2,aboba,512,seed1,2,train_loss,20,1.272457166773374
sgboba 512 abm2,aboba,512,seed1,2,train_loss,21,1.1975879372898923
sgboba 512 abm2,aboba,512,seed1,2,train_loss,22,1.1076949771887028
sgboba 512 abm2,aboba,512,seed1,2,train_loss,23,1.0374734532833099
sgboba 512 abm2,aboba,512,seed1,2,train_loss,24,0.9496958574233072
sgboba 512 abm2,aboba,512,seed1,2,train_loss,25,0.8631362349260598
sgboba 512 abm2,aboba,512,seed1,2,train_loss,26,0.7766849567450167
sgboba 512 abm2,aboba,512,seed1,2,train_loss,27,0.6921430505564993
sgboba 512 abm2,aboba,512,seed1,2,train_loss,28,0.6136869622774773
sgboba 512 abm2,aboba,512,seed1,2,train_loss,29,0.541619402345489
sgboba 512 abm2,aboba,512,seed1,2,train_loss,30,0.47731061229769817
sgboba 512 abm2,aboba,512,seed1,2,train_loss,31,0.4205112480200254
sgboba 512 abm2,aboba,512,seed1,2,train_loss,32,0.37990889698266983
sgboba 512 abm2,aboba,512,seed1,2,train_loss,33,0.34517527133860487
sgboba 512 abm2,aboba,512,seed1,2,train_loss,34,0.31612789476072634
sgboba 512 abm2,aboba,512,seed1,2,train_loss,35,0.29852963815773687
sgboba 512 abm2,aboba,512,seed1,2,train_loss,36,0.28978874093415785
sgboba 512 abm2,aboba,512,seed1,2,train_loss,37,0.2798424786642978
sgboba 512 abm2,aboba,512,seed1,2,train_loss,38,0.27413087817175047
sgboba 512 abm2,aboba,512,seed1,2,train_loss,39,0.27414439902419135
sgboba 512 abm2,aboba,512,seed2,2,train_loss,0,3.8324031829833984
sgboba 512 abm2,aboba,512,seed2,2,train_loss,1,2.4992387777642358
sgboba 512 abm2,aboba,512,seed2,2,train_loss,2,3.36887867541932
sgboba 512 abm2,aboba,512,seed2,2,train_loss,3,3.337053479141135
sgboba 512 abm2,aboba,512,seed2,2,train_loss,4,2.97833925677884
sgboba 512 abm2,aboba,512,seed2,2,train_loss,5,2.614550256486517
sgboba 512 abm2,aboba,512,seed2,2,train_loss,6,2.3928039079547347
sgboba 512 abm2,aboba,512,seed2,2,train_loss,7,2.235942237089957
sgboba 512 abm2,aboba,512,seed2,2,train_loss,8,2.13007726650238
sgboba 512 abm2,aboba,512,seed2,2,train_loss,9,2.049453591847461
sgboba 512 abm2,aboba,512,seed2,2,train_loss,10,1.981124020481969
sgboba 512 abm2,aboba,512,seed2,2,train_loss,11,1.9288411252270496
sgboba 512 abm2,aboba,512,seed2,2,train_loss,12,1.8630460493732244
sgboba 512 abm2,aboba,512,seed2,2,train_loss,13,1.8053698469610775
sgboba 512 abm2,aboba,512,seed2,2,train_loss,14,1.7524777410411034
sgboba 512 abm2,aboba,512,seed2,2,train_loss,15,1.6877014185088912
sgboba 512 abm2,aboba,512,seed2,2,train_loss,16,1.621608882938811
sgboba 512 abm2,aboba,512,seed2,2,train_loss,17,1.5665155057386095
sgboba 512 abm2,aboba,512,seed2,2,train_loss,18,1.4863924497365952
sgboba 512 abm2,aboba,512,seed2,2,train_loss,19,1.4230982347538597
sgboba 512 abm2,aboba,512,seed2,2,train_loss,20,1.3480955963333447
sgboba 512 abm2,aboba,512,seed2,2,train_loss,21,1.2775650495255486
sgboba 512 abm2,aboba,512,seed2,2,train_loss,22,1.197711622677391
sgboba 512 abm2,aboba,512,seed2,2,train_loss,23,1.1168936499067255
sgboba 512 abm2,aboba,512,seed2,2,train_loss,24,1.0228440920948545
sgboba 512 abm2,aboba,512,seed2,2,train_loss,25,0.9400836323560934
sgboba 512 abm2,aboba,512,seed2,2,train_loss,26,0.8622268477043549
sgboba 512 abm2,aboba,512,seed2,2,train_loss,27,0.7800849596279089
sgboba 512 abm2,aboba,512,seed2,2,train_loss,28,0.7006121027342816
sgboba 512 abm2,aboba,512,seed2,2,train_loss,29,0.6308311827126003
sgboba 512 abm2,aboba,512,seed2,2,train_loss,30,0.561630811441589
sgboba 512 abm2,aboba,512,seed2,2,train_loss,31,0.5000453314115835
sgboba 512 abm2,aboba,512,seed2,2,train_loss,32,0.45688732146123134
sgboba 512 abm2,aboba,512,seed2,2,train_loss,33,0.4224755629416435
sgboba 512 abm2,aboba,512,seed2,2,train_loss,34,0.39154206922179774
sgboba 512 abm2,aboba,512,seed2,2,train_loss,35,0.36664937628853705
sgboba 512 abm2,aboba,512,seed2,2,train_loss,36,0.35410981625318527
sgboba 512 abm2,aboba,512,seed2,2,train_loss,37,0.34717671452341853
sgboba 512 abm2,aboba,512,seed2,2,train_loss,38,0.34328605447496685
sgboba 512 abm2,aboba,512,seed2,2,train_loss,39,0.3377598382177807
sgboba 512 abm2,aboba,512,seed3,2,train_loss,0,3.8451417367669602
sgboba 512 abm2,aboba,512,seed3,2,train_loss,1,2.4835214916663833
sgboba 512 abm2,aboba,512,seed3,2,train_loss,2,3.323116750173433
sgboba 512 abm2,aboba,512,seed3,2,train_loss,3,3.13949037337488
sgboba 512 abm2,aboba,512,seed3,2,train_loss,4,2.6708840002008034
sgboba 512 abm2,aboba,512,seed3,2,train_loss,5,2.4193982856701584
sgboba 512 abm2,aboba,512,seed3,2,train_loss,6,2.2454892951250076
sgboba 512 abm2,aboba,512,seed3,2,train_loss,7,2.1179182813198714
sgboba 512 abm2,aboba,512,seed3,2,train_loss,8,2.035769751583364
sgboba 512 abm2,aboba,512,seed3,2,train_loss,9,1.9645648868311019
sgboba 512 abm2,aboba,512,seed3,2,train_loss,10,1.9063384897120257
sgboba 512 abm2,aboba,512,seed3,2,train_loss,11,1.8525431948679465
sgboba 512 abm2,aboba,512,seed3,2,train_loss,12,1.7905823897304791
sgboba 512 abm2,aboba,512,seed3,2,train_loss,13,1.7429745517700557
sgboba 512 abm2,aboba,512,seed3,2,train_loss,14,1.6867498137103296
sgboba 512 abm2,aboba,512,seed3,2,train_loss,15,1.620252654629369
sgboba 512 abm2,aboba,512,seed3,2,train_loss,16,1.5592778674212755
sgboba 512 abm2,aboba,512,seed3,2,train_loss,17,1.4980512861644522
sgboba 512 abm2,aboba,512,seed3,2,train_loss,18,1.4238126387490946
sgboba 512 abm2,aboba,512,seed3,2,train_loss,19,1.354640740590791
sgboba 512 abm2,aboba,512,seed3,2,train_loss,20,1.280801188587491
sgboba 512 abm2,aboba,512,seed3,2,train_loss,21,1.1995771631251935
sgboba 512 abm2,aboba,512,seed3,2,train_loss,22,1.1223090435407177
sgboba 512 abm2,aboba,512,seed3,2,train_loss,23,1.0331140808264414
sgboba 512 abm2,aboba,512,seed3,2,train_loss,24,0.9453573601340559
sgboba 512 abm2,aboba,512,seed3,2,train_loss,25,0.8629709866363555
sgboba 512 abm2,aboba,512,seed3,2,train_loss,26,0.7732450143462087
sgboba 512 abm2,aboba,512,seed3,2,train_loss,27,0.6935994606816543
sgboba 512 abm2,aboba,512,seed3,2,train_loss,28,0.6183041166318091
sgboba 512 abm2,aboba,512,seed3,2,train_loss,29,0.5430806245873956
sgboba 512 abm2,aboba,512,seed3,2,train_loss,30,0.4763060895601908
sgboba 512 abm2,aboba,512,seed3,2,train_loss,31,0.4223428006355579
sgboba 512 abm2,aboba,512,seed3,2,train_loss,32,0.3786495137322056
sgboba 512 abm2,aboba,512,seed3,2,train_loss,33,0.3418956199224959
sgboba 512 abm2,aboba,512,seed3,2,train_loss,34,0.3156885990461746
sgboba 512 abm2,aboba,512,seed3,2,train_loss,35,0.2973412950673411
sgboba 512 abm2,aboba,512,seed3,2,train_loss,36,0.2819908069712775
sgboba 512 abm2,aboba,512,seed3,2,train_loss,37,0.27766019347551707
sgboba 512 abm2,aboba,512,seed3,2,train_loss,38,0.2729706381048475
sgboba 512 abm2,aboba,512,seed3,2,train_loss,39,0.2681328058242798
sgboba 512 abm4,aboba,512,seed1,4,train_loss,0,3.894034669369082
sgboba 512 abm4,aboba,512,seed1,4,train_loss,1,2.501927825469005
sgboba 512 abm4,aboba,512,seed1,4,train_loss,2,2.5263919168048434
sgboba 512 abm4,aboba,512,seed1,4,train_loss,3,2.103391314315796
sgboba 512 abm4,aboba,512,seed1,4,train_loss,4,1.920722521541415
sgboba 512 abm4,aboba,512,seed1,4,train_loss,5,1.771488357025518
sgboba 512 abm4,aboba,512,seed1,4,train_loss,6,1.671554505288064
sgboba 512 abm4,aboba,512,seed1,4,train_loss,7,1.5853166332339297
sgboba 512 abm4,aboba,512,seed1,4,train_loss,8,1.4908900187418224
sgboba 512 abm4,aboba,512,seed1,4,train_loss,9,1.4311224692208426
sgboba 512 abm4,aboba,512,seed1,4,train_loss,10,1.3712666963085984
sgboba 512 abm4,aboba,512,seed1,4,train_loss,11,1.3020225499684994
sgboba 512 abm4,aboba,512,seed1,4,train_loss,12,1.2520294503370921
sgboba 512 abm4,aboba,512,seed1,4,train_loss,13,1.1939717250957824
sgboba 512 abm4,aboba,512,seed1,4,train_loss,14,1.1348106946577043
sgboba 512 abm4,aboba,512,seed1,4,train_loss,15,1.0705009858727
sgboba 512 abm4,aboba,512,seed1,4,train_loss,16,1.0102554189582025
sgboba 512 abm4,aboba,512,seed1,4,train_loss,17,0.9286740727848926
sgboba 512 abm4,aboba,512,seed1,4,train_loss,18,0.8563133097652879
sgboba 512 abm4,aboba,512,seed1,4,train_loss,19,0.7811171305123099
sgboba 512 abm4,aboba,512,seed1,4,train_loss,20,0.7043661680817604
sgboba 512 abm4,aboba,512,seed1,4,train_loss,21,0.6444323021680751
sgboba 512 abm4,aboba,512,seed1,4,train_loss,22,0.5585950299671718
sgboba 512 abm4,aboba,512,seed1,4,train_loss,23,0.49345174413517207
sgboba 512 abm4,aboba,512,seed1,4,train_loss,24,0.4195228923630241
sgboba 512 abm4,aboba,512,seed1,4,train_loss,25,0.3541193478873798
sgboba 512 abm4,aboba,512,seed1,4,train_loss,26,0.30562059592921287
sgboba 512 abm4,aboba,512,seed1,4,train_loss,27,0.26123469040311614
sgboba 512 abm4,aboba,512,seed1,4,train_loss,28,0.22112143197311804
sgboba 512 abm4,aboba,512,seed1,4,train_loss,29,0.18987097310763534
sgboba 512 abm4,aboba,512,seed1,4,train_loss,30,0.16717494288232268
sgboba 512 abm4,aboba,512,seed1,4,train_loss,31,0.1518735264738401
sgboba 512 abm4,aboba,512,seed1,4,train_loss,32,0.13790497469405333
sgboba 512 abm4,aboba,512,seed1,4,train_loss,33,0.12982212547578065
sgboba 512 abm4,aboba,512,seed1,4,train_loss,34,0.12627129038659538
sgboba 512 abm4,aboba,512,seed1,4,train_loss,35,0.12180197099223733
sgboba 512 abm4,aboba,512,seed1,4,train_loss,36,0.11970484101523955
sgboba 512 abm4,aboba,512,seed1,4,train_loss,37,0.11726663303044108
sgboba 512 abm4,aboba,512,seed1,4,train_loss,38,0.11868604329916146
sgboba 512 abm4,aboba,512,seed1,4,train_loss,39,0.11754772729343838
sgboba 512 abm4,aboba,512,seed2,4,train_loss,0,3.8321327197400827
sgboba 512 abm4,aboba,512,seed2,4,train_loss,1,2.502096704289883
sgboba 512 abm4,aboba,512,seed2,4,train_loss,2,2.512404694265992
sgboba 512 abm4,aboba,512,seed2,4,train_loss,3,2.133110012626648
sgboba 512 abm4,aboba,512,seed2,4,train_loss,4,1.9437532767944607
sgboba 512 abm4,aboba,512,seed2,4,train_loss,5,1.7798752750876468
sgboba 512 abm4,aboba,512,seed2,4,train_loss,6,1.6760382684142658
sgboba 512 abm4,aboba,512,seed2,4,train_loss,7,1.5721267733243431
sgboba 512 abm4,aboba,512,seed2,4,train_loss,8,1.505189804545037
sgboba 512 abm4,aboba,512,seed2,4,train_loss,9,1.441943269116538
sgboba 512 abm4,aboba,512,seed2,4,train_loss,10,1.3818843238281482
sgboba 512 abm4,aboba,512,seed2,4,train_loss,11,1.3197773195755709
sgboba 512 abm4,aboba,512,seed2,4,train_loss,12,1.260135777592659
sgboba 512 abm4,aboba,512,seed2,4,train_loss,13,1.2021908749613845
sgboba 512 abm4,aboba,512,seed2,4,train_loss,14,1.1405230557525552
sgboba 512 abm4,aboba,512,seed2,4,train_loss,15,1.0821594123182625
sgboba 512 abm4,aboba,512,seed2,4,train_loss,16,1.004817958560682
sgboba 512 abm4,aboba,512,seed2,4,train_loss,17,0.9442344545307806
sgboba 512 abm4,aboba,512,seed2,4,train_loss,18,0.8818792099399226
sgboba 512 abm4,aboba,512,seed2,4,train_loss,19,0.7988141523718268
sgboba 512 abm4,aboba,512,seed2,4,train_loss,20,0.7222339831181427
sgboba 512 abm4,aboba,512,seed2,4,train_loss,21,0.6497192118257125
sgboba 512 abm4,aboba,512,seed2,4,train_loss,22,0.5727343339134346
sgboba 512 abm4,aboba,512,seed2,4,train_loss,23,0.49570349297640515
sgboba 512 abm4,aboba,512,seed2,4,train_loss,24,0.43052444234490395
sgboba 512 abm4,aboba,512,seed2,4,train_loss,25,0.36589102822242026
sgboba 512 abm4,aboba,512,seed2,4,train_loss,26,0.31620412972546363
sgboba 512 abm4,aboba,512,seed2,4,train_loss,27,0.2640203438375307
sgboba 512 abm4,aboba,512,seed2,4,train_loss,28,0.2260606991794874
sgboba 512 abm4,aboba,512,seed2,4,train_loss,29,0.19480010226208677
sgboba 512 abm4,aboba,512,seed2,4,train_loss,30,0.17264759722279338
sgboba 512 abm4,aboba,512,seed2,4,train_loss,31,0.1563186130263436
sgboba 512 abm4,aboba,512,seed2,4,train_loss,32,0.14233439962069194
sgboba 512 abm4,aboba,512,seed2,4,train_loss,33,0.13519166082143783
sgboba 512 abm4,aboba,512,seed2,4,train_loss,34,0.12737888642927495
sgboba 512 abm4,aboba,512,seed2,4,train_loss,35,0.12511967192403972
sgboba 512 abm4,aboba,512,seed2,4,train_loss,36,0.12215986972053845
sgboba 512 abm4,aboba,512,seed2,4,train_loss,37,0.12095984733766979
sgboba 512 abm4,aboba,512,seed2,4,train_loss,38,0.12181696811547646
sgboba 512 abm4,aboba,512,seed2,4,train_loss,39,0.12264874080816905
sgboba 512 abm4,aboba,512,seed3,4,train_loss,0,3.8555792494665218
sgboba 512 abm4,aboba,512,seed3,4,train_loss,1,2.494666516026364
sgboba 512 abm4,aboba,512,seed3,4,train_loss,2,2.524553404145568
sgboba 512 abm4,aboba,512,seed3,4,train_loss,3,2.110392035313738
sgboba 512 abm4,aboba,512,seed3,4,train_loss,4,1.940069787879185
sgboba 512 abm4,aboba,512,seed3,4,train_loss,5,1.7702451020660555
sgboba 512 abm4,aboba,512,seed3,4,train_loss,6,1.6641572488177327
sgboba 512 abm4,aboba,512,seed3,4,train_loss,7,1.5740728620255346
sgboba 512 abm4,aboba,512,seed3,4,train_loss,8,1.5143192424850873
sgboba 512 abm4,aboba,512,seed3,4,train_loss,9,1.4394187828472682
sgboba 512 abm4,aboba,512,seed3,4,train_loss,10,1.3846493297153049
sgboba 512 abm4,aboba,512,seed3,4,train_loss,11,1.3148848720037254
sgboba 512 abm4,aboba,512,seed3,4,train_loss,12,1.257715645035108
sgboba 512 abm4,aboba,512,seed3,4,train_loss,13,1.19434681106032
sgboba 512 abm4,aboba,512,seed3,4,train_loss,14,1.1296936954770769
sgboba 512 abm4,aboba,512,seed3,4,train_loss,15,1.0612131060320438
sgboba 512 abm4,aboba,512,seed3,4,train_loss,16,0.9968833159054479
sgboba 512 abm4,aboba,512,seed3,4,train_loss,17,0.9432593528497017
sgboba 512 abm4,aboba,512,seed3,4,train_loss,18,0.870421780331787
sgboba 512 abm4,aboba,512,seed3,4,train_loss,19,0.8003065789480345
sgboba 512 abm4,aboba,512,seed3,4,train_loss,20,0.7196889987587929
sgboba 512 abm4,aboba,512,seed3,4,train_loss,21,0.6350291145039114
sgboba 512 abm4,aboba,512,seed3,4,train_loss,22,0.5679138133471663
sgboba 512 abm4,aboba,512,seed3,4,train_loss,23,0.49298319183749917
sgboba 512 abm4,aboba,512,seed3,4,train_loss,24,0.42829334420084164
sgboba 512 abm4,aboba,512,seed3,4,train_loss,25,0.365413951573612
sgboba 512 abm4,aboba,512,seed3,4,train_loss,26,0.3087977519420188
sgboba 512 abm4,aboba,512,seed3,4,train_loss,27,0.26276475550799533
sgboba 512 abm4,aboba,512,seed3,4,train_loss,28,0.2244570766790555
sgboba 512 abm4,aboba,512,seed3,4,train_loss,29,0.1957654300876843
sgboba 512 abm4,aboba,512,seed3,4,train_loss,30,0.1735410708479765
sgboba 512 abm4,aboba,512,seed3,4,train_loss,31,0.1556706898648974
sgboba 512 abm4,aboba,512,seed3,4,train_loss,32,0.14323845406373342
sgboba 512 abm4,aboba,512,seed3,4,train_loss,33,0.13288145646452904
sgboba 512 abm4,aboba,512,seed3,4,train_loss,34,0.12951932265991117
sgboba 512 abm4,aboba,512,seed3,4,train_loss,35,0.12527084892446344
sgboba 512 abm4,aboba,512,seed3,4,train_loss,36,0.12059167462090652
sgboba 512 abm4,aboba,512,seed3,4,train_loss,37,0.12110293774228346
sgboba 512 abm4,aboba,512,seed3,4,train_loss,38,0.11844420776917385
sgboba 512 abm4,aboba,512,seed3,4,train_loss,39,0.1218341158496009
sgboba 512 abm8,aboba,512,seed1,8,train_loss,0,3.889808817754818
sgboba 512 abm8,aboba,512,seed1,8,train_loss,1,2.5001333212550683
sgboba 512 abm8,aboba,512,seed1,8,train_loss,2,2.260993872318898
sgboba 512 abm8,aboba,512,seed1,8,train_loss,3,1.8434850358471428
sgboba 512 abm8,aboba,512,seed1,8,train_loss,4,1.6333584212915018
sgboba 512 abm8,aboba,512,seed1,8,train_loss,5,1.476243020028107
sgboba 512 abm8,aboba,512,seed1,8,train_loss,6,1.3440699502199638
sgboba 512 abm8,aboba,512,seed1,8,train_loss,7,1.242233575459553
sgboba 512 abm8,aboba,512,seed1,8,train_loss,8,1.1405683653206347
sgboba 512 abm8,aboba,512,seed1,8,train_loss,9,1.0560279663163001
sgboba 512 abm8,aboba,512,seed1,8,train_loss,10,0.977230615192844
sgboba 512 abm8,aboba,512,seed1,8,train_loss,11,0.8968510085886175
sgboba 512 abm8,aboba,512,seed1,8,train_loss,12,0.829305805620693
sgboba 512 abm8,aboba,512,seed1,8,train_loss,13,0.763066316023469
sgboba 512 abm8,aboba,512,seed1,8,train_loss,14,0.6981482607753653
sgboba 512 abm8,aboba,512,seed1,8,train_loss,15,0.6246476759099298
sgboba 512 abm8,aboba,512,seed1,8,train_loss,16,0.5552223812842715
sgboba 512 abm8,aboba,512,seed1,8,train_loss,17,0.4942918940809847
sgboba 512 abm8,aboba,512,seed1,8,train_loss,18,0.4403106805778319
sgboba 512 abm8,aboba,512,seed1,8,train_loss,19,0.3785828112537025
sgboba 512 abm8,aboba,512,seed1,8,train_loss,20,0.33269086719623636
sgboba 512 abm8,aboba,512,seed1,8,train_loss,21,0.2837151223077224
sgboba 512 abm8,aboba,512,seed1,8,train_loss,22,0.24771564882813077
sgboba 512 abm8,aboba,512,seed1,8,train_loss,23,0.20989368467227273
sgboba 512 abm8,aboba,512,seed1,8,train_loss,24,0.18121297536201256
sgboba 512 abm8,aboba,512,seed1,8,train_loss,25,0.1619085669517517
sgboba 512 abm8,aboba,512,seed1,8,train_loss,26,0.1419812153196997
sgboba 512 abm8,aboba,512,seed1,8,train_loss,27,0.12797511057622396
sgboba 512 abm8,aboba,512,seed1,8,train_loss,28,0.11729359980356896
sgboba 512 abm8,aboba,512,seed1,8,train_loss,29,0.10809621959924698
sgboba 512 abm8,aboba,512,seed1,8,train_loss,30,0.10414913588243982
sgboba 512 abm8,aboba,512,seed1,8,train_loss,31,0.09801031779497862
sgboba 512 abm8,aboba,512,seed1,8,train_loss,32,0.09519510400114638
sgboba 512 abm8,aboba,512,seed1,8,train_loss,33,0.09160398250376736
sgboba 512 abm8,aboba,512,seed1,8,train_loss,34,0.09306983311067928
sgboba 512 abm8,aboba,512,seed1,8,train_loss,35,0.09012996317709193
sgboba 512 abm8,aboba,512,seed1,8,train_loss,36,0.08910145782507382
sgboba 512 abm8,aboba,512,seed1,8,train_loss,37,0.08908661786052915
sgboba 512 abm8,aboba,512,seed1,8,train_loss,38,0.08847052852312724
sgboba 512 abm8,aboba,512,seed1,8,train_loss,39,0.08866562694311142
sgboba 512 abm8,aboba,512,seed2,8,train_loss,0,3.835082380077507
sgboba 512 abm8,aboba,512,seed2,8,train_loss,1,2.497417359412471
sgboba 512 abm8,aboba,512,seed2,8,train_loss,2,2.2592386083865383
sgboba 512 abm8,aboba,512,seed2,8,train_loss,3,1.8443928911923544
sgboba 512 abm8,aboba,512,seed2,8,train_loss,4,1.642845887306322
sgboba 512 abm8,aboba,512,seed2,8,train_loss,5,1.4838896375149488
sgboba 512 abm8,aboba,512,seed2,8,train_loss,6,1.3530629249796209
sgboba 512 abm8,aboba,512,seed2,8,train_loss,7,1.248214414259335
sgboba 512 abm8,aboba,512,seed2,8,train_loss,8,1.1499660730932317
sgboba 512 abm8,aboba,512,seed2,8,train_loss,9,1.0573640032248064
sgboba 512 abm8,aboba,512,seed2,8,train_loss,10,0.9851225361388217
sgboba 512 abm8,aboba,512,seed2,8,train_loss,11,0.9171672321982303
sgboba 512 abm8,aboba,512,seed2,8,train_loss,12,0.8346771225333214
sgboba 512 abm8,aboba,512,seed2,8,train_loss,13,0.7581309352070094
sgboba 512 abm8,aboba,512,seed2,8,train_loss,14,0.6925472515860415
sgboba 512 abm8,aboba,512,seed2,8,train_loss,15,0.6373832414890158
sgboba 512 abm8,aboba,512,seed2,8,train_loss,16,0.5582629349352657
sgboba 512 abm8,aboba,512,seed2,8,train_loss,17,0.5004543969125459
sgboba 512 abm8,aboba,512,seed2,8,train_loss,18,0.4382082654103156
sgboba 512 abm8,aboba,512,seed2,8,train_loss,19,0.3850196385282581
sgboba 512 abm8,aboba,512,seed2,8,train_loss,20,0.3344048452269924
sgboba 512 abm8,aboba,512,seed2,8,train_loss,21,0.285363474717507
sgboba 512 abm8,aboba,512,seed2,8,train_loss,22,0.2420528727222462
sgboba 512 abm8,aboba,512,seed2,8,train_loss,23,0.20912336598160447
sgboba 512 abm8,aboba,512,seed2,8,train_loss,24,0.18189414192077724
sgboba 512 abm8,aboba,512,seed2,8,train_loss,25,0.16117980983108282
sgboba 512 abm8,aboba,512,seed2,8,train_loss,26,0.1415077530562061
sgboba 512 abm8,aboba,512,seed2,8,train_loss,27,0.12804937678756137
sgboba 512 abm8,aboba,512,seed2,8,train_loss,28,0.11635399584547948
sgboba 512 abm8,aboba,512,seed2,8,train_loss,29,0.10600979640236441
sgboba 512 abm8,aboba,512,seed2,8,train_loss,30,0.10279928568912589
sgboba 512 abm8,aboba,512,seed2,8,train_loss,31,0.09678834543014184
sgboba 512 abm8,aboba,512,seed2,8,train_loss,32,0.09433748879853417
sgboba 512 abm8,aboba,512,seed2,8,train_loss,33,0.09267109499445983
sgboba 512 abm8,aboba,512,seed2,8,train_loss,34,0.09041396596214989
sgboba 512 abm8,aboba,512,seed2,8,train_loss,35,0.08944665947381188
sgboba 512 abm8,aboba,512,seed2,8,train_loss,36,0.0880796485222303
sgboba 512 abm8,aboba,512,seed2,8,train_loss,37,0.08966453596949578
sgboba 512 abm8,aboba,512,seed2,8,train_loss,38,0.08782247205575307
sgboba 512 abm8,aboba,512,seed2,8,train_loss,39,0.08924597170617846
sgboba 512 abm8,aboba,512,seed3,8,train_loss,0,3.858074794841718
sgboba 512 abm8,aboba,512,seed3,8,train_loss,1,2.493958775001236
sgboba 512 abm8,aboba,512,seed3,8,train_loss,2,2.250814806131216
sgboba 512 abm8,aboba,512,seed3,8,train_loss,3,1.853024423736887
sgboba 512 abm8,aboba,512,seed3,8,train_loss,4,1.642268082574277
sgboba 512 abm8,aboba,512,seed3,8,train_loss,5,1.4832223612369257
sgboba 512 abm8,aboba,512,seed3,8,train_loss,6,1.3528570157139241
sgboba 512 abm8,aboba,512,seed3,8,train_loss,7,1.239828502116182
sgboba 512 abm8,aboba,512,seed3,8,train_loss,8,1.1535264980850037
sgboba 512 abm8,aboba,512,seed3,8,train_loss,9,1.0643028613879595
sgboba 512 abm8,aboba,512,seed3,8,train_loss,10,0.9832305703111874
sgboba 512 abm8,aboba,512,seed3,8,train_loss,11,0.9035196085434175
sgboba 512 abm8,aboba,512,seed3,8,train_loss,12,0.8372466422262645
sgboba 512 abm8,aboba,512,seed3,8,train_loss,13,0.7642731670267093
sgboba 512 abm8,aboba,512,seed3,8,train_loss,14,0.697078806397162
sgboba 512 abm8,aboba,512,seed3,8,train_loss,15,0.6315761607268761
sgboba 512 abm8,aboba,512,seed3,8,train_loss,16,0.5654360699480858
sgboba 512 abm8,aboba,512,seed3,8,train_loss,17,0.5095915312075433
sgboba 512 abm8,aboba,512,seed3,8,train_loss,18,0.4537717834595711
sgboba 512 abm8,aboba,512,seed3,8,train_loss,19,0.3893186875388154
sgboba 512 abm8,aboba,512,seed3,8,train_loss,20,0.34129943879874974
sgboba 512 abm8,aboba,512,seed3,8,train_loss,21,0.2835954987945465
sgboba 512 abm8,aboba,512,seed3,8,train_loss,22,0.24397088617387444
sgboba 512 abm8,aboba,512,seed3,8,train_loss,23,0.2107567208940568
sgboba 512 abm8,aboba,512,seed3,8,train_loss,24,0.1891201556075451
sgboba 512 abm8,aboba,512,seed3,8,train_loss,25,0.16283250934420487
sgboba 512 abm8,aboba,512,seed3,8,train_loss,26,0.14355449215190053
sgboba 512 abm8,aboba,512,seed3,8,train_loss,27,0.13030730075005328
sgboba 512 abm8,aboba,512,seed3,8,train_loss,28,0.11696310745457471
sgboba 512 abm8,aboba,512,seed3,8,train_loss,29,0.11115840192024525
sgboba 512 abm8,aboba,512,seed3,8,train_loss,30,0.10302631864729135
sgboba 512 abm8,aboba,512,seed3,8,train_loss,31,0.09840395711362362
sgboba 512 abm8,aboba,512,seed3,8,train_loss,32,0.09440936870647199
sgboba 512 abm8,aboba,512,seed3,8,train_loss,33,0.09215070493519306
sgboba 512 abm8,aboba,512,seed3,8,train_loss,34,0.09008627621964975
sgboba 512 abm8,aboba,512,seed3,8,train_loss,35,0.08780263189007254
sgboba 512 abm8,aboba,512,seed3,8,train_loss,36,0.09081257077363822
sgboba 512 abm8,aboba,512,seed3,8,train_loss,37,0.09160924868451224
sgboba 512 abm8,aboba,512,seed3,8,train_loss,38,0.08957918319437239
sgboba 512 abm8,aboba,512,seed3,8,train_loss,39,0.08971778055032094
sgboba 64 abm16,aboba,64,seed1,16,train_loss,0,2.9318379776000976
sgboba 64 abm16,aboba,64,seed1,16,train_loss,1,2.2320824003219606
sgboba 64 abm16,aboba,64,seed1,16,train_loss,2,1.6570679322878519
sgboba 64 abm16,aboba,64,seed1,16,train_loss,3,1.4574087288728945
sgboba 64 abm16,aboba,64,seed1,16,train_loss,4,1.3263127280004097
sgboba 64 abm16,aboba,64,seed1,16,train_loss,5,1.2215281492326318
sgboba 64 abm16,aboba,64,seed1,16,train_loss,6,1.1315484570420307
sgboba 64 abm16,aboba,64,seed1,16,train_loss,7,1.0478247453769047
sgboba 64 abm16,aboba,64,seed1,16,train_loss,8,0.9719769746354483
sgboba 64 abm16,aboba,64,seed1,16,train_loss,9,0.8992641654211221
sgboba 64 abm16,aboba,64,seed1,16,train_loss,10,0.8318956013648741
sgboba 64 abm16,aboba,64,seed1,16,train_loss,11,0.7591376364900825
sgboba 64 abm16,aboba,64,seed1,16,train_loss,12,0.7035575179492726
sgboba 64 abm16,aboba,64,seed1,16,train_loss,13,0.6449866652488708
sgboba 64 abm16,aboba,64,seed1,16,train_loss,14,0.5914908570128602
sgboba 64 abm16,aboba,64,seed1,16,train_loss,15,0.5381899606691648
sgboba 64 abm16,aboba,64,seed1,16,train_loss,16,0.49586717018059323
sgboba 64 abm16,aboba,64,seed1,16,train_loss,17,0.4421566580281113
sgboba 64 abm16,aboba,64,seed1,16,train_loss,18,0.3984131377840799
sgboba 64 abm16,aboba,64,seed1,16,train_loss,19,0.36066065955970245
sgboba 64 abm16,aboba,64,seed1,16,train_loss,20,0.32110661268234253
sgboba 64 abm16,aboba,64,seed1,16,train_loss,21,0.291375964306868
sgboba 64 abm16,aboba,64,seed1,16,train_loss,22,0.266026001803729
sgboba 64 abm16,aboba,64,seed1,16,train_loss,23,0.23897047440210978
sgboba 64 abm16,aboba,64,seed1,16,train_loss,24,0.22016980286155427
sgboba 64 abm16,aboba,64,seed1,16,train_loss,25,0.20307100877950066
sgboba 64 abm16,aboba,64,seed1,16,train_loss,26,0.19187411622089498
sgboba 64 abm16,aboba,64,seed1,16,train_loss,27,0.1832085319103733
sgboba 64 abm16,aboba,64,seed1,16,train_loss,28,0.1720565546441961
sgboba 64 abm16,aboba,64,seed1,16,train_loss,29,0.16327408452828726
sgboba 64 abm16,aboba,64,seed1,16,train_loss,30,0.15571344941854476
sgboba 64 abm16,aboba,64,seed1,16,train_loss,31,0.15557843622039347
sgboba 64 abm16,aboba,64,seed1,16,train_loss,32,0.15476884799344198
sgboba 64 abm16,aboba,64,seed1,16,train_loss,33,0.15098636936057697
sgboba 64 abm16,aboba,64,seed1,16,train_loss,34,0.1513738748100069
sgboba 64 abm16,aboba,64,seed1,16,train_loss,35,0.14766711493333182
sgboba 64 abm16,aboba,64,seed1,16,train_loss,36,0.14749801490041944
sgboba 64 abm16,aboba,64,seed1,16,train_loss,37,0.14721719589498308
sgboba 64 abm16,aboba,64,seed1,16,train_loss,38,0.14726378520329794
sgboba 64 abm16,aboba,64,seed1,16,train_loss,39,0.14696047206719717
sgboba 64 abm16,aboba,64,seed2,16,train_loss,0,2.9467644161224364
sgboba 64 abm16,aboba,64,seed2,16,train_loss,1,2.387134379386902
sgboba 64 abm16,aboba,64,seed2,16,train_loss,2,1.7339145734503463
sgboba 64 abm16,aboba,64,seed2,16,train_loss,3,1.5412387989461422
sgboba 64 abm16,aboba,64,seed2,16,train_loss,4,1.3865347098220477
sgboba 64 abm16,aboba,64,seed2,16,train_loss,5,1.2793076982498168
sgboba 64 abm16,aboba,64,seed2,16,train_loss,6,1.18744413811585
sgboba 64 abm16,aboba,64,seed2,16,train_loss,7,1.0985921397121674
sgboba 64 abm16,aboba,64,seed2,16,train_loss,8,1.01988130750008
sgboba 64 abm16,aboba,64,seed2,16,train_loss,9,0.9549659770362231
sgboba 64 abm16,aboba,64,seed2,16,train_loss,10,0.8757861820600366
sgboba 64 abm16,aboba,64,seed2,16,train_loss,11,0.8132501385185156
sgboba 64 abm16,aboba,64,seed2,16,train_loss,12,0.7545659570466905
sgboba 64 abm16,aboba,64,seed2,16,train_loss,13,0.6860308036208153
sgboba 64 abm16,aboba,64,seed2,16,train_loss,14,0.6356441061218063
sgboba 64 abm16,aboba,64,seed2,16,train_loss,15,0.5765806869284748
sgboba 64 abm16,aboba,64,seed2,16,train_loss,16,0.5193006322867628
sgboba 64 abm16,aboba,64,seed2,16,train_loss,17,0.4809778468175368
sgboba 64 abm16,aboba,64,seed2,16,train_loss,18,0.43601819968992667
sgboba 64 abm16,aboba,64,seed2,16,train_loss,19,0.39404691601621694
sgboba 64 abm16,aboba,64,seed2,16,train_loss,20,0.35114274729381906
sgboba 64 abm16,aboba,64,seed2,16,train_loss,21,0.3152075222894257
sgboba 64 abm16,aboba,64,seed2,16,train_loss,22,0.28945784757331927
sgboba 64 abm16,aboba,64,seed2,16,train_loss,23,0.26064864512194286
sgboba 64 abm16,aboba,64,seed2,16,train_loss,24,0.24211570407663072
sgboba 64 abm16,aboba,64,seed2,16,train_loss,25,0.22839222566501513
sgboba 64 abm16,aboba,64,seed2,16,train_loss,26,0.2107203401186887
sgboba 64 abm16,aboba,64,seed2,16,train_loss,27,0.1967008779446284
sgboba 64 abm16,aboba,64,seed2,16,train_loss,28,0.18756477148444564
sgboba 64 abm16,aboba,64,seed2,16,train_loss,29,0.17953024121622244
sgboba 64 abm16,aboba,64,seed2,16,train_loss,30,0.17198333889245987
sgboba 64 abm16,aboba,64,seed2,16,train_loss,31,0.17031378255170934
sgboba 64 abm16,aboba,64,seed2,16,train_loss,32,0.16760401214872087
sgboba 64 abm16,aboba,64,seed2,16,train_loss,33,0.16718736697327008
sgboba 64 abm16,aboba,64,seed2,16,train_loss,34,0.1658372167083952
sgboba 64 abm16,aboba,64,seed2,16,train_loss,35,0.1648744742075602
sgboba 64 abm16,aboba,64,seed2,16,train_loss,36,0.16544704801506466
sgboba 64 abm16,aboba,64,seed2,16,train_loss,37,0.1615082323551178
sgboba 64 abm16,aboba,64,seed2,16,train_loss,38,0.16238045692443848
sgboba 64 abm16,aboba,64,seed2,16,train_loss,39,0.16242298814985487
sgboba 64 abm16,aboba,64,seed3,16,train_loss,0,2.9430581535339355
sgboba 64 abm16,aboba,64,seed3,16,train_loss,1,2.239749903488159
sgboba 64 abm16,aboba,64,seed3,16,train_loss,2,1.676744719735937
sgboba 64 abm16,aboba,64,seed3,16,train_loss,3,1.481094064591806
sgboba 64 abm16,aboba,64,seed3,16,train_loss,4,1.3304302528614307
sgboba 64 abm16,aboba,64,seed3,16,train_loss,5,1.23159949857045
sgboba 64 abm16,aboba,64,seed3,16,train_loss,6,1.1388484077495442
sgboba 64 abm16,aboba,64,seed3,16,train_loss,7,1.0545040865739186
sgboba 64 abm16,aboba,64,seed3,16,train_loss,8,0.9873064918425477
sgboba 64 abm16,aboba,64,seed3,16,train_loss,9,0.902551415040321
sgboba 64 abm16,aboba,64,seed3,16,train_loss,10,0.8402234617099967
sgboba 64 abm16,aboba,64,seed3,16,train_loss,11,0.772933359896199
sgboba 64 abm16,aboba,64,seed3,16,train_loss,12,0.7101051947649788
sgboba 64 abm16,aboba,64,seed3,16,train_loss,13,0.6580744102597237
sgboba 64 abm16,aboba,64,seed3,16,train_loss,14,0.5915114705438738
sgboba 64 abm16,aboba,64,seed3,16,train_loss,15,0.549403041601181
sgboba 64 abm16,aboba,64,seed3,16,train_loss,16,0.4950650887212891
sgboba 64 abm16,aboba,64,seed3,16,train_loss,17,0.44262253244717914
sgboba 64 abm16,aboba,64,seed3,16,train_loss,18,0.40836061777607086
sgboba 64 abm16,aboba,64,seed3,16,train_loss,19,0.3627944795762078
sgboba 64 abm16,aboba,64,seed3,16,train_loss,20,0.32619186490774155
sgboba 64 abm16,aboba,64,seed3,16,train_loss,21,0.29022806166456294
sgboba 64 abm16,aboba,64,seed3,16,train_loss,22,0.2642017320102575
sgboba 64 abm16,aboba,64,seed3,16,train_loss,23,0.24467994305822585
sgboba 64 abm16,aboba,64,seed3,16,train_loss,24,0.22614154873824702
sgboba 64 abm16,aboba,64,seed3,16,train_loss,25,0.20934638616285825
sgboba 64 abm16,aboba,64,seed3,16,train_loss,26,0.19632124813163981
sgboba 64 abm16,aboba,64,seed3,16,train_loss,27,0.18280173501660746
sgboba 64 abm16,aboba,64,seed3,16,train_loss,28,0.1734214265037466
sgboba 64 abm16,aboba,64,seed3,16,train_loss,29,0.16762958280742168
sgboba 64 abm16,aboba,64,seed3,16,train_loss,30,0.16048869043588637
sgboba 64 abm16,aboba,64,seed3,16,train_loss,31,0.15760730908197515
sgboba 64 abm16,aboba,64,seed3,16,train_loss,32,0.1569028166787965
sgboba 64 abm16,aboba,64,seed3,16,train_loss,33,0.15494110909375278
sgboba 64 abm16,aboba,64,seed3,16,train_loss,34,0.15254813267125023
sgboba 64 abm16,aboba,64,seed3,16,train_loss,35,0.1491900814904107
sgboba 64 abm16,aboba,64,seed3,16,train_loss,36,0.15134083231290182
sgboba 64 abm16,aboba,64,seed3,16,train_loss,37,0.1527175572183397
sgboba 64 abm16,aboba,64,seed3,16,train_loss,38,0.15150906476709577
sgboba 64 abm16,aboba,64,seed3,16,train_loss,39,0.14960125750965542
sgboba 64 abm2,aboba,64,seed1,2,train_loss,0,2.9318379776000976
sgboba 64 abm2,aboba,64,seed1,2,train_loss,1,2.2320824003219606
sgboba 64 abm2,aboba,64,seed1,2,train_loss,2,2.7118000299623697
sgboba 64 abm2,aboba,64,seed1,2,train_loss,3,2.4148688770745643
sgboba 64 abm2,aboba,64,seed1,2,train_loss,4,2.2547032086789107
sgboba 64 abm2,aboba,64,seed1,2,train_loss,5,2.1188488717377187
sgboba 64 abm2,aboba,64,seed1,2,train_loss,6,2.032811030119407
sgboba 64 abm2,aboba,64,seed1,2,train_loss,7,1.953955078125
sgboba 64 abm2,aboba,64,seed1,2,train_loss,8,1.9031471109002587
sgboba 64 abm2,aboba,64,seed1,2,train_loss,9,1.847719430720725
sgboba 64 abm2,aboba,64,seed1,2,train_loss,10,1.7981462165478441
sgboba 64 abm2,aboba,64,seed1,2,train_loss,11,1.744646313639402
sgboba 64 abm2,aboba,64,seed1,2,train_loss,12,1.6948310669384075
sgboba 64 abm2,aboba,64,seed1,2,train_loss,13,1.6454578519333154
sgboba 64 abm2,aboba,64,seed1,2,train_loss,14,1.5819259408037754
sgboba 64 abm2,aboba,64,seed1,2,train_loss,15,1.5290070571819274
sgboba 64 abm2,aboba,64,seed1,2,train_loss,16,1.4655960695859094
sgboba 64 abm2,aboba,64,seed1,2,train_loss,17,1.4004864632259315
sgboba 64 abm2,aboba,64,seed1,2,train_loss,18,1.3241718229479515
sgboba 64 abm2,aboba,64,seed1,2,train_loss,19,1.257899013556996
sgboba 64 abm2,aboba,64,seed1,2,train_loss,20,1.175234187293697
sgboba 64 abm2,aboba,64,seed1,2,train_loss,21,1.0948389239544827
sgboba 64 abm2,aboba,64,seed1,2,train_loss,22,1.0290120922097372
sgboba 64 abm2,aboba,64,seed1,2,train_loss,23,0.934765408078178
sgboba 64 abm2,aboba,64,seed1,2,train_loss,24,0.8554935082529964
sgboba 64 abm2,aboba,64,seed1,2,train_loss,25,0.760466727050575
sgboba 64 abm2,aboba,64,seed1,2,train_loss,26,0.6869043265821553
sgboba 64 abm2,aboba,64,seed1,2,train_loss,27,0.6004853944445765
sgboba 64 abm2,aboba,64,seed1,2,train_loss,28,0.5206097255914639
sgboba 64 abm2,aboba,64,seed1,2,train_loss,29,0.44937677931234327
sgboba 64 abm2,aboba,64,seed1,2,train_loss,30,0.38929616503025355
sgboba 64 abm2,aboba,64,seed1,2,train_loss,31,0.3356482884423299
sgboba 64 abm2,aboba,64,seed1,2,train_loss,32,0.29997353700169344
sgboba 64 abm2,aboba,64,seed1,2,train_loss,33,0.2663225111208464
sgboba 64 abm2,aboba,64,seed1,2,train_loss,34,0.24545228104048136
sgboba 64 abm2,aboba,64,seed1,2,train_loss,35,0.22942369803786278
sgboba 64 abm2,aboba,64,seed1,2,train_loss,36,0.2209569552540779
sgboba 64 abm2,aboba,64,seed1,2,train_loss,37,0.2162785867327138
sgboba 64 abm2,aboba,64,seed1,2,train_loss,38,0.2122389024921826
sgboba 64 abm2,aboba,64,seed1,2,train_loss,39,0.20931517368271238
sgboba 64 abm2,aboba,64,seed2,2,train_loss,0,2.9467644161224364
sgboba 64 abm2,aboba,64,seed2,2,train_loss,1,2.387134379386902
sgboba 64 abm2,aboba,64,seed2,2,train_loss,2,3.0320307843559253
sgboba 64 abm2,aboba,64,seed2,2,train_loss,3,2.5244021659422318
sgboba 64 abm2,aboba,64,seed2,2,train_loss,4,2.344379009246826
sgboba 64 abm2,aboba,64,seed2,2,train_loss,5,2.1766516350063623
sgboba 64 abm2,aboba,64,seed2,2,train_loss,6,2.0696026156930363
sgboba 64 abm2,aboba,64,seed2,2,train_loss,7,2.001393177855106
sgboba 64 abm2,aboba,64,seed2,2,train_loss,8,1.9285401448970887
sgboba 64 abm2,aboba,64,seed2,2,train_loss,9,1.8858877331221184
sgboba 64 abm2,aboba,64,seed2,2,train_loss,10,1.8358022643660143
sgboba 64 abm2,aboba,64,seed2,2,train_loss,11,1.7683998180760279
sgboba 64 abm2,aboba,64,seed2,2,train_loss,12,1.7351721763157573
sgboba 64 abm2,aboba,64,seed2,2,train_loss,13,1.6740277197521194
sgboba 64 abm2,aboba,64,seed2,2,train_loss,14,1.6266047533532677
sgboba 64 abm2,aboba,64,seed2,2,train_loss,15,1.571648017396318
sgboba 64 abm2,aboba,64,seed2,2,train_loss,16,1.4965978693590398
sgboba 64 abm2,aboba,64,seed2,2,train_loss,17,1.4423866288453204
sgboba 64 abm2,aboba,64,seed2,2,train_loss,18,1.376075055703376
sgboba 64 abm2,aboba,64,seed2,2,train_loss,19,1.2991944925517451
sgboba 64 abm2,aboba,64,seed2,2,train_loss,20,1.2203588874939362
sgboba 64 abm2,aboba,64,seed2,2,train_loss,21,1.1597985867464577
sgboba 64 abm2,aboba,64,seed2,2,train_loss,22,1.0627248707184425
sgboba 64 abm2,aboba,64,seed2,2,train_loss,23,0.9810061472477299
sgboba 64 abm2,aboba,64,seed2,2,train_loss,24,0.8923801140973218
sgboba 64 abm2,aboba,64,seed2,2,train_loss,25,0.8073346524737602
sgboba 64 abm2,aboba,64,seed2,2,train_loss,26,0.7242431397133685
sgboba 64 abm2,aboba,64,seed2,2,train_loss,27,0.643826961937085
sgboba 64 abm2,aboba,64,seed2,2,train_loss,28,0.5589610711898211
sgboba 64 abm2,aboba,64,seed2,2,train_loss,29,0.4958341323841385
sgboba 64 abm2,aboba,64,seed2,2,train_loss,30,0.431070087761279
sgboba 64 abm2,aboba,64,seed2,2,train_loss,31,0.3813072722831755
sgboba 64 abm2,aboba,64,seed2,2,train_loss,32,0.3394139435674463
sgboba 64 abm2,aboba,64,seed2,2,train_loss,33,0.3103108569195396
sgboba 64 abm2,aboba,64,seed2,2,train_loss,34,0.28096179320262027
sgboba 64 abm2,aboba,64,seed2,2,train_loss,35,0.2641104552007857
sgboba 64 abm2,aboba,64,seed2,2,train_loss,36,0.2517541030049324
sgboba 64 abm2,aboba,64,seed2,2,train_loss,37,0.24717268230099426
sgboba 64 abm2,aboba,64,seed2,2,train_loss,38,0.24231616141540663
sgboba 64 abm2,aboba,64,seed2,2,train_loss,39,0.24019665022691092
sgboba 64 abm2,aboba,64,seed3,2,train_loss,0,2.9430581535339355
sgboba 64 abm2,aboba,64,seed3,2,train_loss,1,2.239749903488159
sgboba 64 abm2,aboba,64,seed3,2,train_loss,2,2.853931000137329
sgboba 64 abm2,aboba,64,seed3,2,train_loss,3,2.5384558529908214
sgboba 64 abm2,aboba,64,seed3,2,train_loss,4,2.324901911539909
sgboba 64 abm2,aboba,64,seed3,2,train_loss,5,2.1573734672046174
sgboba 64 abm2,aboba,64,seed3,2,train_loss,6,2.0592048976267754
sgboba 64 abm2,aboba,64,seed3,2,train_loss,7,1.9713771769108663
sgboba 64 abm2,aboba,64,seed3,2,train_loss,8,1.9133669859025537
sgboba 64 abm2,aboba,64,seed3,2,train_loss,9,1.8645038702050034
sgboba 64 abm2,aboba,64,seed3,2,train_loss,10,1.809521020835077
sgboba 64 abm2,aboba,64,seed3,2,train_loss,11,1.767702949766267
sgboba 64 abm2,aboba,64,seed3,2,train_loss,12,1.7073287320227677
sgboba 64 abm2,aboba,64,seed3,2,train_loss,13,1.6538414783157378
sgboba 64 abm2,aboba,64,seed3,2,train_loss,14,1.6073686479298241
sgboba 64 abm2,aboba,64,seed3,2,train_loss,15,1.5550171304256357
sgboba 64 abm2,aboba,64,seed3,2,train_loss,16,1.4820873509005608
sgboba 64 abm2,aboba,64,seed3,2,train_loss,17,1.4246553374874977
sgboba 64 abm2,aboba,64,seed3,2,train_loss,18,1.3486674805578676
sgboba 64 abm2,aboba,64,seed3,2,train_loss,19,1.2827731919836025
sgboba 64 abm2,aboba,64,seed3,2,train_loss,20,1.2131769212542987
sgboba 64 abm2,aboba,64,seed3,2,train_loss,21,1.1262285383015613
sgboba 64 abm2,aboba,64,seed3,2,train_loss,22,1.0503190363370456
sgboba 64 abm2,aboba,64,seed3,2,train_loss,23,0.9602757096290588
sgboba 64 abm2,aboba,64,seed3,2,train_loss,24,0.8752750739401813
sgboba 64 abm2,aboba,64,seed3,2,train_loss,25,0.7888141674884959
sgboba 64 abm2,aboba,64,seed3,2,train_loss,26,0.7088130482104646
sgboba 64 abm2,aboba,64,seed3,2,train_loss,27,0.6274527229541956
sgboba 64 abm2,aboba,64,seed3,2,train_loss,28,0.5451031932559038
sgboba 64 abm2,aboba,64,seed3,2,train_loss,29,0.48242754159971724
sgboba 64 abm2,aboba,64,seed3,2,train_loss,30,0.4153079847364049
sgboba 64 abm2,aboba,64,seed3,2,train_loss,31,0.3704286433813226
sgboba 64 abm2,aboba,64,seed3,2,train_loss,32,0.32688517349639107
sgboba 64 abm2,aboba,64,seed3,2,train_loss,33,0.291924346120734
sgboba 64 abm2,aboba,64,seed3,2,train_loss,34,0.2679783852794502
sgboba 64 abm2,aboba,64,seed3,2,train_loss,35,0.2559210581239313
sgboba 64 abm2,aboba,64,seed3,2,train_loss,36,0.24318800628185272
sgboba 64 abm2,aboba,64,seed3,2,train_loss,37,0.23603705669704236
sgboba 64 abm2,aboba,64,seed3,2,train_loss,38,0.23426142920340812
sgboba 64 abm2,aboba,64,seed3,2,train_loss,39,0.22936927136920748
sgboba 64 abm4,aboba,64,seed1,4,train_loss,0,2.9318379776000976
sgboba 64 abm4,aboba,64,seed1,4,train_loss,1,2.2320824003219606
sgboba 64 abm4,aboba,64,seed1,4,train_loss,2,2.0455211945886265
sgboba 64 abm4,aboba,64,seed1,4,train_loss,3,1.8759121706964375
sgboba 64 abm4,aboba,64,seed1,4,train_loss,4,1.7528492438032273
sgboba 64 abm4,aboba,64,seed1,4,train_loss,5,1.6549883245019352
sgboba 64 abm4,aboba,64,seed1,4,train_loss,6,1.5830647936280893
sgboba 64 abm4,aboba,64,seed1,4,train_loss,7,1.5234081992686122
sgboba 64 abm4,aboba,64,seed1,4,train_loss,8,1.4679124509910342
sgboba 64 abm4,aboba,64,seed1,4,train_loss,9,1.4125957983912845
sgboba 64 abm4,aboba,64,seed1,4,train_loss,10,1.356737112209248
sgboba 64 abm4,aboba,64,seed1,4,train_loss,11,1.2939367288410073
sgboba 64 abm4,aboba,64,seed1,4,train_loss,12,1.2456857103252739
sgboba 64 abm4,aboba,64,seed1,4,train_loss,13,1.1884492473363022
sgboba 64 abm4,aboba,64,seed1,4,train_loss,14,1.1302266254353879
sgboba 64 abm4,aboba,64,seed1,4,train_loss,15,1.0746215698309243
sgboba 64 abm4,aboba,64,seed1,4,train_loss,16,1.0114994046639423
sgboba 64 abm4,aboba,64,seed1,4,train_loss,17,0.9461680272106449
sgboba 64 abm4,aboba,64,seed1,4,train_loss,18,0.8741833779725943
sgboba 64 abm4,aboba,64,seed1,4,train_loss,19,0.7885749388308753
sgboba 64 abm4,aboba,64,seed1,4,train_loss,20,0.7239006331562996
sgboba 64 abm4,aboba,64,seed1,4,train_loss,21,0.6420472653642777
sgboba 64 abm4,aboba,64,seed1,4,train_loss,22,0.5757412215641566
sgboba 64 abm4,aboba,64,seed1,4,train_loss,23,0.4924661890592104
sgboba 64 abm4,aboba,64,seed1,4,train_loss,24,0.4207387562592824
sgboba 64 abm4,aboba,64,seed1,4,train_loss,25,0.3563529270158397
sgboba 64 abm4,aboba,64,seed1,4,train_loss,26,0.3033285392081644
sgboba 64 abm4,aboba,64,seed1,4,train_loss,27,0.2566063589375952
sgboba 64 abm4,aboba,64,seed1,4,train_loss,28,0.21538019796403554
sgboba 64 abm4,aboba,64,seed1,4,train_loss,29,0.1868438595725644
sgboba 64 abm4,aboba,64,seed1,4,train_loss,30,0.15981049053830865
sgboba 64 abm4,aboba,64,seed1,4,train_loss,31,0.1470346104511073
sgboba 64 abm4,aboba,64,seed1,4,train_loss,32,0.13604490086436272
sgboba 64 abm4,aboba,64,seed1,4,train_loss,33,0.12463048785924911
sgboba 64 abm4,aboba,64,seed1,4,train_loss,34,0.12110923703123884
sgboba 64 abm4,aboba,64,seed1,4,train_loss,35,0.11498536774888635
sgboba 64 abm4,aboba,64,seed1,4,train_loss,36,0.11604388386011123
sgboba 64 abm4,aboba,64,seed1,4,train_loss,37,0.11431449734502369
sgboba 64 abm4,aboba,64,seed1,4,train_loss,38,0.11130963093959369
sgboba 64 abm4,aboba,64,seed1,4,train_loss,39,0.11520842214425404
sgboba 64 abm4,aboba,64,seed2,4,train_loss,0,2.9467644161224364
sgboba 64 abm4,aboba,64,seed2,4,train_loss,1,2.387134379386902
sgboba 64 abm4,aboba,64,seed2,4,train_loss,2,2.2047621353187754
sgboba 64 abm4,aboba,64,seed2,4,train_loss,3,2.0282066490838524
sgboba 64 abm4,aboba,64,seed2,4,train_loss,4,1.848380482998215
sgboba 64 abm4,aboba,64,seed2,4,train_loss,5,1.7291649161818903
sgboba 64 abm4,aboba,64,seed2,4,train_loss,6,1.6250512343645096
sgboba 64 abm4,aboba,64,seed2,4,train_loss,7,1.5557271277297278
sgboba 64 abm4,aboba,64,seed2,4,train_loss,8,1.4962995089803424
sgboba 64 abm4,aboba,64,seed2,4,train_loss,9,1.4361707737951568
sgboba 64 abm4,aboba,64,seed2,4,train_loss,10,1.3793064457384945
sgboba 64 abm4,aboba,64,seed2,4,train_loss,11,1.3204660992024362
sgboba 64 abm4,aboba,64,seed2,4,train_loss,12,1.2690163331048299
sgboba 64 abm4,aboba,64,seed2,4,train_loss,13,1.2152947155378198
sgboba 64 abm4,aboba,64,seed2,4,train_loss,14,1.1663370493211245
sgboba 64 abm4,aboba,64,seed2,4,train_loss,15,1.1000690346118063
sgboba 64 abm4,aboba,64,seed2,4,train_loss,16,1.026807486275096
sgboba 64 abm4,aboba,64,seed2,4,train_loss,17,0.9697384079638469
sgboba 64 abm4,aboba,64,seed2,4,train_loss,18,0.8986094997687774
sgboba 64 abm4,aboba,64,seed2,4,train_loss,19,0.8210603942711387
sgboba 64 abm4,aboba,64,seed2,4,train_loss,20,0.7406275796167778
sgboba 64 abm4,aboba,64,seed2,4,train_loss,21,0.6796935474550402
sgboba 64 abm4,aboba,64,seed2,4,train_loss,22,0.6057795268951813
sgboba 64 abm4,aboba,64,seed2,4,train_loss,23,0.5279404180124402
sgboba 64 abm4,aboba,64,seed2,4,train_loss,24,0.4513009830315908
sgboba 64 abm4,aboba,64,seed2,4,train_loss,25,0.38868226650832355
sgboba 64 abm4,aboba,64,seed2,4,train_loss,26,0.3288057283276603
sgboba 64 abm4,aboba,64,seed2,4,train_loss,27,0.2787283823541973
sgboba 64 abm4,aboba,64,seed2,4,train_loss,28,0.23936650605456342
sgboba 64 abm4,aboba,64,seed2,4,train_loss,29,0.20851526700932047
sgboba 64 abm4,aboba,64,seed2,4,train_loss,30,0.18256854265928268
sgboba 64 abm4,aboba,64,seed2,4,train_loss,31,0.16459771831120765
sgboba 64 abm4,aboba,64,seed2,4,train_loss,32,0.14862832476695378
sgboba 64 abm4,aboba,64,seed2,4,train_loss,33,0.14082030981779098
sgboba 64 abm4,aboba,64,seed2,4,train_loss,34,0.13589137828931575
sgboba 64 abm4,aboba,64,seed2,4,train_loss,35,0.1325610438361764
sgboba 64 abm4,aboba,64,seed2,4,train_loss,36,0.1275931385656198
sgboba 64 abm4,aboba,64,seed2,4,train_loss,37,0.1280193068087101
sgboba 64 abm4,aboba,64,seed2,4,train_loss,38,0.1268401535657736
sgboba 64 abm4,aboba,64,seed2,4,train_loss,39,0.12401063823037678
sgboba 64 abm4,aboba,64,seed3,4,train_loss,0,2.9430581535339355
sgboba 64 abm4,aboba,64,seed3,4,train_loss,1,2.239749903488159
sgboba 64 abm4,aboba,64,seed3,4,train_loss,2,2.0812497590615497
sgboba 64 abm4,aboba,64,seed3,4,train_loss,3,1.9117859959826013
sgboba 64 abm4,aboba,64,seed3,4,train_loss,4,1.7706521371577648
sgboba 64 abm4,aboba,64,seed3,4,train_loss,5,1.6775842103847238
sgboba 64 abm4,aboba,64,seed3,4,train_loss,6,1.5935145774666144
sgboba 64 abm4,aboba,64,seed3,4,train_loss,7,1.5224013569576493
sgboba 64 abm4,aboba,64,seed3,4,train_loss,8,1.4665173072292756
sgboba 64 abm4,aboba,64,seed3,4,train_loss,9,1.417229049133532
sgboba 64 abm4,aboba,64,seed3,4,train_loss,10,1.3572092646680043
sgboba 64 abm4,aboba,64,seed3,4,train_loss,11,1.3131813930206173
sgboba 64 abm4,aboba,64,seed3,4,train_loss,12,1.257795439348188
sgboba 64 abm4,aboba,64,seed3,4,train_loss,13,1.1995986319784622
sgboba 64 abm4,aboba,64,seed3,4,train_loss,14,1.1340338763461184
sgboba 64 abm4,aboba,64,seed3,4,train_loss,15,1.0705689704045653
sgboba 64 abm4,aboba,64,seed3,4,train_loss,16,1.012343594249414
sgboba 64 abm4,aboba,64,seed3,4,train_loss,17,0.9374625808719931
sgboba 64 abm4,aboba,64,seed3,4,train_loss,18,0.8711596864300806
sgboba 64 abm4,aboba,64,seed3,4,train_loss,19,0.8023572216193642
sgboba 64 abm4,aboba,64,seed3,4,train_loss,20,0.7324102752738528
sgboba 64 abm4,aboba,64,seed3,4,train_loss,21,0.6492162947693179
sgboba 64 abm4,aboba,64,seed3,4,train_loss,22,0.5831230591083395
sgboba 64 abm4,aboba,64,seed3,4,train_loss,23,0.5018862507961415
sgboba 64 abm4,aboba,64,seed3,4,train_loss,24,0.4291205228559229
sgboba 64 abm4,aboba,64,seed3,4,train_loss,25,0.37544377158871656
sgboba 64 abm4,aboba,64,seed3,4,train_loss,26,0.30759474221203065
sgboba 64 abm4,aboba,64,seed3,4,train_loss,27,0.2649159958136493
sgboba 64 abm4,aboba,64,seed3,4,train_loss,28,0.22725570760667324
sgboba 64 abm4,aboba,64,seed3,4,train_loss,29,0.19353575097477954
sgboba 64 abm4,aboba,64,seed3,4,train_loss,30,0.16829873021782898
sgboba 64 abm4,aboba,64,seed3,4,train_loss,31,0.15493900538750097
sgboba 64 abm4,aboba,64,seed3,4,train_loss,32,0.13890381542344887
sgboba 64 abm4,aboba,64,seed3,4,train_loss,33,0.1337561632692814
sgboba 64 abm4,aboba,64,seed3,4,train_loss,34,0.12572017312049866
sgboba 64 abm4,aboba,64,seed3,4,train_loss,35,0.1226977322137717
sgboba 64 abm4,aboba,64,seed3,4,train_loss,36,0.12111119329929351
sgboba 64 abm4,aboba,64,seed3,4,train_loss,37,0.12097852966851658
sgboba 64 abm4,aboba,64,seed3,4,train_loss,38,0.11829106509685516
sgboba 64 abm4,aboba,64,seed3,4,train_loss,39,0.11609821021556854
sgboba 64 abm8,aboba,64,seed1,8,train_loss,0,2.9318379776000976
sgboba 64 abm8,aboba,64,seed1,8,train_loss,1,2.2320824003219606
sgboba 64 abm8,aboba,64,seed1,8,train_loss,2,1.74689514605519
sgboba 64 abm8,aboba,64,seed1,8,train_loss,3,1.5785586570438586
sgboba 64 abm8,aboba,64,seed1,8,train_loss,4,1.4410465624867654
sgboba 64 abm8,aboba,64,seed1,8,train_loss,5,1.3274105315738254
sgboba 64 abm8,aboba,64,seed1,8,train_loss,6,1.2443875542708807
sgboba 64 abm8,aboba,64,seed1,8,train_loss,7,1.1620481140050456
sgboba 64 abm8,aboba,64,seed1,8,train_loss,8,1.0938337229667825
sgboba 64 abm8,aboba,64,seed1,8,train_loss,9,1.027847033306207
sgboba 64 abm8,aboba,64,seed1,8,train_loss,10,0.9679284504679746
sgboba 64 abm8,aboba,64,seed1,8,train_loss,11,0.9068015264742302
sgboba 64 abm8,aboba,64,seed1,8,train_loss,12,0.8534855872769899
sgboba 64 abm8,aboba,64,seed1,8,train_loss,13,0.7842385367552439
sgboba 64 abm8,aboba,64,seed1,8,train_loss,14,0.7214769269857142
sgboba 64 abm8,aboba,64,seed1,8,train_loss,15,0.6643959685512211
sgboba 64 abm8,aboba,64,seed1,8,train_loss,16,0.609297230043484
sgboba 64 abm8,aboba,64,seed1,8,train_loss,17,0.5444421656131745
sgboba 64 abm8,aboba,64,seed1,8,train_loss,18,0.49049182373936434
sgboba 64 abm8,aboba,64,seed1,8,train_loss,19,0.42123953625559807
sgboba 64 abm8,aboba,64,seed1,8,train_loss,20,0.37123305218242036
sgboba 64 abm8,aboba,64,seed1,8,train_loss,21,0.31275122463703153
sgboba 64 abm8,aboba,64,seed1,8,train_loss,22,0.2687719232157657
sgboba 64 abm8,aboba,64,seed1,8,train_loss,23,0.2387839679352262
sgboba 64 abm8,aboba,64,seed1,8,train_loss,24,0.20421173966225284
sgboba 64 abm8,aboba,64,seed1,8,train_loss,25,0.17556236252972954
sgboba 64 abm8,aboba,64,seed1,8,train_loss,26,0.15278123038402502
sgboba 64 abm8,aboba,64,seed1,8,train_loss,27,0.13886289381318623
sgboba 64 abm8,aboba,64,seed1,8,train_loss,28,0.12308186319257532
sgboba 64 abm8,aboba,64,seed1,8,train_loss,29,0.1140766267478466
sgboba 64 abm8,aboba,64,seed1,8,train_loss,30,0.10645306716824687
sgboba 64 abm8,aboba,64,seed1,8,train_loss,31,0.1013370641582721
sgboba 64 abm8,aboba,64,seed1,8,train_loss,32,0.0982359412216371
sgboba 64 abm8,aboba,64,seed1,8,train_loss,33,0.095395727455616
sgboba 64 abm8,aboba,64,seed1,8,train_loss,34,0.09346405379474163
sgboba 64 abm8,aboba,64,seed1,8,train_loss,35,0.09294321900233626
sgboba 64 abm8,aboba,64,seed1,8,train_loss,36,0.09339126323660214
sgboba 64 abm8,aboba,64,seed1,8,train_loss,37,0.09312996102703942
sgboba 64 abm8,aboba,64,seed1,8,train_loss,38,0.09181446002589332
sgboba 64 abm8,aboba,64,seed1,8,train_loss,39,0.09379854136043125
sgboba 64 abm8,aboba,64,seed2,8,train_loss,0,2.9467644161224364
sgboba 64 abm8,aboba,64,seed2,8,train_loss,1,2.387134379386902
sgboba 64 abm8,aboba,64,seed2,8,train_loss,2,1.8222883077892098
sgboba 64 abm8,aboba,64,seed2,8,train_loss,3,1.6427479023785936
sgboba 64 abm8,aboba,64,seed2,8,train_loss,4,1.5032496738433838
sgboba 64 abm8,aboba,64,seed2,8,train_loss,5,1.3762211544544936
sgboba 64 abm8,aboba,64,seed2,8,train_loss,6,1.2832286951127747
sgboba 64 abm8,aboba,64,seed2,8,train_loss,7,1.2060413962572962
sgboba 64 abm8,aboba,64,seed2,8,train_loss,8,1.132985339352959
sgboba 64 abm8,aboba,64,seed2,8,train_loss,9,1.0646452562676536
sgboba 64 abm8,aboba,64,seed2,8,train_loss,10,0.9969592413236928
sgboba 64 abm8,aboba,64,seed2,8,train_loss,11,0.9433676451444626
sgboba 64 abm8,aboba,64,seed2,8,train_loss,12,0.8745589727842356
sgboba 64 abm8,aboba,64,seed2,8,train_loss,13,0.8231559852759044
sgboba 64 abm8,aboba,64,seed2,8,train_loss,14,0.7528288702031115
sgboba 64 abm8,aboba,64,seed2,8,train_loss,15,0.7034606350504834
sgboba 64 abm8,aboba,64,seed2,8,train_loss,16,0.6269605553332176
sgboba 64 abm8,aboba,64,seed2,8,train_loss,17,0.5718860726356506
sgboba 64 abm8,aboba,64,seed2,8,train_loss,18,0.5116170038611202
sgboba 64 abm8,aboba,64,seed2,8,train_loss,19,0.45028434188238214
sgboba 64 abm8,aboba,64,seed2,8,train_loss,20,0.39624346483428524
sgboba 64 abm8,aboba,64,seed2,8,train_loss,21,0.34121246876740696
sgboba 64 abm8,aboba,64,seed2,8,train_loss,22,0.29350060890329643
sgboba 64 abm8,aboba,64,seed2,8,train_loss,23,0.2579042301780876
sgboba 64 abm8,aboba,64,seed2,8,train_loss,24,0.2272073205238507
sgboba 64 abm8,aboba,64,seed2,8,train_loss,25,0.19781056771407257
sgboba 64 abm8,aboba,64,seed2,8,train_loss,26,0.17052096873521805
sgboba 64 abm8,aboba,64,seed2,8,train_loss,27,0.15036072521921126
sgboba 64 abm8,aboba,64,seed2,8,train_loss,28,0.1361393009179405
sgboba 64 abm8,aboba,64,seed2,8,train_loss,29,0.12900158524513244
sgboba 64 abm8,aboba,64,seed2,8,train_loss,30,0.1168550934110369
sgboba 64 abm8,aboba,64,seed2,8,train_loss,31,0.11509453858199872
sgboba 64 abm8,aboba,64,seed2,8,train_loss,32,0.10780736953020095
sgboba 64 abm8,aboba,64,seed2,8,train_loss,33,0.1071506105363369
sgboba 64 abm8,aboba,64,seed2,8,train_loss,34,0.10329649485647678
sgboba 64 abm8,aboba,64,seed2,8,train_loss,35,0.10443889747063319
sgboba 64 abm8,aboba,64,seed2,8,train_loss,36,0.10293618928302418
sgboba 64 abm8,aboba,64,seed2,8,train_loss,37,0.10216775702105628
sgboba 64 abm8,aboba,64,seed2,8,train_loss,38,0.10224893358018664
sgboba 64 abm8,aboba,64,seed2,8,train_loss,39,0.10119040889872445
sgboba 64 abm8,aboba,64,seed3,8,train_loss,0,2.9430581535339355
sgboba 64 abm8,aboba,64,seed3,8,train_loss,1,2.239749903488159
sgboba 64 abm8,aboba,64,seed3,8,train_loss,2,1.7794691005824832
sgboba 64 abm8,aboba,64,seed3,8,train_loss,3,1.5873379259778742
sgboba 64 abm8,aboba,64,seed3,8,train_loss,4,1.4543470480004135
sgboba 64 abm8,aboba,64,seed3,8,train_loss,5,1.3372155592176649
sgboba 64 abm8,aboba,64,seed3,8,train_loss,6,1.2527372955710967
sgboba 64 abm8,aboba,64,seed3,8,train_loss,7,1.1729420803899142
sgboba 64 abm8,aboba,64,seed3,8,train_loss,8,1.1060833388535434
sgboba 64 abm8,aboba,64,seed3,8,train_loss,9,1.0401469339927039
sgboba 64 abm8,aboba,64,seed3,8,train_loss,10,0.9661182778519254
sgboba 64 abm8,aboba,64,seed3,8,train_loss,11,0.9200647289102728
sgboba 64 abm8,aboba,64,seed3,8,train_loss,12,0.8550939032226611
sgboba 64 abm8,aboba,64,seed3,8,train_loss,13,0.794406338243295
sgboba 64 abm8,aboba,64,seed3,8,train_loss,14,0.7437730100419786
sgboba 64 abm8,aboba,64,seed3,8,train_loss,15,0.6732276995686719
sgboba 64 abm8,aboba,64,seed3,8,train_loss,16,0.6236987957972606
sgboba 64 abm8,aboba,64,seed3,8,train_loss,17,0.5589283282756805
sgboba 64 abm8,aboba,64,seed3,8,train_loss,18,0.4937337227797104
sgboba 64 abm8,aboba,64,seed3,8,train_loss,19,0.43247457415656704
sgboba 64 abm8,aboba,64,seed3,8,train_loss,20,0.3862757485046565
sgboba 64 abm8,aboba,64,seed3,8,train_loss,21,0.3283592581447929
sgboba 64 abm8,aboba,64,seed3,8,train_loss,22,0.2872749487036153
sgboba 64 abm8,aboba,64,seed3,8,train_loss,23,0.24854172749080877
sgboba 64 abm8,aboba,64,seed3,8,train_loss,24,0.21016664839821098
sgboba 64 abm8,aboba,64,seed3,8,train_loss,25,0.18141458332538604
sgboba 64 abm8,aboba,64,seed3,8,train_loss,26,0.1587938419817125
sgboba 64 abm8,aboba,64,seed3,8,train_loss,27,0.14203918136415944
sgboba 64 abm8,aboba,64,seed3,8,train_loss,28,0.12810328163738763
sgboba 64 abm8,aboba,64,seed3,8,train_loss,29,0.11778458029031753
sgboba 64 abm8,aboba,64,seed3,8,train_loss,30,0.11076452496439912
sgboba 64 abm8,aboba,64,seed3,8,train_loss,31,0.1044535457685187
sgboba 64 abm8,aboba,64,seed3,8,train_loss,32,0.09868134942746931
sgboba 64 abm8,aboba,64,seed3,8,train_loss,33,0.09996067016170575
sgboba 64 abm8,aboba,64,seed3,8,train_loss,34,0.09659249037504196
sgboba 64 abm8,aboba,64,seed3,8,train_loss,35,0.09755550722281138
sgboba 64 abm8,aboba,64,seed3,8,train_loss,36,0.09538172049955888
sgboba 64 abm8,aboba,64,seed3,8,train_loss,37,0.09520902898576525
sgboba 64 abm8,aboba,64,seed3,8,train_loss,38,0.09400874790218142
sgboba 64 abm8,aboba,64,seed3,8,train_loss,39,0.09608954936265945
sgd 16,basic,16,seed1,,train_loss,0,4.235084781932831
sgd 16,basic,16,seed1,,train_loss,1,4.011624086952209
sgd 16,basic,16,seed1,,train_loss,2,3.7114215527534484
sgd 16,basic,16,seed1,,train_loss,3,3.541941913318634
sgd 16,basic,16,seed1,,train_loss,4,3.3927372002601626
sgd 16,basic,16,seed1,,train_loss,5,3.283431978225708
sgd 16,basic,16,seed1,,train_loss,6,3.2219429508209227
sgd 16,basic,16,seed1,,train_loss,7,3.1714246753692628
sgd 16,basic,16,seed1,,train_loss,8,3.1205436228752137
sgd 16,basic,16,seed1,,train_loss,9,3.0875885828971863
sgd 16,basic,16,seed1,,train_loss,10,3.049188152742386
sgd 16,basic,16,seed1,,train_loss,11,3.014751862335205
sgd 16,basic,16,seed1,,train_loss,12,2.9716543235301973
sgd 16,basic,16,seed1,,train_loss,13,2.9367201271533965
sgd 16,basic,16,seed1,,train_loss,14,2.9110583379268644
sgd 16,basic,16,seed1,,train_loss,15,2.8779565615177156
sgd 16,basic,16,seed1,,train_loss,16,2.8379713914394378
sgd 16,basic,16,seed1,,train_loss,17,2.8068528175354004
sgd 16,basic,16,seed1,,train_loss,18,2.7675580397605897
sgd 16,basic,16,seed1,,train_loss,19,2.734482047557831
sgd 16,basic,16,seed1,,train_loss,20,2.691420635318756
sgd 16,basic,16,seed1,,train_loss,21,2.643945057439804
sgd 16,basic,16,seed1,,train_loss,22,2.5962674807548525
sgd 16,basic,16,seed1,,train_loss,23,2.561716176700592
sgd 16,basic,16,seed1,,train_loss,24,2.5001386109828947
sgd 16,basic,16,seed1,,train_loss,25,2.4474959456920624
sgd 16,basic,16,seed1,,train_loss,26,2.395368957090378
sgd 16,basic,16,seed1,,train_loss,27,2.33726049323082
sgd 16,basic,16,seed1,,train_loss,28,2.2884340240955354
sgd 16,basic,16,seed1,,train_loss,29,2.219519526576996
sgd 16,basic,16,seed1,,train_loss,30,2.1502129212856294
sgd 16,basic,16,seed1,,train_loss,31,2.088544976592064
sgd 16,basic,16,seed1,,train_loss,32,2.0174225291728973
sgd 16,basic,16,seed1,,train_loss,33,1.9450558747291564
sgd 16,basic,16,seed1,,train_loss,34,1.8740043429374695
sgd 16,basic,16,seed1,,train_loss,35,1.7976964328527452
sgd 16,basic,16,seed1,,train_loss,36,1.7294533284902573
sgd 16,basic,16,seed1,,train_loss,37,1.6620643011569978
sgd 16,basic,16,seed1,,train_loss,38,1.6028618022918701
sgd 16,basic,16,seed1,,train_loss,39,1.5614450246572495
sgd 16,basic,16,seed2,,train_loss,0,4.182268056869507
sgd 16,basic,16,seed2,,train_loss,1,3.8534983903884887
sgd 16,basic,16,seed2,,train_loss,2,3.5478193225860597
sgd 16,basic,16,seed2,,train_loss,3,3.3889327668190004
sgd 16,basic,16,seed2,,train_loss,4,3.2789588391304014
sgd 16,basic,16,seed2,,train_loss,5,3.2031922594070434
sgd 16,basic,16,seed2,,train_loss,6,3.139169327926636
sgd 16,basic,16,seed2,,train_loss,7,3.1018133805274966
sgd 16,basic,16,seed2,,train_loss,8,3.0672838353157044
sgd 16,basic,16,seed2,,train_loss,9,3.0251185548305513
sgd 16,basic,16,seed2,,train_loss,10,3.000442085123062
sgd 16,basic,16,seed2,,train_loss,11,2.9630698370933533
sgd 16,basic,16,seed2,,train_loss,12,2.9261549196720122
sgd 16,basic,16,seed2,,train_loss,13,2.896112296819687
sgd 16,basic,16,seed2,,train_loss,14,2.861016523075104
sgd 16,basic,16,seed2,,train_loss,15,2.830841782283783
sgd 16,basic,16,seed2,,train_loss,16,2.796199237155914
sgd 16,basic,16,seed2,,train_loss,17,2.7717904298305513
sgd 16,basic,16,seed2,,train_loss,18,2.7298064015865324
sgd 16,basic,16,seed2,,train_loss,19,2.684864187383652
sgd 16,basic,16,seed2,,train_loss,20,2.645781948041916
sgd 16,basic,16,seed2,,train_loss,21,2.612677450656891
sgd 16,basic,16,seed2,,train_loss,22,2.5594118378162385
sgd 16,basic,16,seed2,,train_loss,23,2.5119554748535156
sgd 16,basic,16,seed2,,train_loss,24,2.4689609557151795
sgd 16,basic,16,seed2,,train_loss,25,2.4178005584716797
sgd 16,basic,16,seed2,,train_loss,26,2.3632928087711336
sgd 16,basic,16,seed2,,train_loss,27,2.3073839826107023
sgd 16,basic,16,seed2,,train_loss,28,2.2370206374168395
sgd 16,basic,16,seed2,,train_loss,29,2.1875773562431338
sgd 16,basic,16,seed2,,train_loss,30,2.1175383127689362
sgd 16,basic,16,seed2,,train_loss,31,2.049560559272766
sgd 16,basic,16,seed2,,train_loss,32,1.967709410381317
sgd 16,basic,16,seed2,,train_loss,33,1.8976891919374466
sgd 16,basic,16,seed2,,train_loss,34,1.8306041208267212
sgd 16,basic,16,seed2,,train_loss,35,1.7436883280038833
sgd 16,basic,16,seed2,,train_loss,36,1.6646997963666916
sgd 16,basic,16,seed2,,train_loss,37,1.6021664195537566
sgd 16,basic,16,seed2,,train_loss,38,1.5412736736536026
sgd 16,basic,16,seed2,,train_loss,39,1.4935030618190765
sgd 16,basic,16,seed3,,train_loss,0,4.371077647972107
sgd 16,basic,16,seed3,,train_loss,1,3.849096556854248
sgd 16,basic,16,seed3,,train_loss,2,3.5347175757408142
sgd 16,basic,16,seed3,,train_loss,3,3.345747473907471
sgd 16,basic,16,seed3,,train_loss,4,3.2330687458992005
sgd 16,basic,16,seed3,,train_loss,5,3.1607235019683837
sgd 16,basic,16,seed3,,train_loss,6,3.1008435797691347
sgd 16,basic,16,seed3,,train_loss,7,3.054790140533447
sgd 16,basic,16,seed3,,train_loss,8,3.026825589942932
sgd 16,basic,16,seed3,,train_loss,9,2.980419380903244
sgd 16,basic,16,seed3,,train_loss,10,2.9523255118846894
sgd 16,basic,16,seed3,,train_loss,11,2.922107931137085
sgd 16,basic,16,seed3,,train_loss,12,2.896591403055191
sgd 16,basic,16,seed3,,train_loss,13,2.85442787027359
sgd 16,basic,16,seed3,,train_loss,14,2.8282445313453675
sgd 16,basic,16,seed3,,train_loss,15,2.7983891119480133
sgd 16,basic,16,seed3,,train_loss,16,2.7558470423698425
sgd 16,basic,16,seed3,,train_loss,17,2.7290330358028414
sgd 16,basic,16,seed3,,train_loss,18,2.6930777601242064
sgd 16,basic,16,seed3,,train_loss,19,2.65889537525177
sgd 16,basic,16,seed3,,train_loss,20,2.6256354970932008
sgd 16,basic,16,seed3,,train_loss,21,2.5695395446300506
sgd 16,basic,16,seed3,,train_loss,22,2.5355235804080962
sgd 16,basic,16,seed3,,train_loss,23,2.49586640496254
sgd 16,basic,16,seed3,,train_loss,24,2.4409103502750398
sgd 16,basic,16,seed3,,train_loss,25,2.3937632408618925
sgd 16,basic,16,seed3,,train_loss,26,2.340146168279648
sgd 16,basic,16,seed3,,train_loss,27,2.2744904851436614
sgd 16,basic,16,seed3,,train_loss,28,2.226327313709259
sgd 16,basic,16,seed3,,train_loss,29,2.1684220524311066
sgd 16,basic,16,seed3,,train_loss,30,2.0960581243991854
sgd 16,basic,16,seed3,,train_loss,31,2.0276279047489165
sgd 16,basic,16,seed3,,train_loss,32,1.9551501518726349
sgd 16,basic,16,seed3,,train_loss,33,1.8687996673583984
sgd 16,basic,16,seed3,,train_loss,34,1.7952756326436996
sgd 16,basic,16,seed3,,train_loss,35,1.734493464231491
sgd 16,basic,16,seed3,,train_loss,36,1.6434501989126205
sgd 16,basic,16,seed3,,train_loss,37,1.578006988954544
sgd 16,basic,16,seed3,,train_loss,38,1.5271570077300072
sgd 16,basic,16,seed3,,train_loss,39,1.4764232662439347
sgd 256,basic,256,seed1,,train_loss,0,3.354953600342866
sgd 256,basic,256,seed1,,train_loss,1,2.1446421298251788
sgd 256,basic,256,seed1,,train_loss,2,1.824954389766523
sgd 256,basic,256,seed1,,train_loss,3,1.6208226361851783
sgd 256,basic,256,seed1,,train_loss,4,1.4854713761882417
sgd 256,basic,256,seed1,,train_loss,5,1.3677122456252955
sgd 256,basic,256,seed1,,train_loss,6,1.2581159096614571
sgd 256,basic,256,seed1,,train_loss,7,1.1894973106445021
sgd 256,basic,256,seed1,,train_loss,8,1.1127415257654372
sgd 256,basic,256,seed1,,train_loss,9,1.0509615980895461
sgd 256,basic,256,seed1,,train_loss,10,0.9774325455829596
sgd 256,basic,256,seed1,,train_loss,11,0.9298721658196419
sgd 256,basic,256,seed1,,train_loss,12,0.8715003064483594
sgd 256,basic,256,seed1,,train_loss,13,0.8251307014447109
sgd 256,basic,256,seed1,,train_loss,14,0.758052539293933
sgd 256,basic,256,seed1,,train_loss,15,0.7126219572534986
sgd 256,basic,256,seed1,,train_loss,16,0.6684865412438751
sgd 256,basic,256,seed1,,train_loss,17,0.62365235492682
sgd 256,basic,256,seed1,,train_loss,18,0.5671078173597907
sgd 256,basic,256,seed1,,train_loss,19,0.5102315095199901
sgd 256,basic,256,seed1,,train_loss,20,0.46707349142451193
sgd 256,basic,256,seed1,,train_loss,21,0.4183627179094181
sgd 256,basic,256,seed1,,train_loss,22,0.36656139572714547
sgd 256,basic,256,seed1,,train_loss,23,0.3286461628926028
sgd 256,basic,256,seed1,,train_loss,24,0.2896149560904047
sgd 256,basic,256,seed1,,train_loss,25,0.24681276377219302
sgd 256,basic,256,seed1,,train_loss,26,0.22351013275848072
sgd 256,basic,256,seed1,,train_loss,27,0.19030574376985526
sgd 256,basic,256,seed1,,train_loss,28,0.17388011344299195
sgd 256,basic,256,seed1,,train_loss,29,0.1551462954301743
sgd 256,basic,256,seed1,,train_loss,30,0.1363302169332079
sgd 256,basic,256,seed1,,train_loss,31,0.12156942425070295
sgd 256,basic,256,seed1,,train_loss,32,0.11038174831373676
sgd 256,basic,256,seed1,,train_loss,33,0.1049614424823196
sgd 256,basic,256,seed1,,train_loss,34,0.0984385312315385
sgd 256,basic,256,seed1,,train_loss,35,0.09108276397084734
sgd 256,basic,256,seed1,,train_loss,36,0.0881791994877302
sgd 256,basic,256,seed1,,train_loss,37,0.08578406725150005
sgd 256,basic,256,seed1,,train_loss,38,0.0844746485447428
sgd 256,basic,256,seed1,,train_loss,39,0.08157754006089678
sgd 256,basic,256,seed2,,train_loss,0,3.2767940326860754
sgd 256,basic,256,seed2,,train_loss,1,2.1309000451094025
sgd 256,basic,256,seed2,,train_loss,2,1.817689411959071
sgd 256,basic,256,seed2,,train_loss,3,1.6229674034057908
sgd 256,basic,256,seed2,,train_loss,4,1.4780251865933656
sgd 256,basic,256,seed2,,train_loss,5,1.3618109613467173
sgd 256,basic,256,seed2,,train_loss,6,1.260217528434316
sgd 256,basic,256,seed2,,train_loss,7,1.1846377678737519
sgd 256,basic,256,seed2,,train_loss,8,1.1089231622446873
sgd 256,basic,256,seed2,,train_loss,9,1.0458058350405115
sgd 256,basic,256,seed2,,train_loss,10,0.9881915309626585
sgd 256,basic,256,seed2,,train_loss,11,0.9228388082449603
sgd 256,basic,256,seed2,,train_loss,12,0.859634521280884
sgd 256,basic,256,seed2,,train_loss,13,0.8148905558950582
sgd 256,basic,256,seed2,,train_loss,14,0.7687964420409719
sgd 256,basic,256,seed2,,train_loss,15,0.7133207435061217
sgd 256,basic,256,seed2,,train_loss,16,0.6660983820629728
sgd 256,basic,256,seed2,,train_loss,17,0.6180686967767728
sgd 256,basic,256,seed2,,train_loss,18,0.5705364678695704
sgd 256,basic,256,seed2,,train_loss,19,0.5194264574415365
sgd 256,basic,256,seed2,,train_loss,20,0.4748138608826194
sgd 256,basic,256,seed2,,train_loss,21,0.4121706468664157
sgd 256,basic,256,seed2,,train_loss,22,0.37794222915248504
sgd 256,basic,256,seed2,,train_loss,23,0.3307954907227474
sgd 256,basic,256,seed2,,train_loss,24,0.28703434528059263
sgd 256,basic,256,seed2,,train_loss,25,0.2550479575137424
sgd 256,basic,256,seed2,,train_loss,26,0.2292672445060341
sgd 256,basic,256,seed2,,train_loss,27,0.20320541606207562
sgd 256,basic,256,seed2,,train_loss,28,0.17803176070094867
sgd 256,basic,256,seed2,,train_loss,29,0.1575733324050144
sgd 256,basic,256,seed2,,train_loss,30,0.13799443257272623
sgd 256,basic,256,seed2,,train_loss,31,0.12645261298129512
sgd 256,basic,256,seed2,,train_loss,32,0.11650041780274385
sgd 256,basic,256,seed2,,train_loss,33,0.10723333264801913
sgd 256,basic,256,seed2,,train_loss,34,0.09959215969796394
sgd 256,basic,256,seed2,,train_loss,35,0.09464911437907796
sgd 256,basic,256,seed2,,train_loss,36,0.09349286750813199
sgd 256,basic,256,seed2,,train_loss,37,0.08977704305367865
sgd 256,basic,256,seed2,,train_loss,38,0.08604556656662066
sgd 256,basic,256,seed2,,train_loss,39,0.08310510956083134
sgd 256,basic,256,seed3,,train_loss,0,3.2807483885698256
sgd 256,basic,256,seed3,,train_loss,1,2.128224564206069
sgd 256,basic,256,seed3,,train_loss,2,1.804455107944027
sgd 256,basic,256,seed3,,train_loss,3,1.6109927338399705
sgd 256,basic,256,seed3,,train_loss,4,1.4753969133279885
sgd 256,basic,256,seed3,,train_loss,5,1.3576802432916726
sgd 256,basic,256,seed3,,train_loss,6,1.255922546811924
sgd 256,basic,256,seed3,,train_loss,7,1.1771290306073086
sgd 256,basic,256,seed3,,train_loss,8,1.1110860367489468
sgd 256,basic,256,seed3,,train_loss,9,1.0369852299143554
sgd 256,basic,256,seed3,,train_loss,10,0.9632822658605636
sgd 256,basic,256,seed3,,train_loss,11,0.9127842017040131
sgd 256,basic,256,seed3,,train_loss,12,0.8675151076286461
sgd 256,basic,256,seed3,,train_loss,13,0.8074410185692417
sgd 256,basic,256,seed3,,train_loss,14,0.7442259678415432
sgd 256,basic,256,seed3,,train_loss,15,0.7030684427850565
sgd 256,basic,256,seed3,,train_loss,16,0.6614941324398016
sgd 256,basic,256,seed3,,train_loss,17,0.6145468061896646
sgd 256,basic,256,seed3,,train_loss,18,0.5541054207807893
sgd 256,basic,256,seed3,,train_loss,19,0.5129130776900395
sgd 256,basic,256,seed3,,train_loss,20,0.46623789941429333
sgd 256,basic,256,seed3,,train_loss,21,0.41142890502692786
sgd 256,basic,256,seed3,,train_loss,22,0.3607709024362503
sgd 256,basic,256,seed3,,train_loss,23,0.32844509098939834
sgd 256,basic,256,seed3,,train_loss,24,0.2849778954390508
sgd 256,basic,256,seed3,,train_loss,25,0.24824744709737742
sgd 256,basic,256,seed3,,train_loss,26,0.22129695392717982
sgd 256,basic,256,seed3,,train_loss,27,0.19313107373987792
sgd 256,basic,256,seed3,,train_loss,28,0.16862177288835975
sgd 256,basic,256,seed3,,train_loss,29,0.14912594598569687
sgd 256,basic,256,seed3,,train_loss,30,0.13394765432473202
sgd 256,basic,256,seed3,,train_loss,31,0.12434808069923121
sgd 256,basic,256,seed3,,train_loss,32,0.11551226817878188
sgd 256,basic,256,seed3,,train_loss,33,0.10399706519333421
sgd 256,basic,256,seed3,,train_loss,34,0.0992376399078187
sgd 256,basic,256,seed3,,train_loss,35,0.09239776254554463
sgd 256,basic,256,seed3,,train_loss,36,0.0894263590786867
sgd 256,basic,256,seed3,,train_loss,37,0.0860230333059077
sgd 256,basic,256,seed3,,train_loss,38,0.08563457816174835
sgd 256,basic,256,seed3,,train_loss,39,0.08166623079947605
sgd 64,basic,64,seed1,,train_loss,0,2.9318379776000976
sgd 64,basic,64,seed1,,train_loss,1,2.2320824003219606
sgd 64,basic,64,seed1,,train_loss,2,2.07702700920105
sgd 64,basic,64,seed1,,train_loss,3,2.0086402402877805
sgd 64,basic,64,seed1,,train_loss,4,1.9624939432144166
sgd 64,basic,64,seed1,,train_loss,5,1.9602725561141967
sgd 64,basic,64,seed1,,train_loss,6,1.9392404817581177
sgd 64,basic,64,seed1,,train_loss,7,1.9339658086776734
sgd 64,basic,64,seed1,,train_loss,8,1.911205513381958
sgd 64,basic,64,seed1,,train_loss,9,1.8889893726348876
sgd 64,basic,64,seed1,,train_loss,10,1.8743776323318482
sgd 64,basic,64,seed1,,train_loss,11,1.840007239341736
sgd 64,basic,64,seed1,,train_loss,12,1.8079031566619872
sgd 64,basic,64,seed1,,train_loss,13,1.7802533031463623
sgd 64,basic,64,seed1,,train_loss,14,1.749982145690918
sgd 64,basic,64,seed1,,train_loss,15,1.7166430877685548
sgd 64,basic,64,seed1,,train_loss,16,1.6936020551681519
sgd 64,basic,64,seed1,,train_loss,17,1.6423516660690307
sgd 64,basic,64,seed1,,train_loss,18,1.6134916177749634
sgd 64,basic,64,seed1,,train_loss,19,1.5604444967269897
sgd 64,basic,64,seed1,,train_loss,20,1.51804469165802
sgd 64,basic,64,seed1,,train_loss,21,1.469272029685974
sgd 64,basic,64,seed1,,train_loss,22,1.4222359478950501
sgd 64,basic,64,seed1,,train_loss,23,1.360335463142395
sgd 64,basic,64,seed1,,train_loss,24,1.304155304336548
sgd 64,basic,64,seed1,,train_loss,25,1.239101733970642
sgd 64,basic,64,seed1,,train_loss,26,1.18211632604599
sgd 64,basic,64,seed1,,train_loss,27,1.1079384207725524
sgd 64,basic,64,seed1,,train_loss,28,1.0364602607727051
sgd 64,basic,64,seed1,,train_loss,29,0.9596450520515442
sgd 64,basic,64,seed1,,train_loss,30,0.8801327112197876
sgd 64,basic,64,seed1,,train_loss,31,0.8146199004173279
sgd 64,basic,64,seed1,,train_loss,32,0.7241629840850831
sgd 64,basic,64,seed1,,train_loss,33,0.6555992726802826
sgd 64,basic,64,seed1,,train_loss,34,0.5811864396572113
sgd 64,basic,64,seed1,,train_loss,35,0.5121574273824692
sgd 64,basic,64,seed1,,train_loss,36,0.4509742591142654
sgd 64,basic,64,seed1,,train_loss,37,0.3995712700366974
sgd 64,basic,64,seed1,,train_loss,38,0.3637871001243591
sgd 64,basic,64,seed1,,train_loss,39,0.33854272158145904
sgd 64,basic,64,seed2,,train_loss,0,2.9467644161224364
sgd 64,basic,64,seed2,,train_loss,1,2.387134379386902
sgd 64,basic,64,seed2,,train_loss,2,2.141155772590637
sgd 64,basic,64,seed2,,train_loss,3,2.077293251800537
sgd 64,basic,64,seed2,,train_loss,4,1.9872075284957886
sgd 64,basic,64,seed2,,train_loss,5,1.9620394147872924
sgd 64,basic,64,seed2,,train_loss,6,1.9453328178405762
sgd 64,basic,64,seed2,,train_loss,7,1.9305450090408325
sgd 64,basic,64,seed2,,train_loss,8,1.9112312583923339
sgd 64,basic,64,seed2,,train_loss,9,1.8766113367080688
sgd 64,basic,64,seed2,,train_loss,10,1.8842188209533692
sgd 64,basic,64,seed2,,train_loss,11,1.8498602964401245
sgd 64,basic,64,seed2,,train_loss,12,1.8110832893371582
sgd 64,basic,64,seed2,,train_loss,13,1.7930568775177003
sgd 64,basic,64,seed2,,train_loss,14,1.758016885948181
sgd 64,basic,64,seed2,,train_loss,15,1.7266261644363403
sgd 64,basic,64,seed2,,train_loss,16,1.6831972742080687
sgd 64,basic,64,seed2,,train_loss,17,1.6608058809280395
sgd 64,basic,64,seed2,,train_loss,18,1.616264449119568
sgd 64,basic,64,seed2,,train_loss,19,1.5807404722213745
sgd 64,basic,64,seed2,,train_loss,20,1.5325399032592772
sgd 64,basic,64,seed2,,train_loss,21,1.4823024710655213
sgd 64,basic,64,seed2,,train_loss,22,1.4309500933647157
sgd 64,basic,64,seed2,,train_loss,23,1.3768978899002076
sgd 64,basic,64,seed2,,train_loss,24,1.319661461544037
sgd 64,basic,64,seed2,,train_loss,25,1.2535642288208009
sgd 64,basic,64,seed2,,train_loss,26,1.19204895029068
sgd 64,basic,64,seed2,,train_loss,27,1.1223284571647645
sgd 64,basic,64,seed2,,train_loss,28,1.0504868525505067
sgd 64,basic,64,seed2,,train_loss,29,0.9718228483200073
sgd 64,basic,64,seed2,,train_loss,30,0.9081686683654785
sgd 64,basic,64,seed2,,train_loss,31,0.8213576762199402
sgd 64,basic,64,seed2,,train_loss,32,0.7400812778949738
sgd 64,basic,64,seed2,,train_loss,33,0.6650196166515351
sgd 64,basic,64,seed2,,train_loss,34,0.5872479181289673
sgd 64,basic,64,seed2,,train_loss,35,0.5234555215835571
sgd 64,basic,64,seed2,,train_loss,36,0.4704157875061035
sgd 64,basic,64,seed2,,train_loss,37,0.4251209434747696
sgd 64,basic,64,seed2,,train_loss,38,0.38472956836223604
sgd 64,basic,64,seed2,,train_loss,39,0.3566007648944855
sgd 64,basic,64,seed3,,train_loss,0,2.9430581535339355
sgd 64,basic,64,seed3,,train_loss,1,2.239749903488159
sgd 64,basic,64,seed3,,train_loss,2,2.107659048652649
sgd 64,basic,64,seed3,,train_loss,3,2.01253837890625
sgd 64,basic,64,seed3,,train_loss,4,1.987154594039917
sgd 64,basic,64,seed3,,train_loss,5,1.9600043701171874
sgd 64,basic,64,seed3,,train_loss,6,1.9488667097091674
sgd 64,basic,64,seed3,,train_loss,7,1.935354454612732
sgd 64,basic,64,seed3,,train_loss,8,1.9184745985031129
sgd 64,basic,64,seed3,,train_loss,9,1.8915743133544922
sgd 64,basic,64,seed3,,train_loss,10,1.8636986137390137
sgd 64,basic,64,seed3,,train_loss,11,1.8539267797470094
sgd 64,basic,64,seed3,,train_loss,12,1.8240971654891969
sgd 64,basic,64,seed3,,train_loss,13,1.7884056800842285
sgd 64,basic,64,seed3,,train_loss,14,1.7599846424102783
sgd 64,basic,64,seed3,,train_loss,15,1.719414236831665
sgd 64,basic,64,seed3,,train_loss,16,1.6978344005584718
sgd 64,basic,64,seed3,,train_loss,17,1.649836109352112
sgd 64,basic,64,seed3,,train_loss,18,1.6154675767898559
sgd 64,basic,64,seed3,,train_loss,19,1.580419569015503
sgd 64,basic,64,seed3,,train_loss,20,1.520456357574463
sgd 64,basic,64,seed3,,train_loss,21,1.4790022109985352
sgd 64,basic,64,seed3,,train_loss,22,1.4252162215232849
sgd 64,basic,64,seed3,,train_loss,23,1.3728295626640319
sgd 64,basic,64,seed3,,train_loss,24,1.3127831154823304
sgd 64,basic,64,seed3,,train_loss,25,1.251459086894989
sgd 64,basic,64,seed3,,train_loss,26,1.1983778991699219
sgd 64,basic,64,seed3,,train_loss,27,1.1137338463783264
sgd 64,basic,64,seed3,,train_loss,28,1.0499561764717102
sgd 64,basic,64,seed3,,train_loss,29,0.9710662961006165
sgd 64,basic,64,seed3,,train_loss,30,0.8949964504241943
sgd 64,basic,64,seed3,,train_loss,31,0.8226632860183716
sgd 64,basic,64,seed3,,train_loss,32,0.738893138551712
sgd 64,basic,64,seed3,,train_loss,33,0.6607020880699158
sgd 64,basic,64,seed3,,train_loss,34,0.5888773090839386
sgd 64,basic,64,seed3,,train_loss,35,0.5258518864870071
sgd 64,basic,64,seed3,,train_loss,36,0.46335949058532716
sgd 64,basic,64,seed3,,train_loss,37,0.4180283215284348
sgd 64,basic,64,seed3,,train_loss,38,0.3827649498224258
sgd 64,basic,64,seed3,,train_loss,39,0.35091093242168425
sgd_seesaw 16,seesaw,16,seed1,,train_loss,0,4.276133483314514
sgd_seesaw 16,seesaw,16,seed1,,train_loss,1,3.937697929763794
sgd_seesaw 16,seesaw,16,seed1,,train_loss,2,3.646268729686737
sgd_seesaw 16,seesaw,16,seed1,,train_loss,3,3.4677088235855105
sgd_seesaw 16,seesaw,16,seed1,,train_loss,4,3.3503925515174866
sgd_seesaw 16,seesaw,16,seed1,,train_loss,5,3.255352108955383
sgd_seesaw 16,seesaw,16,seed1,,train_loss,6,3.2084678800582886
sgd_seesaw 16,seesaw,16,seed1,,train_loss,7,3.1635760787963867
sgd_seesaw 16,seesaw,16,seed1,,train_loss,8,3.1266783289909363
sgd_seesaw 16,seesaw,16,seed1,,train_loss,9,3.1107518015861513
sgd_seesaw 16,seesaw,16,seed1,,train_loss,10,3.0821678045749663
sgd_seesaw 16,seesaw,16,seed1,,train_loss,11,3.060632217025757
sgd_seesaw 16,seesaw,16,seed1,,train_loss,12,3.0546266094207764
sgd_seesaw 16,seesaw,16,seed1,,train_loss,13,3.0394534313678743
sgd_seesaw 16,seesaw,16,seed1,,train_loss,14,3.029232295084
sgd_seesaw 16,seesaw,16,seed1,,train_loss,15,3.0207509704113007
sgd_seesaw 16,seesaw,16,seed1,,train_loss,16,3.0120205906867983
sgd_seesaw 16,seesaw,16,seed1,,train_loss,17,2.993946637439728
sgd_seesaw 16,seesaw,16,seed1,,train_loss,18,2.9897565267562864
sgd_seesaw 16,seesaw,16,seed1,,train_loss,19,2.983004027080536
sgd_seesaw 16,seesaw,16,seed1,,train_loss,20,2.971852680826187
sgd_seesaw 16,seesaw,16,seed1,,train_loss,21,2.977359834861755
sgd_seesaw 16,seesaw,16,seed1,,train_loss,22,2.966030544805527
sgd_seesaw 16,seesaw,16,seed1,,train_loss,23,2.9597463706970215
sgd_seesaw 16,seesaw,16,seed1,,train_loss,24,2.95799900932312
sgd_seesaw 16,seesaw,16,seed1,,train_loss,25,2.3620750775440134
sgd_seesaw 16,seesaw,16,seed1,,train_loss,26,2.187121093273163
sgd_seesaw 16,seesaw,16,seed1,,train_loss,27,2.118653270838072
sgd_seesaw 16,seesaw,16,seed1,,train_loss,28,2.062395460456967
sgd_seesaw 16,seesaw,16,seed1,,train_loss,29,2.035991150555279
sgd_seesaw 16,seesaw,16,seed1,,train_loss,30,2.0133015294726806
sgd_seesaw 16,seesaw,16,seed1,,train_loss,31,1.9895999633150994
sgd_seesaw 16,seesaw,16,seed1,,train_loss,32,1.9784502752965016
sgd_seesaw 16,seesaw,16,seed1,,train_loss,33,1.703924062011911
sgd_seesaw 16,seesaw,16,seed1,,train_loss,34,1.6175813932212995
sgd_seesaw 16,seesaw,16,seed1,,train_loss,35,1.5822965914396931
sgd_seesaw 16,seesaw,16,seed1,,train_loss,36,1.5465695900882748
sgd_seesaw 16,seesaw,16,seed1,,train_loss,37,1.4795454625160462
sgd_seesaw 16,seesaw,16,seed1,,train_loss,38,1.465542895819551
sgd_seesaw 16,seesaw,16,seed1,,train_loss,39,1.462221061029742
sgd_seesaw 16,seesaw,16,seed2,,train_loss,0,4.242122034454345
sgd_seesaw 16,seesaw,16,seed2,,train_loss,1,3.905967792797089
sgd_seesaw 16,seesaw,16,seed2,,train_loss,2,3.6354927720069887
sgd_seesaw 16,seesaw,16,seed2,,train_loss,3,3.47237755651474
sgd_seesaw 16,seesaw,16,seed2,,train_loss,4,3.355307360267639
sgd_seesaw 16,seesaw,16,seed2,,train_loss,5,3.272919966888428
sgd_seesaw 16,seesaw,16,seed2,,train_loss,6,3.2233384181022644
sgd_seesaw 16,seesaw,16,seed2,,train_loss,7,3.186815190219879
sgd_seesaw 16,seesaw,16,seed2,,train_loss,8,3.1499483382225035
sgd_seesaw 16,seesaw,16,seed2,,train_loss,9,3.1162158599853518
sgd_seesaw 16,seesaw,16,seed2,,train_loss,10,3.0933998518466947
sgd_seesaw 16,seesaw,16,seed2,,train_loss,11,3.0750451317310334
sgd_seesaw 16,seesaw,16,seed2,,train_loss,12,3.059015588903427
sgd_seesaw 16,seesaw,16,seed2,,train_loss,13,3.0400472278118134
sgd_seesaw 16,seesaw,16,seed2,,train_loss,14,3.0237463779449465
sgd_seesaw 16,seesaw,16,seed2,,train_loss,15,3.0139963735580446
sgd_seesaw 16,seesaw,16,seed2,,train_loss,16,3.0024893773555754
sgd_seesaw 16,seesaw,16,seed2,,train_loss,17,2.988797334623337
sgd_seesaw 16,seesaw,16,seed2,,train_loss,18,2.986730475139618
sgd_seesaw 16,seesaw,16,seed2,,train_loss,19,2.979911531305313
sgd_seesaw 16,seesaw,16,seed2,,train_loss,20,2.970332324361801
sgd_seesaw 16,seesaw,16,seed2,,train_loss,21,2.96505321726799
sgd_seesaw 16,seesaw,16,seed2,,train_loss,22,2.9673345447063446
sgd_seesaw 16,seesaw,16,seed2,,train_loss,23,2.960681565952301
sgd_seesaw 16,seesaw,16,seed2,,train_loss,24,2.9504754541397094
sgd_seesaw 16,seesaw,16,seed2,,train_loss,25,2.3465558200431387
sgd_seesaw 16,seesaw,16,seed2,,train_loss,26,2.173314698880239
sgd_seesaw 16,seesaw,16,seed2,,train_loss,27,2.1138702885424205
sgd_seesaw 16,seesaw,16,seed2,,train_loss,28,2.0620648522171185
sgd_seesaw 16,seesaw,16,seed2,,train_loss,29,2.0364524770697816
sgd_seesaw 16,seesaw,16,seed2,,train_loss,30,2.0038564808362964
sgd_seesaw 16,seesaw,16,seed2,,train_loss,31,1.988860048693147
sgd_seesaw 16,seesaw,16,seed2,,train_loss,32,1.96041267810108
sgd_seesaw 16,seesaw,16,seed2,,train_loss,33,1.6867867793968256
sgd_seesaw 16,seesaw,16,seed2,,train_loss,34,1.6122477826454658
sgd_seesaw 16,seesaw,16,seed2,,train_loss,35,1.5758426481013676
sgd_seesaw 16,seesaw,16,seed2,,train_loss,36,1.5404783062797656
sgd_seesaw 16,seesaw,16,seed2,,train_loss,37,1.4807877502133768
sgd_seesaw 16,seesaw,16,seed2,,train_loss,38,1.4641575236474313
sgd_seesaw 16,seesaw,16,seed2,,train_loss,39,1.4550052599240375
sgd_seesaw 16,seesaw,16,seed3,,train_loss,0,4.402430291748047
sgd_seesaw 16,seesaw,16,seed3,,train_loss,1,3.9766513825416565
sgd_seesaw 16,seesaw,16,seed3,,train_loss,2,3.6958794864654543
sgd_seesaw 16,seesaw,16,seed3,,train_loss,3,3.4979720662117004
sgd_seesaw 16,seesaw,16,seed3,,train_loss,4,3.3529971735954285
sgd_seesaw 16,seesaw,16,seed3,,train_loss,5,3.265136194038391
sgd_seesaw 16,seesaw,16,seed3,,train_loss,6,3.2142644825935363
sgd_seesaw 16,seesaw,16,seed3,,train_loss,7,3.1562264154434203
sgd_seesaw 16,seesaw,16,seed3,,train_loss,8,3.1395167112350464
sgd_seesaw 16,seesaw,16,seed3,,train_loss,9,3.103999022436142
sgd_seesaw 16,seesaw,16,seed3,,train_loss,10,3.0881120410442353
sgd_seesaw 16,seesaw,16,seed3,,train_loss,11,3.0650661036491393
sgd_seesaw 16,seesaw,16,seed3,,train_loss,12,3.047125149822235
sgd_seesaw 16,seesaw,16,seed3,,train_loss,13,3.0287997225761414
sgd_seesaw 16,seesaw,16,seed3,,train_loss,14,3.023148562526703
sgd_seesaw 16,seesaw,16,seed3,,train_loss,15,3.0128138620376586
sgd_seesaw 16,seesaw,16,seed3,,train_loss,16,3.001511214733124
sgd_seesaw 16,seesaw,16,seed3,,train_loss,17,2.992197111558914
sgd_seesaw 16,seesaw,16,seed3,,train_loss,18,2.9856479565143585
sgd_seesaw 16,seesaw,16,seed3,,train_loss,19,2.975314060211182
sgd_seesaw 16,seesaw,16,seed3,,train_loss,20,2.9657734805583953
sgd_seesaw 16,seesaw,16,seed3,,train_loss,21,2.9707690766334536
sgd_seesaw 16,seesaw,16,seed3,,train_loss,22,2.9590707977294923
sgd_seesaw 16,seesaw,16,seed3,,train_loss,23,2.956063306283951
sgd_seesaw 16,seesaw,16,seed3,,train_loss,24,2.9577943904399873
sgd_seesaw 16,seesaw,16,seed3,,train_loss,25,2.3503910052976447
sgd_seesaw 16,seesaw,16,seed3,,train_loss,26,2.1762165790267414
sgd_seesaw 16,seesaw,16,seed3,,train_loss,27,2.105563856000237
sgd_seesaw 16,seesaw,16,seed3,,train_loss,28,2.0611697726970095
sgd_seesaw 16,seesaw,16,seed3,,train_loss,29,2.0316347578446643
sgd_seesaw 16,seesaw,16,seed3,,train_loss,30,2.0074063666718756
sgd_seesaw 16,seesaw,16,seed3,,train_loss,31,1.9831864369287193
sgd_seesaw 16,seesaw,16,seed3,,train_loss,32,1.9548761064200093
sgd_seesaw 16,seesaw,16,seed3,,train_loss,33,1.6874771139604583
sgd_seesaw 16,seesaw,16,seed3,,train_loss,34,1.6022001393407368
sgd_seesaw 16,seesaw,16,seed3,,train_loss,35,1.5622646255458859
sgd_seesaw 16,seesaw,16,seed3,,train_loss,36,1.532688060681597
sgd_seesaw 16,seesaw,16,seed3,,train_loss,37,1.469020878115008
sgd_seesaw 16,seesaw,16,seed3,,train_loss,38,1.4554623224401986
sgd_seesaw 16,seesaw,16,seed3,,train_loss,39,1.4472473193240423
sgd_seesaw 256,seesaw,256,seed1,,train_loss,0,3.355652200188606
sgd_seesaw 256,seesaw,256,seed1,,train_loss,1,2.161303419975718
sgd_seesaw 256,seesaw,256,seed1,,train_loss,2,1.8237779937731993
sgd_seesaw 256,seesaw,256,seed1,,train_loss,3,1.6324255997967567
sgd_seesaw 256,seesaw,256,seed1,,train_loss,4,1.485754647072713
sgd_seesaw 256,seesaw,256,seed1,,train_loss,5,1.3757418659841938
sgd_seesaw 256,seesaw,256,seed1,,train_loss,6,1.2833615252926092
sgd_seesaw 256,seesaw,256,seed1,,train_loss,7,1.2108698802389157
sgd_seesaw 256,seesaw,256,seed1,,train_loss,8,1.1406064762431345
sgd_seesaw 256,seesaw,256,seed1,,train_loss,9,1.0935088574506675
sgd_seesaw 256,seesaw,256,seed1,,train_loss,10,1.050819452021532
sgd_seesaw 256,seesaw,256,seed1,,train_loss,11,1.0103915227446587
sgd_seesaw 256,seesaw,256,seed1,,train_loss,12,0.9712174705639007
sgd_seesaw 256,seesaw,256,seed1,,train_loss,13,0.9571021077739206
sgd_seesaw 256,seesaw,256,seed1,,train_loss,14,0.9144781269844929
sgd_seesaw 256,seesaw,256,seed1,,train_loss,15,0.9079047088410445
sgd_seesaw 256,seesaw,256,seed1,,train_loss,16,0.8768411145848074
sgd_seesaw 256,seesaw,256,seed1,,train_loss,17,0.8741978930819566
sgd_seesaw 256,seesaw,256,seed1,,train_loss,18,0.8445261925648732
sgd_seesaw 256,seesaw,256,seed1,,train_loss,19,0.8442414524448905
sgd_seesaw 256,seesaw,256,seed1,,train_loss,20,0.8585895072123048
sgd_seesaw 256,seesaw,256,seed1,,train_loss,21,0.848053749579533
sgd_seesaw 256,seesaw,256,seed1,,train_loss,22,0.835090392334446
sgd_seesaw 256,seesaw,256,seed1,,train_loss,23,0.8434233479439073
sgd_seesaw 256,seesaw,256,seed1,,train_loss,24,0.8287793887648612
sgd_seesaw 256,seesaw,256,seed1,,train_loss,25,0.542319840417718
sgd_seesaw 256,seesaw,256,seed1,,train_loss,26,0.3832388913856362
sgd_seesaw 256,seesaw,256,seed1,,train_loss,27,0.3302061968254593
sgd_seesaw 256,seesaw,256,seed1,,train_loss,28,0.30294786815373403
sgd_seesaw 256,seesaw,256,seed1,,train_loss,29,0.2710718669981327
sgd_seesaw 256,seesaw,256,seed1,,train_loss,30,0.2517614592358751
sgd_seesaw 256,seesaw,256,seed1,,train_loss,31,0.23160821424340303
sgd_seesaw 256,seesaw,256,seed1,,train_loss,32,0.2179893173699109
sgd_seesaw 256,seesaw,256,seed1,,train_loss,33,0.1927269978655709
sgd_seesaw 256,seesaw,256,seed1,,train_loss,34,0.1874603960249159
sgd_seesaw 256,seesaw,256,seed1,,train_loss,35,0.18363974491755167
sgd_seesaw 256,seesaw,256,seed1,,train_loss,36,0.17948837826649347
sgd_seesaw 256,seesaw,256,seed1,,train_loss,37,0.174746972322464
sgd_seesaw 256,seesaw,256,seed1,,train_loss,38,0.1770361304283142
sgd_seesaw 256,seesaw,256,seed1,,train_loss,39,0.17603621780872344
sgd_seesaw 256,seesaw,256,seed2,,train_loss,0,3.2666453768493264
sgd_seesaw 256,seesaw,256,seed2,,train_loss,1,2.144082656331882
sgd_seesaw 256,seesaw,256,seed2,,train_loss,2,1.8164756981430539
sgd_seesaw 256,seesaw,256,seed2,,train_loss,3,1.6230800561844163
sgd_seesaw 256,seesaw,256,seed2,,train_loss,4,1.4719317688304148
sgd_seesaw 256,seesaw,256,seed2,,train_loss,5,1.3709472448203215
sgd_seesaw 256,seesaw,256,seed2,,train_loss,6,1.272909491684786
sgd_seesaw 256,seesaw,256,seed2,,train_loss,7,1.1954055128583483
sgd_seesaw 256,seesaw,256,seed2,,train_loss,8,1.1395965841165774
sgd_seesaw 256,seesaw,256,seed2,,train_loss,9,1.0796506196070628
sgd_seesaw 256,seesaw,256,seed2,,train_loss,10,1.0487753972885714
sgd_seesaw 256,seesaw,256,seed2,,train_loss,11,0.9908079968136587
sgd_seesaw 256,seesaw,256,seed2,,train_loss,12,0.9679972092816784
sgd_seesaw 256,seesaw,256,seed2,,train_loss,13,0.9342361825286962
sgd_seesaw 256,seesaw,256,seed2,,train_loss,14,0.9309629634687095
sgd_seesaw 256,seesaw,256,seed2,,train_loss,15,0.8931637565801098
sgd_seesaw 256,seesaw,256,seed2,,train_loss,16,0.8964701215173029
sgd_seesaw 256,seesaw,256,seed2,,train_loss,17,0.8689561011684928
sgd_seesaw 256,seesaw,256,seed2,,train_loss,18,0.8770142949310837
sgd_seesaw 256,seesaw,256,seed2,,train_loss,19,0.8612788680252755
sgd_seesaw 256,seesaw,256,seed2,,train_loss,20,0.841170653416093
sgd_seesaw 256,seesaw,256,seed2,,train_loss,21,0.829662652911654
sgd_seesaw 256,seesaw,256,seed2,,train_loss,22,0.8333766570516453
sgd_seesaw 256,seesaw,256,seed2,,train_loss,23,0.841073912799738
sgd_seesaw 256,seesaw,256,seed2,,train_loss,24,0.8460291012836869
sgd_seesaw 256,seesaw,256,seed2,,train_loss,25,0.5465341873888699
sgd_seesaw 256,seesaw,256,seed2,,train_loss,26,0.3937221681171993
sgd_seesaw 256,seesaw,256,seed2,,train_loss,27,0.34310458459944093
sgd_seesaw 256,seesaw,256,seed2,,train_loss,28,0.30558824314261385
sgd_seesaw 256,seesaw,256,seed2,,train_loss,29,0.27935532100920407
sgd_seesaw 256,seesaw,256,seed2,,train_loss,30,0.25905405547258986
sgd_seesaw 256,seesaw,256,seed2,,train_loss,31,0.2416645403740541
sgd_seesaw 256,seesaw,256,seed2,,train_loss,32,0.2236091207783177
sgd_seesaw 256,seesaw,256,seed2,,train_loss,33,0.19720405009057787
sgd_seesaw 256,seesaw,256,seed2,,train_loss,34,0.1917138753665818
sgd_seesaw 256,seesaw,256,seed2,,train_loss,35,0.1893918150001102
sgd_seesaw 256,seesaw,256,seed2,,train_loss,36,0.1866496271557278
sgd_seesaw 256,seesaw,256,seed2,,train_loss,37,0.18216071128845215
sgd_seesaw 256,seesaw,256,seed2,,train_loss,38,0.1806406259536743
sgd_seesaw 256,seesaw,256,seed2,,train_loss,39,0.1788676768541336
sgd_seesaw 256,seesaw,256,seed3,,train_loss,0,3.2891335289949066
sgd_seesaw 256,seesaw,256,seed3,,train_loss,1,2.1234292687883802
sgd_seesaw 256,seesaw,256,seed3,,train_loss,2,1.815245298063679
sgd_seesaw 256,seesaw,256,seed3,,train_loss,3,1.6129630530715748
sgd_seesaw 256,seesaw,256,seed3,,train_loss,4,1.4779491538454772
sgd_seesaw 256,seesaw,256,seed3,,train_loss,5,1.3656430517791942
sgd_seesaw 256,seesaw,256,seed3,,train_loss,6,1.2805876967253957
sgd_seesaw 256,seesaw,256,seed3,,train_loss,7,1.1885027088177431
sgd_seesaw 256,seesaw,256,seed3,,train_loss,8,1.1316402554512024
sgd_seesaw 256,seesaw,256,seed3,,train_loss,9,1.0803299481701698
sgd_seesaw 256,seesaw,256,seed3,,train_loss,10,1.0399472880515324
sgd_seesaw 256,seesaw,256,seed3,,train_loss,11,0.9853521312118336
sgd_seesaw 256,seesaw,256,seed3,,train_loss,12,0.9716166105999309
sgd_seesaw 256,seesaw,256,seed3,,train_loss,13,0.939056937481947
sgd_seesaw 256,seesaw,256,seed3,,train_loss,14,0.9147893794023307
sgd_seesaw 256,seesaw,256,seed3,,train_loss,15,0.8877767297872312
sgd_seesaw 256,seesaw,256,seed3,,train_loss,16,0.8753937532188026
sgd_seesaw 256,seesaw,256,seed3,,train_loss,17,0.8717873221749712
sgd_seesaw 256,seesaw,256,seed3,,train_loss,18,0.8543331129535748
sgd_seesaw 256,seesaw,256,seed3,,train_loss,19,0.8590884493414763
sgd_seesaw 256,seesaw,256,seed3,,train_loss,20,0.843355936609256
sgd_seesaw 256,seesaw,256,seed3,,train_loss,21,0.8400403530734359
sgd_seesaw 256,seesaw,256,seed3,,train_loss,22,0.826724716432535
sgd_seesaw 256,seesaw,256,seed3,,train_loss,23,0.8292358084848732
sgd_seesaw 256,seesaw,256,seed3,,train_loss,24,0.8234265993355186
sgd_seesaw 256,seesaw,256,seed3,,train_loss,25,0.5611308621910384
sgd_seesaw 256,seesaw,256,seed3,,train_loss,26,0.39506110099126707
sgd_seesaw 256,seesaw,256,seed3,,train_loss,27,0.3345990478992462
sgd_seesaw 256,seesaw,256,seed3,,train_loss,28,0.297820064819084
sgd_seesaw 256,seesaw,256,seed3,,train_loss,29,0.2743984174053624
sgd_seesaw 256,seesaw,256,seed3,,train_loss,30,0.2526040917859887
sgd_seesaw 256,seesaw,256,seed3,,train_loss,31,0.23366854241434135
sgd_seesaw 256,seesaw,256,seed3,,train_loss,32,0.21794073592941715
sgd_seesaw 256,seesaw,256,seed3,,train_loss,33,0.19321653246879578
sgd_seesaw 256,seesaw,256,seed3,,train_loss,34,0.18873743216196695
sgd_seesaw 256,seesaw,256,seed3,,train_loss,35,0.1856010059515635
sgd_seesaw 256,seesaw,256,seed3,,train_loss,36,0.1791103175944752
sgd_seesaw 256,seesaw,256,seed3,,train_loss,37,0.17772472500801087
sgd_seesaw 256,seesaw,256,seed3,,train_loss,38,0.17691487669944764
sgd_seesaw 256,seesaw,256,seed3,,train_loss,39,0.17431714981794358
sgd_seesaw 64,seesaw,64,seed1,,train_loss,0,2.9318379776000976
sgd_seesaw 64,seesaw,64,seed1,,train_loss,1,2.247932227897644
sgd_seesaw 64,seesaw,64,seed1,,train_loss,2,2.079520869064331
sgd_seesaw 64,seesaw,64,seed1,,train_loss,3,2.001453586387634
sgd_seesaw 64,seesaw,64,seed1,,train_loss,4,1.9816612813949586
sgd_seesaw 64,seesaw,64,seed1,,train_loss,5,1.980323051071167
sgd_seesaw 64,seesaw,64,seed1,,train_loss,6,1.9740434200286865
sgd_seesaw 64,seesaw,64,seed1,,train_loss,7,1.9757206338882447
sgd_seesaw 64,seesaw,64,seed1,,train_loss,8,1.9745215188980103
sgd_seesaw 64,seesaw,64,seed1,,train_loss,9,1.9772634572982788
sgd_seesaw 64,seesaw,64,seed1,,train_loss,10,1.9538281145095826
sgd_seesaw 64,seesaw,64,seed1,,train_loss,11,1.9459805490493773
sgd_seesaw 64,seesaw,64,seed1,,train_loss,12,1.938634338951111
sgd_seesaw 64,seesaw,64,seed1,,train_loss,13,1.9376303270339965
sgd_seesaw 64,seesaw,64,seed1,,train_loss,14,1.9337301853179931
sgd_seesaw 64,seesaw,64,seed1,,train_loss,15,1.9289035070419311
sgd_seesaw 64,seesaw,64,seed1,,train_loss,16,1.9149735427856445
sgd_seesaw 64,seesaw,64,seed1,,train_loss,17,1.9036514289855957
sgd_seesaw 64,seesaw,64,seed1,,train_loss,18,1.8973667898178102
sgd_seesaw 64,seesaw,64,seed1,,train_loss,19,1.8877283201217652
sgd_seesaw 64,seesaw,64,seed1,,train_loss,20,1.8864383628845214
sgd_seesaw 64,seesaw,64,seed1,,train_loss,21,1.8864994691848755
sgd_seesaw 64,seesaw,64,seed1,,train_loss,22,1.8739670654296876
sgd_seesaw 64,seesaw,64,seed1,,train_loss,23,1.868163055229187
sgd_seesaw 64,seesaw,64,seed1,,train_loss,24,1.8693008884429931
sgd_seesaw 64,seesaw,64,seed1,,train_loss,25,1.3801588401840064
sgd_seesaw 64,seesaw,64,seed1,,train_loss,26,1.2097909079784412
sgd_seesaw 64,seesaw,64,seed1,,train_loss,27,1.1317625564821598
sgd_seesaw 64,seesaw,64,seed1,,train_loss,28,1.069306921445582
sgd_seesaw 64,seesaw,64,seed1,,train_loss,29,1.016197859670557
sgd_seesaw 64,seesaw,64,seed1,,train_loss,30,0.9756905060065421
sgd_seesaw 64,seesaw,64,seed1,,train_loss,31,0.933849621617623
sgd_seesaw 64,seesaw,64,seed1,,train_loss,32,0.8990832284877175
sgd_seesaw 64,seesaw,64,seed1,,train_loss,33,0.7598595499992371
sgd_seesaw 64,seesaw,64,seed1,,train_loss,34,0.7199681963239397
sgd_seesaw 64,seesaw,64,seed1,,train_loss,35,0.6987553860460008
sgd_seesaw 64,seesaw,64,seed1,,train_loss,36,0.6844647969518389
sgd_seesaw 64,seesaw,64,seed1,,train_loss,37,0.6522170702616373
sgd_seesaw 64,seesaw,64,seed1,,train_loss,38,0.6477312967181206
sgd_seesaw 64,seesaw,64,seed1,,train_loss,39,0.6490103428562483
sgd_seesaw 64,seesaw,64,seed2,,train_loss,0,2.9467644161224364
sgd_seesaw 64,seesaw,64,seed2,,train_loss,1,2.336652000427246
sgd_seesaw 64,seesaw,64,seed2,,train_loss,2,2.114541816520691
sgd_seesaw 64,seesaw,64,seed2,,train_loss,3,2.0236804874420167
sgd_seesaw 64,seesaw,64,seed2,,train_loss,4,1.9968651166915894
sgd_seesaw 64,seesaw,64,seed2,,train_loss,5,1.9777186998367309
sgd_seesaw 64,seesaw,64,seed2,,train_loss,6,1.9861994827270508
sgd_seesaw 64,seesaw,64,seed2,,train_loss,7,1.976725100326538
sgd_seesaw 64,seesaw,64,seed2,,train_loss,8,1.970065655899048
sgd_seesaw 64,seesaw,64,seed2,,train_loss,9,1.95769211063385
sgd_seesaw 64,seesaw,64,seed2,,train_loss,10,1.9527920389175415
sgd_seesaw 64,seesaw,64,seed2,,train_loss,11,1.941974560546875
sgd_seesaw 64,seesaw,64,seed2,,train_loss,12,1.9463600673675536
sgd_seesaw 64,seesaw,64,seed2,,train_loss,13,1.9426485692977906
sgd_seesaw 64,seesaw,64,seed2,,train_loss,14,1.9255338666915893
sgd_seesaw 64,seesaw,64,seed2,,train_loss,15,1.9240961305618287
sgd_seesaw 64,seesaw,64,seed2,,train_loss,16,1.911700758934021
sgd_seesaw 64,seesaw,64,seed2,,train_loss,17,1.9159063102722167
sgd_seesaw 64,seesaw,64,seed2,,train_loss,18,1.9087617380142212
sgd_seesaw 64,seesaw,64,seed2,,train_loss,19,1.891241902923584
sgd_seesaw 64,seesaw,64,seed2,,train_loss,20,1.8924152996063233
sgd_seesaw 64,seesaw,64,seed2,,train_loss,21,1.875332771873474
sgd_seesaw 64,seesaw,64,seed2,,train_loss,22,1.8825689994812012
sgd_seesaw 64,seesaw,64,seed2,,train_loss,23,1.8792968439102173
sgd_seesaw 64,seesaw,64,seed2,,train_loss,24,1.870964320373535
sgd_seesaw 64,seesaw,64,seed2,,train_loss,25,1.391777478907097
sgd_seesaw 64,seesaw,64,seed2,,train_loss,26,1.2218658393649964
sgd_seesaw 64,seesaw,64,seed2,,train_loss,27,1.1408604688621593
sgd_seesaw 64,seesaw,64,seed2,,train_loss,28,1.0879319190408625
sgd_seesaw 64,seesaw,64,seed2,,train_loss,29,1.0394979501455024
sgd_seesaw 64,seesaw,64,seed2,,train_loss,30,0.9955841665062608
sgd_seesaw 64,seesaw,64,seed2,,train_loss,31,0.953328361636714
sgd_seesaw 64,seesaw,64,seed2,,train_loss,32,0.916338427785481
sgd_seesaw 64,seesaw,64,seed2,,train_loss,33,0.7824435583182744
sgd_seesaw 64,seesaw,64,seed2,,train_loss,34,0.7404160618782043
sgd_seesaw 64,seesaw,64,seed2,,train_loss,35,0.7185010126658848
sgd_seesaw 64,seesaw,64,seed2,,train_loss,36,0.7014658391475678
sgd_seesaw 64,seesaw,64,seed2,,train_loss,37,0.6741741523146629
sgd_seesaw 64,seesaw,64,seed2,,train_loss,38,0.6714911336700121
sgd_seesaw 64,seesaw,64,seed2,,train_loss,39,0.6665637368957201
sgd_seesaw 64,seesaw,64,seed3,,train_loss,0,2.9430581535339355
sgd_seesaw 64,seesaw,64,seed3,,train_loss,1,2.236986552429199
sgd_seesaw 64,seesaw,64,seed3,,train_loss,2,2.095989152145386
sgd_seesaw 64,seesaw,64,seed3,,train_loss,3,2.0492396240234374
sgd_seesaw 64,seesaw,64,seed3,,train_loss,4,2.0005307348251344
sgd_seesaw 64,seesaw,64,seed3,,train_loss,5,1.9740340238571168
sgd_seesaw 64,seesaw,64,seed3,,train_loss,6,1.9730704071044922
sgd_seesaw 64,seesaw,64,seed3,,train_loss,7,1.9681819986343383
sgd_seesaw 64,seesaw,64,seed3,,train_loss,8,1.977527558517456
sgd_seesaw 64,seesaw,64,seed3,,train_loss,9,1.958311764907837
sgd_seesaw 64,seesaw,64,seed3,,train_loss,10,1.9627795978546143
sgd_seesaw 64,seesaw,64,seed3,,train_loss,11,1.9535503288269043
sgd_seesaw 64,seesaw,64,seed3,,train_loss,12,1.9508750606536864
sgd_seesaw 64,seesaw,64,seed3,,train_loss,13,1.9431742246627808
sgd_seesaw 64,seesaw,64,seed3,,train_loss,14,1.9336783151626586
sgd_seesaw 64,seesaw,64,seed3,,train_loss,15,1.9283296726226806
sgd_seesaw 64,seesaw,64,seed3,,train_loss,16,1.9258393516540528
sgd_seesaw 64,seesaw,64,seed3,,train_loss,17,1.9185871488571167
sgd_seesaw 64,seesaw,64,seed3,,train_loss,18,1.9026928352355956
sgd_seesaw 64,seesaw,64,seed3,,train_loss,19,1.9053436527252197
sgd_seesaw 64,seesaw,64,seed3,,train_loss,20,1.8868380739212036
sgd_seesaw 64,seesaw,64,seed3,,train_loss,21,1.8913818710327148
sgd_seesaw 64,seesaw,64,seed3,,train_loss,22,1.8811785919189452
sgd_seesaw 64,seesaw,64,seed3,,train_loss,23,1.8826743160247803
sgd_seesaw 64,seesaw,64,seed3,,train_loss,24,1.88252783908844
sgd_seesaw 64,seesaw,64,seed3,,train_loss,25,1.3999204612804943
sgd_seesaw 64,seesaw,64,seed3,,train_loss,26,1.2229703259810307
sgd_seesaw 64,seesaw,64,seed3,,train_loss,27,1.1458037635356044
sgd_seesaw 64,seesaw,64,seed3,,train_loss,28,1.0832668582788494
sgd_seesaw 64,seesaw,64,seed3,,train_loss,29,1.0346161891398817
sgd_seesaw 64,seesaw,64,seed3,,train_loss,30,0.9928242675425333
sgd_seesaw 64,seesaw,64,seed3,,train_loss,31,0.9415698984022917
sgd_seesaw 64,seesaw,64,seed3,,train_loss,32,0.9025631096374476
sgd_seesaw 64,seesaw,64,seed3,,train_loss,33,0.7727809650557381
sgd_seesaw 64,seesaw,64,seed3,,train_loss,34,0.7324473227773394
sgd_seesaw 64,seesaw,64,seed3,,train_loss,35,0.7056312986782619
sgd_seesaw 64,seesaw,64,seed3,,train_loss,36,0.6905466726848057
sgd_seesaw 64,seesaw,64,seed3,,train_loss,37,0.6586103041966757
sgd_seesaw 64,seesaw,64,seed3,,train_loss,38,0.6583112304409345
sgd_seesaw 64,seesaw,64,seed3,,train_loss,39,0.6580158621072769
