run,variant,batch_size,seed,abm,metric,step,value
sgboba 128 abm2,aboba,128,seed1,2,adaptive_batch/batch_size,2,6.0
sgboba 128 abm2,aboba,128,seed1,2,adaptive_batch/batch_size,3,4.0
sgboba 128 abm2,aboba,128,seed1,2,adaptive_batch/batch_size,4,6.0
sgboba 128 abm2,aboba,128,seed1,2,adaptive_batch/batch_size,5,6.0
sgboba 128 abm2,aboba,128,seed1,2,adaptive_batch/batch_size,6,7.0
sgboba 128 abm2,aboba,128,seed1,2,adaptive_batch/batch_size,7,7.0
sgboba 128 abm2,aboba,128,seed1,2,adaptive_batch/batch_size,8,7.0
sgboba 128 abm2,aboba,128,seed1,2,adaptive_batch/batch_size,9,7.0
sgboba 128 abm2,aboba,128,seed1,2,adaptive_batch/batch_size,10,7.0
sgboba 128 abm2,aboba,128,seed1,2,adaptive_batch/batch_size,11,7.0
sgboba 128 abm2,aboba,128,seed1,2,adaptive_batch/batch_size,12,7.0
sgboba 128 abm2,aboba,128,seed1,2,adaptive_batch/batch_size,13,6.0
sgboba 128 abm2,aboba,128,seed1,2,adaptive_batch/batch_size,14,7.0
sgboba 128 abm2,aboba,128,seed1,2,adaptive_batch/batch_size,15,6.0
sgboba 128 abm2,aboba,128,seed1,2,adaptive_batch/batch_size,16,7.0
sgboba 128 abm2,aboba,128,seed1,2,adaptive_batch/batch_size,17,6.0
sgboba 128 abm2,aboba,128,seed1,2,adaptive_batch/batch_size,18,7.0
sgboba 128 abm2,aboba,128,seed1,2,adaptive_batch/batch_size,19,6.0
sgboba 128 abm2,aboba,128,seed1,2,adaptive_batch/batch_size,20,7.0
sgboba 128 abm2,aboba,128,seed1,2,adaptive_batch/batch_size,21,6.0
sgboba 128 abm2,aboba,128,seed1,2,adaptive_batch/batch_size,22,7.0
sgboba 128 abm2,aboba,128,seed1,2,adaptive_batch/batch_size,23,6.0
sgboba 128 abm2,aboba,128,seed1,2,adaptive_batch/batch_size,24,7.0
sgboba 128 abm2,aboba,128,seed1,2,adaptive_batch/batch_size,25,6.0
sgboba 128 abm2,aboba,128,seed1,2,adaptive_batch/batch_size,26,7.0
sgboba 128 abm2,aboba,128,seed1,2,adaptive_batch/batch_size,27,6.0
sgboba 128 abm2,aboba,128,seed1,2,adaptive_batch/batch_size,28,7.0
sgboba 128 abm2,aboba,128,seed1,2,adaptive_batch/batch_size,29,6.0
sgboba 128 abm2,aboba,128,seed1,2,adaptive_batch/batch_size,30,7.0
sgboba 128 abm2,aboba,128,seed1,2,adaptive_batch/batch_size,31,6.0
sgboba 128 abm2,aboba,128,seed1,2,adaptive_batch/batch_size,32,7.0
sgboba 128 abm2,aboba,128,seed1,2,adaptive_batch/batch_size,33,6.0
sgboba 128 abm2,aboba,128,seed1,2,adaptive_batch/batch_size,34,7.0
sgboba 128 abm2,aboba,128,seed1,2,adaptive_batch/batch_size,35,6.0
sgboba 128 abm2,aboba,128,seed1,2,adaptive_batch/batch_size,36,7.0
sgboba 128 abm2,aboba,128,seed1,2,adaptive_batch/batch_size,37,6.0
sgboba 128 abm2,aboba,128,seed1,2,adaptive_batch/batch_size,38,7.0
sgboba 128 abm2,aboba,128,seed1,2,adaptive_batch/batch_size,39,6.0
sgboba 128 abm2,aboba,128,seed1,2,adaptive_batch/batch_size,40,7.0
sgboba 128 abm2,aboba,128,seed1,2,adaptive_batch/batch_size,41,6.0
sgboba 128 abm2,aboba,128,seed1,2,adaptive_batch/batch_size,42,7.0
sgboba 128 abm2,aboba,128,seed1,2,adaptive_batch/batch_size,43,6.0
sgboba 128 abm2,aboba,128,seed1,2,adaptive_batch/batch_size,44,7.0
sgboba 128 abm2,aboba,128,seed1,2,adaptive_batch/batch_size,45,7.0
sgboba 128 abm2,aboba,128,seed1,2,adaptive_batch/batch_size,46,7.0
sgboba 128 abm2,aboba,128,seed1,2,adaptive_batch/batch_size,47,7.0
sgboba 128 abm2,aboba,128,seed1,2,adaptive_batch/batch_size,48,7.0
sgboba 128 abm2,aboba,128,seed1,2,adaptive_batch/batch_size,49,7.0
sgboba 128 abm2,aboba,128,seed1,2,adaptive_batch/batch_size,50,7.0
sgboba 128 abm2,aboba,128,seed1,2,adaptive_batch/batch_size,51,7.0
sgboba 128 abm2,aboba,128,seed1,2,adaptive_batch/batch_size,52,7.0
sgboba 128 abm2,aboba,128,seed1,2,adaptive_batch/batch_size,53,7.0
sgboba 128 abm2,aboba,128,seed1,2,adaptive_batch/batch_size,54,7.0
sgboba 128 abm2,aboba,128,seed1,2,adaptive_batch/batch_size,55,7.0
sgboba 128 abm2,aboba,128,seed1,2,adaptive_batch/batch_size,56,7.0
sgboba 128 abm2,aboba,128,seed1,2,adaptive_batch/batch_size,57,7.0
sgboba 128 abm2,aboba,128,seed1,2,adaptive_batch/batch_size,58,7.0
sgboba 128 abm2,aboba,128,seed1,2,adaptive_batch/batch_size,59,7.0
sgboba 128 abm2,aboba,128,seed1,2,adaptive_batch/batch_size,60,7.0
sgboba 128 abm2,aboba,128,seed1,2,adaptive_batch/batch_size,61,7.0
sgboba 128 abm2,aboba,128,seed1,2,adaptive_batch/batch_size,62,7.0
sgboba 128 abm2,aboba,128,seed1,2,adaptive_batch/batch_size,63,7.0
sgboba 128 abm2,aboba,128,seed1,2,adaptive_batch/batch_size,64,7.0
sgboba 128 abm2,aboba,128,seed1,2,adaptive_batch/batch_size,65,8.0
sgboba 128 abm2,aboba,128,seed1,2,adaptive_batch/batch_size,66,7.0
sgboba 128 abm2,aboba,128,seed1,2,adaptive_batch/batch_size,67,8.0
sgboba 128 abm2,aboba,128,seed1,2,adaptive_batch/batch_size,68,8.0
sgboba 128 abm2,aboba,128,seed1,2,adaptive_batch/batch_size,69,8.0
sgboba 128 abm2,aboba,128,seed1,2,adaptive_batch/batch_size,70,8.0
sgboba 128 abm2,aboba,128,seed1,2,adaptive_batch/batch_size,71,8.0
sgboba 128 abm2,aboba,128,seed1,2,adaptive_batch/batch_size,72,8.0
sgboba 128 abm2,aboba,128,seed1,2,adaptive_batch/batch_size,73,8.0
sgboba 128 abm2,aboba,128,seed1,2,adaptive_batch/batch_size,74,8.0
sgboba 128 abm2,aboba,128,seed1,2,adaptive_batch/batch_size,75,8.0
sgboba 128 abm2,aboba,128,seed1,2,adaptive_batch/batch_size,76,8.0
sgboba 128 abm2,aboba,128,seed1,2,adaptive_batch/batch_size,77,8.0
sgboba 128 abm2,aboba,128,seed1,2,adaptive_batch/batch_size,78,8.0
sgboba 128 abm2,aboba,128,seed1,2,adaptive_batch/batch_size,79,8.0
sgboba 128 abm2,aboba,128,seed1,2,adaptive_batch/batch_size,80,9.0
sgboba 128 abm2,aboba,128,seed1,2,adaptive_batch/batch_size,81,8.0
sgboba 128 abm2,aboba,128,seed1,2,adaptive_batch/batch_size,82,9.0
sgboba 128 abm2,aboba,128,seed1,2,adaptive_batch/batch_size,83,9.0
sgboba 128 abm2,aboba,128,seed1,2,adaptive_batch/batch_size,84,9.0
sgboba 128 abm2,aboba,128,seed1,2,adaptive_batch/batch_size,85,9.0
sgboba 128 abm2,aboba,128,seed1,2,adaptive_batch/batch_size,86,9.0
sgboba 128 abm2,aboba,128,seed1,2,adaptive_batch/batch_size,87,9.0
sgboba 128 abm2,aboba,128,seed1,2,adaptive_batch/batch_size,88,9.0
sgboba 128 abm2,aboba,128,seed1,2,adaptive_batch/batch_size,89,9.0
sgboba 128 abm2,aboba,128,seed1,2,adaptive_batch/batch_size,90,9.0
sgboba 128 abm2,aboba,128,seed1,2,adaptive_batch/batch_size,91,10.0
sgboba 128 abm2,aboba,128,seed1,2,adaptive_batch/batch_size,92,9.0
sgboba 128 abm2,aboba,128,seed1,2,adaptive_batch/batch_size,93,10.0
sgboba 128 abm2,aboba,128,seed1,2,adaptive_batch/batch_size,94,10.0
sgboba 128 abm2,aboba,128,seed1,2,adaptive_batch/batch_size,95,10.0
sgboba 128 abm2,aboba,128,seed1,2,adaptive_batch/batch_size,96,10.0
sgboba 128 abm2,aboba,128,seed1,2,adaptive_batch/batch_size,97,10.0
sgboba 128 abm2,aboba,128,seed1,2,adaptive_batch/batch_size,98,10.0
sgboba 128 abm2,aboba,128,seed1,2,adaptive_batch/batch_size,99,11.0
sgboba 128 abm2,aboba,128,seed1,2,adaptive_batch/batch_size,100,10.0
sgboba 128 abm2,aboba,128,seed1,2,adaptive_batch/batch_size,101,11.0
sgboba 128 abm2,aboba,128,seed1,2,adaptive_batch/batch_size,102,11.0
sgboba 128 abm2,aboba,128,seed1,2,adaptive_batch/batch_size,103,11.0
sgboba 128 abm2,aboba,128,seed1,2,adaptive_batch/batch_size,104,11.0
sgboba 128 abm2,aboba,128,seed1,2,adaptive_batch/batch_size,105,11.0
sgboba 128 abm2,aboba,128,seed1,2,adaptive_batch/batch_size,106,12.0
sgboba 128 abm2,aboba,128,seed1,2,adaptive_batch/batch_size,107,11.0
sgboba 128 abm2,aboba,128,seed1,2,adaptive_batch/batch_size,108,12.0
sgboba 128 abm2,aboba,128,seed1,2,adaptive_batch/batch_size,109,12.0
sgboba 128 abm2,aboba,128,seed1,2,adaptive_batch/batch_size,110,12.0
sgboba 128 abm2,aboba,128,seed1,2,adaptive_batch/batch_size,111,12.0
sgboba 128 abm2,aboba,128,seed1,2,adaptive_batch/batch_size,112,13.0
sgboba 128 abm2,aboba,128,seed1,2,adaptive_batch/batch_size,113,13.0
sgboba 128 abm2,aboba,128,seed1,2,adaptive_batch/batch_size,114,13.0
sgboba 128 abm2,aboba,128,seed1,2,adaptive_batch/batch_size,115,13.0
sgboba 128 abm2,aboba,128,seed1,2,adaptive_batch/batch_size,116,14.0
sgboba 128 abm2,aboba,128,seed1,2,adaptive_batch/batch_size,117,14.0
sgboba 128 abm2,aboba,128,seed1,2,adaptive_batch/batch_size,118,14.0
sgboba 128 abm2,aboba,128,seed1,2,adaptive_batch/batch_size,119,14.0
sgboba 128 abm2,aboba,128,seed1,2,adaptive_batch/batch_size,120,15.0
sgboba 128 abm2,aboba,128,seed1,2,adaptive_batch/batch_size,121,14.0
sgboba 128 abm2,aboba,128,seed1,2,adaptive_batch/batch_size,122,15.0
sgboba 128 abm2,aboba,128,seed1,2,adaptive_batch/batch_size,123,15.0
sgboba 128 abm2,aboba,128,seed1,2,adaptive_batch/batch_size,124,16.0
sgboba 128 abm2,aboba,128,seed1,2,adaptive_batch/batch_size,125,16.0
sgboba 128 abm2,aboba,128,seed1,2,adaptive_batch/batch_size,126,16.0
sgboba 128 abm2,aboba,128,seed1,2,adaptive_batch/batch_size,127,17.0
sgboba 128 abm2,aboba,128,seed1,2,adaptive_batch/batch_size,128,17.0
sgboba 128 abm2,aboba,128,seed1,2,adaptive_batch/batch_size,129,17.0
sgboba 128 abm2,aboba,128,seed1,2,adaptive_batch/batch_size,130,18.0
sgboba 128 abm2,aboba,128,seed1,2,adaptive_batch/batch_size,131,18.0
sgboba 128 abm2,aboba,128,seed1,2,adaptive_batch/batch_size,132,18.0
sgboba 128 abm2,aboba,128,seed1,2,adaptive_batch/batch_size,133,19.0
sgboba 128 abm2,aboba,128,seed1,2,adaptive_batch/batch_size,134,19.0
sgboba 128 abm2,aboba,128,seed1,2,adaptive_batch/batch_size,135,20.0
sgboba 128 abm2,aboba,128,seed1,2,adaptive_batch/batch_size,136,20.0
sgboba 128 abm2,aboba,128,seed1,2,adaptive_batch/batch_size,137,20.0
sgboba 128 abm2,aboba,128,seed1,2,adaptive_batch/batch_size,138,21.0
sgboba 128 abm2,aboba,128,seed1,2,adaptive_batch/batch_size,139,21.0
sgboba 128 abm2,aboba,128,seed1,2,adaptive_batch/batch_size,140,22.0
sgboba 128 abm2,aboba,128,seed1,2,adaptive_batch/batch_size,141,23.0
sgboba 128 abm2,aboba,128,seed1,2,adaptive_batch/batch_size,142,23.0
sgboba 128 abm2,aboba,128,seed1,2,adaptive_batch/batch_size,143,23.0
sgboba 128 abm2,aboba,128,seed1,2,adaptive_batch/batch_size,144,24.0
sgboba 128 abm2,aboba,128,seed1,2,adaptive_batch/batch_size,145,25.0
sgboba 128 abm2,aboba,128,seed1,2,adaptive_batch/batch_size,146,26.0
sgboba 128 abm2,aboba,128,seed1,2,adaptive_batch/batch_size,147,26.0
sgboba 128 abm2,aboba,128,seed1,2,adaptive_batch/batch_size,148,26.0
sgboba 128 abm2,aboba,128,seed1,2,adaptive_batch/batch_size,149,28.0
sgboba 128 abm2,aboba,128,seed1,2,adaptive_batch/batch_size,150,28.0
sgboba 128 abm2,aboba,128,seed1,2,adaptive_batch/batch_size,151,30.0
sgboba 128 abm2,aboba,128,seed1,2,adaptive_batch/batch_size,152,29.0
sgboba 128 abm2,aboba,128,seed1,2,adaptive_batch/batch_size,153,32.0
sgboba 128 abm2,aboba,128,seed1,2,adaptive_batch/batch_size,154,31.0
sgboba 128 abm2,aboba,128,seed1,2,adaptive_batch/batch_size,155,32.0
sgboba 128 abm2,aboba,128,seed1,2,adaptive_batch/batch_size,156,31.0
sgboba 128 abm2,aboba,128,seed1,2,adaptive_batch/batch_size,157,35.0
sgboba 128 abm2,aboba,128,seed1,2,adaptive_batch/batch_size,158,36.0
sgboba 128 abm2,aboba,128,seed1,2,adaptive_batch/batch_size,159,35.0
sgboba 128 abm2,aboba,128,seed1,2,adaptive_batch/batch_size,160,35.0
sgboba 128 abm2,aboba,128,seed1,2,adaptive_batch/batch_size,161,38.0
sgboba 128 abm2,aboba,128,seed1,2,adaptive_batch/batch_size,162,40.0
sgboba 128 abm2,aboba,128,seed1,2,adaptive_batch/batch_size,163,42.0
sgboba 128 abm2,aboba,128,seed1,2,adaptive_batch/batch_size,164,39.0
sgboba 128 abm2,aboba,128,seed1,2,adaptive_batch/batch_size,165,40.0
sgboba 128 abm2,aboba,128,seed1,2,adaptive_batch/batch_size,166,49.0
sgboba 128 abm2,aboba,128,seed1,2,adaptive_batch/batch_size,167,44.0
sgboba 128 abm2,aboba,128,seed1,2,adaptive_batch/batch_size,168,41.0
sgboba 128 abm2,aboba,128,seed1,2,adaptive_batch/batch_size,169,59.0
sgboba 128 abm2,aboba,128,seed1,2,adaptive_batch/batch_size,170,55.0
sgboba 128 abm2,aboba,128,seed1,2,adaptive_batch/batch_size,171,55.0
sgboba 128 abm2,aboba,128,seed1,2,adaptive_batch/batch_size,172,57.0
sgboba 128 abm2,aboba,128,seed1,2,adaptive_batch/batch_size,173,58.0
sgboba 128 abm2,aboba,128,seed1,2,adaptive_batch/batch_size,174,58.0
sgboba 128 abm2,aboba,128,seed1,2,adaptive_batch/batch_size,175,66.0
sgboba 128 abm2,aboba,128,seed1,2,adaptive_batch/batch_size,176,78.0
sgboba 128 abm2,aboba,128,seed1,2,adaptive_batch/batch_size,177,56.0
sgboba 128 abm2,aboba,128,seed1,2,adaptive_batch/batch_size,178,72.0
sgboba 128 abm2,aboba,128,seed1,2,adaptive_batch/batch_size,179,90.0
sgboba 128 abm2,aboba,128,seed1,2,adaptive_batch/batch_size,180,106.0
sgboba 128 abm2,aboba,128,seed1,2,adaptive_batch/batch_size,181,114.0
sgboba 128 abm2,aboba,128,seed1,2,adaptive_batch/batch_size,182,113.0
sgboba 128 abm2,aboba,128,seed1,2,adaptive_batch/batch_size,183,116.0
sgboba 128 abm2,aboba,128,seed1,2,adaptive_batch/batch_size,184,139.0
sgboba 128 abm2,aboba,128,seed1,2,adaptive_batch/batch_size,185,124.0
sgboba 128 abm2,aboba,128,seed1,2,adaptive_batch/batch_size,186,143.0
sgboba 128 abm2,aboba,128,seed1,2,adaptive_batch/batch_size,187,212.0
sgboba 128 abm2,aboba,128,seed1,2,adaptive_batch/batch_size,188,194.0
sgboba 128 abm2,aboba,128,seed1,2,adaptive_batch/batch_size,189,302.0
sgboba 128 abm2,aboba,128,seed1,2,adaptive_batch/batch_size,190,300.0
sgboba 128 abm2,aboba,128,seed1,2,adaptive_batch/batch_size,191,364.0
sgboba 128 abm2,aboba,128,seed1,2,adaptive_batch/batch_size,192,417.0
sgboba 128 abm2,aboba,128,seed1,2,adaptive_batch/batch_size,193,471.0
sgboba 128 abm2,aboba,128,seed1,2,adaptive_batch/batch_size,194,463.0
sgboba 128 abm2,aboba,128,seed1,2,adaptive_batch/batch_size,195,622.0
sgboba 128 abm2,aboba,128,seed1,2,adaptive_batch/batch_size,196,744.0
sgboba 128 abm2,aboba,128,seed1,2,adaptive_batch/batch_size,197,708.0
sgboba 128 abm2,aboba,128,seed1,2,adaptive_batch/batch_size,198,1148.0
sgboba 128 abm2,aboba,128,seed1,2,adaptive_batch/batch_size,199,1083.0
sgboba 256 abm2,aboba,256,seed1,2,adaptive_batch/batch_size,2,6.0
sgboba 256 abm2,aboba,256,seed1,2,adaptive_batch/batch_size,3,4.0
sgboba 256 abm2,aboba,256,seed1,2,adaptive_batch/batch_size,4,6.0
sgboba 256 abm2,aboba,256,seed1,2,adaptive_batch/batch_size,5,6.0
sgboba 256 abm2,aboba,256,seed1,2,adaptive_batch/batch_size,6,7.0
sgboba 256 abm2,aboba,256,seed1,2,adaptive_batch/batch_size,7,7.0
sgboba 256 abm2,aboba,256,seed1,2,adaptive_batch/batch_size,8,7.0
sgboba 256 abm2,aboba,256,seed1,2,adaptive_batch/batch_size,9,7.0
sgboba 256 abm2,aboba,256,seed1,2,adaptive_batch/batch_size,10,7.0
sgboba 256 abm2,aboba,256,seed1,2,adaptive_batch/batch_size,11,6.0
sgboba 256 abm2,aboba,256,seed1,2,adaptive_batch/batch_size,12,7.0
sgboba 256 abm2,aboba,256,seed1,2,adaptive_batch/batch_size,13,6.0
sgboba 256 abm2,aboba,256,seed1,2,adaptive_batch/batch_size,14,7.0
sgboba 256 abm2,aboba,256,seed1,2,adaptive_batch/batch_size,15,6.0
sgboba 256 abm2,aboba,256,seed1,2,adaptive_batch/batch_size,16,6.0
sgboba 256 abm2,aboba,256,seed1,2,adaptive_batch/batch_size,17,6.0
sgboba 256 abm2,aboba,256,seed1,2,adaptive_batch/batch_size,18,6.0
sgboba 256 abm2,aboba,256,seed1,2,adaptive_batch/batch_size,19,6.0
sgboba 256 abm2,aboba,256,seed1,2,adaptive_batch/batch_size,20,6.0
sgboba 256 abm2,aboba,256,seed1,2,adaptive_batch/batch_size,21,6.0
sgboba 256 abm2,aboba,256,seed1,2,adaptive_batch/batch_size,22,6.0
sgboba 256 abm2,aboba,256,seed1,2,adaptive_batch/batch_size,23,6.0
sgboba 256 abm2,aboba,256,seed1,2,adaptive_batch/batch_size,24,6.0
sgboba 256 abm2,aboba,256,seed1,2,adaptive_batch/batch_size,25,6.0
sgboba 256 abm2,aboba,256,seed1,2,adaptive_batch/batch_size,26,6.0
sgboba 256 abm2,aboba,256,seed1,2,adaptive_batch/batch_size,27,6.0
sgboba 256 abm2,aboba,256,seed1,2,adaptive_batch/batch_size,28,6.0
sgboba 256 abm2,aboba,256,seed1,2,adaptive_batch/batch_size,29,6.0
sgboba 256 abm2,aboba,256,seed1,2,adaptive_batch/batch_size,30,6.0
sgboba 256 abm2,aboba,256,seed1,2,adaptive_batch/batch_size,31,6.0
sgboba 256 abm2,aboba,256,seed1,2,adaptive_batch/batch_size,32,6.0
sgboba 256 abm2,aboba,256,seed1,2,adaptive_batch/batch_size,33,6.0
sgboba 256 abm2,aboba,256,seed1,2,adaptive_batch/batch_size,34,7.0
sgboba 256 abm2,aboba,256,seed1,2,adaptive_batch/batch_size,35,6.0
sgboba 256 abm2,aboba,256,seed1,2,adaptive_batch/batch_size,36,7.0
sgboba 256 abm2,aboba,256,seed1,2,adaptive_batch/batch_size,37,6.0
sgboba 256 abm2,aboba,256,seed1,2,adaptive_batch/batch_size,38,7.0
sgboba 256 abm2,aboba,256,seed1,2,adaptive_batch/batch_size,39,6.0
sgboba 256 abm2,aboba,256,seed1,2,adaptive_batch/batch_size,40,7.0
sgboba 256 abm2,aboba,256,seed1,2,adaptive_batch/batch_size,41,6.0
sgboba 256 abm2,aboba,256,seed1,2,adaptive_batch/batch_size,42,7.0
sgboba 256 abm2,aboba,256,seed1,2,adaptive_batch/batch_size,43,6.0
sgboba 256 abm2,aboba,256,seed1,2,adaptive_batch/batch_size,44,7.0
sgboba 256 abm2,aboba,256,seed1,2,adaptive_batch/batch_size,45,6.0
sgboba 256 abm2,aboba,256,seed1,2,adaptive_batch/batch_size,46,7.0
sgboba 256 abm2,aboba,256,seed1,2,adaptive_batch/batch_size,47,7.0
sgboba 256 abm2,aboba,256,seed1,2,adaptive_batch/batch_size,48,7.0
sgboba 256 abm2,aboba,256,seed1,2,adaptive_batch/batch_size,49,7.0
sgboba 256 abm2,aboba,256,seed1,2,adaptive_batch/batch_size,50,7.0
sgboba 256 abm2,aboba,256,seed1,2,adaptive_batch/batch_size,51,7.0
sgboba 256 abm2,aboba,256,seed1,2,adaptive_batch/batch_size,52,7.0
sgboba 256 abm2,aboba,256,seed1,2,adaptive_batch/batch_size,53,7.0
sgboba 256 abm2,aboba,256,seed1,2,adaptive_batch/batch_size,54,7.0
sgboba 256 abm2,aboba,256,seed1,2,adaptive_batch/batch_size,55,7.0
sgboba 256 abm2,aboba,256,seed1,2,adaptive_batch/batch_size,56,7.0
sgboba 256 abm2,aboba,256,seed1,2,adaptive_batch/batch_size,57,7.0
sgboba 256 abm2,aboba,256,seed1,2,adaptive_batch/batch_size,58,7.0
sgboba 256 abm2,aboba,256,seed1,2,adaptive_batch/batch_size,59,7.0
sgboba 256 abm2,aboba,256,seed1,2,adaptive_batch/batch_size,60,7.0
sgboba 256 abm2,aboba,256,seed1,2,adaptive_batch/batch_size,61,7.0
sgboba 256 abm2,aboba,256,seed1,2,adaptive_batch/batch_size,62,7.0
sgboba 256 abm2,aboba,256,seed1,2,adaptive_batch/batch_size,63,7.0
sgboba 256 abm2,aboba,256,seed1,2,adaptive_batch/batch_size,64,7.0
sgboba 256 abm2,aboba,256,seed1,2,adaptive_batch/batch_size,65,8.0
sgboba 256 abm2,aboba,256,seed1,2,adaptive_batch/batch_size,66,7.0
sgboba 256 abm2,aboba,256,seed1,2,adaptive_batch/batch_size,67,8.0
sgboba 256 abm2,aboba,256,seed1,2,adaptive_batch/batch_size,68,7.0
sgboba 256 abm2,aboba,256,seed1,2,adaptive_batch/batch_size,69,8.0
sgboba 256 abm2,aboba,256,seed1,2,adaptive_batch/batch_size,70,8.0
sgboba 256 abm2,aboba,256,seed1,2,adaptive_batch/batch_size,71,8.0
sgboba 256 abm2,aboba,256,seed1,2,adaptive_batch/batch_size,72,8.0
sgboba 256 abm2,aboba,256,seed1,2,adaptive_batch/batch_size,73,8.0
sgboba 256 abm2,aboba,256,seed1,2,adaptive_batch/batch_size,74,8.0
sgboba 256 abm2,aboba,256,seed1,2,adaptive_batch/batch_size,75,8.0
sgboba 256 abm2,aboba,256,seed1,2,adaptive_batch/batch_size,76,8.0
sgboba 256 abm2,aboba,256,seed1,2,adaptive_batch/batch_size,77,8.0
sgboba 256 abm2,aboba,256,seed1,2,adaptive_batch/batch_size,78,8.0
sgboba 256 abm2,aboba,256,seed1,2,adaptive_batch/batch_size,79,8.0
sgboba 256 abm2,aboba,256,seed1,2,adaptive_batch/batch_size,80,8.0
sgboba 256 abm2,aboba,256,seed1,2,adaptive_batch/batch_size,81,9.0
sgboba 256 abm2,aboba,256,seed1,2,adaptive_batch/batch_size,82,8.0
sgboba 256 abm2,aboba,256,seed1,2,adaptive_batch/batch_size,83,9.0
sgboba 256 abm2,aboba,256,seed1,2,adaptive_batch/batch_size,84,9.0
sgboba 256 abm2,aboba,256,seed1,2,adaptive_batch/batch_size,85,9.0
sgboba 256 abm2,aboba,256,seed1,2,adaptive_batch/batch_size,86,9.0
sgboba 256 abm2,aboba,256,seed1,2,adaptive_batch/batch_size,87,9.0
sgboba 256 abm2,aboba,256,seed1,2,adaptive_batch/batch_size,88,9.0
sgboba 256 abm2,aboba,256,seed1,2,adaptive_batch/batch_size,89,9.0
sgboba 256 abm2,aboba,256,seed1,2,adaptive_batch/batch_size,90,9.0
sgboba 256 abm2,aboba,256,seed1,2,adaptive_batch/batch_size,91,9.0
sgboba 256 abm2,aboba,256,seed1,2,adaptive_batch/batch_size,92,10.0
sgboba 256 abm2,aboba,256,seed1,2,adaptive_batch/batch_size,93,9.0
sgboba 256 abm2,aboba,256,seed1,2,adaptive_batch/batch_size,94,10.0
sgboba 256 abm2,aboba,256,seed1,2,adaptive_batch/batch_size,95,10.0
sgboba 256 abm2,aboba,256,seed1,2,adaptive_batch/batch_size,96,10.0
sgboba 256 abm2,aboba,256,seed1,2,adaptive_batch/batch_size,97,10.0
sgboba 256 abm2,aboba,256,seed1,2,adaptive_batch/batch_size,98,10.0
sgboba 256 abm2,aboba,256,seed1,2,adaptive_batch/batch_size,99,10.0
sgboba 256 abm2,aboba,256,seed1,2,adaptive_batch/batch_size,100,11.0
sgboba 256 abm2,aboba,256,seed1,2,adaptive_batch/batch_size,101,10.0
sgboba 256 abm2,aboba,256,seed1,2,adaptive_batch/batch_size,102,11.0
sgboba 256 abm2,aboba,256,seed1,2,adaptive_batch/batch_size,103,11.0
sgboba 256 abm2,aboba,256,seed1,2,adaptive_batch/batch_size,104,11.0
sgboba 256 abm2,aboba,256,seed1,2,adaptive_batch/batch_size,105,11.0
sgboba 256 abm2,aboba,256,seed1,2,adaptive_batch/batch_size,106,11.0
sgboba 256 abm2,aboba,256,seed1,2,adaptive_batch/batch_size,107,12.0
sgboba 256 abm2,aboba,256,seed1,2,adaptive_batch/batch_size,108,12.0
sgboba 256 abm2,aboba,256,seed1,2,adaptive_batch/batch_size,109,12.0
sgboba 256 abm2,aboba,256,seed1,2,adaptive_batch/batch_size,110,12.0
sgboba 256 abm2,aboba,256,seed1,2,adaptive_batch/batch_size,111,12.0
sgboba 256 abm2,aboba,256,seed1,2,adaptive_batch/batch_size,112,13.0
sgboba 256 abm2,aboba,256,seed1,2,adaptive_batch/batch_size,113,13.0
sgboba 256 abm2,aboba,256,seed1,2,adaptive_batch/batch_size,114,13.0
sgboba 256 abm2,aboba,256,seed1,2,adaptive_batch/batch_size,115,13.0
sgboba 256 abm2,aboba,256,seed1,2,adaptive_batch/batch_size,116,13.0
sgboba 256 abm2,aboba,256,seed1,2,adaptive_batch/batch_size,117,14.0
sgboba 256 abm2,aboba,256,seed1,2,adaptive_batch/batch_size,118,14.0
sgboba 256 abm2,aboba,256,seed1,2,adaptive_batch/batch_size,119,14.0
sgboba 256 abm2,aboba,256,seed1,2,adaptive_batch/batch_size,120,14.0
sgboba 256 abm2,aboba,256,seed1,2,adaptive_batch/batch_size,121,15.0
sgboba 256 abm2,aboba,256,seed1,2,adaptive_batch/batch_size,122,15.0
sgboba 256 abm2,aboba,256,seed1,2,adaptive_batch/batch_size,123,15.0
sgboba 256 abm2,aboba,256,seed1,2,adaptive_batch/batch_size,124,16.0
sgboba 256 abm2,aboba,256,seed1,2,adaptive_batch/batch_size,125,16.0
sgboba 256 abm2,aboba,256,seed1,2,adaptive_batch/batch_size,126,16.0
sgboba 256 abm2,aboba,256,seed1,2,adaptive_batch/batch_size,127,16.0
sgboba 256 abm2,aboba,256,seed1,2,adaptive_batch/batch_size,128,17.0
sgboba 256 abm2,aboba,256,seed1,2,adaptive_batch/batch_size,129,17.0
sgboba 256 abm2,aboba,256,seed1,2,adaptive_batch/batch_size,130,17.0
sgboba 256 abm2,aboba,256,seed1,2,adaptive_batch/batch_size,131,18.0
sgboba 256 abm2,aboba,256,seed1,2,adaptive_batch/batch_size,132,18.0
sgboba 256 abm2,aboba,256,seed1,2,adaptive_batch/batch_size,133,19.0
sgboba 256 abm2,aboba,256,seed1,2,adaptive_batch/batch_size,134,19.0
sgboba 256 abm2,aboba,256,seed1,2,adaptive_batch/batch_size,135,20.0
sgboba 256 abm2,aboba,256,seed1,2,adaptive_batch/batch_size,136,19.0
sgboba 256 abm2,aboba,256,seed1,2,adaptive_batch/batch_size,137,21.0
sgboba 256 abm2,aboba,256,seed1,2,adaptive_batch/batch_size,138,20.0
sgboba 256 abm2,aboba,256,seed1,2,adaptive_batch/batch_size,139,22.0
sgboba 256 abm2,aboba,256,seed1,2,adaptive_batch/batch_size,140,21.0
sgboba 256 abm2,aboba,256,seed1,2,adaptive_batch/batch_size,141,22.0
sgboba 256 abm2,aboba,256,seed1,2,adaptive_batch/batch_size,142,23.0
sgboba 256 abm2,aboba,256,seed1,2,adaptive_batch/batch_size,143,24.0
sgboba 256 abm2,aboba,256,seed1,2,adaptive_batch/batch_size,144,24.0
sgboba 256 abm2,aboba,256,seed1,2,adaptive_batch/batch_size,145,24.0
sgboba 256 abm2,aboba,256,seed1,2,adaptive_batch/batch_size,146,25.0
sgboba 256 abm2,aboba,256,seed1,2,adaptive_batch/batch_size,147,26.0
sgboba 256 abm2,aboba,256,seed1,2,adaptive_batch/batch_size,148,26.0
sgboba 256 abm2,aboba,256,seed1,2,adaptive_batch/batch_size,149,27.0
sgboba 256 abm2,aboba,256,seed1,2,adaptive_batch/batch_size,150,28.0
sgboba 256 abm2,aboba,256,seed1,2,adaptive_batch/batch_size,151,29.0
sgboba 256 abm2,aboba,256,seed1,2,adaptive_batch/batch_size,152,29.0
sgboba 256 abm2,aboba,256,seed1,2,adaptive_batch/batch_size,153,31.0
sgboba 256 abm2,aboba,256,seed1,2,adaptive_batch/batch_size,154,30.0
sgboba 256 abm2,aboba,256,seed1,2,adaptive_batch/batch_size,155,32.0
sgboba 256 abm2,aboba,256,seed1,2,adaptive_batch/batch_size,156,33.0
sgboba 256 abm2,aboba,256,seed1,2,adaptive_batch/batch_size,157,34.0
sgboba 256 abm2,aboba,256,seed1,2,adaptive_batch/batch_size,158,37.0
sgboba 256 abm2,aboba,256,seed1,2,adaptive_batch/batch_size,159,36.0
sgboba 256 abm2,aboba,256,seed1,2,adaptive_batch/batch_size,160,37.0
sgboba 256 abm2,aboba,256,seed1,2,adaptive_batch/batch_size,161,39.0
sgboba 256 abm2,aboba,256,seed1,2,adaptive_batch/batch_size,162,39.0
sgboba 256 abm2,aboba,256,seed1,2,adaptive_batch/batch_size,163,37.0
sgboba 256 abm2,aboba,256,seed1,2,adaptive_batch/batch_size,164,40.0
sgboba 256 abm2,aboba,256,seed1,2,adaptive_batch/batch_size,165,48.0
sgboba 256 abm2,aboba,256,seed1,2,adaptive_batch/batch_size,166,42.0
sgboba 256 abm2,aboba,256,seed1,2,adaptive_batch/batch_size,167,50.0
sgboba 256 abm2,aboba,256,seed1,2,adaptive_batch/batch_size,168,52.0
sgboba 256 abm2,aboba,256,seed1,2,adaptive_batch/batch_size,169,52.0
sgboba 256 abm2,aboba,256,seed1,2,adaptive_batch/batch_size,170,56.0
sgboba 256 abm2,aboba,256,seed1,2,adaptive_batch/batch_size,171,53.0
sgboba 256 abm2,aboba,256,seed1,2,adaptive_batch/batch_size,172,59.0
sgboba 256 abm2,aboba,256,seed1,2,adaptive_batch/batch_size,173,69.0
sgboba 256 abm2,aboba,256,seed1,2,adaptive_batch/batch_size,174,57.0
sgboba 256 abm2,aboba,256,seed1,2,adaptive_batch/batch_size,175,64.0
sgboba 256 abm2,aboba,256,seed1,2,adaptive_batch/batch_size,176,77.0
sgboba 256 abm2,aboba,256,seed1,2,adaptive_batch/batch_size,177,86.0
sgboba 256 abm2,aboba,256,seed1,2,adaptive_batch/batch_size,178,87.0
sgboba 256 abm2,aboba,256,seed1,2,adaptive_batch/batch_size,179,88.0
sgboba 256 abm2,aboba,256,seed1,2,adaptive_batch/batch_size,180,102.0
sgboba 256 abm2,aboba,256,seed1,2,adaptive_batch/batch_size,181,134.0
sgboba 256 abm2,aboba,256,seed1,2,adaptive_batch/batch_size,182,94.0
sgboba 256 abm2,aboba,256,seed1,2,adaptive_batch/batch_size,183,148.0
sgboba 256 abm2,aboba,256,seed1,2,adaptive_batch/batch_size,184,160.0
sgboba 256 abm2,aboba,256,seed1,2,adaptive_batch/batch_size,185,184.0
sgboba 256 abm2,aboba,256,seed1,2,adaptive_batch/batch_size,186,177.0
sgboba 256 abm2,aboba,256,seed1,2,adaptive_batch/batch_size,187,203.0
sgboba 256 abm2,aboba,256,seed1,2,adaptive_batch/batch_size,188,237.0
sgboba 256 abm2,aboba,256,seed1,2,adaptive_batch/batch_size,189,228.0
sgboba 256 abm2,aboba,256,seed1,2,adaptive_batch/batch_size,190,262.0
sgboba 256 abm2,aboba,256,seed1,2,adaptive_batch/batch_size,191,324.0
sgboba 256 abm2,aboba,256,seed1,2,adaptive_batch/batch_size,192,399.0
sgboba 256 abm2,aboba,256,seed1,2,adaptive_batch/batch_size,193,499.0
sgboba 256 abm2,aboba,256,seed1,2,adaptive_batch/batch_size,194,558.0
sgboba 256 abm2,aboba,256,seed1,2,adaptive_batch/batch_size,195,800.0
sgboba 256 abm2,aboba,256,seed1,2,adaptive_batch/batch_size,196,912.0
sgboba 256 abm2,aboba,256,seed1,2,adaptive_batch/batch_size,197,1106.0
sgboba 256 abm2,aboba,256,seed1,2,adaptive_batch/batch_size,198,1183.0
sgboba 256 abm2,aboba,256,seed1,2,adaptive_batch/batch_size,199,1218.0
sgboba 512 abm2,aboba,512,seed1,2,adaptive_batch/batch_size,2,9.0
sgboba 512 abm2,aboba,512,seed1,2,adaptive_batch/batch_size,3,4.0
sgboba 512 abm2,aboba,512,seed1,2,adaptive_batch/batch_size,4,5.0
sgboba 512 abm2,aboba,512,seed1,2,adaptive_batch/batch_size,5,6.0
sgboba 512 abm2,aboba,512,seed1,2,adaptive_batch/batch_size,6,7.0
sgboba 512 abm2,aboba,512,seed1,2,adaptive_batch/batch_size,7,7.0
sgboba 512 abm2,aboba,512,seed1,2,adaptive_batch/batch_size,8,7.0
sgboba 512 abm2,aboba,512,seed1,2,adaptive_batch/batch_size,9,7.0
sgboba 512 abm2,aboba,512,seed1,2,adaptive_batch/batch_size,10,7.0
sgboba 512 abm2,aboba,512,seed1,2,adaptive_batch/batch_size,11,6.0
sgboba 512 abm2,aboba,512,seed1,2,adaptive_batch/batch_size,12,7.0
sgboba 512 abm2,aboba,512,seed1,2,adaptive_batch/batch_size,13,6.0
sgboba 512 abm2,aboba,512,seed1,2,adaptive_batch/batch_size,14,7.0
sgboba 512 abm2,aboba,512,seed1,2,adaptive_batch/batch_size,15,6.0
sgboba 512 abm2,aboba,512,seed1,2,adaptive_batch/batch_size,16,7.0
sgboba 512 abm2,aboba,512,seed1,2,adaptive_batch/batch_size,17,6.0
sgboba 512 abm2,aboba,512,seed1,2,adaptive_batch/batch_size,18,7.0
sgboba 512 abm2,aboba,512,seed1,2,adaptive_batch/batch_size,19,6.0
sgboba 512 abm2,aboba,512,seed1,2,adaptive_batch/batch_size,20,6.0
sgboba 512 abm2,aboba,512,seed1,2,adaptive_batch/batch_size,21,6.0
sgboba 512 abm2,aboba,512,seed1,2,adaptive_batch/batch_size,22,6.0
sgboba 512 abm2,aboba,512,seed1,2,adaptive_batch/batch_size,23,6.0
sgboba 512 abm2,aboba,512,seed1,2,adaptive_batch/batch_size,24,6.0
sgboba 512 abm2,aboba,512,seed1,2,adaptive_batch/batch_size,25,6.0
sgboba 512 abm2,aboba,512,seed1,2,adaptive_batch/batch_size,26,6.0
sgboba 512 abm2,aboba,512,seed1,2,adaptive_batch/batch_size,27,6.0
sgboba 512 abm2,aboba,512,seed1,2,adaptive_batch/batch_size,28,6.0
sgboba 512 abm2,aboba,512,seed1,2,adaptive_batch/batch_size,29,6.0
sgboba 512 abm2,aboba,512,seed1,2,adaptive_batch/batch_size,30,6.0
sgboba 512 abm2,aboba,512,seed1,2,adaptive_batch/batch_size,31,6.0
sgboba 512 abm2,aboba,512,seed1,2,adaptive_batch/batch_size,32,6.0
sgboba 512 abm2,aboba,512,seed1,2,adaptive_batch/batch_size,33,7.0
sgboba 512 abm2,aboba,512,seed1,2,adaptive_batch/batch_size,34,6.0
sgboba 512 abm2,aboba,512,seed1,2,adaptive_batch/batch_size,35,7.0
sgboba 512 abm2,aboba,512,seed1,2,adaptive_batch/batch_size,36,6.0
sgboba 512 abm2,aboba,512,seed1,2,adaptive_batch/batch_size,37,7.0
sgboba 512 abm2,aboba,512,seed1,2,adaptive_batch/batch_size,38,6.0
sgboba 512 abm2,aboba,512,seed1,2,adaptive_batch/batch_size,39,7.0
sgboba 512 abm2,aboba,512,seed1,2,adaptive_batch/batch_size,40,6.0
sgboba 512 abm2,aboba,512,seed1,2,adaptive_batch/batch_size,41,7.0
sgboba 512 abm2,aboba,512,seed1,2,adaptive_batch/batch_size,42,6.0
sgboba 512 abm2,aboba,512,seed1,2,adaptive_batch/batch_size,43,7.0
sgboba 512 abm2,aboba,512,seed1,2,adaptive_batch/batch_size,44,6.0
sgboba 512 abm2,aboba,512,seed1,2,adaptive_batch/batch_size,45,7.0
sgboba 512 abm2,aboba,512,seed1,2,adaptive_batch/batch_size,46,7.0
sgboba 512 abm2,aboba,512,seed1,2,adaptive_batch/batch_size,47,7.0
sgboba 512 abm2,aboba,512,seed1,2,adaptive_batch/batch_size,48,7.0
sgboba 512 abm2,aboba,512,seed1,2,adaptive_batch/batch_size,49,7.0
sgboba 512 abm2,aboba,512,seed1,2,adaptive_batch/batch_size,50,7.0
sgboba 512 abm2,aboba,512,seed1,2,adaptive_batch/batch_size,51,7.0
sgboba 512 abm2,aboba,512,seed1,2,adaptive_batch/batch_size,52,7.0
sgboba 512 abm2,aboba,512,seed1,2,adaptive_batch/batch_size,53,7.0
sgboba 512 abm2,aboba,512,seed1,2,adaptive_batch/batch_size,54,7.0
sgboba 512 abm2,aboba,512,seed1,2,adaptive_batch/batch_size,55,7.0
sgboba 512 abm2,aboba,512,seed1,2,adaptive_batch/batch_size,56,7.0
sgboba 512 abm2,aboba,512,seed1,2,adaptive_batch/batch_size,57,7.0
sgboba 512 abm2,aboba,512,seed1,2,adaptive_batch/batch_size,58,7.0
sgboba 512 abm2,aboba,512,seed1,2,adaptive_batch/batch_size,59,7.0
sgboba 512 abm2,aboba,512,seed1,2,adaptive_batch/batch_size,60,7.0
sgboba 512 abm2,aboba,512,seed1,2,adaptive_batch/batch_size,61,7.0
sgboba 512 abm2,aboba,512,seed1,2,adaptive_batch/batch_size,62,7.0
sgboba 512 abm2,aboba,512,seed1,2,adaptive_batch/batch_size,63,7.0
sgboba 512 abm2,aboba,512,seed1,2,adaptive_batch/batch_size,64,8.0
sgboba 512 abm2,aboba,512,seed1,2,adaptive_batch/batch_size,65,7.0
sgboba 512 abm2,aboba,512,seed1,2,adaptive_batch/batch_size,66,8.0
sgboba 512 abm2,aboba,512,seed1,2,adaptive_batch/batch_size,67,7.0
sgboba 512 abm2,aboba,512,seed1,2,adaptive_batch/batch_size,68,8.0
sgboba 512 abm2,aboba,512,seed1,2,adaptive_batch/batch_size,69,8.0
sgboba 512 abm2,aboba,512,seed1,2,adaptive_batch/batch_size,70,8.0
sgboba 512 abm2,aboba,512,seed1,2,adaptive_batch/batch_size,71,8.0
sgboba 512 abm2,aboba,512,seed1,2,adaptive_batch/batch_size,72,8.0
sgboba 512 abm2,aboba,512,seed1,2,adaptive_batch/batch_size,73,8.0
sgboba 512 abm2,aboba,512,seed1,2,adaptive_batch/batch_size,74,8.0
sgboba 512 abm2,aboba,512,seed1,2,adaptive_batch/batch_size,75,8.0
sgboba 512 abm2,aboba,512,seed1,2,adaptive_batch/batch_size,76,8.0
sgboba 512 abm2,aboba,512,seed1,2,adaptive_batch/batch_size,77,8.0
sgboba 512 abm2,aboba,512,seed1,2,adaptive_batch/batch_size,78,8.0
sgboba 512 abm2,aboba,512,seed1,2,adaptive_batch/batch_size,79,8.0
sgboba 512 abm2,aboba,512,seed1,2,adaptive_batch/batch_size,80,9.0
sgboba 512 abm2,aboba,512,seed1,2,adaptive_batch/batch_size,81,8.0
sgboba 512 abm2,aboba,512,seed1,2,adaptive_batch/batch_size,82,9.0
sgboba 512 abm2,aboba,512,seed1,2,adaptive_batch/batch_size,83,9.0
sgboba 512 abm2,aboba,512,seed1,2,adaptive_batch/batch_size,84,9.0
sgboba 512 abm2,aboba,512,seed1,2,adaptive_batch/batch_size,85,9.0
sgboba 512 abm2,aboba,512,seed1,2,adaptive_batch/batch_size,86,9.0
sgboba 512 abm2,aboba,512,seed1,2,adaptive_batch/batch_size,87,9.0
sgboba 512 abm2,aboba,512,seed1,2,adaptive_batch/batch_size,88,9.0
sgboba 512 abm2,aboba,512,seed1,2,adaptive_batch/batch_size,89,9.0
sgboba 512 abm2,aboba,512,seed1,2,adaptive_batch/batch_size,90,9.0
sgboba 512 abm2,aboba,512,seed1,2,adaptive_batch/batch_size,91,10.0
sgboba 512 abm2,aboba,512,seed1,2,adaptive_batch/batch_size,92,9.0
sgboba 512 abm2,aboba,512,seed1,2,adaptive_batch/batch_size,93,10.0
sgboba 512 abm2,aboba,512,seed1,2,adaptive_batch/batch_size,94,10.0
sgboba 512 abm2,aboba,512,seed1,2,adaptive_batch/batch_size,95,10.0
sgboba 512 abm2,aboba,512,seed1,2,adaptive_batch/batch_size,96,10.0
sgboba 512 abm2,aboba,512,seed1,2,adaptive_batch/batch_size,97,10.0
sgboba 512 abm2,aboba,512,seed1,2,adaptive_batch/batch_size,98,10.0
sgboba 512 abm2,aboba,512,seed1,2,adaptive_batch/batch_size,99,11.0
sgboba 512 abm2,aboba,512,seed1,2,adaptive_batch/batch_size,100,10.0
sgboba 512 abm2,aboba,512,seed1,2,adaptive_batch/batch_size,101,11.0
sgboba 512 abm2,aboba,512,seed1,2,adaptive_batch/batch_size,102,11.0
sgboba 512 abm2,aboba,512,seed1,2,adaptive_batch/batch_size,103,11.0
sgboba 512 abm2,aboba,512,seed1,2,adaptive_batch/batch_size,104,11.0
sgboba 512 abm2,aboba,512,seed1,2,adaptive_batch/batch_size,105,11.0
sgboba 512 abm2,aboba,512,seed1,2,adaptive_batch/batch_size,106,12.0
sgboba 512 abm2,aboba,512,seed1,2,adaptive_batch/batch_size,107,11.0
sgboba 512 abm2,aboba,512,seed1,2,adaptive_batch/batch_size,108,12.0
sgboba 512 abm2,aboba,512,seed1,2,adaptive_batch/batch_size,109,12.0
sgboba 512 abm2,aboba,512,seed1,2,adaptive_batch/batch_size,110,12.0
sgboba 512 abm2,aboba,512,seed1,2,adaptive_batch/batch_size,111,12.0
sgboba 512 abm2,aboba,512,seed1,2,adaptive_batch/batch_size,112,13.0
sgboba 512 abm2,aboba,512,seed1,2,adaptive_batch/batch_size,113,13.0
sgboba 512 abm2,aboba,512,seed1,2,adaptive_batch/batch_size,114,13.0
sgboba 512 abm2,aboba,512,seed1,2,adaptive_batch/batch_size,115,13.0
sgboba 512 abm2,aboba,512,seed1,2,adaptive_batch/batch_size,116,13.0
sgboba 512 abm2,aboba,512,seed1,2,adaptive_batch/batch_size,117,14.0
sgboba 512 abm2,aboba,512,seed1,2,adaptive_batch/batch_size,118,14.0
sgboba 512 abm2,aboba,512,seed1,2,adaptive_batch/batch_size,119,14.0
sgboba 512 abm2,aboba,512,seed1,2,adaptive_batch/batch_size,120,14.0
sgboba 512 abm2,aboba,512,seed1,2,adaptive_batch/batch_size,121,15.0
sgboba 512 abm2,aboba,512,seed1,2,adaptive_batch/batch_size,122,15.0
sgboba 512 abm2,aboba,512,seed1,2,adaptive_batch/batch_size,123,15.0
sgboba 512 abm2,aboba,512,seed1,2,adaptive_batch/batch_size,124,16.0
sgboba 512 abm2,aboba,512,seed1,2,adaptive_batch/batch_size,125,16.0
sgboba 512 abm2,aboba,512,seed1,2,adaptive_batch/batch_size,126,16.0
sgboba 512 abm2,aboba,512,seed1,2,adaptive_batch/batch_size,127,16.0
sgboba 512 abm2,aboba,512,seed1,2,adaptive_batch/batch_size,128,17.0
sgboba 512 abm2,aboba,512,seed1,2,adaptive_batch/batch_size,129,17.0
sgboba 512 abm2,aboba,512,seed1,2,adaptive_batch/batch_size,130,18.0
sgboba 512 abm2,aboba,512,seed1,2,adaptive_batch/batch_size,131,18.0
sgboba 512 abm2,aboba,512,seed1,2,adaptive_batch/batch_size,132,18.0
sgboba 512 abm2,aboba,512,seed1,2,adaptive_batch/batch_size,133,19.0
sgboba 512 abm2,aboba,512,seed1,2,adaptive_batch/batch_size,134,19.0
sgboba 512 abm2,aboba,512,seed1,2,adaptive_batch/batch_size,135,20.0
sgboba 512 abm2,aboba,512,seed1,2,adaptive_batch/batch_size,136,20.0
sgboba 512 abm2,aboba,512,seed1,2,adaptive_batch/batch_size,137,20.0
sgboba 512 abm2,aboba,512,seed1,2,adaptive_batch/batch_size,138,21.0
sgboba 512 abm2,aboba,512,seed1,2,adaptive_batch/batch_size,139,21.0
sgboba 512 abm2,aboba,512,seed1,2,adaptive_batch/batch_size,140,22.0
sgboba 512 abm2,aboba,512,seed1,2,adaptive_batch/batch_size,141,23.0
sgboba 512 abm2,aboba,512,seed1,2,adaptive_batch/batch_size,142,23.0
sgboba 512 abm2,aboba,512,seed1,2,adaptive_batch/batch_size,143,23.0
sgboba 512 abm2,aboba,512,seed1,2,adaptive_batch/batch_size,144,24.0
sgboba 512 abm2,aboba,512,seed1,2,adaptive_batch/batch_size,145,25.0
sgboba 512 abm2,aboba,512,seed1,2,adaptive_batch/batch_size,146,26.0
sgboba 512 abm2,aboba,512,seed1,2,adaptive_batch/batch_size,147,26.0
sgboba 512 abm2,aboba,512,seed1,2,adaptive_batch/batch_size,148,26.0
sgboba 512 abm2,aboba,512,seed1,2,adaptive_batch/batch_size,149,27.0
sgboba 512 abm2,aboba,512,seed1,2,adaptive_batch/batch_size,150,28.0
sgboba 512 abm2,aboba,512,seed1,2,adaptive_batch/batch_size,151,29.0
sgboba 512 abm2,aboba,512,seed1,2,adaptive_batch/batch_size,152,30.0
sgboba 512 abm2,aboba,512,seed1,2,adaptive_batch/batch_size,153,30.0
sgboba 512 abm2,aboba,512,seed1,2,adaptive_batch/batch_size,154,30.0
sgboba 512 abm2,aboba,512,seed1,2,adaptive_batch/batch_size,155,31.0
sgboba 512 abm2,aboba,512,seed1,2,adaptive_batch/batch_size,156,33.0
sgboba 512 abm2,aboba,512,seed1,2,adaptive_batch/batch_size,157,33.0
sgboba 512 abm2,aboba,512,seed1,2,adaptive_batch/batch_size,158,35.0
sgboba 512 abm2,aboba,512,seed1,2,adaptive_batch/batch_size,159,36.0
sgboba 512 abm2,aboba,512,seed1,2,adaptive_batch/batch_size,160,36.0
sgboba 512 abm2,aboba,512,seed1,2,adaptive_batch/batch_size,161,35.0
sgboba 512 abm2,aboba,512,seed1,2,adaptive_batch/batch_size,162,40.0
sgboba 512 abm2,aboba,512,seed1,2,adaptive_batch/batch_size,163,39.0
sgboba 512 abm2,aboba,512,seed1,2,adaptive_batch/batch_size,164,42.0
sgboba 512 abm2,aboba,512,seed1,2,adaptive_batch/batch_size,165,39.0
sgboba 512 abm2,aboba,512,seed1,2,adaptive_batch/batch_size,166,43.0
sgboba 512 abm2,aboba,512,seed1,2,adaptive_batch/batch_size,167,46.0
sgboba 512 abm2,aboba,512,seed1,2,adaptive_batch/batch_size,168,53.0
sgboba 512 abm2,aboba,512,seed1,2,adaptive_batch/batch_size,169,50.0
sgboba 512 abm2,aboba,512,seed1,2,adaptive_batch/batch_size,170,48.0
sgboba 512 abm2,aboba,512,seed1,2,adaptive_batch/batch_size,171,57.0
sgboba 512 abm2,aboba,512,seed1,2,adaptive_batch/batch_size,172,64.0
sgboba 512 abm2,aboba,512,seed1,2,adaptive_batch/batch_size,173,62.0
sgboba 512 abm2,aboba,512,seed1,2,adaptive_batch/batch_size,174,60.0
sgboba 512 abm2,aboba,512,seed1,2,adaptive_batch/batch_size,175,64.0
sgboba 512 abm2,aboba,512,seed1,2,adaptive_batch/batch_size,176,81.0
sgboba 512 abm2,aboba,512,seed1,2,adaptive_batch/batch_size,177,102.0
sgboba 512 abm2,aboba,512,seed1,2,adaptive_batch/batch_size,178,97.0
sgboba 512 abm2,aboba,512,seed1,2,adaptive_batch/batch_size,179,94.0
sgboba 512 abm2,aboba,512,seed1,2,adaptive_batch/batch_size,180,97.0
sgboba 512 abm2,aboba,512,seed1,2,adaptive_batch/batch_size,181,90.0
sgboba 512 abm2,aboba,512,seed1,2,adaptive_batch/batch_size,182,106.0
sgboba 512 abm2,aboba,512,seed1,2,adaptive_batch/batch_size,183,95.0
sgboba 512 abm2,aboba,512,seed1,2,adaptive_batch/batch_size,184,147.0
sgboba 512 abm2,aboba,512,seed1,2,adaptive_batch/batch_size,185,163.0
sgboba 512 abm2,aboba,512,seed1,2,adaptive_batch/batch_size,186,194.0
sgboba 512 abm2,aboba,512,seed1,2,adaptive_batch/batch_size,187,219.0
sgboba 512 abm2,aboba,512,seed1,2,adaptive_batch/batch_size,188,228.0
sgboba 512 abm2,aboba,512,seed1,2,adaptive_batch/batch_size,189,254.0
sgboba 512 abm2,aboba,512,seed1,2,adaptive_batch/batch_size,190,321.0
sgboba 512 abm2,aboba,512,seed1,2,adaptive_batch/batch_size,191,331.0
sgboba 512 abm2,aboba,512,seed1,2,adaptive_batch/batch_size,192,431.0
sgboba 512 abm2,aboba,512,seed1,2,adaptive_batch/batch_size,193,545.0
sgboba 512 abm2,aboba,512,seed1,2,adaptive_batch/batch_size,194,492.0
sgboba 512 abm2,aboba,512,seed1,2,adaptive_batch/batch_size,195,643.0
sgboba 512 abm2,aboba,512,seed1,2,adaptive_batch/batch_size,196,866.0
sgboba 512 abm2,aboba,512,seed1,2,adaptive_batch/batch_size,197,969.0
sgboba 512 abm2,aboba,512,seed1,2,adaptive_batch/batch_size,198,948.0
sgboba 512 abm2,aboba,512,seed1,2,adaptive_batch/batch_size,199,1101.0
sgboba 128 abm2,aboba,128,seed1,2,test_accuracy,0,0.48
sgboba 128 abm2,aboba,128,seed1,2,test_accuracy,1,0.6341
sgboba 128 abm2,aboba,128,seed1,2,test_accuracy,2,0.5309
sgboba 128 abm2,aboba,128,seed1,2,test_accuracy,3,0.6374
sgboba 128 abm2,aboba,128,seed1,2,test_accuracy,4,0.7153
sgboba 128 abm2,aboba,128,seed1,2,test_accuracy,5,0.7508
sgboba 128 abm2,aboba,128,seed1,2,test_accuracy,6,0.7802
sgboba 128 abm2,aboba,128,seed1,2,test_accuracy,7,0.7755
sgboba 128 abm2,aboba,128,seed1,2,test_accuracy,8,0.7862
sgboba 128 abm2,aboba,128,seed1,2,test_accuracy,9,0.7758
sgboba 128 abm2,aboba,128,seed1,2,test_accuracy,10,0.7719
sgboba 128 abm2,aboba,128,seed1,2,test_accuracy,11,0.777
sgboba 128 abm2,aboba,128,seed1,2,test_accuracy,12,0.7655
sgboba 128 abm2,aboba,128,seed1,2,test_accuracy,13,0.7956
sgboba 128 abm2,aboba,128,seed1,2,test_accuracy,14,0.8061
sgboba 128 abm2,aboba,128,seed1,2,test_accuracy,15,0.787
sgboba 128 abm2,aboba,128,seed1,2,test_accuracy,16,0.794
sgboba 128 abm2,aboba,128,seed1,2,test_accuracy,17,0.7934
sgboba 128 abm2,aboba,128,seed1,2,test_accuracy,18,0.7994
sgboba 128 abm2,aboba,128,seed1,2,test_accuracy,19,0.7959
sgboba 128 abm2,aboba,128,seed1,2,test_accuracy,20,0.8069
sgboba 128 abm2,aboba,128,seed1,2,test_accuracy,21,0.8107
sgboba 128 abm2,aboba,128,seed1,2,test_accuracy,22,0.8009
sgboba 128 abm2,aboba,128,seed1,2,test_accuracy,23,0.7971
sgboba 128 abm2,aboba,128,seed1,2,test_accuracy,24,0.8216
sgboba 128 abm2,aboba,128,seed1,2,test_accuracy,25,0.8145
sgboba 128 abm2,aboba,128,seed1,2,test_accuracy,26,0.798
sgboba 128 abm2,aboba,128,seed1,2,test_accuracy,27,0.8088
sgboba 128 abm2,aboba,128,seed1,2,test_accuracy,28,0.8182
sgboba 128 abm2,aboba,128,seed1,2,test_accuracy,29,0.797
sgboba 128 abm2,aboba,128,seed1,2,test_accuracy,30,0.8203
sgboba 128 abm2,aboba,128,seed1,2,test_accuracy,31,0.7992
sgboba 128 abm2,aboba,128,seed1,2,test_accuracy,32,0.8317
sgboba 128 abm2,aboba,128,seed1,2,test_accuracy,33,0.82
sgboba 128 abm2,aboba,128,seed1,2,test_accuracy,34,0.8239
sgboba 128 abm2,aboba,128,seed1,2,test_accuracy,35,0.8124
sgboba 128 abm2,aboba,128,seed1,2,test_accuracy,36,0.8319
sgboba 128 abm2,aboba,128,seed1,2,test_accuracy,37,0.8168
sgboba 128 abm2,aboba,128,seed1,2,test_accuracy,38,0.8281
sgboba 128 abm2,aboba,128,seed1,2,test_accuracy,39,0.8086
sgboba 128 abm2,aboba,128,seed1,2,test_accuracy,40,0.8345
sgboba 128 abm2,aboba,128,seed1,2,test_accuracy,41,0.8374
sgboba 128 abm2,aboba,128,seed1,2,test_accuracy,42,0.8455
sgboba 128 abm2,aboba,128,seed1,2,test_accuracy,43,0.8264
sgboba 128 abm2,aboba,128,seed1,2,test_accuracy,44,0.8256
sgboba 128 abm2,aboba,128,seed1,2,test_accuracy,45,0.8438
sgboba 128 abm2,aboba,128,seed1,2,test_accuracy,46,0.8255
sgboba 128 abm2,aboba,128,seed1,2,test_accuracy,47,0.8267
sgboba 128 abm2,aboba,128,seed1,2,test_accuracy,48,0.829
sgboba 128 abm2,aboba,128,seed1,2,test_accuracy,49,0.8342
sgboba 128 abm2,aboba,128,seed1,2,test_accuracy,50,0.8197
sgboba 128 abm2,aboba,128,seed1,2,test_accuracy,51,0.8325
sgboba 128 abm2,aboba,128,seed1,2,test_accuracy,52,0.8514
sgboba 128 abm2,aboba,128,seed1,2,test_accuracy,53,0.846
sgboba 128 abm2,aboba,128,seed1,2,test_accuracy,54,0.8312
sgboba 128 abm2,aboba,128,seed1,2,test_accuracy,55,0.846
sgboba 128 abm2,aboba,128,seed1,2,test_accuracy,56,0.8329
sgboba 128 abm2,aboba,128,seed1,2,test_accuracy,57,0.8374
sgboba 128 abm2,aboba,128,seed1,2,test_accuracy,58,0.8365
sgboba 128 abm2,aboba,128,seed1,2,test_accuracy,59,0.8245
sgboba 128 abm2,aboba,128,seed1,2,test_accuracy,60,0.8548
sgboba 128 abm2,aboba,128,seed1,2,test_accuracy,61,0.8287
sgboba 128 abm2,aboba,128,seed1,2,test_accuracy,62,0.8334
sgboba 128 abm2,aboba,128,seed1,2,test_accuracy,63,0.8472
sgboba 128 abm2,aboba,128,seed1,2,test_accuracy,64,0.8422
sgboba 128 abm2,aboba,128,seed1,2,test_accuracy,65,0.865
sgboba 128 abm2,aboba,128,seed1,2,test_accuracy,66,0.849
sgboba 128 abm2,aboba,128,seed1,2,test_accuracy,67,0.8631
sgboba 128 abm2,aboba,128,seed1,2,test_accuracy,68,0.8628
sgboba 128 abm2,aboba,128,seed1,2,test_accuracy,69,0.8587
sgboba 128 abm2,aboba,128,seed1,2,test_accuracy,70,0.8606
sgboba 128 abm2,aboba,128,seed1,2,test_accuracy,71,0.8609
sgboba 128 abm2,aboba,128,seed1,2,test_accuracy,72,0.8729
sgboba 128 abm2,aboba,128,seed1,2,test_accuracy,73,0.8715
sgboba 128 abm2,aboba,128,seed1,2,test_accuracy,74,0.8643
sgboba 128 abm2,aboba,128,seed1,2,test_accuracy,75,0.8732
sgboba 128 abm2,aboba,128,seed1,2,test_accuracy,76,0.8476
sgboba 128 abm2,aboba,128,seed1,2,test_accuracy,77,0.8481
sgboba 128 abm2,aboba,128,seed1,2,test_accuracy,78,0.8421
sgboba 128 abm2,aboba,128,seed1,2,test_accuracy,79,0.8644
sgboba 128 abm2,aboba,128,seed1,2,test_accuracy,80,0.8674
sgboba 128 abm2,aboba,128,seed1,2,test_accuracy,81,0.862
sgboba 128 abm2,aboba,128,seed1,2,test_accuracy,82,0.8775
sgboba 128 abm2,aboba,128,seed1,2,test_accuracy,83,0.8748
sgboba 128 abm2,aboba,128,seed1,2,test_accuracy,84,0.8767
sgboba 128 abm2,aboba,128,seed1,2,test_accuracy,85,0.8841
sgboba 128 abm2,aboba,128,seed1,2,test_accuracy,86,0.8814
sgboba 128 abm2,aboba,128,seed1,2,test_accuracy,87,0.88
sgboba 128 abm2,aboba,128,seed1,2,test_accuracy,88,0.8771
sgboba 128 abm2,aboba,128,seed1,2,test_accuracy,89,0.8733
sgboba 128 abm2,aboba,128,seed1,2,test_accuracy,90,0.8694
sgboba 128 abm2,aboba,128,seed1,2,test_accuracy,91,0.8945
sgboba 128 abm2,aboba,128,seed1,2,test_accuracy,92,0.8826
sgboba 128 abm2,aboba,128,seed1,2,test_accuracy,93,0.8827
sgboba 128 abm2,aboba,128,seed1,2,test_accuracy,94,0.8771
sgboba 128 abm2,aboba,128,seed1,2,test_accuracy,95,0.8817
sgboba 128 abm2,aboba,128,seed1,2,test_accuracy,96,0.8721
sgboba 128 abm2,aboba,128,seed1,2,test_accuracy,97,0.8908
sgboba 128 abm2,aboba,128,seed1,2,test_accuracy,98,0.889
sgboba 128 abm2,aboba,128,seed1,2,test_accuracy,99,0.8891
sgboba 128 abm2,aboba,128,seed1,2,test_accuracy,100,0.8789
sgboba 128 abm2,aboba,128,seed1,2,test_accuracy,101,0.8986
sgboba 128 abm2,aboba,128,seed1,2,test_accuracy,102,0.8895
sgboba 128 abm2,aboba,128,seed1,2,test_accuracy,103,0.897
sgboba 128 abm2,aboba,128,seed1,2,test_accuracy,104,0.899
sgboba 128 abm2,aboba,128,seed1,2,test_accuracy,105,0.8863
sgboba 128 abm2,aboba,128,seed1,2,test_accuracy,106,0.9004
sgboba 128 abm2,aboba,128,seed1,2,test_accuracy,107,0.8915
sgboba 128 abm2,aboba,128,seed1,2,test_accuracy,108,0.896
sgboba 128 abm2,aboba,128,seed1,2,test_accuracy,109,0.8875
sgboba 128 abm2,aboba,128,seed1,2,test_accuracy,110,0.9007
sgboba 128 abm2,aboba,128,seed1,2,test_accuracy,111,0.8957
sgboba 128 abm2,aboba,128,seed1,2,test_accuracy,112,0.9024
sgboba 128 abm2,aboba,128,seed1,2,test_accuracy,113,0.9045
sgboba 128 abm2,aboba,128,seed1,2,test_accuracy,114,0.9025
sgboba 128 abm2,aboba,128,seed1,2,test_accuracy,115,0.906
sgboba 128 abm2,aboba,128,seed1,2,test_accuracy,116,0.9101
sgboba 128 abm2,aboba,128,seed1,2,test_accuracy,117,0.8947
sgboba 128 abm2,aboba,128,seed1,2,test_accuracy,118,0.9079
sgboba 128 abm2,aboba,128,seed1,2,test_accuracy,119,0.9097
sgboba 128 abm2,aboba,128,seed1,2,test_accuracy,120,0.9069
sgboba 128 abm2,aboba,128,seed1,2,test_accuracy,121,0.9002
sgboba 128 abm2,aboba,128,seed1,2,test_accuracy,122,0.9093
sgboba 128 abm2,aboba,128,seed1,2,test_accuracy,123,0.9159
sgboba 128 abm2,aboba,128,seed1,2,test_accuracy,124,0.9155
sgboba 128 abm2,aboba,128,seed1,2,test_accuracy,125,0.913
sgboba 128 abm2,aboba,128,seed1,2,test_accuracy,126,0.9082
sgboba 128 abm2,aboba,128,seed1,2,test_accuracy,127,0.9027
sgboba 128 abm2,aboba,128,seed1,2,test_accuracy,128,0.9221
sgboba 128 abm2,aboba,128,seed1,2,test_accuracy,129,0.919
sgboba 128 abm2,aboba,128,seed1,2,test_accuracy,130,0.9203
sgboba 128 abm2,aboba,128,seed1,2,test_accuracy,131,0.9196
sgboba 128 abm2,aboba,128,seed1,2,test_accuracy,132,0.9158
sgboba 128 abm2,aboba,128,seed1,2,test_accuracy,133,0.9237
sgboba 128 abm2,aboba,128,seed1,2,test_accuracy,134,0.9206
sgboba 128 abm2,aboba,128,seed1,2,test_accuracy,135,0.9223
sgboba 128 abm2,aboba,128,seed1,2,test_accuracy,136,0.9222
sgboba 128 abm2,aboba,128,seed1,2,test_accuracy,137,0.925
sgboba 128 abm2,aboba,128,seed1,2,test_accuracy,138,0.9278
sgboba 128 abm2,aboba,128,seed1,2,test_accuracy,139,0.9207
sgboba 128 abm2,aboba,128,seed1,2,test_accuracy,140,0.9301
sgboba 128 abm2,aboba,128,seed1,2,test_accuracy,141,0.9257
sgboba 128 abm2,aboba,128,seed1,2,test_accuracy,142,0.9281
sgboba 128 abm2,aboba,128,seed1,2,test_accuracy,143,0.9278
sgboba 128 abm2,aboba,128,seed1,2,test_accuracy,144,0.929
sgboba 128 abm2,aboba,128,seed1,2,test_accuracy,145,0.9322
sgboba 128 abm2,aboba,128,seed1,2,test_accuracy,146,0.9326
sgboba 128 abm2,aboba,128,seed1,2,test_accuracy,147,0.9361
sgboba 128 abm2,aboba,128,seed1,2,test_accuracy,148,0.9339
sgboba 128 abm2,aboba,128,seed1,2,test_accuracy,149,0.9363
sgboba 128 abm2,aboba,128,seed1,2,test_accuracy,150,0.9366
sgboba 128 abm2,aboba,128,seed1,2,test_accuracy,151,0.9362
sgboba 128 abm2,aboba,128,seed1,2,test_accuracy,152,0.9396
sgboba 128 abm2,aboba,128,seed1,2,test_accuracy,153,0.9383
sgboba 128 abm2,aboba,128,seed1,2,test_accuracy,154,0.9373
sgboba 128 abm2,aboba,128,seed1,2,test_accuracy,155,0.9399
sgboba 128 abm2,aboba,128,seed1,2,test_accuracy,156,0.9389
sgboba 128 abm2,aboba,128,seed1,2,test_accuracy,157,0.9403
sgboba 128 abm2,aboba,128,seed1,2,test_accuracy,158,0.9413
sgboba 128 abm2,aboba,128,seed1,2,test_accuracy,159,0.9433
sgboba 128 abm2,aboba,128,seed1,2,test_accuracy,160,0.9425
sgboba 128 abm2,aboba,128,seed1,2,test_accuracy,161,0.9426
sgboba 128 abm2,aboba,128,seed1,2,test_accuracy,162,0.9438
sgboba 128 abm2,aboba,128,seed1,2,test_accuracy,163,0.9447
sgboba 128 abm2,aboba,128,seed1,2,test_accuracy,164,0.9439
sgboba 128 abm2,aboba,128,seed1,2,test_accuracy,165,0.9435
sgboba 128 abm2,aboba,128,seed1,2,test_accuracy,166,0.9435
sgboba 128 abm2,aboba,128,seed1,2,test_accuracy,167,0.9431
sgboba 128 abm2,aboba,128,seed1,2,test_accuracy,168,0.9436
sgboba 128 abm2,aboba,128,seed1,2,test_accuracy,169,0.9435
sgboba 128 abm2,aboba,128,seed1,2,test_accuracy,170,0.9435
sgboba 128 abm2,aboba,128,seed1,2,test_accuracy,171,0.9431
sgboba 128 abm2,aboba,128,seed1,2,test_accuracy,172,0.9427
sgboba 128 abm2,aboba,128,seed1,2,test_accuracy,173,0.9432
sgboba 128 abm2,aboba,128,seed1,2,test_accuracy,174,0.9436
sgboba 128 abm2,aboba,128,seed1,2,test_accuracy,175,0.9432
sgboba 128 abm2,aboba,128,seed1,2,test_accuracy,176,0.943
sgboba 128 abm2,aboba,128,seed1,2,test_accuracy,177,0.9431
sgboba 128 abm2,aboba,128,seed1,2,test_accuracy,178,0.944
sgboba 128 abm2,aboba,128,seed1,2,test_accuracy,179,0.9441
sgboba 128 abm2,aboba,128,seed1,2,test_accuracy,180,0.9435
sgboba 128 abm2,aboba,128,seed1,2,test_accuracy,181,0.9437
sgboba 128 abm2,aboba,128,seed1,2,test_accuracy,182,0.9437
sgboba 128 abm2,aboba,128,seed1,2,test_accuracy,183,0.9435
sgboba 128 abm2,aboba,128,seed1,2,test_accuracy,184,0.9439
sgboba 128 abm2,aboba,128,seed1,2,test_accuracy,185,0.9437
sgboba 128 abm2,aboba,128,seed1,2,test_accuracy,186,0.9438
sgboba 128 abm2,aboba,128,seed1,2,test_accuracy,187,0.9437
sgboba 128 abm2,aboba,128,seed1,2,test_accuracy,188,0.9439
sgboba 128 abm2,aboba,128,seed1,2,test_accuracy,189,0.9439
sgboba 128 abm2,aboba,128,seed1,2,test_accuracy,190,0.9438
sgboba 128 abm2,aboba,128,seed1,2,test_accuracy,191,0.9439
sgboba 128 abm2,aboba,128,seed1,2,test_accuracy,192,0.9439
sgboba 128 abm2,aboba,128,seed1,2,test_accuracy,193,0.9437
sgboba 128 abm2,aboba,128,seed1,2,test_accuracy,194,0.9438
sgboba 128 abm2,aboba,128,seed1,2,test_accuracy,195,0.9438
sgboba 128 abm2,aboba,128,seed1,2,test_accuracy,196,0.9435
sgboba 128 abm2,aboba,128,seed1,2,test_accuracy,197,0.9437
sgboba 128 abm2,aboba,128,seed1,2,test_accuracy,198,0.9434
sgboba 128 abm2,aboba,128,seed1,2,test_accuracy,199,0.9433
sgboba 256 abm2,aboba,256,seed1,2,test_accuracy,0,0.4499
sgboba 256 abm2,aboba,256,seed1,2,test_accuracy,1,0.6124
sgboba 256 abm2,aboba,256,seed1,2,test_accuracy,2,0.4895
sgboba 256 abm2,aboba,256,seed1,2,test_accuracy,3,0.6187
sgboba 256 abm2,aboba,256,seed1,2,test_accuracy,4,0.6917
sgboba 256 abm2,aboba,256,seed1,2,test_accuracy,5,0.7228
sgboba 256 abm2,aboba,256,seed1,2,test_accuracy,6,0.7593
sgboba 256 abm2,aboba,256,seed1,2,test_accuracy,7,0.7748
sgboba 256 abm2,aboba,256,seed1,2,test_accuracy,8,0.7972
sgboba 256 abm2,aboba,256,seed1,2,test_accuracy,9,0.7472
sgboba 256 abm2,aboba,256,seed1,2,test_accuracy,10,0.7958
sgboba 256 abm2,aboba,256,seed1,2,test_accuracy,11,0.7808
sgboba 256 abm2,aboba,256,seed1,2,test_accuracy,12,0.7757
sgboba 256 abm2,aboba,256,seed1,2,test_accuracy,13,0.8025
sgboba 256 abm2,aboba,256,seed1,2,test_accuracy,14,0.8147
sgboba 256 abm2,aboba,256,seed1,2,test_accuracy,15,0.7848
sgboba 256 abm2,aboba,256,seed1,2,test_accuracy,16,0.7989
sgboba 256 abm2,aboba,256,seed1,2,test_accuracy,17,0.7865
sgboba 256 abm2,aboba,256,seed1,2,test_accuracy,18,0.8066
sgboba 256 abm2,aboba,256,seed1,2,test_accuracy,19,0.7966
sgboba 256 abm2,aboba,256,seed1,2,test_accuracy,20,0.7953
sgboba 256 abm2,aboba,256,seed1,2,test_accuracy,21,0.8083
sgboba 256 abm2,aboba,256,seed1,2,test_accuracy,22,0.813
sgboba 256 abm2,aboba,256,seed1,2,test_accuracy,23,0.7976
sgboba 256 abm2,aboba,256,seed1,2,test_accuracy,24,0.8051
sgboba 256 abm2,aboba,256,seed1,2,test_accuracy,25,0.7879
sgboba 256 abm2,aboba,256,seed1,2,test_accuracy,26,0.7903
sgboba 256 abm2,aboba,256,seed1,2,test_accuracy,27,0.7883
sgboba 256 abm2,aboba,256,seed1,2,test_accuracy,28,0.7904
sgboba 256 abm2,aboba,256,seed1,2,test_accuracy,29,0.8038
sgboba 256 abm2,aboba,256,seed1,2,test_accuracy,30,0.7995
sgboba 256 abm2,aboba,256,seed1,2,test_accuracy,31,0.8152
sgboba 256 abm2,aboba,256,seed1,2,test_accuracy,32,0.8383
sgboba 256 abm2,aboba,256,seed1,2,test_accuracy,33,0.8095
sgboba 256 abm2,aboba,256,seed1,2,test_accuracy,34,0.8392
sgboba 256 abm2,aboba,256,seed1,2,test_accuracy,35,0.8189
sgboba 256 abm2,aboba,256,seed1,2,test_accuracy,36,0.8273
sgboba 256 abm2,aboba,256,seed1,2,test_accuracy,37,0.8159
sgboba 256 abm2,aboba,256,seed1,2,test_accuracy,38,0.8387
sgboba 256 abm2,aboba,256,seed1,2,test_accuracy,39,0.8154
sgboba 256 abm2,aboba,256,seed1,2,test_accuracy,40,0.8122
sgboba 256 abm2,aboba,256,seed1,2,test_accuracy,41,0.8251
sgboba 256 abm2,aboba,256,seed1,2,test_accuracy,42,0.8393
sgboba 256 abm2,aboba,256,seed1,2,test_accuracy,43,0.8283
sgboba 256 abm2,aboba,256,seed1,2,test_accuracy,44,0.8332
sgboba 256 abm2,aboba,256,seed1,2,test_accuracy,45,0.8075
sgboba 256 abm2,aboba,256,seed1,2,test_accuracy,46,0.8248
sgboba 256 abm2,aboba,256,seed1,2,test_accuracy,47,0.8254
sgboba 256 abm2,aboba,256,seed1,2,test_accuracy,48,0.8419
sgboba 256 abm2,aboba,256,seed1,2,test_accuracy,49,0.8085
sgboba 256 abm2,aboba,256,seed1,2,test_accuracy,50,0.8415
sgboba 256 abm2,aboba,256,seed1,2,test_accuracy,51,0.8291
sgboba 256 abm2,aboba,256,seed1,2,test_accuracy,52,0.8532
sgboba 256 abm2,aboba,256,seed1,2,test_accuracy,53,0.8395
sgboba 256 abm2,aboba,256,seed1,2,test_accuracy,54,0.8479
sgboba 256 abm2,aboba,256,seed1,2,test_accuracy,55,0.8473
sgboba 256 abm2,aboba,256,seed1,2,test_accuracy,56,0.8311
sgboba 256 abm2,aboba,256,seed1,2,test_accuracy,57,0.8476
sgboba 256 abm2,aboba,256,seed1,2,test_accuracy,58,0.8371
sgboba 256 abm2,aboba,256,seed1,2,test_accuracy,59,0.8518
sgboba 256 abm2,aboba,256,seed1,2,test_accuracy,60,0.8423
sgboba 256 abm2,aboba,256,seed1,2,test_accuracy,61,0.8395
sgboba 256 abm2,aboba,256,seed1,2,test_accuracy,62,0.8328
sgboba 256 abm2,aboba,256,seed1,2,test_accuracy,63,0.8441
sgboba 256 abm2,aboba,256,seed1,2,test_accuracy,64,0.8586
sgboba 256 abm2,aboba,256,seed1,2,test_accuracy,65,0.855
sgboba 256 abm2,aboba,256,seed1,2,test_accuracy,66,0.8492
sgboba 256 abm2,aboba,256,seed1,2,test_accuracy,67,0.8442
sgboba 256 abm2,aboba,256,seed1,2,test_accuracy,68,0.8419
sgboba 256 abm2,aboba,256,seed1,2,test_accuracy,69,0.8617
sgboba 256 abm2,aboba,256,seed1,2,test_accuracy,70,0.866
sgboba 256 abm2,aboba,256,seed1,2,test_accuracy,71,0.8555
sgboba 256 abm2,aboba,256,seed1,2,test_accuracy,72,0.8683
sgboba 256 abm2,aboba,256,seed1,2,test_accuracy,73,0.8673
sgboba 256 abm2,aboba,256,seed1,2,test_accuracy,74,0.862
sgboba 256 abm2,aboba,256,seed1,2,test_accuracy,75,0.8664
sgboba 256 abm2,aboba,256,seed1,2,test_accuracy,76,0.8684
sgboba 256 abm2,aboba,256,seed1,2,test_accuracy,77,0.8508
sgboba 256 abm2,aboba,256,seed1,2,test_accuracy,78,0.8612
sgboba 256 abm2,aboba,256,seed1,2,test_accuracy,79,0.8712
sgboba 256 abm2,aboba,256,seed1,2,test_accuracy,80,0.8615
sgboba 256 abm2,aboba,256,seed1,2,test_accuracy,81,0.8658
sgboba 256 abm2,aboba,256,seed1,2,test_accuracy,82,0.8634
sgboba 256 abm2,aboba,256,seed1,2,test_accuracy,83,0.8741
sgboba 256 abm2,aboba,256,seed1,2,test_accuracy,84,0.8719
sgboba 256 abm2,aboba,256,seed1,2,test_accuracy,85,0.8742
sgboba 256 abm2,aboba,256,seed1,2,test_accuracy,86,0.8803
sgboba 256 abm2,aboba,256,seed1,2,test_accuracy,87,0.873
sgboba 256 abm2,aboba,256,seed1,2,test_accuracy,88,0.8625
sgboba 256 abm2,aboba,256,seed1,2,test_accuracy,89,0.8812
sgboba 256 abm2,aboba,256,seed1,2,test_accuracy,90,0.8738
sgboba 256 abm2,aboba,256,seed1,2,test_accuracy,91,0.8778
sgboba 256 abm2,aboba,256,seed1,2,test_accuracy,92,0.875
sgboba 256 abm2,aboba,256,seed1,2,test_accuracy,93,0.8691
sgboba 256 abm2,aboba,256,seed1,2,test_accuracy,94,0.8673
sgboba 256 abm2,aboba,256,seed1,2,test_accuracy,95,0.8785
sgboba 256 abm2,aboba,256,seed1,2,test_accuracy,96,0.8875
sgboba 256 abm2,aboba,256,seed1,2,test_accuracy,97,0.8814
sgboba 256 abm2,aboba,256,seed1,2,test_accuracy,98,0.8687
sgboba 256 abm2,aboba,256,seed1,2,test_accuracy,99,0.8831
sgboba 256 abm2,aboba,256,seed1,2,test_accuracy,100,0.8954
sgboba 256 abm2,aboba,256,seed1,2,test_accuracy,101,0.8868
sgboba 256 abm2,aboba,256,seed1,2,test_accuracy,102,0.8897
sgboba 256 abm2,aboba,256,seed1,2,test_accuracy,103,0.8867
sgboba 256 abm2,aboba,256,seed1,2,test_accuracy,104,0.889
sgboba 256 abm2,aboba,256,seed1,2,test_accuracy,105,0.8854
sgboba 256 abm2,aboba,256,seed1,2,test_accuracy,106,0.8933
sgboba 256 abm2,aboba,256,seed1,2,test_accuracy,107,0.9029
sgboba 256 abm2,aboba,256,seed1,2,test_accuracy,108,0.8972
sgboba 256 abm2,aboba,256,seed1,2,test_accuracy,109,0.8955
sgboba 256 abm2,aboba,256,seed1,2,test_accuracy,110,0.902
sgboba 256 abm2,aboba,256,seed1,2,test_accuracy,111,0.9041
sgboba 256 abm2,aboba,256,seed1,2,test_accuracy,112,0.8979
sgboba 256 abm2,aboba,256,seed1,2,test_accuracy,113,0.9024
sgboba 256 abm2,aboba,256,seed1,2,test_accuracy,114,0.8982
sgboba 256 abm2,aboba,256,seed1,2,test_accuracy,115,0.9032
sgboba 256 abm2,aboba,256,seed1,2,test_accuracy,116,0.8901
sgboba 256 abm2,aboba,256,seed1,2,test_accuracy,117,0.9046
sgboba 256 abm2,aboba,256,seed1,2,test_accuracy,118,0.901
sgboba 256 abm2,aboba,256,seed1,2,test_accuracy,119,0.9083
sgboba 256 abm2,aboba,256,seed1,2,test_accuracy,120,0.9075
sgboba 256 abm2,aboba,256,seed1,2,test_accuracy,121,0.911
sgboba 256 abm2,aboba,256,seed1,2,test_accuracy,122,0.9122
sgboba 256 abm2,aboba,256,seed1,2,test_accuracy,123,0.9052
sgboba 256 abm2,aboba,256,seed1,2,test_accuracy,124,0.911
sgboba 256 abm2,aboba,256,seed1,2,test_accuracy,125,0.9021
sgboba 256 abm2,aboba,256,seed1,2,test_accuracy,126,0.9092
sgboba 256 abm2,aboba,256,seed1,2,test_accuracy,127,0.9154
sgboba 256 abm2,aboba,256,seed1,2,test_accuracy,128,0.9146
sgboba 256 abm2,aboba,256,seed1,2,test_accuracy,129,0.905
sgboba 256 abm2,aboba,256,seed1,2,test_accuracy,130,0.9166
sgboba 256 abm2,aboba,256,seed1,2,test_accuracy,131,0.9183
sgboba 256 abm2,aboba,256,seed1,2,test_accuracy,132,0.9185
sgboba 256 abm2,aboba,256,seed1,2,test_accuracy,133,0.9111
sgboba 256 abm2,aboba,256,seed1,2,test_accuracy,134,0.9224
sgboba 256 abm2,aboba,256,seed1,2,test_accuracy,135,0.9249
sgboba 256 abm2,aboba,256,seed1,2,test_accuracy,136,0.9166
sgboba 256 abm2,aboba,256,seed1,2,test_accuracy,137,0.9234
sgboba 256 abm2,aboba,256,seed1,2,test_accuracy,138,0.9199
sgboba 256 abm2,aboba,256,seed1,2,test_accuracy,139,0.9239
sgboba 256 abm2,aboba,256,seed1,2,test_accuracy,140,0.9264
sgboba 256 abm2,aboba,256,seed1,2,test_accuracy,141,0.9216
sgboba 256 abm2,aboba,256,seed1,2,test_accuracy,142,0.9251
sgboba 256 abm2,aboba,256,seed1,2,test_accuracy,143,0.9311
sgboba 256 abm2,aboba,256,seed1,2,test_accuracy,144,0.9285
sgboba 256 abm2,aboba,256,seed1,2,test_accuracy,145,0.9332
sgboba 256 abm2,aboba,256,seed1,2,test_accuracy,146,0.9279
sgboba 256 abm2,aboba,256,seed1,2,test_accuracy,147,0.933
sgboba 256 abm2,aboba,256,seed1,2,test_accuracy,148,0.9337
sgboba 256 abm2,aboba,256,seed1,2,test_accuracy,149,0.9367
sgboba 256 abm2,aboba,256,seed1,2,test_accuracy,150,0.9387
sgboba 256 abm2,aboba,256,seed1,2,test_accuracy,151,0.9381
sgboba 256 abm2,aboba,256,seed1,2,test_accuracy,152,0.9374
sgboba 256 abm2,aboba,256,seed1,2,test_accuracy,153,0.9378
sgboba 256 abm2,aboba,256,seed1,2,test_accuracy,154,0.9349
sgboba 256 abm2,aboba,256,seed1,2,test_accuracy,155,0.9386
sgboba 256 abm2,aboba,256,seed1,2,test_accuracy,156,0.9375
sgboba 256 abm2,aboba,256,seed1,2,test_accuracy,157,0.9394
sgboba 256 abm2,aboba,256,seed1,2,test_accuracy,158,0.9388
sgboba 256 abm2,aboba,256,seed1,2,test_accuracy,159,0.9389
sgboba 256 abm2,aboba,256,seed1,2,test_accuracy,160,0.94
sgboba 256 abm2,aboba,256,seed1,2,test_accuracy,161,0.9403
sgboba 256 abm2,aboba,256,seed1,2,test_accuracy,162,0.9407
sgboba 256 abm2,aboba,256,seed1,2,test_accuracy,163,0.9407
sgboba 256 abm2,aboba,256,seed1,2,test_accuracy,164,0.9413
sgboba 256 abm2,aboba,256,seed1,2,test_accuracy,165,0.9425
sgboba 256 abm2,aboba,256,seed1,2,test_accuracy,166,0.9419
sgboba 256 abm2,aboba,256,seed1,2,test_accuracy,167,0.9407
sgboba 256 abm2,aboba,256,seed1,2,test_accuracy,168,0.9421
sgboba 256 abm2,aboba,256,seed1,2,test_accuracy,169,0.9413
sgboba 256 abm2,aboba,256,seed1,2,test_accuracy,170,0.9414
sgboba 256 abm2,aboba,256,seed1,2,test_accuracy,171,0.9412
sgboba 256 abm2,aboba,256,seed1,2,test_accuracy,172,0.9408
sgboba 256 abm2,aboba,256,seed1,2,test_accuracy,173,0.9418
sgboba 256 abm2,aboba,256,seed1,2,test_accuracy,174,0.9416
sgboba 256 abm2,aboba,256,seed1,2,test_accuracy,175,0.9415
sgboba 256 abm2,aboba,256,seed1,2,test_accuracy,176,0.9422
sgboba 256 abm2,aboba,256,seed1,2,test_accuracy,177,0.9419
sgboba 256 abm2,aboba,256,seed1,2,test_accuracy,178,0.9423
sgboba 256 abm2,aboba,256,seed1,2,test_accuracy,179,0.9428
sgboba 256 abm2,aboba,256,seed1,2,test_accuracy,180,0.9427
sgboba 256 abm2,aboba,256,seed1,2,test_accuracy,181,0.9429
sgboba 256 abm2,aboba,256,seed1,2,test_accuracy,182,0.9423
sgboba 256 abm2,aboba,256,seed1,2,test_accuracy,183,0.9423
sgboba 256 abm2,aboba,256,seed1,2,test_accuracy,184,0.9424
sgboba 256 abm2,aboba,256,seed1,2,test_accuracy,185,0.9424
sgboba 256 abm2,aboba,256,seed1,2,test_accuracy,186,0.9422
sgboba 256 abm2,aboba,256,seed1,2,test_accuracy,187,0.9422
sgboba 256 abm2,aboba,256,seed1,2,test_accuracy,188,0.9426
sgboba 256 abm2,aboba,256,seed1,2,test_accuracy,189,0.9425
sgboba 256 abm2,aboba,256,seed1,2,test_accuracy,190,0.9428
sgboba 256 abm2,aboba,256,seed1,2,test_accuracy,191,0.9427
sgboba 256 abm2,aboba,256,seed1,2,test_accuracy,192,0.9428
sgboba 256 abm2,aboba,256,seed1,2,test_accuracy,193,0.943
sgboba 256 abm2,aboba,256,seed1,2,test_accuracy,194,0.9428
sgboba 256 abm2,aboba,256,seed1,2,test_accuracy,195,0.9426
sgboba 256 abm2,aboba,256,seed1,2,test_accuracy,196,0.9427
sgboba 256 abm2,aboba,256,seed1,2,test_accuracy,197,0.9424
sgboba 256 abm2,aboba,256,seed1,2,test_accuracy,198,0.9423
sgboba 256 abm2,aboba,256,seed1,2,test_accuracy,199,0.9425
sgboba 512 abm2,aboba,512,seed1,2,test_accuracy,0,0.2958
sgboba 512 abm2,aboba,512,seed1,2,test_accuracy,1,0.5154
sgboba 512 abm2,aboba,512,seed1,2,test_accuracy,2,0.4189
sgboba 512 abm2,aboba,512,seed1,2,test_accuracy,3,0.5949
sgboba 512 abm2,aboba,512,seed1,2,test_accuracy,4,0.6591
sgboba 512 abm2,aboba,512,seed1,2,test_accuracy,5,0.7248
sgboba 512 abm2,aboba,512,seed1,2,test_accuracy,6,0.7591
sgboba 512 abm2,aboba,512,seed1,2,test_accuracy,7,0.742
sgboba 512 abm2,aboba,512,seed1,2,test_accuracy,8,0.7673
sgboba 512 abm2,aboba,512,seed1,2,test_accuracy,9,0.7689
sgboba 512 abm2,aboba,512,seed1,2,test_accuracy,10,0.7806
sgboba 512 abm2,aboba,512,seed1,2,test_accuracy,11,0.7934
sgboba 512 abm2,aboba,512,seed1,2,test_accuracy,12,0.783
sgboba 512 abm2,aboba,512,seed1,2,test_accuracy,13,0.7817
sgboba 512 abm2,aboba,512,seed1,2,test_accuracy,14,0.8111
sgboba 512 abm2,aboba,512,seed1,2,test_accuracy,15,0.8034
sgboba 512 abm2,aboba,512,seed1,2,test_accuracy,16,0.7978
sgboba 512 abm2,aboba,512,seed1,2,test_accuracy,17,0.8038
sgboba 512 abm2,aboba,512,seed1,2,test_accuracy,18,0.8109
sgboba 512 abm2,aboba,512,seed1,2,test_accuracy,19,0.7965
sgboba 512 abm2,aboba,512,seed1,2,test_accuracy,20,0.7822
sgboba 512 abm2,aboba,512,seed1,2,test_accuracy,21,0.7873
sgboba 512 abm2,aboba,512,seed1,2,test_accuracy,22,0.8172
sgboba 512 abm2,aboba,512,seed1,2,test_accuracy,23,0.8007
sgboba 512 abm2,aboba,512,seed1,2,test_accuracy,24,0.7757
sgboba 512 abm2,aboba,512,seed1,2,test_accuracy,25,0.8143
sgboba 512 abm2,aboba,512,seed1,2,test_accuracy,26,0.7859
sgboba 512 abm2,aboba,512,seed1,2,test_accuracy,27,0.8024
sgboba 512 abm2,aboba,512,seed1,2,test_accuracy,28,0.7932
sgboba 512 abm2,aboba,512,seed1,2,test_accuracy,29,0.8089
sgboba 512 abm2,aboba,512,seed1,2,test_accuracy,30,0.7998
sgboba 512 abm2,aboba,512,seed1,2,test_accuracy,31,0.8067
sgboba 512 abm2,aboba,512,seed1,2,test_accuracy,32,0.8041
sgboba 512 abm2,aboba,512,seed1,2,test_accuracy,33,0.8262
sgboba 512 abm2,aboba,512,seed1,2,test_accuracy,34,0.8013
sgboba 512 abm2,aboba,512,seed1,2,test_accuracy,35,0.8339
sgboba 512 abm2,aboba,512,seed1,2,test_accuracy,36,0.8223
sgboba 512 abm2,aboba,512,seed1,2,test_accuracy,37,0.8326
sgboba 512 abm2,aboba,512,seed1,2,test_accuracy,38,0.8043
sgboba 512 abm2,aboba,512,seed1,2,test_accuracy,39,0.8468
sgboba 512 abm2,aboba,512,seed1,2,test_accuracy,40,0.819
sgboba 512 abm2,aboba,512,seed1,2,test_accuracy,41,0.8328
sgboba 512 abm2,aboba,512,seed1,2,test_accuracy,42,0.8193
sgboba 512 abm2,aboba,512,seed1,2,test_accuracy,43,0.8282
sgboba 512 abm2,aboba,512,seed1,2,test_accuracy,44,0.7701
sgboba 512 abm2,aboba,512,seed1,2,test_accuracy,45,0.8295
sgboba 512 abm2,aboba,512,seed1,2,test_accuracy,46,0.8468
sgboba 512 abm2,aboba,512,seed1,2,test_accuracy,47,0.8413
sgboba 512 abm2,aboba,512,seed1,2,test_accuracy,48,0.8474
sgboba 512 abm2,aboba,512,seed1,2,test_accuracy,49,0.8284
sgboba 512 abm2,aboba,512,seed1,2,test_accuracy,50,0.8413
sgboba 512 abm2,aboba,512,seed1,2,test_accuracy,51,0.8466
sgboba 512 abm2,aboba,512,seed1,2,test_accuracy,52,0.836
sgboba 512 abm2,aboba,512,seed1,2,test_accuracy,53,0.8473
sgboba 512 abm2,aboba,512,seed1,2,test_accuracy,54,0.8535
sgboba 512 abm2,aboba,512,seed1,2,test_accuracy,55,0.8424
sgboba 512 abm2,aboba,512,seed1,2,test_accuracy,56,0.8577
sgboba 512 abm2,aboba,512,seed1,2,test_accuracy,57,0.8532
sgboba 512 abm2,aboba,512,seed1,2,test_accuracy,58,0.8478
sgboba 512 abm2,aboba,512,seed1,2,test_accuracy,59,0.8505
sgboba 512 abm2,aboba,512,seed1,2,test_accuracy,60,0.8463
sgboba 512 abm2,aboba,512,seed1,2,test_accuracy,61,0.8557
sgboba 512 abm2,aboba,512,seed1,2,test_accuracy,62,0.8485
sgboba 512 abm2,aboba,512,seed1,2,test_accuracy,63,0.858
sgboba 512 abm2,aboba,512,seed1,2,test_accuracy,64,0.8512
sgboba 512 abm2,aboba,512,seed1,2,test_accuracy,65,0.8492
sgboba 512 abm2,aboba,512,seed1,2,test_accuracy,66,0.8547
sgboba 512 abm2,aboba,512,seed1,2,test_accuracy,67,0.8325
sgboba 512 abm2,aboba,512,seed1,2,test_accuracy,68,0.8594
sgboba 512 abm2,aboba,512,seed1,2,test_accuracy,69,0.8601
sgboba 512 abm2,aboba,512,seed1,2,test_accuracy,70,0.8624
sgboba 512 abm2,aboba,512,seed1,2,test_accuracy,71,0.8653
sgboba 512 abm2,aboba,512,seed1,2,test_accuracy,72,0.8638
sgboba 512 abm2,aboba,512,seed1,2,test_accuracy,73,0.8625
sgboba 512 abm2,aboba,512,seed1,2,test_accuracy,74,0.8664
sgboba 512 abm2,aboba,512,seed1,2,test_accuracy,75,0.8623
sgboba 512 abm2,aboba,512,seed1,2,test_accuracy,76,0.8441
sgboba 512 abm2,aboba,512,seed1,2,test_accuracy,77,0.8677
sgboba 512 abm2,aboba,512,seed1,2,test_accuracy,78,0.8649
sgboba 512 abm2,aboba,512,seed1,2,test_accuracy,79,0.8728
sgboba 512 abm2,aboba,512,seed1,2,test_accuracy,80,0.8841
sgboba 512 abm2,aboba,512,seed1,2,test_accuracy,81,0.8658
sgboba 512 abm2,aboba,512,seed1,2,test_accuracy,82,0.8737
sgboba 512 abm2,aboba,512,seed1,2,test_accuracy,83,0.8864
sgboba 512 abm2,aboba,512,seed1,2,test_accuracy,84,0.8688
sgboba 512 abm2,aboba,512,seed1,2,test_accuracy,85,0.891
sgboba 512 abm2,aboba,512,seed1,2,test_accuracy,86,0.8795
sgboba 512 abm2,aboba,512,seed1,2,test_accuracy,87,0.8558
sgboba 512 abm2,aboba,512,seed1,2,test_accuracy,88,0.8734
sgboba 512 abm2,aboba,512,seed1,2,test_accuracy,89,0.8745
sgboba 512 abm2,aboba,512,seed1,2,test_accuracy,90,0.8893
sgboba 512 abm2,aboba,512,seed1,2,test_accuracy,91,0.8767
sgboba 512 abm2,aboba,512,seed1,2,test_accuracy,92,0.8514
sgboba 512 abm2,aboba,512,seed1,2,test_accuracy,93,0.8936
sgboba 512 abm2,aboba,512,seed1,2,test_accuracy,94,0.8737
sgboba 512 abm2,aboba,512,seed1,2,test_accuracy,95,0.8891
sgboba 512 abm2,aboba,512,seed1,2,test_accuracy,96,0.8782
sgboba 512 abm2,aboba,512,seed1,2,test_accuracy,97,0.8914
sgboba 512 abm2,aboba,512,seed1,2,test_accuracy,98,0.8881
sgboba 512 abm2,aboba,512,seed1,2,test_accuracy,99,0.8832
sgboba 512 abm2,aboba,512,seed1,2,test_accuracy,100,0.8737
sgboba 512 abm2,aboba,512,seed1,2,test_accuracy,101,0.8874
sgboba 512 abm2,aboba,512,seed1,2,test_accuracy,102,0.8795
sgboba 512 abm2,aboba,512,seed1,2,test_accuracy,103,0.8907
sgboba 512 abm2,aboba,512,seed1,2,test_accuracy,104,0.8919
sgboba 512 abm2,aboba,512,seed1,2,test_accuracy,105,0.8879
sgboba 512 abm2,aboba,512,seed1,2,test_accuracy,106,0.8922
sgboba 512 abm2,aboba,512,seed1,2,test_accuracy,107,0.8932
sgboba 512 abm2,aboba,512,seed1,2,test_accuracy,108,0.9013
sgboba 512 abm2,aboba,512,seed1,2,test_accuracy,109,0.8969
sgboba 512 abm2,aboba,512,seed1,2,test_accuracy,110,0.8955
sgboba 512 abm2,aboba,512,seed1,2,test_accuracy,111,0.8978
sgboba 512 abm2,aboba,512,seed1,2,test_accuracy,112,0.9035
sgboba 512 abm2,aboba,512,seed1,2,test_accuracy,113,0.8975
sgboba 512 abm2,aboba,512,seed1,2,test_accuracy,114,0.8978
sgboba 512 abm2,aboba,512,seed1,2,test_accuracy,115,0.9027
sgboba 512 abm2,aboba,512,seed1,2,test_accuracy,116,0.9074
sgboba 512 abm2,aboba,512,seed1,2,test_accuracy,117,0.9108
sgboba 512 abm2,aboba,512,seed1,2,test_accuracy,118,0.905
sgboba 512 abm2,aboba,512,seed1,2,test_accuracy,119,0.9103
sgboba 512 abm2,aboba,512,seed1,2,test_accuracy,120,0.9092
sgboba 512 abm2,aboba,512,seed1,2,test_accuracy,121,0.9148
sgboba 512 abm2,aboba,512,seed1,2,test_accuracy,122,0.9085
sgboba 512 abm2,aboba,512,seed1,2,test_accuracy,123,0.9033
sgboba 512 abm2,aboba,512,seed1,2,test_accuracy,124,0.9136
sgboba 512 abm2,aboba,512,seed1,2,test_accuracy,125,0.9122
sgboba 512 abm2,aboba,512,seed1,2,test_accuracy,126,0.9141
sgboba 512 abm2,aboba,512,seed1,2,test_accuracy,127,0.9163
sgboba 512 abm2,aboba,512,seed1,2,test_accuracy,128,0.9095
sgboba 512 abm2,aboba,512,seed1,2,test_accuracy,129,0.9121
sgboba 512 abm2,aboba,512,seed1,2,test_accuracy,130,0.9192
sgboba 512 abm2,aboba,512,seed1,2,test_accuracy,131,0.9204
sgboba 512 abm2,aboba,512,seed1,2,test_accuracy,132,0.9134
sgboba 512 abm2,aboba,512,seed1,2,test_accuracy,133,0.9241
sgboba 512 abm2,aboba,512,seed1,2,test_accuracy,134,0.9171
sgboba 512 abm2,aboba,512,seed1,2,test_accuracy,135,0.9206
sgboba 512 abm2,aboba,512,seed1,2,test_accuracy,136,0.925
sgboba 512 abm2,aboba,512,seed1,2,test_accuracy,137,0.9251
sgboba 512 abm2,aboba,512,seed1,2,test_accuracy,138,0.9238
sgboba 512 abm2,aboba,512,seed1,2,test_accuracy,139,0.9262
sgboba 512 abm2,aboba,512,seed1,2,test_accuracy,140,0.9269
sgboba 512 abm2,aboba,512,seed1,2,test_accuracy,141,0.9282
sgboba 512 abm2,aboba,512,seed1,2,test_accuracy,142,0.9297
sgboba 512 abm2,aboba,512,seed1,2,test_accuracy,143,0.9299
sgboba 512 abm2,aboba,512,seed1,2,test_accuracy,144,0.9298
sgboba 512 abm2,aboba,512,seed1,2,test_accuracy,145,0.9299
sgboba 512 abm2,aboba,512,seed1,2,test_accuracy,146,0.9302
sgboba 512 abm2,aboba,512,seed1,2,test_accuracy,147,0.9298
sgboba 512 abm2,aboba,512,seed1,2,test_accuracy,148,0.9331
sgboba 512 abm2,aboba,512,seed1,2,test_accuracy,149,0.9326
sgboba 512 abm2,aboba,512,seed1,2,test_accuracy,150,0.9329
sgboba 512 abm2,aboba,512,seed1,2,test_accuracy,151,0.9334
sgboba 512 abm2,aboba,512,seed1,2,test_accuracy,152,0.9358
sgboba 512 abm2,aboba,512,seed1,2,test_accuracy,153,0.9362
sgboba 512 abm2,aboba,512,seed1,2,test_accuracy,154,0.9375
sgboba 512 abm2,aboba,512,seed1,2,test_accuracy,155,0.9368
sgboba 512 abm2,aboba,512,seed1,2,test_accuracy,156,0.9375
sgboba 512 abm2,aboba,512,seed1,2,test_accuracy,157,0.9372
sgboba 512 abm2,aboba,512,seed1,2,test_accuracy,158,0.9393
sgboba 512 abm2,aboba,512,seed1,2,test_accuracy,159,0.9382
sgboba 512 abm2,aboba,512,seed1,2,test_accuracy,160,0.9384
sgboba 512 abm2,aboba,512,seed1,2,test_accuracy,161,0.9396
sgboba 512 abm2,aboba,512,seed1,2,test_accuracy,162,0.9403
sgboba 512 abm2,aboba,512,seed1,2,test_accuracy,163,0.9391
sgboba 512 abm2,aboba,512,seed1,2,test_accuracy,164,0.9402
sgboba 512 abm2,aboba,512,seed1,2,test_accuracy,165,0.9399
sgboba 512 abm2,aboba,512,seed1,2,test_accuracy,166,0.9401
sgboba 512 abm2,aboba,512,seed1,2,test_accuracy,167,0.9387
sgboba 512 abm2,aboba,512,seed1,2,test_accuracy,168,0.939
sgboba 512 abm2,aboba,512,seed1,2,test_accuracy,169,0.9398
sgboba 512 abm2,aboba,512,seed1,2,test_accuracy,170,0.9407
sgboba 512 abm2,aboba,512,seed1,2,test_accuracy,171,0.9402
sgboba 512 abm2,aboba,512,seed1,2,test_accuracy,172,0.9411
sgboba 512 abm2,aboba,512,seed1,2,test_accuracy,173,0.9403
sgboba 512 abm2,aboba,512,seed1,2,test_accuracy,174,0.9406
sgboba 512 abm2,aboba,512,seed1,2,test_accuracy,175,0.9413
sgboba 512 abm2,aboba,512,seed1,2,test_accuracy,176,0.941
sgboba 512 abm2,aboba,512,seed1,2,test_accuracy,177,0.9409
sgboba 512 abm2,aboba,512,seed1,2,test_accuracy,178,0.9417
sgboba 512 abm2,aboba,512,seed1,2,test_accuracy,179,0.9413
sgboba 512 abm2,aboba,512,seed1,2,test_accuracy,180,0.9411
sgboba 512 abm2,aboba,512,seed1,2,test_accuracy,181,0.9411
sgboba 512 abm2,aboba,512,seed1,2,test_accuracy,182,0.941
sgboba 512 abm2,aboba,512,seed1,2,test_accuracy,183,0.9411
sgboba 512 abm2,aboba,512,seed1,2,test_accuracy,184,0.9411
sgboba 512 abm2,aboba,512,seed1,2,test_accuracy,185,0.9406
sgboba 512 abm2,aboba,512,seed1,2,test_accuracy,186,0.941
sgboba 512 abm2,aboba,512,seed1,2,test_accuracy,187,0.9411
sgboba 512 abm2,aboba,512,seed1,2,test_accuracy,188,0.941
sgboba 512 abm2,aboba,512,seed1,2,test_accuracy,189,0.9406
sgboba 512 abm2,aboba,512,seed1,2,test_accuracy,190,0.941
sgboba 512 abm2,aboba,512,seed1,2,test_accuracy,191,0.941
sgboba 512 abm2,aboba,512,seed1,2,test_accuracy,192,0.9409
sgboba 512 abm2,aboba,512,seed1,2,test_accuracy,193,0.9411
sgboba 512 abm2,aboba,512,seed1,2,test_accuracy,194,0.941
sgboba 512 abm2,aboba,512,seed1,2,test_accuracy,195,0.9408
sgboba 512 abm2,aboba,512,seed1,2,test_accuracy,196,0.9409
sgboba 512 abm2,aboba,512,seed1,2,test_accuracy,197,0.9412
sgboba 512 abm2,aboba,512,seed1,2,test_accuracy,198,0.9409
sgboba 512 abm2,aboba,512,seed1,2,test_accuracy,199,0.9411
sgboba 128 abm2,aboba,128,seed1,2,test_loss,0,1.4680233348774006
sgboba 128 abm2,aboba,128,seed1,2,test_loss,1,1.0370395342005958
sgboba 128 abm2,aboba,128,seed1,2,test_loss,2,1.3704661794855624
sgboba 128 abm2,aboba,128,seed1,2,test_loss,3,1.1051807086679
sgboba 128 abm2,aboba,128,seed1,2,test_loss,4,0.8364587539358984
sgboba 128 abm2,aboba,128,seed1,2,test_loss,5,0.7537151197843914
sgboba 128 abm2,aboba,128,seed1,2,test_loss,6,0.6503573961650269
sgboba 128 abm2,aboba,128,seed1,2,test_loss,7,0.6928842094125627
sgboba 128 abm2,aboba,128,seed1,2,test_loss,8,0.6730311931688574
sgboba 128 abm2,aboba,128,seed1,2,test_loss,9,0.7080224816557728
sgboba 128 abm2,aboba,128,seed1,2,test_loss,10,0.7073553887349141
sgboba 128 abm2,aboba,128,seed1,2,test_loss,11,0.7174110250382484
sgboba 128 abm2,aboba,128,seed1,2,test_loss,12,0.7950032975854753
sgboba 128 abm2,aboba,128,seed1,2,test_loss,13,0.6374935594540608
sgboba 128 abm2,aboba,128,seed1,2,test_loss,14,0.5905775356141827
sgboba 128 abm2,aboba,128,seed1,2,test_loss,15,0.6533721138404894
sgboba 128 abm2,aboba,128,seed1,2,test_loss,16,0.65994634620751
sgboba 128 abm2,aboba,128,seed1,2,test_loss,17,0.6508686421792719
sgboba 128 abm2,aboba,128,seed1,2,test_loss,18,0.6251524569867533
sgboba 128 abm2,aboba,128,seed1,2,test_loss,19,0.6322834054126015
sgboba 128 abm2,aboba,128,seed1,2,test_loss,20,0.6025811769539797
sgboba 128 abm2,aboba,128,seed1,2,test_loss,21,0.596121528857871
sgboba 128 abm2,aboba,128,seed1,2,test_loss,22,0.620197018490562
sgboba 128 abm2,aboba,128,seed1,2,test_loss,23,0.603992570050155
sgboba 128 abm2,aboba,128,seed1,2,test_loss,24,0.5563609649108935
sgboba 128 abm2,aboba,128,seed1,2,test_loss,25,0.5917482591128047
sgboba 128 abm2,aboba,128,seed1,2,test_loss,26,0.6472567953640902
sgboba 128 abm2,aboba,128,seed1,2,test_loss,27,0.5894244754616218
sgboba 128 abm2,aboba,128,seed1,2,test_loss,28,0.5659523740222182
sgboba 128 abm2,aboba,128,seed1,2,test_loss,29,0.6304423601566991
sgboba 128 abm2,aboba,128,seed1,2,test_loss,30,0.5441815641861928
sgboba 128 abm2,aboba,128,seed1,2,test_loss,31,0.6446431237685529
sgboba 128 abm2,aboba,128,seed1,2,test_loss,32,0.5295809160304975
sgboba 128 abm2,aboba,128,seed1,2,test_loss,33,0.563376736791828
sgboba 128 abm2,aboba,128,seed1,2,test_loss,34,0.5548678025414672
sgboba 128 abm2,aboba,128,seed1,2,test_loss,35,0.5688339000261282
sgboba 128 abm2,aboba,128,seed1,2,test_loss,36,0.5260622916342337
sgboba 128 abm2,aboba,128,seed1,2,test_loss,37,0.5688183511359782
sgboba 128 abm2,aboba,128,seed1,2,test_loss,38,0.5254172844977318
sgboba 128 abm2,aboba,128,seed1,2,test_loss,39,0.6194085210938997
sgboba 128 abm2,aboba,128,seed1,2,test_loss,40,0.5404084366333636
sgboba 128 abm2,aboba,128,seed1,2,test_loss,41,0.5081407133537003
sgboba 128 abm2,aboba,128,seed1,2,test_loss,42,0.4674645905630498
sgboba 128 abm2,aboba,128,seed1,2,test_loss,43,0.5373483055000063
sgboba 128 abm2,aboba,128,seed1,2,test_loss,44,0.5457517085950586
sgboba 128 abm2,aboba,128,seed1,2,test_loss,45,0.48097357417963726
sgboba 128 abm2,aboba,128,seed1,2,test_loss,46,0.540818223470374
sgboba 128 abm2,aboba,128,seed1,2,test_loss,47,0.5369846398317362
sgboba 128 abm2,aboba,128,seed1,2,test_loss,48,0.546914402819887
sgboba 128 abm2,aboba,128,seed1,2,test_loss,49,0.5358998143597494
sgboba 128 abm2,aboba,128,seed1,2,test_loss,50,0.5517751348169544
sgboba 128 abm2,aboba,128,seed1,2,test_loss,51,0.5546503964858719
sgboba 128 abm2,aboba,128,seed1,2,test_loss,52,0.461999297896518
sgboba 128 abm2,aboba,128,seed1,2,test_loss,53,0.4789053707183162
sgboba 128 abm2,aboba,128,seed1,2,test_loss,54,0.5365976374360579
sgboba 128 abm2,aboba,128,seed1,2,test_loss,55,0.492020223525506
sgboba 128 abm2,aboba,128,seed1,2,test_loss,56,0.5341175790828995
sgboba 128 abm2,aboba,128,seed1,2,test_loss,57,0.4976381853788714
sgboba 128 abm2,aboba,128,seed1,2,test_loss,58,0.5365445711944676
sgboba 128 abm2,aboba,128,seed1,2,test_loss,59,0.5733048659336718
sgboba 128 abm2,aboba,128,seed1,2,test_loss,60,0.45218867780287053
sgboba 128 abm2,aboba,128,seed1,2,test_loss,61,0.5461385789551313
sgboba 128 abm2,aboba,128,seed1,2,test_loss,62,0.52717692452141
sgboba 128 abm2,aboba,128,seed1,2,test_loss,63,0.4609561917148059
sgboba 128 abm2,aboba,128,seed1,2,test_loss,64,0.4956341151949726
sgboba 128 abm2,aboba,128,seed1,2,test_loss,65,0.42437394208545925
sgboba 128 abm2,aboba,128,seed1,2,test_loss,66,0.47970027448255803
sgboba 128 abm2,aboba,128,seed1,2,test_loss,67,0.41302753928341446
sgboba 128 abm2,aboba,128,seed1,2,test_loss,68,0.4255080102365228
sgboba 128 abm2,aboba,128,seed1,2,test_loss,69,0.4357101294813277
sgboba 128 abm2,aboba,128,seed1,2,test_loss,70,0.43654084375387503
sgboba 128 abm2,aboba,128,seed1,2,test_loss,71,0.42494952527782587
sgboba 128 abm2,aboba,128,seed1,2,test_loss,72,0.39605815765223923
sgboba 128 abm2,aboba,128,seed1,2,test_loss,73,0.3924929346842102
sgboba 128 abm2,aboba,128,seed1,2,test_loss,74,0.43512276022494595
sgboba 128 abm2,aboba,128,seed1,2,test_loss,75,0.4023499417154095
sgboba 128 abm2,aboba,128,seed1,2,test_loss,76,0.49375958646400064
sgboba 128 abm2,aboba,128,seed1,2,test_loss,77,0.4903957881504976
sgboba 128 abm2,aboba,128,seed1,2,test_loss,78,0.5149745477151267
sgboba 128 abm2,aboba,128,seed1,2,test_loss,79,0.40636081899268717
sgboba 128 abm2,aboba,128,seed1,2,test_loss,80,0.4209064805432211
sgboba 128 abm2,aboba,128,seed1,2,test_loss,81,0.43533911414538756
sgboba 128 abm2,aboba,128,seed1,2,test_loss,82,0.39197424601150466
sgboba 128 abm2,aboba,128,seed1,2,test_loss,83,0.39452198468431643
sgboba 128 abm2,aboba,128,seed1,2,test_loss,84,0.38323513729662834
sgboba 128 abm2,aboba,128,seed1,2,test_loss,85,0.3677711117116711
sgboba 128 abm2,aboba,128,seed1,2,test_loss,86,0.3632149009764949
sgboba 128 abm2,aboba,128,seed1,2,test_loss,87,0.3711508959531784
sgboba 128 abm2,aboba,128,seed1,2,test_loss,88,0.39422170610367496
sgboba 128 abm2,aboba,128,seed1,2,test_loss,89,0.39574182146712195
sgboba 128 abm2,aboba,128,seed1,2,test_loss,90,0.4249959987930105
sgboba 128 abm2,aboba,128,seed1,2,test_loss,91,0.32763955638378484
sgboba 128 abm2,aboba,128,seed1,2,test_loss,92,0.36973402847217607
sgboba 128 abm2,aboba,128,seed1,2,test_loss,93,0.3662237617411191
sgboba 128 abm2,aboba,128,seed1,2,test_loss,94,0.39659653132474876
sgboba 128 abm2,aboba,128,seed1,2,test_loss,95,0.374113621779635
sgboba 128 abm2,aboba,128,seed1,2,test_loss,96,0.40305501467819455
sgboba 128 abm2,aboba,128,seed1,2,test_loss,97,0.3453022945153562
sgboba 128 abm2,aboba,128,seed1,2,test_loss,98,0.3664322587885434
sgboba 128 abm2,aboba,128,seed1,2,test_loss,99,0.34566605788997457
sgboba 128 abm2,aboba,128,seed1,2,test_loss,100,0.39504206878474996
sgboba 128 abm2,aboba,128,seed1,2,test_loss,101,0.3250229654810097
sgboba 128 abm2,aboba,128,seed1,2,test_loss,102,0.3660054665200318
sgboba 128 abm2,aboba,128,seed1,2,test_loss,103,0.324689147027233
sgboba 128 abm2,aboba,128,seed1,2,test_loss,104,0.33729001351549653
sgboba 128 abm2,aboba,128,seed1,2,test_loss,105,0.3785209497318992
sgboba 128 abm2,aboba,128,seed1,2,test_loss,106,0.3197623750642885
sgboba 128 abm2,aboba,128,seed1,2,test_loss,107,0.3540654191865197
sgboba 128 abm2,aboba,128,seed1,2,test_loss,108,0.34924498181554336
sgboba 128 abm2,aboba,128,seed1,2,test_loss,109,0.39273821006092846
sgboba 128 abm2,aboba,128,seed1,2,test_loss,110,0.34534637252741224
sgboba 128 abm2,aboba,128,seed1,2,test_loss,111,0.3442648800113533
sgboba 128 abm2,aboba,128,seed1,2,test_loss,112,0.3249053838132303
sgboba 128 abm2,aboba,128,seed1,2,test_loss,113,0.3214435258620902
sgboba 128 abm2,aboba,128,seed1,2,test_loss,114,0.3401322817500633
sgboba 128 abm2,aboba,128,seed1,2,test_loss,115,0.3251321877859816
sgboba 128 abm2,aboba,128,seed1,2,test_loss,116,0.31395317321713967
sgboba 128 abm2,aboba,128,seed1,2,test_loss,117,0.3703832671612124
sgboba 128 abm2,aboba,128,seed1,2,test_loss,118,0.313970525053483
sgboba 128 abm2,aboba,128,seed1,2,test_loss,119,0.33045832756199417
sgboba 128 abm2,aboba,128,seed1,2,test_loss,120,0.3293528513440603
sgboba 128 abm2,aboba,128,seed1,2,test_loss,121,0.3564438721801661
sgboba 128 abm2,aboba,128,seed1,2,test_loss,122,0.332206742295736
sgboba 128 abm2,aboba,128,seed1,2,test_loss,123,0.3033268631824964
sgboba 128 abm2,aboba,128,seed1,2,test_loss,124,0.29712639070009883
sgboba 128 abm2,aboba,128,seed1,2,test_loss,125,0.31934517716305166
sgboba 128 abm2,aboba,128,seed1,2,test_loss,126,0.33647209594521343
sgboba 128 abm2,aboba,128,seed1,2,test_loss,127,0.35367098875060865
sgboba 128 abm2,aboba,128,seed1,2,test_loss,128,0.29833197574826736
sgboba 128 abm2,aboba,128,seed1,2,test_loss,129,0.31803820810363265
sgboba 128 abm2,aboba,128,seed1,2,test_loss,130,0.3191456210952771
sgboba 128 abm2,aboba,128,seed1,2,test_loss,131,0.31894977551095094
sgboba 128 abm2,aboba,128,seed1,2,test_loss,132,0.3354492666600626
sgboba 128 abm2,aboba,128,seed1,2,test_loss,133,0.3043131800957873
sgboba 128 abm2,aboba,128,seed1,2,test_loss,134,0.29742774405056915
sgboba 128 abm2,aboba,128,seed1,2,test_loss,135,0.29777768367453467
sgboba 128 abm2,aboba,128,seed1,2,test_loss,136,0.3036941006968293
sgboba 128 abm2,aboba,128,seed1,2,test_loss,137,0.31179580592279194
sgboba 128 abm2,aboba,128,seed1,2,test_loss,138,0.293946201005314
sgboba 128 abm2,aboba,128,seed1,2,test_loss,139,0.3304436970737916
sgboba 128 abm2,aboba,128,seed1,2,test_loss,140,0.2809239011493665
sgboba 128 abm2,aboba,128,seed1,2,test_loss,141,0.3201507177156738
sgboba 128 abm2,aboba,128,seed1,2,test_loss,142,0.29635632132427603
sgboba 128 abm2,aboba,128,seed1,2,test_loss,143,0.3151949776124351
sgboba 128 abm2,aboba,128,seed1,2,test_loss,144,0.3148646427294876
sgboba 128 abm2,aboba,128,seed1,2,test_loss,145,0.29674184378943863
sgboba 128 abm2,aboba,128,seed1,2,test_loss,146,0.28905763420500336
sgboba 128 abm2,aboba,128,seed1,2,test_loss,147,0.28892419270322295
sgboba 128 abm2,aboba,128,seed1,2,test_loss,148,0.29505686895756783
sgboba 128 abm2,aboba,128,seed1,2,test_loss,149,0.29552784430075296
sgboba 128 abm2,aboba,128,seed1,2,test_loss,150,0.28194723023643975
sgboba 128 abm2,aboba,128,seed1,2,test_loss,151,0.2798014483119868
sgboba 128 abm2,aboba,128,seed1,2,test_loss,152,0.27474676544153237
sgboba 128 abm2,aboba,128,seed1,2,test_loss,153,0.2780435659651515
sgboba 128 abm2,aboba,128,seed1,2,test_loss,154,0.28134096022459526
sgboba 128 abm2,aboba,128,seed1,2,test_loss,155,0.27332776881565773
sgboba 128 abm2,aboba,128,seed1,2,test_loss,156,0.27857999885572665
sgboba 128 abm2,aboba,128,seed1,2,test_loss,157,0.27558693468947953
sgboba 128 abm2,aboba,128,seed1,2,test_loss,158,0.2690534146054636
sgboba 128 abm2,aboba,128,seed1,2,test_loss,159,0.26335801221901856
sgboba 128 abm2,aboba,128,seed1,2,test_loss,160,0.26397470905905285
sgboba 128 abm2,aboba,128,seed1,2,test_loss,161,0.2644633972380735
sgboba 128 abm2,aboba,128,seed1,2,test_loss,162,0.2631796928523462
sgboba 128 abm2,aboba,128,seed1,2,test_loss,163,0.2598949264782139
sgboba 128 abm2,aboba,128,seed1,2,test_loss,164,0.26220185057366197
sgboba 128 abm2,aboba,128,seed1,2,test_loss,165,0.2603925915222757
sgboba 128 abm2,aboba,128,seed1,2,test_loss,166,0.25977005868489983
sgboba 128 abm2,aboba,128,seed1,2,test_loss,167,0.2603250633265021
sgboba 128 abm2,aboba,128,seed1,2,test_loss,168,0.2592043903998182
sgboba 128 abm2,aboba,128,seed1,2,test_loss,169,0.2579760263803639
sgboba 128 abm2,aboba,128,seed1,2,test_loss,170,0.2552155067177513
sgboba 128 abm2,aboba,128,seed1,2,test_loss,171,0.2580789181910738
sgboba 128 abm2,aboba,128,seed1,2,test_loss,172,0.25783089911447293
sgboba 128 abm2,aboba,128,seed1,2,test_loss,173,0.25627872644911837
sgboba 128 abm2,aboba,128,seed1,2,test_loss,174,0.2557927859546263
sgboba 128 abm2,aboba,128,seed1,2,test_loss,175,0.2562624527306496
sgboba 128 abm2,aboba,128,seed1,2,test_loss,176,0.25577118365636353
sgboba 128 abm2,aboba,128,seed1,2,test_loss,177,0.2551088325584991
sgboba 128 abm2,aboba,128,seed1,2,test_loss,178,0.2545074577195735
sgboba 128 abm2,aboba,128,seed1,2,test_loss,179,0.2537137266201309
sgboba 128 abm2,aboba,128,seed1,2,test_loss,180,0.2538476345848434
sgboba 128 abm2,aboba,128,seed1,2,test_loss,181,0.2541612074533595
sgboba 128 abm2,aboba,128,seed1,2,test_loss,182,0.2539028408406656
sgboba 128 abm2,aboba,128,seed1,2,test_loss,183,0.25386170943892455
sgboba 128 abm2,aboba,128,seed1,2,test_loss,184,0.25374665488547915
sgboba 128 abm2,aboba,128,seed1,2,test_loss,185,0.2540461230032806
sgboba 128 abm2,aboba,128,seed1,2,test_loss,186,0.2535012695419637
sgboba 128 abm2,aboba,128,seed1,2,test_loss,187,0.25377675216597845
sgboba 128 abm2,aboba,128,seed1,2,test_loss,188,0.25372464855826354
sgboba 128 abm2,aboba,128,seed1,2,test_loss,189,0.253585714233827
sgboba 128 abm2,aboba,128,seed1,2,test_loss,190,0.2534287272940708
sgboba 128 abm2,aboba,128,seed1,2,test_loss,191,0.2531329518820666
sgboba 128 abm2,aboba,128,seed1,2,test_loss,192,0.25331462372707414
sgboba 128 abm2,aboba,128,seed1,2,test_loss,193,0.25351001199664946
sgboba 128 abm2,aboba,128,seed1,2,test_loss,194,0.253369407327492
sgboba 128 abm2,aboba,128,seed1,2,test_loss,195,0.25322889437592483
sgboba 128 abm2,aboba,128,seed1,2,test_loss,196,0.2531030362919916
sgboba 128 abm2,aboba,128,seed1,2,test_loss,197,0.25329705785158313
sgboba 128 abm2,aboba,128,seed1,2,test_loss,198,0.2533425833039646
sgboba 128 abm2,aboba,128,seed1,2,test_loss,199,0.2532775126680543
sgboba 256 abm2,aboba,256,seed1,2,test_loss,0,1.60775086581707
sgboba 256 abm2,aboba,256,seed1,2,test_loss,1,1.1092760145664216
sgboba 256 abm2,aboba,256,seed1,2,test_loss,2,1.4287341833114624
sgboba 256 abm2,aboba,256,seed1,2,test_loss,3,1.159590670466423
sgboba 256 abm2,aboba,256,seed1,2,test_loss,4,0.9124215349555016
sgboba 256 abm2,aboba,256,seed1,2,test_loss,5,0.8315352723002434
sgboba 256 abm2,aboba,256,seed1,2,test_loss,6,0.7431794747710228
sgboba 256 abm2,aboba,256,seed1,2,test_loss,7,0.6957934111356735
sgboba 256 abm2,aboba,256,seed1,2,test_loss,8,0.631228356808424
sgboba 256 abm2,aboba,256,seed1,2,test_loss,9,0.7907950580120087
sgboba 256 abm2,aboba,256,seed1,2,test_loss,10,0.6331347741186619
sgboba 256 abm2,aboba,256,seed1,2,test_loss,11,0.6683498963713645
sgboba 256 abm2,aboba,256,seed1,2,test_loss,12,0.7142216101288795
sgboba 256 abm2,aboba,256,seed1,2,test_loss,13,0.5857357762753963
sgboba 256 abm2,aboba,256,seed1,2,test_loss,14,0.5817207910120488
sgboba 256 abm2,aboba,256,seed1,2,test_loss,15,0.6714057117700577
sgboba 256 abm2,aboba,256,seed1,2,test_loss,16,0.6276969783008098
sgboba 256 abm2,aboba,256,seed1,2,test_loss,17,0.6519191473722458
sgboba 256 abm2,aboba,256,seed1,2,test_loss,18,0.5786885321140289
sgboba 256 abm2,aboba,256,seed1,2,test_loss,19,0.6329047299921513
sgboba 256 abm2,aboba,256,seed1,2,test_loss,20,0.6397424235939979
sgboba 256 abm2,aboba,256,seed1,2,test_loss,21,0.6053266584873199
sgboba 256 abm2,aboba,256,seed1,2,test_loss,22,0.5698448941111565
sgboba 256 abm2,aboba,256,seed1,2,test_loss,23,0.6249290131032467
sgboba 256 abm2,aboba,256,seed1,2,test_loss,24,0.6094210505485534
sgboba 256 abm2,aboba,256,seed1,2,test_loss,25,0.7092042163014411
sgboba 256 abm2,aboba,256,seed1,2,test_loss,26,0.6418961726129055
sgboba 256 abm2,aboba,256,seed1,2,test_loss,27,0.6816356897354126
sgboba 256 abm2,aboba,256,seed1,2,test_loss,28,0.666905015707016
sgboba 256 abm2,aboba,256,seed1,2,test_loss,29,0.5869444295763969
sgboba 256 abm2,aboba,256,seed1,2,test_loss,30,0.6624918058514595
sgboba 256 abm2,aboba,256,seed1,2,test_loss,31,0.5905565820634365
sgboba 256 abm2,aboba,256,seed1,2,test_loss,32,0.5194352619349957
sgboba 256 abm2,aboba,256,seed1,2,test_loss,33,0.6059677854180336
sgboba 256 abm2,aboba,256,seed1,2,test_loss,34,0.5023775219917297
sgboba 256 abm2,aboba,256,seed1,2,test_loss,35,0.5804413847625256
sgboba 256 abm2,aboba,256,seed1,2,test_loss,36,0.527794174104929
sgboba 256 abm2,aboba,256,seed1,2,test_loss,37,0.595162495970726
sgboba 256 abm2,aboba,256,seed1,2,test_loss,38,0.5108176708221436
sgboba 256 abm2,aboba,256,seed1,2,test_loss,39,0.5788674704730511
sgboba 256 abm2,aboba,256,seed1,2,test_loss,40,0.6003226712346077
sgboba 256 abm2,aboba,256,seed1,2,test_loss,41,0.5487917639315129
sgboba 256 abm2,aboba,256,seed1,2,test_loss,42,0.4955430969595909
sgboba 256 abm2,aboba,256,seed1,2,test_loss,43,0.5390644185245037
sgboba 256 abm2,aboba,256,seed1,2,test_loss,44,0.49741850048303604
sgboba 256 abm2,aboba,256,seed1,2,test_loss,45,0.6115389205515385
sgboba 256 abm2,aboba,256,seed1,2,test_loss,46,0.5635491043329239
sgboba 256 abm2,aboba,256,seed1,2,test_loss,47,0.5730800077319145
sgboba 256 abm2,aboba,256,seed1,2,test_loss,48,0.498054300993681
sgboba 256 abm2,aboba,256,seed1,2,test_loss,49,0.6065127655863762
sgboba 256 abm2,aboba,256,seed1,2,test_loss,50,0.4976631380617619
sgboba 256 abm2,aboba,256,seed1,2,test_loss,51,0.5461452588438988
sgboba 256 abm2,aboba,256,seed1,2,test_loss,52,0.47559447064995763
sgboba 256 abm2,aboba,256,seed1,2,test_loss,53,0.5042127549648285
sgboba 256 abm2,aboba,256,seed1,2,test_loss,54,0.47181096449494364
sgboba 256 abm2,aboba,256,seed1,2,test_loss,55,0.469220307469368
sgboba 256 abm2,aboba,256,seed1,2,test_loss,56,0.5232171818614006
sgboba 256 abm2,aboba,256,seed1,2,test_loss,57,0.47518154606223106
sgboba 256 abm2,aboba,256,seed1,2,test_loss,58,0.5003990583121777
sgboba 256 abm2,aboba,256,seed1,2,test_loss,59,0.4695473924279213
sgboba 256 abm2,aboba,256,seed1,2,test_loss,60,0.49153306856751444
sgboba 256 abm2,aboba,256,seed1,2,test_loss,61,0.521254663169384
sgboba 256 abm2,aboba,256,seed1,2,test_loss,62,0.5421017095446586
sgboba 256 abm2,aboba,256,seed1,2,test_loss,63,0.4992095150053501
sgboba 256 abm2,aboba,256,seed1,2,test_loss,64,0.43750454634428027
sgboba 256 abm2,aboba,256,seed1,2,test_loss,65,0.46113173961639403
sgboba 256 abm2,aboba,256,seed1,2,test_loss,66,0.4520937822759151
sgboba 256 abm2,aboba,256,seed1,2,test_loss,67,0.5082858100533485
sgboba 256 abm2,aboba,256,seed1,2,test_loss,68,0.49007894843816757
sgboba 256 abm2,aboba,256,seed1,2,test_loss,69,0.44564698338508607
sgboba 256 abm2,aboba,256,seed1,2,test_loss,70,0.4173769935965538
sgboba 256 abm2,aboba,256,seed1,2,test_loss,71,0.44409893825650215
sgboba 256 abm2,aboba,256,seed1,2,test_loss,72,0.4020629644393921
sgboba 256 abm2,aboba,256,seed1,2,test_loss,73,0.4212621532380581
sgboba 256 abm2,aboba,256,seed1,2,test_loss,74,0.4408875159919262
sgboba 256 abm2,aboba,256,seed1,2,test_loss,75,0.4200903750956059
sgboba 256 abm2,aboba,256,seed1,2,test_loss,76,0.4059932537376881
sgboba 256 abm2,aboba,256,seed1,2,test_loss,77,0.4790257476270199
sgboba 256 abm2,aboba,256,seed1,2,test_loss,78,0.444511529058218
sgboba 256 abm2,aboba,256,seed1,2,test_loss,79,0.4112631015479565
sgboba 256 abm2,aboba,256,seed1,2,test_loss,80,0.45207817256450655
sgboba 256 abm2,aboba,256,seed1,2,test_loss,81,0.4127722345292568
sgboba 256 abm2,aboba,256,seed1,2,test_loss,82,0.43154989182949066
sgboba 256 abm2,aboba,256,seed1,2,test_loss,83,0.3800159074366093
sgboba 256 abm2,aboba,256,seed1,2,test_loss,84,0.4221726059913635
sgboba 256 abm2,aboba,256,seed1,2,test_loss,85,0.38815300092101096
sgboba 256 abm2,aboba,256,seed1,2,test_loss,86,0.38529934398829935
sgboba 256 abm2,aboba,256,seed1,2,test_loss,87,0.40169762596488
sgboba 256 abm2,aboba,256,seed1,2,test_loss,88,0.45626013204455373
sgboba 256 abm2,aboba,256,seed1,2,test_loss,89,0.36475750580430033
sgboba 256 abm2,aboba,256,seed1,2,test_loss,90,0.38894750252366067
sgboba 256 abm2,aboba,256,seed1,2,test_loss,91,0.384092815220356
sgboba 256 abm2,aboba,256,seed1,2,test_loss,92,0.38200718611478807
sgboba 256 abm2,aboba,256,seed1,2,test_loss,93,0.41452724635601046
sgboba 256 abm2,aboba,256,seed1,2,test_loss,94,0.43814584240317345
sgboba 256 abm2,aboba,256,seed1,2,test_loss,95,0.3862543605268002
sgboba 256 abm2,aboba,256,seed1,2,test_loss,96,0.36147811599075796
sgboba 256 abm2,aboba,256,seed1,2,test_loss,97,0.36450593546032906
sgboba 256 abm2,aboba,256,seed1,2,test_loss,98,0.42955042645335195
sgboba 256 abm2,aboba,256,seed1,2,test_loss,99,0.3653671246021986
sgboba 256 abm2,aboba,256,seed1,2,test_loss,100,0.3565460443496704
sgboba 256 abm2,aboba,256,seed1,2,test_loss,101,0.37059278339147567
sgboba 256 abm2,aboba,256,seed1,2,test_loss,102,0.3681797914206982
sgboba 256 abm2,aboba,256,seed1,2,test_loss,103,0.37545997872948644
sgboba 256 abm2,aboba,256,seed1,2,test_loss,104,0.3534303832799196
sgboba 256 abm2,aboba,256,seed1,2,test_loss,105,0.37542798444628717
sgboba 256 abm2,aboba,256,seed1,2,test_loss,106,0.3515251033008099
sgboba 256 abm2,aboba,256,seed1,2,test_loss,107,0.3168842360377312
sgboba 256 abm2,aboba,256,seed1,2,test_loss,108,0.33526548705995085
sgboba 256 abm2,aboba,256,seed1,2,test_loss,109,0.3233308527618647
sgboba 256 abm2,aboba,256,seed1,2,test_loss,110,0.3385530784726143
sgboba 256 abm2,aboba,256,seed1,2,test_loss,111,0.3290258277207613
sgboba 256 abm2,aboba,256,seed1,2,test_loss,112,0.3356237821280956
sgboba 256 abm2,aboba,256,seed1,2,test_loss,113,0.32614484094083307
sgboba 256 abm2,aboba,256,seed1,2,test_loss,114,0.3346970807760954
sgboba 256 abm2,aboba,256,seed1,2,test_loss,115,0.3286550723016262
sgboba 256 abm2,aboba,256,seed1,2,test_loss,116,0.3866800472140312
sgboba 256 abm2,aboba,256,seed1,2,test_loss,117,0.31434986405074594
sgboba 256 abm2,aboba,256,seed1,2,test_loss,118,0.3369608838111162
sgboba 256 abm2,aboba,256,seed1,2,test_loss,119,0.33427730202674866
sgboba 256 abm2,aboba,256,seed1,2,test_loss,120,0.3221893910318613
sgboba 256 abm2,aboba,256,seed1,2,test_loss,121,0.31178035233169793
sgboba 256 abm2,aboba,256,seed1,2,test_loss,122,0.31638175062835217
sgboba 256 abm2,aboba,256,seed1,2,test_loss,123,0.3379915993660688
sgboba 256 abm2,aboba,256,seed1,2,test_loss,124,0.319209548458457
sgboba 256 abm2,aboba,256,seed1,2,test_loss,125,0.3612759381532669
sgboba 256 abm2,aboba,256,seed1,2,test_loss,126,0.3314669892191887
sgboba 256 abm2,aboba,256,seed1,2,test_loss,127,0.3384604390710592
sgboba 256 abm2,aboba,256,seed1,2,test_loss,128,0.31602723598480226
sgboba 256 abm2,aboba,256,seed1,2,test_loss,129,0.38282424621284006
sgboba 256 abm2,aboba,256,seed1,2,test_loss,130,0.31909372843801975
sgboba 256 abm2,aboba,256,seed1,2,test_loss,131,0.31634379737079144
sgboba 256 abm2,aboba,256,seed1,2,test_loss,132,0.29130659699440004
sgboba 256 abm2,aboba,256,seed1,2,test_loss,133,0.36655626222491267
sgboba 256 abm2,aboba,256,seed1,2,test_loss,134,0.32499150596559045
sgboba 256 abm2,aboba,256,seed1,2,test_loss,135,0.29823344871401786
sgboba 256 abm2,aboba,256,seed1,2,test_loss,136,0.3384912259876728
sgboba 256 abm2,aboba,256,seed1,2,test_loss,137,0.31804056353867055
sgboba 256 abm2,aboba,256,seed1,2,test_loss,138,0.3039041507989168
sgboba 256 abm2,aboba,256,seed1,2,test_loss,139,0.30841746777296064
sgboba 256 abm2,aboba,256,seed1,2,test_loss,140,0.3258011393249035
sgboba 256 abm2,aboba,256,seed1,2,test_loss,141,0.34178691953420637
sgboba 256 abm2,aboba,256,seed1,2,test_loss,142,0.32456744089722633
sgboba 256 abm2,aboba,256,seed1,2,test_loss,143,0.30999960340559485
sgboba 256 abm2,aboba,256,seed1,2,test_loss,144,0.319903951510787
sgboba 256 abm2,aboba,256,seed1,2,test_loss,145,0.29313777200877666
sgboba 256 abm2,aboba,256,seed1,2,test_loss,146,0.31703832298517226
sgboba 256 abm2,aboba,256,seed1,2,test_loss,147,0.30104995481669905
sgboba 256 abm2,aboba,256,seed1,2,test_loss,148,0.2970735911279917
sgboba 256 abm2,aboba,256,seed1,2,test_loss,149,0.2811786476522684
sgboba 256 abm2,aboba,256,seed1,2,test_loss,150,0.28730704076588154
sgboba 256 abm2,aboba,256,seed1,2,test_loss,151,0.29264252409338953
sgboba 256 abm2,aboba,256,seed1,2,test_loss,152,0.28549845665693285
sgboba 256 abm2,aboba,256,seed1,2,test_loss,153,0.28895097225904465
sgboba 256 abm2,aboba,256,seed1,2,test_loss,154,0.29503456465899947
sgboba 256 abm2,aboba,256,seed1,2,test_loss,155,0.2871319431811571
sgboba 256 abm2,aboba,256,seed1,2,test_loss,156,0.28985378593206407
sgboba 256 abm2,aboba,256,seed1,2,test_loss,157,0.2814510136842728
sgboba 256 abm2,aboba,256,seed1,2,test_loss,158,0.2791748642921448
sgboba 256 abm2,aboba,256,seed1,2,test_loss,159,0.28110748492181303
sgboba 256 abm2,aboba,256,seed1,2,test_loss,160,0.2853920586407185
sgboba 256 abm2,aboba,256,seed1,2,test_loss,161,0.2864713504910469
sgboba 256 abm2,aboba,256,seed1,2,test_loss,162,0.2835572183132172
sgboba 256 abm2,aboba,256,seed1,2,test_loss,163,0.2815478824079037
sgboba 256 abm2,aboba,256,seed1,2,test_loss,164,0.2805133707821369
sgboba 256 abm2,aboba,256,seed1,2,test_loss,165,0.2808352068066597
sgboba 256 abm2,aboba,256,seed1,2,test_loss,166,0.2812463458627462
sgboba 256 abm2,aboba,256,seed1,2,test_loss,167,0.27697055861353875
sgboba 256 abm2,aboba,256,seed1,2,test_loss,168,0.27708453983068465
sgboba 256 abm2,aboba,256,seed1,2,test_loss,169,0.27676794193685056
sgboba 256 abm2,aboba,256,seed1,2,test_loss,170,0.2775581557303667
sgboba 256 abm2,aboba,256,seed1,2,test_loss,171,0.27876291833817957
sgboba 256 abm2,aboba,256,seed1,2,test_loss,172,0.27711157463490965
sgboba 256 abm2,aboba,256,seed1,2,test_loss,173,0.275229512155056
sgboba 256 abm2,aboba,256,seed1,2,test_loss,174,0.27501462809741495
sgboba 256 abm2,aboba,256,seed1,2,test_loss,175,0.2735871493816376
sgboba 256 abm2,aboba,256,seed1,2,test_loss,176,0.27423924393951893
sgboba 256 abm2,aboba,256,seed1,2,test_loss,177,0.27301935404539107
sgboba 256 abm2,aboba,256,seed1,2,test_loss,178,0.2739668991416693
sgboba 256 abm2,aboba,256,seed1,2,test_loss,179,0.2737951334565878
sgboba 256 abm2,aboba,256,seed1,2,test_loss,180,0.27273056767880915
sgboba 256 abm2,aboba,256,seed1,2,test_loss,181,0.2733219590038061
sgboba 256 abm2,aboba,256,seed1,2,test_loss,182,0.2736783653497696
sgboba 256 abm2,aboba,256,seed1,2,test_loss,183,0.27336157485842705
sgboba 256 abm2,aboba,256,seed1,2,test_loss,184,0.27278644144535064
sgboba 256 abm2,aboba,256,seed1,2,test_loss,185,0.2735481053590775
sgboba 256 abm2,aboba,256,seed1,2,test_loss,186,0.27333333864808085
sgboba 256 abm2,aboba,256,seed1,2,test_loss,187,0.27310794927179816
sgboba 256 abm2,aboba,256,seed1,2,test_loss,188,0.273247566819191
sgboba 256 abm2,aboba,256,seed1,2,test_loss,189,0.2729316845536232
sgboba 256 abm2,aboba,256,seed1,2,test_loss,190,0.27310340516269205
sgboba 256 abm2,aboba,256,seed1,2,test_loss,191,0.2727891456335783
sgboba 256 abm2,aboba,256,seed1,2,test_loss,192,0.2729731533676386
sgboba 256 abm2,aboba,256,seed1,2,test_loss,193,0.27291098050773144
sgboba 256 abm2,aboba,256,seed1,2,test_loss,194,0.27272911593317983
sgboba 256 abm2,aboba,256,seed1,2,test_loss,195,0.27297713942825796
sgboba 256 abm2,aboba,256,seed1,2,test_loss,196,0.27253550067543986
sgboba 256 abm2,aboba,256,seed1,2,test_loss,197,0.2728475846350193
sgboba 256 abm2,aboba,256,seed1,2,test_loss,198,0.2724764920771122
sgboba 256 abm2,aboba,256,seed1,2,test_loss,199,0.2726856078952551
sgboba 512 abm2,aboba,512,seed1,2,test_loss,0,2.396286976337433
sgboba 512 abm2,aboba,512,seed1,2,test_loss,1,1.4082820892333985
sgboba 512 abm2,aboba,512,seed1,2,test_loss,2,1.6103074431419373
sgboba 512 abm2,aboba,512,seed1,2,test_loss,3,1.1547659397125245
sgboba 512 abm2,aboba,512,seed1,2,test_loss,4,1.0316546320915223
sgboba 512 abm2,aboba,512,seed1,2,test_loss,5,0.8201673001050949
sgboba 512 abm2,aboba,512,seed1,2,test_loss,6,0.7256852090358734
sgboba 512 abm2,aboba,512,seed1,2,test_loss,7,0.8031206339597702
sgboba 512 abm2,aboba,512,seed1,2,test_loss,8,0.7224974989891052
sgboba 512 abm2,aboba,512,seed1,2,test_loss,9,0.7346090704202652
sgboba 512 abm2,aboba,512,seed1,2,test_loss,10,0.6781818360090256
sgboba 512 abm2,aboba,512,seed1,2,test_loss,11,0.6520213335752487
sgboba 512 abm2,aboba,512,seed1,2,test_loss,12,0.6702813923358917
sgboba 512 abm2,aboba,512,seed1,2,test_loss,13,0.6542434751987457
sgboba 512 abm2,aboba,512,seed1,2,test_loss,14,0.5828247308731079
sgboba 512 abm2,aboba,512,seed1,2,test_loss,15,0.6173727944493294
sgboba 512 abm2,aboba,512,seed1,2,test_loss,16,0.6400960057973861
sgboba 512 abm2,aboba,512,seed1,2,test_loss,17,0.6023185610771179
sgboba 512 abm2,aboba,512,seed1,2,test_loss,18,0.5940687894821167
sgboba 512 abm2,aboba,512,seed1,2,test_loss,19,0.6258109301328659
sgboba 512 abm2,aboba,512,seed1,2,test_loss,20,0.6593933403491974
sgboba 512 abm2,aboba,512,seed1,2,test_loss,21,0.6578354001045227
sgboba 512 abm2,aboba,512,seed1,2,test_loss,22,0.5598880991339683
sgboba 512 abm2,aboba,512,seed1,2,test_loss,23,0.6109720498323441
sgboba 512 abm2,aboba,512,seed1,2,test_loss,24,0.6778893291950225
sgboba 512 abm2,aboba,512,seed1,2,test_loss,25,0.5852492257952691
sgboba 512 abm2,aboba,512,seed1,2,test_loss,26,0.6544875949621201
sgboba 512 abm2,aboba,512,seed1,2,test_loss,27,0.6179138734936714
sgboba 512 abm2,aboba,512,seed1,2,test_loss,28,0.6612959027290344
sgboba 512 abm2,aboba,512,seed1,2,test_loss,29,0.5666068762540817
sgboba 512 abm2,aboba,512,seed1,2,test_loss,30,0.6267124980688095
sgboba 512 abm2,aboba,512,seed1,2,test_loss,31,0.6062881946563721
sgboba 512 abm2,aboba,512,seed1,2,test_loss,32,0.6249559730291366
sgboba 512 abm2,aboba,512,seed1,2,test_loss,33,0.5297326073050499
sgboba 512 abm2,aboba,512,seed1,2,test_loss,34,0.6360871613025665
sgboba 512 abm2,aboba,512,seed1,2,test_loss,35,0.5031018882989884
sgboba 512 abm2,aboba,512,seed1,2,test_loss,36,0.5773407325148583
sgboba 512 abm2,aboba,512,seed1,2,test_loss,37,0.4956000313162804
sgboba 512 abm2,aboba,512,seed1,2,test_loss,38,0.5984005987644195
sgboba 512 abm2,aboba,512,seed1,2,test_loss,39,0.4692620873451233
sgboba 512 abm2,aboba,512,seed1,2,test_loss,40,0.5651644006371498
sgboba 512 abm2,aboba,512,seed1,2,test_loss,41,0.5311037108302117
sgboba 512 abm2,aboba,512,seed1,2,test_loss,42,0.5669060632586479
sgboba 512 abm2,aboba,512,seed1,2,test_loss,43,0.5155671522021293
sgboba 512 abm2,aboba,512,seed1,2,test_loss,44,0.7232673674821853
sgboba 512 abm2,aboba,512,seed1,2,test_loss,45,0.5361557856202126
sgboba 512 abm2,aboba,512,seed1,2,test_loss,46,0.488737852871418
sgboba 512 abm2,aboba,512,seed1,2,test_loss,47,0.48856110125780106
sgboba 512 abm2,aboba,512,seed1,2,test_loss,48,0.4840656161308289
sgboba 512 abm2,aboba,512,seed1,2,test_loss,49,0.563922943174839
sgboba 512 abm2,aboba,512,seed1,2,test_loss,50,0.4761565238237381
sgboba 512 abm2,aboba,512,seed1,2,test_loss,51,0.4729595273733139
sgboba 512 abm2,aboba,512,seed1,2,test_loss,52,0.5203417867422104
sgboba 512 abm2,aboba,512,seed1,2,test_loss,53,0.4745882824063301
sgboba 512 abm2,aboba,512,seed1,2,test_loss,54,0.4490466549992561
sgboba 512 abm2,aboba,512,seed1,2,test_loss,55,0.5078047811985016
sgboba 512 abm2,aboba,512,seed1,2,test_loss,56,0.45046829581260683
sgboba 512 abm2,aboba,512,seed1,2,test_loss,57,0.46351159662008284
sgboba 512 abm2,aboba,512,seed1,2,test_loss,58,0.48250179141759875
sgboba 512 abm2,aboba,512,seed1,2,test_loss,59,0.46566480249166486
sgboba 512 abm2,aboba,512,seed1,2,test_loss,60,0.47552042454481125
sgboba 512 abm2,aboba,512,seed1,2,test_loss,61,0.45514738112688063
sgboba 512 abm2,aboba,512,seed1,2,test_loss,62,0.480875226855278
sgboba 512 abm2,aboba,512,seed1,2,test_loss,63,0.45709573328495023
sgboba 512 abm2,aboba,512,seed1,2,test_loss,64,0.46609044522047044
sgboba 512 abm2,aboba,512,seed1,2,test_loss,65,0.48140260130167006
sgboba 512 abm2,aboba,512,seed1,2,test_loss,66,0.4352077215909958
sgboba 512 abm2,aboba,512,seed1,2,test_loss,67,0.5527771472930908
sgboba 512 abm2,aboba,512,seed1,2,test_loss,68,0.43655192106962204
sgboba 512 abm2,aboba,512,seed1,2,test_loss,69,0.446064592897892
sgboba 512 abm2,aboba,512,seed1,2,test_loss,70,0.4287995874881744
sgboba 512 abm2,aboba,512,seed1,2,test_loss,71,0.4063803493976593
sgboba 512 abm2,aboba,512,seed1,2,test_loss,72,0.4346557825803757
sgboba 512 abm2,aboba,512,seed1,2,test_loss,73,0.44649015069007875
sgboba 512 abm2,aboba,512,seed1,2,test_loss,74,0.41105706691741944
sgboba 512 abm2,aboba,512,seed1,2,test_loss,75,0.43762738406658175
sgboba 512 abm2,aboba,512,seed1,2,test_loss,76,0.5023775741457939
sgboba 512 abm2,aboba,512,seed1,2,test_loss,77,0.4166801109910011
sgboba 512 abm2,aboba,512,seed1,2,test_loss,78,0.43971775025129317
sgboba 512 abm2,aboba,512,seed1,2,test_loss,79,0.4158730760216713
sgboba 512 abm2,aboba,512,seed1,2,test_loss,80,0.34525022506713865
sgboba 512 abm2,aboba,512,seed1,2,test_loss,81,0.4237928673624992
sgboba 512 abm2,aboba,512,seed1,2,test_loss,82,0.3877906873822212
sgboba 512 abm2,aboba,512,seed1,2,test_loss,83,0.349628746509552
sgboba 512 abm2,aboba,512,seed1,2,test_loss,84,0.41098385602235793
sgboba 512 abm2,aboba,512,seed1,2,test_loss,85,0.3527240514755249
sgboba 512 abm2,aboba,512,seed1,2,test_loss,86,0.3725410416722298
sgboba 512 abm2,aboba,512,seed1,2,test_loss,87,0.47356250137090683
sgboba 512 abm2,aboba,512,seed1,2,test_loss,88,0.41083173304796217
sgboba 512 abm2,aboba,512,seed1,2,test_loss,89,0.3913537323474884
sgboba 512 abm2,aboba,512,seed1,2,test_loss,90,0.3619454488158226
sgboba 512 abm2,aboba,512,seed1,2,test_loss,91,0.3870775908231735
sgboba 512 abm2,aboba,512,seed1,2,test_loss,92,0.48064869493246076
sgboba 512 abm2,aboba,512,seed1,2,test_loss,93,0.3404740706086159
sgboba 512 abm2,aboba,512,seed1,2,test_loss,94,0.3908528983592987
sgboba 512 abm2,aboba,512,seed1,2,test_loss,95,0.3594208985567093
sgboba 512 abm2,aboba,512,seed1,2,test_loss,96,0.3891070783138275
sgboba 512 abm2,aboba,512,seed1,2,test_loss,97,0.3491297587752342
sgboba 512 abm2,aboba,512,seed1,2,test_loss,98,0.35673400312662124
sgboba 512 abm2,aboba,512,seed1,2,test_loss,99,0.3786121353507042
sgboba 512 abm2,aboba,512,seed1,2,test_loss,100,0.42958325445652007
sgboba 512 abm2,aboba,512,seed1,2,test_loss,101,0.36111063659191134
sgboba 512 abm2,aboba,512,seed1,2,test_loss,102,0.42214367389678953
sgboba 512 abm2,aboba,512,seed1,2,test_loss,103,0.36597372144460677
sgboba 512 abm2,aboba,512,seed1,2,test_loss,104,0.36187361627817155
sgboba 512 abm2,aboba,512,seed1,2,test_loss,105,0.3531086042523384
sgboba 512 abm2,aboba,512,seed1,2,test_loss,106,0.355068227648735
sgboba 512 abm2,aboba,512,seed1,2,test_loss,107,0.35126176476478577
sgboba 512 abm2,aboba,512,seed1,2,test_loss,108,0.32045168057084084
sgboba 512 abm2,aboba,512,seed1,2,test_loss,109,0.3461034379899502
sgboba 512 abm2,aboba,512,seed1,2,test_loss,110,0.3502770811319351
sgboba 512 abm2,aboba,512,seed1,2,test_loss,111,0.3489917516708374
sgboba 512 abm2,aboba,512,seed1,2,test_loss,112,0.3217885471880436
sgboba 512 abm2,aboba,512,seed1,2,test_loss,113,0.35567455142736437
sgboba 512 abm2,aboba,512,seed1,2,test_loss,114,0.3369706690311432
sgboba 512 abm2,aboba,512,seed1,2,test_loss,115,0.3358998402953148
sgboba 512 abm2,aboba,512,seed1,2,test_loss,116,0.3221223197877407
sgboba 512 abm2,aboba,512,seed1,2,test_loss,117,0.3082091212272644
sgboba 512 abm2,aboba,512,seed1,2,test_loss,118,0.3266878560185432
sgboba 512 abm2,aboba,512,seed1,2,test_loss,119,0.3065408691763878
sgboba 512 abm2,aboba,512,seed1,2,test_loss,120,0.32589964270591737
sgboba 512 abm2,aboba,512,seed1,2,test_loss,121,0.2915913090109825
sgboba 512 abm2,aboba,512,seed1,2,test_loss,122,0.3152149185538292
sgboba 512 abm2,aboba,512,seed1,2,test_loss,123,0.3462055116891861
sgboba 512 abm2,aboba,512,seed1,2,test_loss,124,0.3083635151386261
sgboba 512 abm2,aboba,512,seed1,2,test_loss,125,0.31491833105683326
sgboba 512 abm2,aboba,512,seed1,2,test_loss,126,0.3146308459341526
sgboba 512 abm2,aboba,512,seed1,2,test_loss,127,0.30607142448425295
sgboba 512 abm2,aboba,512,seed1,2,test_loss,128,0.3528476685285568
sgboba 512 abm2,aboba,512,seed1,2,test_loss,129,0.3367283299565315
sgboba 512 abm2,aboba,512,seed1,2,test_loss,130,0.32075036466121676
sgboba 512 abm2,aboba,512,seed1,2,test_loss,131,0.30012831911444665
sgboba 512 abm2,aboba,512,seed1,2,test_loss,132,0.3504523769021034
sgboba 512 abm2,aboba,512,seed1,2,test_loss,133,0.2901393823325634
sgboba 512 abm2,aboba,512,seed1,2,test_loss,134,0.3348029315471649
sgboba 512 abm2,aboba,512,seed1,2,test_loss,135,0.3065007537603378
sgboba 512 abm2,aboba,512,seed1,2,test_loss,136,0.29853686317801476
sgboba 512 abm2,aboba,512,seed1,2,test_loss,137,0.3068504348397255
sgboba 512 abm2,aboba,512,seed1,2,test_loss,138,0.3273604340851307
sgboba 512 abm2,aboba,512,seed1,2,test_loss,139,0.3105179317295551
sgboba 512 abm2,aboba,512,seed1,2,test_loss,140,0.31004721224308013
sgboba 512 abm2,aboba,512,seed1,2,test_loss,141,0.29801674708724024
sgboba 512 abm2,aboba,512,seed1,2,test_loss,142,0.2903673589229584
sgboba 512 abm2,aboba,512,seed1,2,test_loss,143,0.3166075050830841
sgboba 512 abm2,aboba,512,seed1,2,test_loss,144,0.29969980791211126
sgboba 512 abm2,aboba,512,seed1,2,test_loss,145,0.30906431972980497
sgboba 512 abm2,aboba,512,seed1,2,test_loss,146,0.2975363790988922
sgboba 512 abm2,aboba,512,seed1,2,test_loss,147,0.29229976162314414
sgboba 512 abm2,aboba,512,seed1,2,test_loss,148,0.2998466804623604
sgboba 512 abm2,aboba,512,seed1,2,test_loss,149,0.29698932617902757
sgboba 512 abm2,aboba,512,seed1,2,test_loss,150,0.3022409319877625
sgboba 512 abm2,aboba,512,seed1,2,test_loss,151,0.2865998730063438
sgboba 512 abm2,aboba,512,seed1,2,test_loss,152,0.2828090853989124
sgboba 512 abm2,aboba,512,seed1,2,test_loss,153,0.28627793192863465
sgboba 512 abm2,aboba,512,seed1,2,test_loss,154,0.2817050412297249
sgboba 512 abm2,aboba,512,seed1,2,test_loss,155,0.2906005658209324
sgboba 512 abm2,aboba,512,seed1,2,test_loss,156,0.2865626484155655
sgboba 512 abm2,aboba,512,seed1,2,test_loss,157,0.2875524193048477
sgboba 512 abm2,aboba,512,seed1,2,test_loss,158,0.2769493766129017
sgboba 512 abm2,aboba,512,seed1,2,test_loss,159,0.2841609835624695
sgboba 512 abm2,aboba,512,seed1,2,test_loss,160,0.2771524041891098
sgboba 512 abm2,aboba,512,seed1,2,test_loss,161,0.2808747634291649
sgboba 512 abm2,aboba,512,seed1,2,test_loss,162,0.27807433232665063
sgboba 512 abm2,aboba,512,seed1,2,test_loss,163,0.2772320307791233
sgboba 512 abm2,aboba,512,seed1,2,test_loss,164,0.27860205695033075
sgboba 512 abm2,aboba,512,seed1,2,test_loss,165,0.27680498734116554
sgboba 512 abm2,aboba,512,seed1,2,test_loss,166,0.275767133384943
sgboba 512 abm2,aboba,512,seed1,2,test_loss,167,0.2757399745285511
sgboba 512 abm2,aboba,512,seed1,2,test_loss,168,0.2742148868739605
sgboba 512 abm2,aboba,512,seed1,2,test_loss,169,0.27375416085124016
sgboba 512 abm2,aboba,512,seed1,2,test_loss,170,0.2754873365163803
sgboba 512 abm2,aboba,512,seed1,2,test_loss,171,0.27061923816800115
sgboba 512 abm2,aboba,512,seed1,2,test_loss,172,0.26937985271215437
sgboba 512 abm2,aboba,512,seed1,2,test_loss,173,0.26845055669546125
sgboba 512 abm2,aboba,512,seed1,2,test_loss,174,0.2675592951476574
sgboba 512 abm2,aboba,512,seed1,2,test_loss,175,0.26589209735393526
sgboba 512 abm2,aboba,512,seed1,2,test_loss,176,0.26555212438106535
sgboba 512 abm2,aboba,512,seed1,2,test_loss,177,0.26407417505979536
sgboba 512 abm2,aboba,512,seed1,2,test_loss,178,0.2651711218059063
sgboba 512 abm2,aboba,512,seed1,2,test_loss,179,0.2655628152191639
sgboba 512 abm2,aboba,512,seed1,2,test_loss,180,0.26506460532546045
sgboba 512 abm2,aboba,512,seed1,2,test_loss,181,0.2650360703468323
sgboba 512 abm2,aboba,512,seed1,2,test_loss,182,0.2647155411541462
sgboba 512 abm2,aboba,512,seed1,2,test_loss,183,0.2654590971767902
sgboba 512 abm2,aboba,512,seed1,2,test_loss,184,0.2649409003555775
sgboba 512 abm2,aboba,512,seed1,2,test_loss,185,0.2652553342282772
sgboba 512 abm2,aboba,512,seed1,2,test_loss,186,0.2649168811738491
sgboba 512 abm2,aboba,512,seed1,2,test_loss,187,0.26513371616601944
sgboba 512 abm2,aboba,512,seed1,2,test_loss,188,0.26498889476060866
sgboba 512 abm2,aboba,512,seed1,2,test_loss,189,0.2647638373076916
sgboba 512 abm2,aboba,512,seed1,2,test_loss,190,0.2652832120656967
sgboba 512 abm2,aboba,512,seed1,2,test_loss,191,0.26466306000947953
sgboba 512 abm2,aboba,512,seed1,2,test_loss,192,0.2652648285031319
sgboba 512 abm2,aboba,512,seed1,2,test_loss,193,0.26497133523225785
sgboba 512 abm2,aboba,512,seed1,2,test_loss,194,0.2651431433856487
sgboba 512 abm2,aboba,512,seed1,2,test_loss,195,0.26491122543811796
sgboba 512 abm2,aboba,512,seed1,2,test_loss,196,0.26490615755319596
sgboba 512 abm2,aboba,512,seed1,2,test_loss,197,0.26497755795717237
sgboba 512 abm2,aboba,512,seed1,2,test_loss,198,0.2648933470249176
sgboba 512 abm2,aboba,512,seed1,2,test_loss,199,0.2650168500840664
sgboba 128 abm2,aboba,128,seed1,2,train_loss,0,1.665540692143547
sgboba 128 abm2,aboba,128,seed1,2,train_loss,1,1.1275464593412015
sgboba 128 abm2,aboba,128,seed1,2,train_loss,2,1.613619138806066
sgboba 128 abm2,aboba,128,seed1,2,train_loss,3,1.2261967967312783
sgboba 128 abm2,aboba,128,seed1,2,train_loss,4,0.8969546933209944
sgboba 128 abm2,aboba,128,seed1,2,train_loss,5,0.8177061545205163
sgboba 128 abm2,aboba,128,seed1,2,train_loss,6,0.7215274096904065
sgboba 128 abm2,aboba,128,seed1,2,train_loss,7,0.6874722442183856
sgboba 128 abm2,aboba,128,seed1,2,train_loss,8,0.6579090806180146
sgboba 128 abm2,aboba,128,seed1,2,train_loss,9,0.635387615566877
sgboba 128 abm2,aboba,128,seed1,2,train_loss,10,0.6120237860642667
sgboba 128 abm2,aboba,128,seed1,2,train_loss,11,0.5973542176932227
sgboba 128 abm2,aboba,128,seed1,2,train_loss,12,0.5815121642122222
sgboba 128 abm2,aboba,128,seed1,2,train_loss,13,0.6255384906824648
sgboba 128 abm2,aboba,128,seed1,2,train_loss,14,0.5542416855520746
sgboba 128 abm2,aboba,128,seed1,2,train_loss,15,0.6052360616637209
sgboba 128 abm2,aboba,128,seed1,2,train_loss,16,0.5450311587963874
sgboba 128 abm2,aboba,128,seed1,2,train_loss,17,0.5893902326116024
sgboba 128 abm2,aboba,128,seed1,2,train_loss,18,0.5282365937768927
sgboba 128 abm2,aboba,128,seed1,2,train_loss,19,0.57595989168134
sgboba 128 abm2,aboba,128,seed1,2,train_loss,20,0.5179488339811325
sgboba 128 abm2,aboba,128,seed1,2,train_loss,21,0.5665229270612626
sgboba 128 abm2,aboba,128,seed1,2,train_loss,22,0.5082022956300932
sgboba 128 abm2,aboba,128,seed1,2,train_loss,23,0.5579849350297384
sgboba 128 abm2,aboba,128,seed1,2,train_loss,24,0.494673278703619
sgboba 128 abm2,aboba,128,seed1,2,train_loss,25,0.5479056772573645
sgboba 128 abm2,aboba,128,seed1,2,train_loss,26,0.48760110772079385
sgboba 128 abm2,aboba,128,seed1,2,train_loss,27,0.5437872454928787
sgboba 128 abm2,aboba,128,seed1,2,train_loss,28,0.4844211764789881
sgboba 128 abm2,aboba,128,seed1,2,train_loss,29,0.5339458769446777
sgboba 128 abm2,aboba,128,seed1,2,train_loss,30,0.4725415609243346
sgboba 128 abm2,aboba,128,seed1,2,train_loss,31,0.5271951260146881
sgboba 128 abm2,aboba,128,seed1,2,train_loss,32,0.4724717558326384
sgboba 128 abm2,aboba,128,seed1,2,train_loss,33,0.5191719384929707
sgboba 128 abm2,aboba,128,seed1,2,train_loss,34,0.46481533864952135
sgboba 128 abm2,aboba,128,seed1,2,train_loss,35,0.5144963773782539
sgboba 128 abm2,aboba,128,seed1,2,train_loss,36,0.4608565563680779
sgboba 128 abm2,aboba,128,seed1,2,train_loss,37,0.5074581113814952
sgboba 128 abm2,aboba,128,seed1,2,train_loss,38,0.45797198103626474
sgboba 128 abm2,aboba,128,seed1,2,train_loss,39,0.4994831459388477
sgboba 128 abm2,aboba,128,seed1,2,train_loss,40,0.44442508097128935
sgboba 128 abm2,aboba,128,seed1,2,train_loss,41,0.500993246304934
sgboba 128 abm2,aboba,128,seed1,2,train_loss,42,0.4458055123051946
sgboba 128 abm2,aboba,128,seed1,2,train_loss,43,0.4946775291548643
sgboba 128 abm2,aboba,128,seed1,2,train_loss,44,0.4355287731780265
sgboba 128 abm2,aboba,128,seed1,2,train_loss,45,0.4359992026608875
sgboba 128 abm2,aboba,128,seed1,2,train_loss,46,0.4298913334430309
sgboba 128 abm2,aboba,128,seed1,2,train_loss,47,0.43352796437981495
sgboba 128 abm2,aboba,128,seed1,2,train_loss,48,0.4307392529224733
sgboba 128 abm2,aboba,128,seed1,2,train_loss,49,0.4237828887015823
sgboba 128 abm2,aboba,128,seed1,2,train_loss,50,0.422503881215895
sgboba 128 abm2,aboba,128,seed1,2,train_loss,51,0.4212733814136893
sgboba 128 abm2,aboba,128,seed1,2,train_loss,52,0.42200609774686204
sgboba 128 abm2,aboba,128,seed1,2,train_loss,53,0.4117982965960421
sgboba 128 abm2,aboba,128,seed1,2,train_loss,54,0.4153352692930434
sgboba 128 abm2,aboba,128,seed1,2,train_loss,55,0.4099629177224626
sgboba 128 abm2,aboba,128,seed1,2,train_loss,56,0.4069407651155498
sgboba 128 abm2,aboba,128,seed1,2,train_loss,57,0.4042888220607756
sgboba 128 abm2,aboba,128,seed1,2,train_loss,58,0.40329025028103793
sgboba 128 abm2,aboba,128,seed1,2,train_loss,59,0.40110197092892486
sgboba 128 abm2,aboba,128,seed1,2,train_loss,60,0.39668696047528346
sgboba 128 abm2,aboba,128,seed1,2,train_loss,61,0.39338127811854795
sgboba 128 abm2,aboba,128,seed1,2,train_loss,62,0.3930930781142441
sgboba 128 abm2,aboba,128,seed1,2,train_loss,63,0.3880986158021463
sgboba 128 abm2,aboba,128,seed1,2,train_loss,64,0.39029023861092027
sgboba 128 abm2,aboba,128,seed1,2,train_loss,65,0.35969718884206375
sgboba 128 abm2,aboba,128,seed1,2,train_loss,66,0.38543026688422144
sgboba 128 abm2,aboba,128,seed1,2,train_loss,67,0.3560420895732939
sgboba 128 abm2,aboba,128,seed1,2,train_loss,68,0.34651878502978944
sgboba 128 abm2,aboba,128,seed1,2,train_loss,69,0.3470178420072887
sgboba 128 abm2,aboba,128,seed1,2,train_loss,70,0.3410436867871787
sgboba 128 abm2,aboba,128,seed1,2,train_loss,71,0.34087945748725906
sgboba 128 abm2,aboba,128,seed1,2,train_loss,72,0.3406339098366909
sgboba 128 abm2,aboba,128,seed1,2,train_loss,73,0.33428287222560027
sgboba 128 abm2,aboba,128,seed1,2,train_loss,74,0.3297242371879751
sgboba 128 abm2,aboba,128,seed1,2,train_loss,75,0.32668272315594366
sgboba 128 abm2,aboba,128,seed1,2,train_loss,76,0.3261869566863403
sgboba 128 abm2,aboba,128,seed1,2,train_loss,77,0.31755063124611044
sgboba 128 abm2,aboba,128,seed1,2,train_loss,78,0.3206494985721889
sgboba 128 abm2,aboba,128,seed1,2,train_loss,79,0.31311671119567475
sgboba 128 abm2,aboba,128,seed1,2,train_loss,80,0.29222073407568544
sgboba 128 abm2,aboba,128,seed1,2,train_loss,81,0.3114302627365105
sgboba 128 abm2,aboba,128,seed1,2,train_loss,82,0.28633842885134664
sgboba 128 abm2,aboba,128,seed1,2,train_loss,83,0.2797685211889436
sgboba 128 abm2,aboba,128,seed1,2,train_loss,84,0.27602254149043376
sgboba 128 abm2,aboba,128,seed1,2,train_loss,85,0.27600709362028136
sgboba 128 abm2,aboba,128,seed1,2,train_loss,86,0.27376752452160497
sgboba 128 abm2,aboba,128,seed1,2,train_loss,87,0.2679096428914462
sgboba 128 abm2,aboba,128,seed1,2,train_loss,88,0.2603512184374582
sgboba 128 abm2,aboba,128,seed1,2,train_loss,89,0.26464298769216993
sgboba 128 abm2,aboba,128,seed1,2,train_loss,90,0.2603375355039411
sgboba 128 abm2,aboba,128,seed1,2,train_loss,91,0.24071794583016162
sgboba 128 abm2,aboba,128,seed1,2,train_loss,92,0.2520095720891258
sgboba 128 abm2,aboba,128,seed1,2,train_loss,93,0.23591141681192676
sgboba 128 abm2,aboba,128,seed1,2,train_loss,94,0.22427635334691148
sgboba 128 abm2,aboba,128,seed1,2,train_loss,95,0.2237633028767159
sgboba 128 abm2,aboba,128,seed1,2,train_loss,96,0.22376127142258337
sgboba 128 abm2,aboba,128,seed1,2,train_loss,97,0.2175998417037772
sgboba 128 abm2,aboba,128,seed1,2,train_loss,98,0.21342418859606552
sgboba 128 abm2,aboba,128,seed1,2,train_loss,99,0.20328860719123706
sgboba 128 abm2,aboba,128,seed1,2,train_loss,100,0.20798273202693962
sgboba 128 abm2,aboba,128,seed1,2,train_loss,101,0.19534893838900175
sgboba 128 abm2,aboba,128,seed1,2,train_loss,102,0.18603814851052533
sgboba 128 abm2,aboba,128,seed1,2,train_loss,103,0.18581181309922548
sgboba 128 abm2,aboba,128,seed1,2,train_loss,104,0.17995314903119494
sgboba 128 abm2,aboba,128,seed1,2,train_loss,105,0.17899424427073543
sgboba 128 abm2,aboba,128,seed1,2,train_loss,106,0.16609955900094447
sgboba 128 abm2,aboba,128,seed1,2,train_loss,107,0.1680438241582653
sgboba 128 abm2,aboba,128,seed1,2,train_loss,108,0.16071510369293007
sgboba 128 abm2,aboba,128,seed1,2,train_loss,109,0.1603310510762305
sgboba 128 abm2,aboba,128,seed1,2,train_loss,110,0.14939205423029958
sgboba 128 abm2,aboba,128,seed1,2,train_loss,111,0.14448618330211627
sgboba 128 abm2,aboba,128,seed1,2,train_loss,112,0.1370606799745638
sgboba 128 abm2,aboba,128,seed1,2,train_loss,113,0.1298375186721453
sgboba 128 abm2,aboba,128,seed1,2,train_loss,114,0.12990928349494535
sgboba 128 abm2,aboba,128,seed1,2,train_loss,115,0.127549487052246
sgboba 128 abm2,aboba,128,seed1,2,train_loss,116,0.11569036299644832
sgboba 128 abm2,aboba,128,seed1,2,train_loss,117,0.1069467869556132
sgboba 128 abm2,aboba,128,seed1,2,train_loss,118,0.11201466815013994
sgboba 128 abm2,aboba,128,seed1,2,train_loss,119,0.10345878636589245
sgboba 128 abm2,aboba,128,seed1,2,train_loss,120,0.09355852078288769
sgboba 128 abm2,aboba,128,seed1,2,train_loss,121,0.0970892367712634
sgboba 128 abm2,aboba,128,seed1,2,train_loss,122,0.09426645627646603
sgboba 128 abm2,aboba,128,seed1,2,train_loss,123,0.08896537664351331
sgboba 128 abm2,aboba,128,seed1,2,train_loss,124,0.07905647143449168
sgboba 128 abm2,aboba,128,seed1,2,train_loss,125,0.07354993637205917
sgboba 128 abm2,aboba,128,seed1,2,train_loss,126,0.07212641940946923
sgboba 128 abm2,aboba,128,seed1,2,train_loss,127,0.06870206076136975
sgboba 128 abm2,aboba,128,seed1,2,train_loss,128,0.06354788817532075
sgboba 128 abm2,aboba,128,seed1,2,train_loss,129,0.06254851762267728
sgboba 128 abm2,aboba,128,seed1,2,train_loss,130,0.05705753714842312
sgboba 128 abm2,aboba,128,seed1,2,train_loss,131,0.04860046393100924
sgboba 128 abm2,aboba,128,seed1,2,train_loss,132,0.04840918285183186
sgboba 128 abm2,aboba,128,seed1,2,train_loss,133,0.046940578697696564
sgboba 128 abm2,aboba,128,seed1,2,train_loss,134,0.04504989486444446
sgboba 128 abm2,aboba,128,seed1,2,train_loss,135,0.036956898167787584
sgboba 128 abm2,aboba,128,seed1,2,train_loss,136,0.034534466267643435
sgboba 128 abm2,aboba,128,seed1,2,train_loss,137,0.029940210421840675
sgboba 128 abm2,aboba,128,seed1,2,train_loss,138,0.025962646009897332
sgboba 128 abm2,aboba,128,seed1,2,train_loss,139,0.025220877211583354
sgboba 128 abm2,aboba,128,seed1,2,train_loss,140,0.025017550283242134
sgboba 128 abm2,aboba,128,seed1,2,train_loss,141,0.020769956106726006
sgboba 128 abm2,aboba,128,seed1,2,train_loss,142,0.017056563036529897
sgboba 128 abm2,aboba,128,seed1,2,train_loss,143,0.014929785519963802
sgboba 128 abm2,aboba,128,seed1,2,train_loss,144,0.013698728694292776
sgboba 128 abm2,aboba,128,seed1,2,train_loss,145,0.014020140939492194
sgboba 128 abm2,aboba,128,seed1,2,train_loss,146,0.010445600280804913
sgboba 128 abm2,aboba,128,seed1,2,train_loss,147,0.008022911641408887
sgboba 128 abm2,aboba,128,seed1,2,train_loss,148,0.006581862154224197
sgboba 128 abm2,aboba,128,seed1,2,train_loss,149,0.0049151909966889794
sgboba 128 abm2,aboba,128,seed1,2,train_loss,150,0.00635091744015881
sgboba 128 abm2,aboba,128,seed1,2,train_loss,151,0.004732263698371313
sgboba 128 abm2,aboba,128,seed1,2,train_loss,152,0.005266938757567472
sgboba 128 abm2,aboba,128,seed1,2,train_loss,153,0.0032703884036192903
sgboba 128 abm2,aboba,128,seed1,2,train_loss,154,0.0026840112381998284
sgboba 128 abm2,aboba,128,seed1,2,train_loss,155,0.0017995486435836937
sgboba 128 abm2,aboba,128,seed1,2,train_loss,156,0.0019584970134040535
sgboba 128 abm2,aboba,128,seed1,2,train_loss,157,0.0022325247414786784
sgboba 128 abm2,aboba,128,seed1,2,train_loss,158,0.0015316676284804454
sgboba 128 abm2,aboba,128,seed1,2,train_loss,159,0.0012077670231295146
sgboba 128 abm2,aboba,128,seed1,2,train_loss,160,0.0011771303784395303
sgboba 128 abm2,aboba,128,seed1,2,train_loss,161,0.0010868141080122716
sgboba 128 abm2,aboba,128,seed1,2,train_loss,162,0.0009503038426737476
sgboba 128 abm2,aboba,128,seed1,2,train_loss,163,0.000813393504983628
sgboba 128 abm2,aboba,128,seed1,2,train_loss,164,0.0007506207902007168
sgboba 128 abm2,aboba,128,seed1,2,train_loss,165,0.0009393722399363469
sgboba 128 abm2,aboba,128,seed1,2,train_loss,166,0.000701432363453647
sgboba 128 abm2,aboba,128,seed1,2,train_loss,167,0.0005789989508068977
sgboba 128 abm2,aboba,128,seed1,2,train_loss,168,0.0008737133876200413
sgboba 128 abm2,aboba,128,seed1,2,train_loss,169,0.0008437054986087313
sgboba 128 abm2,aboba,128,seed1,2,train_loss,170,0.0006165317226486689
sgboba 128 abm2,aboba,128,seed1,2,train_loss,171,0.00059915102343111
sgboba 128 abm2,aboba,128,seed1,2,train_loss,172,0.0005696910933182104
sgboba 128 abm2,aboba,128,seed1,2,train_loss,173,0.0005122593647736771
sgboba 128 abm2,aboba,128,seed1,2,train_loss,174,0.00047899283823143746
sgboba 128 abm2,aboba,128,seed1,2,train_loss,175,0.0005416661570682727
sgboba 128 abm2,aboba,128,seed1,2,train_loss,176,0.00042082062910253626
sgboba 128 abm2,aboba,128,seed1,2,train_loss,177,0.00046335139209089906
sgboba 128 abm2,aboba,128,seed1,2,train_loss,178,0.0004972168677504833
sgboba 128 abm2,aboba,128,seed1,2,train_loss,179,0.000523474340953472
sgboba 128 abm2,aboba,128,seed1,2,train_loss,180,0.0004669357994430055
sgboba 128 abm2,aboba,128,seed1,2,train_loss,181,0.0004217994273494696
sgboba 128 abm2,aboba,128,seed1,2,train_loss,182,0.0004066893723590508
sgboba 128 abm2,aboba,128,seed1,2,train_loss,183,0.00044882093080496116
sgboba 128 abm2,aboba,128,seed1,2,train_loss,184,0.00039311707210856837
sgboba 128 abm2,aboba,128,seed1,2,train_loss,185,0.00038955623465610064
sgboba 128 abm2,aboba,128,seed1,2,train_loss,186,0.0004933193260486701
sgboba 128 abm2,aboba,128,seed1,2,train_loss,187,0.0004031672872363917
sgboba 128 abm2,aboba,128,seed1,2,train_loss,188,0.0005071433944835608
sgboba 128 abm2,aboba,128,seed1,2,train_loss,189,0.0004534998811736428
sgboba 128 abm2,aboba,128,seed1,2,train_loss,190,0.0004648894091382714
sgboba 128 abm2,aboba,128,seed1,2,train_loss,191,0.0004466375614539934
sgboba 128 abm2,aboba,128,seed1,2,train_loss,192,0.0004285493099718894
sgboba 128 abm2,aboba,128,seed1,2,train_loss,193,0.00038860125347301143
sgboba 128 abm2,aboba,128,seed1,2,train_loss,194,0.0004406399030961248
sgboba 128 abm2,aboba,128,seed1,2,train_loss,195,0.0004069917133620038
sgboba 128 abm2,aboba,128,seed1,2,train_loss,196,0.0003751409473446778
sgboba 128 abm2,aboba,128,seed1,2,train_loss,197,0.0004819881030146332
sgboba 128 abm2,aboba,128,seed1,2,train_loss,198,0.0004129358798416112
sgboba 128 abm2,aboba,128,seed1,2,train_loss,199,0.00039946559991221875
sgboba 256 abm2,aboba,256,seed1,2,train_loss,0,1.7122692082338273
sgboba 256 abm2,aboba,256,seed1,2,train_loss,1,1.1958101255119227
sgboba 256 abm2,aboba,256,seed1,2,train_loss,2,1.807336802386751
sgboba 256 abm2,aboba,256,seed1,2,train_loss,3,1.3370623646609485
sgboba 256 abm2,aboba,256,seed1,2,train_loss,4,0.958328480061346
sgboba 256 abm2,aboba,256,seed1,2,train_loss,5,0.8498200711227245
sgboba 256 abm2,aboba,256,seed1,2,train_loss,6,0.7504803276248211
sgboba 256 abm2,aboba,256,seed1,2,train_loss,7,0.7113746485536306
sgboba 256 abm2,aboba,256,seed1,2,train_loss,8,0.6745571976154
sgboba 256 abm2,aboba,256,seed1,2,train_loss,9,0.6510126799723804
sgboba 256 abm2,aboba,256,seed1,2,train_loss,10,0.625485661512128
sgboba 256 abm2,aboba,256,seed1,2,train_loss,11,0.6614953214965594
sgboba 256 abm2,aboba,256,seed1,2,train_loss,12,0.5925447307377115
sgboba 256 abm2,aboba,256,seed1,2,train_loss,13,0.6308783282885736
sgboba 256 abm2,aboba,256,seed1,2,train_loss,14,0.5639838134941811
sgboba 256 abm2,aboba,256,seed1,2,train_loss,15,0.6104178505643112
sgboba 256 abm2,aboba,256,seed1,2,train_loss,16,0.5957805604831518
sgboba 256 abm2,aboba,256,seed1,2,train_loss,17,0.5870450156095338
sgboba 256 abm2,aboba,256,seed1,2,train_loss,18,0.578470291929239
sgboba 256 abm2,aboba,256,seed1,2,train_loss,19,0.5774524529866076
sgboba 256 abm2,aboba,256,seed1,2,train_loss,20,0.5709052487103111
sgboba 256 abm2,aboba,256,seed1,2,train_loss,21,0.558884468146505
sgboba 256 abm2,aboba,256,seed1,2,train_loss,22,0.5594812144147148
sgboba 256 abm2,aboba,256,seed1,2,train_loss,23,0.5571990392434624
sgboba 256 abm2,aboba,256,seed1,2,train_loss,24,0.5506550169499167
sgboba 256 abm2,aboba,256,seed1,2,train_loss,25,0.545835565270398
sgboba 256 abm2,aboba,256,seed1,2,train_loss,26,0.5448477682801793
sgboba 256 abm2,aboba,256,seed1,2,train_loss,27,0.5420855438599599
sgboba 256 abm2,aboba,256,seed1,2,train_loss,28,0.5359202285363299
sgboba 256 abm2,aboba,256,seed1,2,train_loss,29,0.531513301903919
sgboba 256 abm2,aboba,256,seed1,2,train_loss,30,0.5271614890855174
sgboba 256 abm2,aboba,256,seed1,2,train_loss,31,0.5280497113457623
sgboba 256 abm2,aboba,256,seed1,2,train_loss,32,0.5200101155007063
sgboba 256 abm2,aboba,256,seed1,2,train_loss,33,0.5194420352213653
sgboba 256 abm2,aboba,256,seed1,2,train_loss,34,0.47807153712507106
sgboba 256 abm2,aboba,256,seed1,2,train_loss,35,0.5191742724939432
sgboba 256 abm2,aboba,256,seed1,2,train_loss,36,0.47407952531143577
sgboba 256 abm2,aboba,256,seed1,2,train_loss,37,0.5161245036402903
sgboba 256 abm2,aboba,256,seed1,2,train_loss,38,0.4690379639279872
sgboba 256 abm2,aboba,256,seed1,2,train_loss,39,0.5088266692836282
sgboba 256 abm2,aboba,256,seed1,2,train_loss,40,0.45879828926824695
sgboba 256 abm2,aboba,256,seed1,2,train_loss,41,0.5084140927945701
sgboba 256 abm2,aboba,256,seed1,2,train_loss,42,0.45087059752845804
sgboba 256 abm2,aboba,256,seed1,2,train_loss,43,0.5021514401759881
sgboba 256 abm2,aboba,256,seed1,2,train_loss,44,0.4445090135747285
sgboba 256 abm2,aboba,256,seed1,2,train_loss,45,0.4969128432750429
sgboba 256 abm2,aboba,256,seed1,2,train_loss,46,0.4401890913843038
sgboba 256 abm2,aboba,256,seed1,2,train_loss,47,0.43964863665170734
sgboba 256 abm2,aboba,256,seed1,2,train_loss,48,0.4380550957390811
sgboba 256 abm2,aboba,256,seed1,2,train_loss,49,0.4347355295184382
sgboba 256 abm2,aboba,256,seed1,2,train_loss,50,0.4308973620066681
sgboba 256 abm2,aboba,256,seed1,2,train_loss,51,0.42881586527284643
sgboba 256 abm2,aboba,256,seed1,2,train_loss,52,0.4250551665493616
sgboba 256 abm2,aboba,256,seed1,2,train_loss,53,0.4288039229943319
sgboba 256 abm2,aboba,256,seed1,2,train_loss,54,0.421051006428527
sgboba 256 abm2,aboba,256,seed1,2,train_loss,55,0.4194668178373612
sgboba 256 abm2,aboba,256,seed1,2,train_loss,56,0.41335253035627656
sgboba 256 abm2,aboba,256,seed1,2,train_loss,57,0.41657865050233805
sgboba 256 abm2,aboba,256,seed1,2,train_loss,58,0.41043151930820226
sgboba 256 abm2,aboba,256,seed1,2,train_loss,59,0.40911563881305174
sgboba 256 abm2,aboba,256,seed1,2,train_loss,60,0.40348356921538076
sgboba 256 abm2,aboba,256,seed1,2,train_loss,61,0.4000721628548723
sgboba 256 abm2,aboba,256,seed1,2,train_loss,62,0.3999065882782028
sgboba 256 abm2,aboba,256,seed1,2,train_loss,63,0.3964813503621819
sgboba 256 abm2,aboba,256,seed1,2,train_loss,64,0.3895157743828153
sgboba 256 abm2,aboba,256,seed1,2,train_loss,65,0.36327567787277515
sgboba 256 abm2,aboba,256,seed1,2,train_loss,66,0.392925194664877
sgboba 256 abm2,aboba,256,seed1,2,train_loss,67,0.3592737160719
sgboba 256 abm2,aboba,256,seed1,2,train_loss,68,0.39094949249559324
sgboba 256 abm2,aboba,256,seed1,2,train_loss,69,0.3500216299080988
sgboba 256 abm2,aboba,256,seed1,2,train_loss,70,0.3440212609161623
sgboba 256 abm2,aboba,256,seed1,2,train_loss,71,0.3466441485406831
sgboba 256 abm2,aboba,256,seed1,2,train_loss,72,0.3451873286809539
sgboba 256 abm2,aboba,256,seed1,2,train_loss,73,0.34313822828724516
sgboba 256 abm2,aboba,256,seed1,2,train_loss,74,0.32979121594829486
sgboba 256 abm2,aboba,256,seed1,2,train_loss,75,0.336628833712358
sgboba 256 abm2,aboba,256,seed1,2,train_loss,76,0.3284723501498345
sgboba 256 abm2,aboba,256,seed1,2,train_loss,77,0.325540546347294
sgboba 256 abm2,aboba,256,seed1,2,train_loss,78,0.3249134895828785
sgboba 256 abm2,aboba,256,seed1,2,train_loss,79,0.3190393961788854
sgboba 256 abm2,aboba,256,seed1,2,train_loss,80,0.31923847257758026
sgboba 256 abm2,aboba,256,seed1,2,train_loss,81,0.2922993432044951
sgboba 256 abm2,aboba,256,seed1,2,train_loss,82,0.3130208230082179
sgboba 256 abm2,aboba,256,seed1,2,train_loss,83,0.28541773178181495
sgboba 256 abm2,aboba,256,seed1,2,train_loss,84,0.2783919151934586
sgboba 256 abm2,aboba,256,seed1,2,train_loss,85,0.2754467690279332
sgboba 256 abm2,aboba,256,seed1,2,train_loss,86,0.2760612882229088
sgboba 256 abm2,aboba,256,seed1,2,train_loss,87,0.2736682716133357
sgboba 256 abm2,aboba,256,seed1,2,train_loss,88,0.26678324678841925
sgboba 256 abm2,aboba,256,seed1,2,train_loss,89,0.2698412110026008
sgboba 256 abm2,aboba,256,seed1,2,train_loss,90,0.26057766238224866
sgboba 256 abm2,aboba,256,seed1,2,train_loss,91,0.25752660278758366
sgboba 256 abm2,aboba,256,seed1,2,train_loss,92,0.24059270996590204
sgboba 256 abm2,aboba,256,seed1,2,train_loss,93,0.25436092263828874
sgboba 256 abm2,aboba,256,seed1,2,train_loss,94,0.23235305185135804
sgboba 256 abm2,aboba,256,seed1,2,train_loss,95,0.22875977782974952
sgboba 256 abm2,aboba,256,seed1,2,train_loss,96,0.22806842602233518
sgboba 256 abm2,aboba,256,seed1,2,train_loss,97,0.22092860695358832
sgboba 256 abm2,aboba,256,seed1,2,train_loss,98,0.21483725070109358
sgboba 256 abm2,aboba,256,seed1,2,train_loss,99,0.21896728371399513
sgboba 256 abm2,aboba,256,seed1,2,train_loss,100,0.19314318416082482
sgboba 256 abm2,aboba,256,seed1,2,train_loss,101,0.21375935529053094
sgboba 256 abm2,aboba,256,seed1,2,train_loss,102,0.19289871695082533
sgboba 256 abm2,aboba,256,seed1,2,train_loss,103,0.186739754584772
sgboba 256 abm2,aboba,256,seed1,2,train_loss,104,0.18468324115873305
sgboba 256 abm2,aboba,256,seed1,2,train_loss,105,0.18230579313430517
sgboba 256 abm2,aboba,256,seed1,2,train_loss,106,0.17706626192076189
sgboba 256 abm2,aboba,256,seed1,2,train_loss,107,0.16298079998075946
sgboba 256 abm2,aboba,256,seed1,2,train_loss,108,0.1609954497787893
sgboba 256 abm2,aboba,256,seed1,2,train_loss,109,0.15578048325239038
sgboba 256 abm2,aboba,256,seed1,2,train_loss,110,0.1515727404102049
sgboba 256 abm2,aboba,256,seed1,2,train_loss,111,0.14238477830574314
sgboba 256 abm2,aboba,256,seed1,2,train_loss,112,0.13832217066064748
sgboba 256 abm2,aboba,256,seed1,2,train_loss,113,0.12905118560875065
sgboba 256 abm2,aboba,256,seed1,2,train_loss,114,0.13425382945108438
sgboba 256 abm2,aboba,256,seed1,2,train_loss,115,0.13009010337308136
sgboba 256 abm2,aboba,256,seed1,2,train_loss,116,0.12191253020050982
sgboba 256 abm2,aboba,256,seed1,2,train_loss,117,0.11782667168061703
sgboba 256 abm2,aboba,256,seed1,2,train_loss,118,0.11150699878046041
sgboba 256 abm2,aboba,256,seed1,2,train_loss,119,0.10390164780094921
sgboba 256 abm2,aboba,256,seed1,2,train_loss,120,0.103067869778044
sgboba 256 abm2,aboba,256,seed1,2,train_loss,121,0.09711874290086928
sgboba 256 abm2,aboba,256,seed1,2,train_loss,122,0.09360316829663744
sgboba 256 abm2,aboba,256,seed1,2,train_loss,123,0.08727473739520818
sgboba 256 abm2,aboba,256,seed1,2,train_loss,124,0.08263333725871053
sgboba 256 abm2,aboba,256,seed1,2,train_loss,125,0.07517052628048695
sgboba 256 abm2,aboba,256,seed1,2,train_loss,126,0.07495299648047075
sgboba 256 abm2,aboba,256,seed1,2,train_loss,127,0.07035192723709043
sgboba 256 abm2,aboba,256,seed1,2,train_loss,128,0.0687560356376534
sgboba 256 abm2,aboba,256,seed1,2,train_loss,129,0.06187031749282234
sgboba 256 abm2,aboba,256,seed1,2,train_loss,130,0.05841419092392206
sgboba 256 abm2,aboba,256,seed1,2,train_loss,131,0.05377846306924589
sgboba 256 abm2,aboba,256,seed1,2,train_loss,132,0.04841979937806634
sgboba 256 abm2,aboba,256,seed1,2,train_loss,133,0.0463268928306889
sgboba 256 abm2,aboba,256,seed1,2,train_loss,134,0.045215549770137906
sgboba 256 abm2,aboba,256,seed1,2,train_loss,135,0.034294324865459205
sgboba 256 abm2,aboba,256,seed1,2,train_loss,136,0.038519550350939465
sgboba 256 abm2,aboba,256,seed1,2,train_loss,137,0.029972168347052228
sgboba 256 abm2,aboba,256,seed1,2,train_loss,138,0.03551884553158379
sgboba 256 abm2,aboba,256,seed1,2,train_loss,139,0.024435994836883714
sgboba 256 abm2,aboba,256,seed1,2,train_loss,140,0.02402225905658048
sgboba 256 abm2,aboba,256,seed1,2,train_loss,141,0.020500562675526426
sgboba 256 abm2,aboba,256,seed1,2,train_loss,142,0.020743732668729767
sgboba 256 abm2,aboba,256,seed1,2,train_loss,143,0.015576799629190584
sgboba 256 abm2,aboba,256,seed1,2,train_loss,144,0.012047068389741301
sgboba 256 abm2,aboba,256,seed1,2,train_loss,145,0.010935300668542655
sgboba 256 abm2,aboba,256,seed1,2,train_loss,146,0.012576232799622175
sgboba 256 abm2,aboba,256,seed1,2,train_loss,147,0.010155242595286036
sgboba 256 abm2,aboba,256,seed1,2,train_loss,148,0.00716496250083735
sgboba 256 abm2,aboba,256,seed1,2,train_loss,149,0.006548967704987998
sgboba 256 abm2,aboba,256,seed1,2,train_loss,150,0.004491719877782756
sgboba 256 abm2,aboba,256,seed1,2,train_loss,151,0.0038285464732423246
sgboba 256 abm2,aboba,256,seed1,2,train_loss,152,0.00382519538373907
sgboba 256 abm2,aboba,256,seed1,2,train_loss,153,0.0024483232251554026
sgboba 256 abm2,aboba,256,seed1,2,train_loss,154,0.002655762045923461
sgboba 256 abm2,aboba,256,seed1,2,train_loss,155,0.0020514024370815605
sgboba 256 abm2,aboba,256,seed1,2,train_loss,156,0.002082762263001797
sgboba 256 abm2,aboba,256,seed1,2,train_loss,157,0.0026153010321820214
sgboba 256 abm2,aboba,256,seed1,2,train_loss,158,0.0018609344121154198
sgboba 256 abm2,aboba,256,seed1,2,train_loss,159,0.0013258586049438165
sgboba 256 abm2,aboba,256,seed1,2,train_loss,160,0.001237050549711163
sgboba 256 abm2,aboba,256,seed1,2,train_loss,161,0.0012075537453932977
sgboba 256 abm2,aboba,256,seed1,2,train_loss,162,0.0008945138429904857
sgboba 256 abm2,aboba,256,seed1,2,train_loss,163,0.0008277757163532433
sgboba 256 abm2,aboba,256,seed1,2,train_loss,164,0.0011409918423541966
sgboba 256 abm2,aboba,256,seed1,2,train_loss,165,0.0008354333727058556
sgboba 256 abm2,aboba,256,seed1,2,train_loss,166,0.0008760933946867593
sgboba 256 abm2,aboba,256,seed1,2,train_loss,167,0.0008122414145168477
sgboba 256 abm2,aboba,256,seed1,2,train_loss,168,0.0007651542637460892
sgboba 256 abm2,aboba,256,seed1,2,train_loss,169,0.000657428302750296
sgboba 256 abm2,aboba,256,seed1,2,train_loss,170,0.0006113138832959175
sgboba 256 abm2,aboba,256,seed1,2,train_loss,171,0.0006532969632535821
sgboba 256 abm2,aboba,256,seed1,2,train_loss,172,0.0006752744891780169
sgboba 256 abm2,aboba,256,seed1,2,train_loss,173,0.0005227497480524933
sgboba 256 abm2,aboba,256,seed1,2,train_loss,174,0.0005393698356913458
sgboba 256 abm2,aboba,256,seed1,2,train_loss,175,0.0005281146751804044
sgboba 256 abm2,aboba,256,seed1,2,train_loss,176,0.0005619393340599899
sgboba 256 abm2,aboba,256,seed1,2,train_loss,177,0.0005429030621012169
sgboba 256 abm2,aboba,256,seed1,2,train_loss,178,0.0005123768593889737
sgboba 256 abm2,aboba,256,seed1,2,train_loss,179,0.0005449076494980769
sgboba 256 abm2,aboba,256,seed1,2,train_loss,180,0.0007472400397954497
sgboba 256 abm2,aboba,256,seed1,2,train_loss,181,0.0004047488657074579
sgboba 256 abm2,aboba,256,seed1,2,train_loss,182,0.0005542365281914553
sgboba 256 abm2,aboba,256,seed1,2,train_loss,183,0.0005387425882266446
sgboba 256 abm2,aboba,256,seed1,2,train_loss,184,0.0005341907892143354
sgboba 256 abm2,aboba,256,seed1,2,train_loss,185,0.0004839978823188825
sgboba 256 abm2,aboba,256,seed1,2,train_loss,186,0.0004897890372861487
sgboba 256 abm2,aboba,256,seed1,2,train_loss,187,0.000501625137247008
sgboba 256 abm2,aboba,256,seed1,2,train_loss,188,0.0004396676068565631
sgboba 256 abm2,aboba,256,seed1,2,train_loss,189,0.0004437721783012551
sgboba 256 abm2,aboba,256,seed1,2,train_loss,190,0.00042352861706412544
sgboba 256 abm2,aboba,256,seed1,2,train_loss,191,0.0004372784682257078
sgboba 256 abm2,aboba,256,seed1,2,train_loss,192,0.000511180654502823
sgboba 256 abm2,aboba,256,seed1,2,train_loss,193,0.0004804986201634165
sgboba 256 abm2,aboba,256,seed1,2,train_loss,194,0.0005557553809460804
sgboba 256 abm2,aboba,256,seed1,2,train_loss,195,0.0005078340388718061
sgboba 256 abm2,aboba,256,seed1,2,train_loss,196,0.00048293125731762237
sgboba 256 abm2,aboba,256,seed1,2,train_loss,197,0.0004519996093424399
sgboba 256 abm2,aboba,256,seed1,2,train_loss,198,0.0004402143200753595
sgboba 256 abm2,aboba,256,seed1,2,train_loss,199,0.00043374439655963215
sgboba 512 abm2,aboba,512,seed1,2,train_loss,0,1.7646688177615781
sgboba 512 abm2,aboba,512,seed1,2,train_loss,1,1.3463376021083397
sgboba 512 abm2,aboba,512,seed1,2,train_loss,2,1.827109341735136
sgboba 512 abm2,aboba,512,seed1,2,train_loss,3,1.4579333449937404
sgboba 512 abm2,aboba,512,seed1,2,train_loss,4,1.0821888142502867
sgboba 512 abm2,aboba,512,seed1,2,train_loss,5,0.8813441799433291
sgboba 512 abm2,aboba,512,seed1,2,train_loss,6,0.7634245338313488
sgboba 512 abm2,aboba,512,seed1,2,train_loss,7,0.7145550761154749
sgboba 512 abm2,aboba,512,seed1,2,train_loss,8,0.6811675168508661
sgboba 512 abm2,aboba,512,seed1,2,train_loss,9,0.6541303437242938
sgboba 512 abm2,aboba,512,seed1,2,train_loss,10,0.6245993419338391
sgboba 512 abm2,aboba,512,seed1,2,train_loss,11,0.6636233451691541
sgboba 512 abm2,aboba,512,seed1,2,train_loss,12,0.5881611347567006
sgboba 512 abm2,aboba,512,seed1,2,train_loss,13,0.6292185777257049
sgboba 512 abm2,aboba,512,seed1,2,train_loss,14,0.5620831445955283
sgboba 512 abm2,aboba,512,seed1,2,train_loss,15,0.6086832100319842
sgboba 512 abm2,aboba,512,seed1,2,train_loss,16,0.5500529836380015
sgboba 512 abm2,aboba,512,seed1,2,train_loss,17,0.590966651459668
sgboba 512 abm2,aboba,512,seed1,2,train_loss,18,0.5305633656368052
sgboba 512 abm2,aboba,512,seed1,2,train_loss,19,0.581041088693253
sgboba 512 abm2,aboba,512,seed1,2,train_loss,20,0.5677126048050626
sgboba 512 abm2,aboba,512,seed1,2,train_loss,21,0.5599528624404567
sgboba 512 abm2,aboba,512,seed1,2,train_loss,22,0.5595867849081395
sgboba 512 abm2,aboba,512,seed1,2,train_loss,23,0.5503026187301695
sgboba 512 abm2,aboba,512,seed1,2,train_loss,24,0.5449665854623535
sgboba 512 abm2,aboba,512,seed1,2,train_loss,25,0.5394572507627917
sgboba 512 abm2,aboba,512,seed1,2,train_loss,26,0.5366051379348686
sgboba 512 abm2,aboba,512,seed1,2,train_loss,27,0.5324523525171503
sgboba 512 abm2,aboba,512,seed1,2,train_loss,28,0.5296982168675096
sgboba 512 abm2,aboba,512,seed1,2,train_loss,29,0.5253702373403629
sgboba 512 abm2,aboba,512,seed1,2,train_loss,30,0.5199729228132238
sgboba 512 abm2,aboba,512,seed1,2,train_loss,31,0.5204876397058137
sgboba 512 abm2,aboba,512,seed1,2,train_loss,32,0.5149090285856205
sgboba 512 abm2,aboba,512,seed1,2,train_loss,33,0.4701787351909259
sgboba 512 abm2,aboba,512,seed1,2,train_loss,34,0.515258078484996
sgboba 512 abm2,aboba,512,seed1,2,train_loss,35,0.4652414471180366
sgboba 512 abm2,aboba,512,seed1,2,train_loss,36,0.5139203982541163
sgboba 512 abm2,aboba,512,seed1,2,train_loss,37,0.45924554316579286
sgboba 512 abm2,aboba,512,seed1,2,train_loss,38,0.504154834142281
sgboba 512 abm2,aboba,512,seed1,2,train_loss,39,0.4557019292542696
sgboba 512 abm2,aboba,512,seed1,2,train_loss,40,0.49971605517267603
sgboba 512 abm2,aboba,512,seed1,2,train_loss,41,0.44920113710528464
sgboba 512 abm2,aboba,512,seed1,2,train_loss,42,0.493033708907561
sgboba 512 abm2,aboba,512,seed1,2,train_loss,43,0.439876661924325
sgboba 512 abm2,aboba,512,seed1,2,train_loss,44,0.48904772483325426
sgboba 512 abm2,aboba,512,seed1,2,train_loss,45,0.43749020452596316
sgboba 512 abm2,aboba,512,seed1,2,train_loss,46,0.4322834564376564
sgboba 512 abm2,aboba,512,seed1,2,train_loss,47,0.4370967995404407
sgboba 512 abm2,aboba,512,seed1,2,train_loss,48,0.43164181414200953
sgboba 512 abm2,aboba,512,seed1,2,train_loss,49,0.426618133702346
sgboba 512 abm2,aboba,512,seed1,2,train_loss,50,0.42439064660047154
sgboba 512 abm2,aboba,512,seed1,2,train_loss,51,0.4250075081450112
sgboba 512 abm2,aboba,512,seed1,2,train_loss,52,0.4180600338049577
sgboba 512 abm2,aboba,512,seed1,2,train_loss,53,0.4144980218008235
sgboba 512 abm2,aboba,512,seed1,2,train_loss,54,0.41446196636417554
sgboba 512 abm2,aboba,512,seed1,2,train_loss,55,0.4125606088716854
sgboba 512 abm2,aboba,512,seed1,2,train_loss,56,0.4098706101962992
sgboba 512 abm2,aboba,512,seed1,2,train_loss,57,0.40504077340995825
sgboba 512 abm2,aboba,512,seed1,2,train_loss,58,0.4012577537237202
sgboba 512 abm2,aboba,512,seed1,2,train_loss,59,0.4037563138463595
sgboba 512 abm2,aboba,512,seed1,2,train_loss,60,0.3983977019049225
sgboba 512 abm2,aboba,512,seed1,2,train_loss,61,0.3972034201281938
sgboba 512 abm2,aboba,512,seed1,2,train_loss,62,0.3897523922708158
sgboba 512 abm2,aboba,512,seed1,2,train_loss,63,0.39070309101239076
sgboba 512 abm2,aboba,512,seed1,2,train_loss,64,0.363325303644524
sgboba 512 abm2,aboba,512,seed1,2,train_loss,65,0.3893215269428369
sgboba 512 abm2,aboba,512,seed1,2,train_loss,66,0.35587846640101634
sgboba 512 abm2,aboba,512,seed1,2,train_loss,67,0.3868717739657549
sgboba 512 abm2,aboba,512,seed1,2,train_loss,68,0.34597919282710643
sgboba 512 abm2,aboba,512,seed1,2,train_loss,69,0.3411088560076081
sgboba 512 abm2,aboba,512,seed1,2,train_loss,70,0.3411015606676228
sgboba 512 abm2,aboba,512,seed1,2,train_loss,71,0.3385062906811014
sgboba 512 abm2,aboba,512,seed1,2,train_loss,72,0.3416971901001758
sgboba 512 abm2,aboba,512,seed1,2,train_loss,73,0.33655333366887646
sgboba 512 abm2,aboba,512,seed1,2,train_loss,74,0.3278731244021561
sgboba 512 abm2,aboba,512,seed1,2,train_loss,75,0.32723100098813884
sgboba 512 abm2,aboba,512,seed1,2,train_loss,76,0.3232202206556685
sgboba 512 abm2,aboba,512,seed1,2,train_loss,77,0.3204776193718892
sgboba 512 abm2,aboba,512,seed1,2,train_loss,78,0.3146685671208426
sgboba 512 abm2,aboba,512,seed1,2,train_loss,79,0.31373577901292593
sgboba 512 abm2,aboba,512,seed1,2,train_loss,80,0.28565785781446107
sgboba 512 abm2,aboba,512,seed1,2,train_loss,81,0.31367227697658817
sgboba 512 abm2,aboba,512,seed1,2,train_loss,82,0.28680568125856953
sgboba 512 abm2,aboba,512,seed1,2,train_loss,83,0.2806361009932436
sgboba 512 abm2,aboba,512,seed1,2,train_loss,84,0.2771749163674032
sgboba 512 abm2,aboba,512,seed1,2,train_loss,85,0.2740352318403592
sgboba 512 abm2,aboba,512,seed1,2,train_loss,86,0.269210971191371
sgboba 512 abm2,aboba,512,seed1,2,train_loss,87,0.2647074258974532
sgboba 512 abm2,aboba,512,seed1,2,train_loss,88,0.26321533880111425
sgboba 512 abm2,aboba,512,seed1,2,train_loss,89,0.2605967742435883
sgboba 512 abm2,aboba,512,seed1,2,train_loss,90,0.2589322766563912
sgboba 512 abm2,aboba,512,seed1,2,train_loss,91,0.2371183074642904
sgboba 512 abm2,aboba,512,seed1,2,train_loss,92,0.2513076533252435
sgboba 512 abm2,aboba,512,seed1,2,train_loss,93,0.22801150580581453
sgboba 512 abm2,aboba,512,seed1,2,train_loss,94,0.22476992019578756
sgboba 512 abm2,aboba,512,seed1,2,train_loss,95,0.2236987439989025
sgboba 512 abm2,aboba,512,seed1,2,train_loss,96,0.22022739908518268
sgboba 512 abm2,aboba,512,seed1,2,train_loss,97,0.21836721508865595
sgboba 512 abm2,aboba,512,seed1,2,train_loss,98,0.2168291486303715
sgboba 512 abm2,aboba,512,seed1,2,train_loss,99,0.19994876743893025
sgboba 512 abm2,aboba,512,seed1,2,train_loss,100,0.20597624213897506
sgboba 512 abm2,aboba,512,seed1,2,train_loss,101,0.19308092392717804
sgboba 512 abm2,aboba,512,seed1,2,train_loss,102,0.18386580747021145
sgboba 512 abm2,aboba,512,seed1,2,train_loss,103,0.18046402922471025
sgboba 512 abm2,aboba,512,seed1,2,train_loss,104,0.17489616155879698
sgboba 512 abm2,aboba,512,seed1,2,train_loss,105,0.1811464167628598
sgboba 512 abm2,aboba,512,seed1,2,train_loss,106,0.16439605261815796
sgboba 512 abm2,aboba,512,seed1,2,train_loss,107,0.17242974059143695
sgboba 512 abm2,aboba,512,seed1,2,train_loss,108,0.16478314422496196
sgboba 512 abm2,aboba,512,seed1,2,train_loss,109,0.15248296943197276
sgboba 512 abm2,aboba,512,seed1,2,train_loss,110,0.1492625481784447
sgboba 512 abm2,aboba,512,seed1,2,train_loss,111,0.1469283712782081
sgboba 512 abm2,aboba,512,seed1,2,train_loss,112,0.13371237583390072
sgboba 512 abm2,aboba,512,seed1,2,train_loss,113,0.13045843230789467
sgboba 512 abm2,aboba,512,seed1,2,train_loss,114,0.13140971692847167
sgboba 512 abm2,aboba,512,seed1,2,train_loss,115,0.12539938164400924
sgboba 512 abm2,aboba,512,seed1,2,train_loss,116,0.12094372021431103
sgboba 512 abm2,aboba,512,seed1,2,train_loss,117,0.112987594402588
sgboba 512 abm2,aboba,512,seed1,2,train_loss,118,0.10588596507692256
sgboba 512 abm2,aboba,512,seed1,2,train_loss,119,0.10341739606545162
sgboba 512 abm2,aboba,512,seed1,2,train_loss,120,0.10288980036310708
sgboba 512 abm2,aboba,512,seed1,2,train_loss,121,0.09363030554803442
sgboba 512 abm2,aboba,512,seed1,2,train_loss,122,0.08856692164545746
sgboba 512 abm2,aboba,512,seed1,2,train_loss,123,0.09045131612851377
sgboba 512 abm2,aboba,512,seed1,2,train_loss,124,0.08087157002398744
sgboba 512 abm2,aboba,512,seed1,2,train_loss,125,0.07363493025942007
sgboba 512 abm2,aboba,512,seed1,2,train_loss,126,0.07216002720762044
sgboba 512 abm2,aboba,512,seed1,2,train_loss,127,0.07390031975489691
sgboba 512 abm2,aboba,512,seed1,2,train_loss,128,0.06661147685822687
sgboba 512 abm2,aboba,512,seed1,2,train_loss,129,0.061740528863287625
sgboba 512 abm2,aboba,512,seed1,2,train_loss,130,0.05495121097184309
sgboba 512 abm2,aboba,512,seed1,2,train_loss,131,0.04919250550406297
sgboba 512 abm2,aboba,512,seed1,2,train_loss,132,0.04784652494065239
sgboba 512 abm2,aboba,512,seed1,2,train_loss,133,0.044335640724452494
sgboba 512 abm2,aboba,512,seed1,2,train_loss,134,0.04500211865945073
sgboba 512 abm2,aboba,512,seed1,2,train_loss,135,0.037115134062536526
sgboba 512 abm2,aboba,512,seed1,2,train_loss,136,0.031486023691491935
sgboba 512 abm2,aboba,512,seed1,2,train_loss,137,0.030932386289392527
sgboba 512 abm2,aboba,512,seed1,2,train_loss,138,0.029252797013921108
sgboba 512 abm2,aboba,512,seed1,2,train_loss,139,0.025784842164968815
sgboba 512 abm2,aboba,512,seed1,2,train_loss,140,0.024387247790353554
sgboba 512 abm2,aboba,512,seed1,2,train_loss,141,0.02195603691445417
sgboba 512 abm2,aboba,512,seed1,2,train_loss,142,0.017036308224453695
sgboba 512 abm2,aboba,512,seed1,2,train_loss,143,0.013781183487358125
sgboba 512 abm2,aboba,512,seed1,2,train_loss,144,0.01272734104411672
sgboba 512 abm2,aboba,512,seed1,2,train_loss,145,0.01399486652223004
sgboba 512 abm2,aboba,512,seed1,2,train_loss,146,0.01103734242874056
sgboba 512 abm2,aboba,512,seed1,2,train_loss,147,0.008994855740013094
sgboba 512 abm2,aboba,512,seed1,2,train_loss,148,0.006941317457022364
sgboba 512 abm2,aboba,512,seed1,2,train_loss,149,0.007436874260509299
sgboba 512 abm2,aboba,512,seed1,2,train_loss,150,0.005626324127255995
sgboba 512 abm2,aboba,512,seed1,2,train_loss,151,0.005056465711960545
sgboba 512 abm2,aboba,512,seed1,2,train_loss,152,0.003547736190470847
sgboba 512 abm2,aboba,512,seed1,2,train_loss,153,0.0024696274609358566
sgboba 512 abm2,aboba,512,seed1,2,train_loss,154,0.002036573949590638
sgboba 512 abm2,aboba,512,seed1,2,train_loss,155,0.0024330737249540616
sgboba 512 abm2,aboba,512,seed1,2,train_loss,156,0.0018599775469486095
sgboba 512 abm2,aboba,512,seed1,2,train_loss,157,0.0017663537023058734
sgboba 512 abm2,aboba,512,seed1,2,train_loss,158,0.0015606471926918543
sgboba 512 abm2,aboba,512,seed1,2,train_loss,159,0.0014101993130465576
sgboba 512 abm2,aboba,512,seed1,2,train_loss,160,0.0009153167160127262
sgboba 512 abm2,aboba,512,seed1,2,train_loss,161,0.001084075816256039
sgboba 512 abm2,aboba,512,seed1,2,train_loss,162,0.0009942737901874352
sgboba 512 abm2,aboba,512,seed1,2,train_loss,163,0.0009317743870615675
sgboba 512 abm2,aboba,512,seed1,2,train_loss,164,0.0007148081077061494
sgboba 512 abm2,aboba,512,seed1,2,train_loss,165,0.0008528859983908194
sgboba 512 abm2,aboba,512,seed1,2,train_loss,166,0.0007243129796841712
sgboba 512 abm2,aboba,512,seed1,2,train_loss,167,0.0008551506838896641
sgboba 512 abm2,aboba,512,seed1,2,train_loss,168,0.000686475519173281
sgboba 512 abm2,aboba,512,seed1,2,train_loss,169,0.0005905041185974369
sgboba 512 abm2,aboba,512,seed1,2,train_loss,170,0.0006392921546377948
sgboba 512 abm2,aboba,512,seed1,2,train_loss,171,0.0007306145573223041
sgboba 512 abm2,aboba,512,seed1,2,train_loss,172,0.0005965173883771058
sgboba 512 abm2,aboba,512,seed1,2,train_loss,173,0.0005046222082371038
sgboba 512 abm2,aboba,512,seed1,2,train_loss,174,0.0005270402987842497
sgboba 512 abm2,aboba,512,seed1,2,train_loss,175,0.0005267089417699026
sgboba 512 abm2,aboba,512,seed1,2,train_loss,176,0.0005922814885877063
sgboba 512 abm2,aboba,512,seed1,2,train_loss,177,0.000611142568000012
sgboba 512 abm2,aboba,512,seed1,2,train_loss,178,0.0005430247767912326
sgboba 512 abm2,aboba,512,seed1,2,train_loss,179,0.0004732055538368192
sgboba 512 abm2,aboba,512,seed1,2,train_loss,180,0.0004150762814549911
sgboba 512 abm2,aboba,512,seed1,2,train_loss,181,0.0004688485416966262
sgboba 512 abm2,aboba,512,seed1,2,train_loss,182,0.00038698781285569593
sgboba 512 abm2,aboba,512,seed1,2,train_loss,183,0.0004833970016811896
sgboba 512 abm2,aboba,512,seed1,2,train_loss,184,0.0004805742188342693
sgboba 512 abm2,aboba,512,seed1,2,train_loss,185,0.00047491521094046644
sgboba 512 abm2,aboba,512,seed1,2,train_loss,186,0.0004801209107223894
sgboba 512 abm2,aboba,512,seed1,2,train_loss,187,0.0004882623575762769
sgboba 512 abm2,aboba,512,seed1,2,train_loss,188,0.0004548506822071171
sgboba 512 abm2,aboba,512,seed1,2,train_loss,189,0.0004298462390463657
sgboba 512 abm2,aboba,512,seed1,2,train_loss,190,0.0004465141334343747
sgboba 512 abm2,aboba,512,seed1,2,train_loss,191,0.0004307391790765299
sgboba 512 abm2,aboba,512,seed1,2,train_loss,192,0.0004835567937255331
sgboba 512 abm2,aboba,512,seed1,2,train_loss,193,0.00040087793943351005
sgboba 512 abm2,aboba,512,seed1,2,train_loss,194,0.0004468139725949983
sgboba 512 abm2,aboba,512,seed1,2,train_loss,195,0.0005013141879669181
sgboba 512 abm2,aboba,512,seed1,2,train_loss,196,0.0004231661641033893
sgboba 512 abm2,aboba,512,seed1,2,train_loss,197,0.00038603238552729256
sgboba 512 abm2,aboba,512,seed1,2,train_loss,198,0.0004037822007029761
sgboba 512 abm2,aboba,512,seed1,2,train_loss,199,0.0005259743565046745
